ISO-10303-21;
HEADER;
FILE_DESCRIPTION (( 'STEP AP203' ),
    '1' );
FILE_NAME ('散热上壳（上）（CNC）.STEP',
    '2025-09-26T03:23:40',
    ( '' ),
    ( '' ),
    'SwSTEP 2.0',
    'SolidWorks 2020',
    '' );
FILE_SCHEMA (( 'CONFIG_CONTROL_DESIGN' ));
ENDSEC;

DATA;
#1 = CARTESIAN_POINT ( 'NONE',  ( 12.00000000000000355, 2.899975000000001746, -32.64999999999998437 ) ) ;
#2 = AXIS2_PLACEMENT_3D ( 'NONE', #2321, #756, #4932 ) ;
#3 = DIRECTION ( 'NONE',  ( -0.000000000000000000, 1.000000000000000000, -0.000000000000000000 ) ) ;
#4 = AXIS2_PLACEMENT_3D ( 'NONE', #6110, #1919, #6047 ) ;
#5 = ORIENTED_EDGE ( 'NONE', *, *, #6046, .T. ) ;
#6 = CARTESIAN_POINT ( 'NONE',  ( 63.00000000000000000, 3.400000000000001688, -44.75000000000000711 ) ) ;
#7 = ORIENTED_EDGE ( 'NONE', *, *, #4758, .T. ) ;
#8 = DIRECTION ( 'NONE',  ( 0.000000000000000000, 1.000000000000000000, 0.000000000000000000 ) ) ;
#9 = EDGE_CURVE ( 'NONE', #4364, #930, #3371, .T. ) ;
#10 = ORIENTED_EDGE ( 'NONE', *, *, #5664, .T. ) ;
#11 = DIRECTION ( 'NONE',  ( 0.000000000000000000, 1.000000000000000000, 0.000000000000000000 ) ) ;
#12 = CARTESIAN_POINT ( 'NONE',  ( 70.70000000000000284, 8.532934947973656037, -32.72737740986950428 ) ) ;
#13 = VERTEX_POINT ( 'NONE', #6596 ) ;
#14 = CARTESIAN_POINT ( 'NONE',  ( 57.00000000000000000, 3.400000000000001688, -35.75000000000000000 ) ) ;
#15 = ORIENTED_EDGE ( 'NONE', *, *, #2054, .F. ) ;
#16 = DIRECTION ( 'NONE',  ( 0.000000000000000000, -1.000000000000000000, -0.000000000000000000 ) ) ;
#17 = CARTESIAN_POINT ( 'NONE',  ( 69.93434732154338462, 8.704236744683111482, -33.44576325531689776 ) ) ;
#18 = ORIENTED_EDGE ( 'NONE', *, *, #2336, .T. ) ;
#19 = EDGE_CURVE ( 'NONE', #3409, #731, #2017, .T. ) ;
#20 = EDGE_CURVE ( 'NONE', #2812, #3790, #2950, .T. ) ;
#21 = VECTOR ( 'NONE', #5266, 1000.000000000000000 ) ;
#22 = DIRECTION ( 'NONE',  ( -0.7071067811865494601, -0.7071067811865456854, -5.512965093693016801E-17 ) ) ;
#23 = EDGE_CURVE ( 'NONE', #700, #2343, #2167, .T. ) ;
#24 = CARTESIAN_POINT ( 'NONE',  ( -3.000000000000002665, 8.400000000000002132, -55.00000000000000000 ) ) ;
#25 = LINE ( 'NONE', #2686, #5808 ) ;
#26 = FACE_OUTER_BOUND ( 'NONE', #1359, .T. ) ;
#27 = EDGE_CURVE ( 'NONE', #3922, #1763, #3505, .T. ) ;
#28 = CIRCLE ( 'NONE', #5951, 1.499999999999987566 ) ;
#29 = DIRECTION ( 'NONE',  ( 1.000000000000000000, 0.000000000000000000, 0.000000000000000000 ) ) ;
#30 = ORIENTED_EDGE ( 'NONE', *, *, #3671, .F. ) ;
#31 = DIRECTION ( 'NONE',  ( 0.000000000000000000, 0.000000000000000000, 1.000000000000000000 ) ) ;
#32 = LINE ( 'NONE', #4281, #3272 ) ;
#33 = CIRCLE ( 'NONE', #3876, 1.499999999999987566 ) ;
#34 = ORIENTED_EDGE ( 'NONE', *, *, #5431, .T. ) ;
#35 = CARTESIAN_POINT ( 'NONE',  ( 10.50000000000000178, 3.900000000000000799, -39.97583426132259632 ) ) ;
#36 = VERTEX_POINT ( 'NONE', #5055 ) ;
#37 = AXIS2_PLACEMENT_3D ( 'NONE', #6600, #2504, #2020 ) ;
#38 = CARTESIAN_POINT ( 'NONE',  ( 59.00000000000000711, -30.26336871769660775, 0.000000000000000000 ) ) ;
#39 = DIRECTION ( 'NONE',  ( -0.000000000000000000, 1.000000000000000000, -0.000000000000000000 ) ) ;
#40 = ORIENTED_EDGE ( 'NONE', *, *, #3668, .F. ) ;
#41 = DIRECTION ( 'NONE',  ( 0.000000000000000000, 0.000000000000000000, 1.000000000000000000 ) ) ;
#42 = VERTEX_POINT ( 'NONE', #901 ) ;
#43 = LINE ( 'NONE', #626, #3539 ) ;
#44 = ORIENTED_EDGE ( 'NONE', *, *, #3040, .F. ) ;
#45 = CONICAL_SURFACE ( 'NONE', #3886, 4.000000000000003553, 0.7853981633974496113 ) ;
#46 = LINE ( 'NONE', #5329, #2339 ) ;
#47 = DIRECTION ( 'NONE',  ( 1.000000000000000000, 0.000000000000000000, 0.000000000000000000 ) ) ;
#48 = EDGE_LOOP ( 'NONE', ( #5710, #1445, #834, #3856 ) ) ;
#49 = EDGE_CURVE ( 'NONE', #5919, #230, #6689, .T. ) ;
#50 = FACE_OUTER_BOUND ( 'NONE', #4479, .T. ) ;
#51 = ORIENTED_EDGE ( 'NONE', *, *, #6079, .F. ) ;
#52 = AXIS2_PLACEMENT_3D ( 'NONE', #4400, #1819, #4800 ) ;
#53 = CARTESIAN_POINT ( 'NONE',  ( 0.000000000000000000, 4.500000000000000888, 0.000000000000000000 ) ) ;
#54 = CARTESIAN_POINT ( 'NONE',  ( 67.28406102905007913, 7.899999999999997691, -35.75000000000000711 ) ) ;
#55 = ORIENTED_EDGE ( 'NONE', *, *, #6194, .F. ) ;
#56 = DIRECTION ( 'NONE',  ( 0.000000000000000000, -7.796510004390146031E-17, 1.000000000000000000 ) ) ;
#57 = CARTESIAN_POINT ( 'NONE',  ( 37.00000000000000000, 9.500000000000014211, -26.94999999999998153 ) ) ;
#58 = CARTESIAN_POINT ( 'NONE',  ( 65.20000000000000284, 8.400000000000002132, -55.00000000000000000 ) ) ;
#59 = FACE_OUTER_BOUND ( 'NONE', #4111, .T. ) ;
#60 = DIRECTION ( 'NONE',  ( 1.000000000000000000, 0.000000000000000000, 0.000000000000000000 ) ) ;
#61 = PERSON_AND_ORGANIZATION_ROLE ( 'design_owner' ) ;
#62 = LINE ( 'NONE', #1744, #6476 ) ;
#63 = VERTEX_POINT ( 'NONE', #6659 ) ;
#64 = CARTESIAN_POINT ( 'NONE',  ( 37.44999999999997442, 7.900000000000014566, -39.74999999999997158 ) ) ;
#65 = ORIENTED_EDGE ( 'NONE', *, *, #217, .F. ) ;
#66 = CARTESIAN_POINT ( 'NONE',  ( 70.43124345431854749, 7.899999999999997691, -33.72877448489977326 ) ) ;
#67 = CARTESIAN_POINT ( 'NONE',  ( 59.50000000000000000, 10.00000000000000000, -13.14999999999997371 ) ) ;
#68 = ORIENTED_EDGE ( 'NONE', *, *, #5397, .F. ) ;
#69 = ADVANCED_FACE ( 'NONE', ( #1959 ), #5116, .F. ) ;
#70 = DIRECTION ( 'NONE',  ( -0.7071067811865378028, -0.7071067811865573427, 0.000000000000000000 ) ) ;
#71 = AXIS2_PLACEMENT_3D ( 'NONE', #4871, #1886, #2772 ) ;
#72 = ORIENTED_EDGE ( 'NONE', *, *, #1635, .T. ) ;
#73 = VECTOR ( 'NONE', #6777, 1000.000000000000000 ) ;
#74 = CARTESIAN_POINT ( 'NONE',  ( 65.20000000000000284, 7.400000000000002132, -56.00000000000000000 ) ) ;
#75 = ORIENTED_EDGE ( 'NONE', *, *, #2203, .T. ) ;
#76 = CARTESIAN_POINT ( 'NONE',  ( 70.70000000000000284, 9.499999999999985789, -29.14999999999998082 ) ) ;
#77 = VECTOR ( 'NONE', #6405, 1000.000000000000000 ) ;
#78 = PLANE ( 'NONE',  #2041 ) ;
#79 = AXIS2_PLACEMENT_3D ( 'NONE', #631, #1178, #5297 ) ;
#80 = ORIENTED_EDGE ( 'NONE', *, *, #2035, .T. ) ;
#81 = DIRECTION ( 'NONE',  ( 0.000000000000000000, 0.000000000000000000, 1.000000000000000000 ) ) ;
#82 = EDGE_LOOP ( 'NONE', ( #2217, #2643, #5931, #2482 ) ) ;
#83 = DIRECTION ( 'NONE',  ( 0.000000000000000000, 0.000000000000000000, -1.000000000000000000 ) ) ;
#84 = LINE ( 'NONE', #2070, #1785 ) ;
#85 = AXIS2_PLACEMENT_3D ( 'NONE', #3750, #3164, #6332 ) ;
#86 = ORIENTED_EDGE ( 'NONE', *, *, #1433, .T. ) ;
#87 = EDGE_CURVE ( 'NONE', #426, #6655, #3536, .T. ) ;
#88 = VECTOR ( 'NONE', #4433, 1000.000000000000000 ) ;
#89 = AXIS2_PLACEMENT_3D ( 'NONE', #6737, #2425, #3554 ) ;
#90 = ORIENTED_EDGE ( 'NONE', *, *, #5611, .T. ) ;
#91 = PLANE ( 'NONE',  #6144 ) ;
#92 = DIRECTION ( 'NONE',  ( 0.000000000000000000, 0.000000000000000000, -1.000000000000000000 ) ) ;
#93 = CARTESIAN_POINT ( 'NONE',  ( -1.399999999999995914, 10.00000000000000000, -32.14999999999998437 ) ) ;
#94 = CARTESIAN_POINT ( 'NONE',  ( -2.999999999999999112, 4.500000000000000888, -13.14999999999997371 ) ) ;
#95 = DIRECTION ( 'NONE',  ( 0.000000000000000000, -0.7071067811865434649, -0.7071067811865516806 ) ) ;
#96 = PERSON_AND_ORGANIZATION_ROLE ( 'creator' ) ;
#97 = CARTESIAN_POINT ( 'NONE',  ( -2.999999999999999112, 4.500000000000000888, -17.14999999999997371 ) ) ;
#98 = ORIENTED_EDGE ( 'NONE', *, *, #1427, .F. ) ;
#99 = CARTESIAN_POINT ( 'NONE',  ( -3.000000000000000000, 8.399999999999996803, -10.94999999999997442 ) ) ;
#100 = EDGE_CURVE ( 'NONE', #5373, #4613, #1480, .T. ) ;
#101 = EDGE_CURVE ( 'NONE', #2808, #1411, #964, .T. ) ;
#102 = LINE ( 'NONE', #2188, #3893 ) ;
#103 = CARTESIAN_POINT ( 'NONE',  ( 70.70000000000001705, 4.500000000000000888, -18.94999999999997442 ) ) ;
#104 = EDGE_LOOP ( 'NONE', ( #6728, #2022 ) ) ;
#105 = EDGE_CURVE ( 'NONE', #704, #5555, #4696, .T. ) ;
#106 = CIRCLE ( 'NONE', #2409, 0.9999999999999995559 ) ;
#107 = CARTESIAN_POINT ( 'NONE',  ( 2.250000000000002220, 8.400000000000000355, -35.75000000000000711 ) ) ;
#108 = ORIENTED_EDGE ( 'NONE', *, *, #23, .T. ) ;
#109 = EDGE_CURVE ( 'NONE', #2292, #4163, #4283, .T. ) ;
#110 = LINE ( 'NONE', #3639, #2540 ) ;
#111 = ORIENTED_EDGE ( 'NONE', *, *, #2396, .T. ) ;
#112 = CIRCLE ( 'NONE', #1978, 0.9999999999999995559 ) ;
#113 = EDGE_CURVE ( 'NONE', #768, #4775, #2117, .T. ) ;
#114 = DIRECTION ( 'NONE',  ( 1.000000000000000000, 0.000000000000000000, 0.000000000000000000 ) ) ;
#115 = CONICAL_SURFACE ( 'NONE', #4936, 1.500000000000015099, 0.7853981633974591592 ) ;
#116 = LINE ( 'NONE', #6762, #958 ) ;
#117 = ORIENTED_EDGE ( 'NONE', *, *, #4407, .F. ) ;
#118 = LINE ( 'NONE', #705, #5566 ) ;
#119 = EDGE_LOOP ( 'NONE', ( #5817, #5236, #661, #2206 ) ) ;
#120 = LINE ( 'NONE', #5778, #2163 ) ;
#121 = CARTESIAN_POINT ( 'NONE',  ( 69.93984264658388383, 8.730219062055040169, -33.41978093794496374 ) ) ;
#122 = ORIENTED_EDGE ( 'NONE', *, *, #5304, .F. ) ;
#123 = EDGE_CURVE ( 'NONE', #63, #798, #1732, .T. ) ;
#124 = ORIENTED_EDGE ( 'NONE', *, *, #4945, .F. ) ;
#125 = PLANE ( 'NONE',  #4156 ) ;
#126 = DIRECTION ( 'NONE',  ( 0.7071067811865573427, -0.7071067811865378028, 0.000000000000000000 ) ) ;
#127 = CARTESIAN_POINT ( 'NONE',  ( 54.94999999999998153, 8.400000000000000355, -40.74999999999997158 ) ) ;
#128 = CARTESIAN_POINT ( 'NONE',  ( 37.00000000000000000, 4.500000000000000888, -26.94999999999998153 ) ) ;
#129 = CARTESIAN_POINT ( 'NONE',  ( 36.50000000000000000, 10.00000000000000000, 0.000000000000000000 ) ) ;
#130 = VECTOR ( 'NONE', #398, 1000.000000000000000 ) ;
#131 = DIRECTION ( 'NONE',  ( 0.000000000000000000, 0.000000000000000000, 1.000000000000000000 ) ) ;
#132 = ADVANCED_FACE ( 'NONE', ( #2051 ), #5283, .F. ) ;
#133 = LINE ( 'NONE', #5280, #6254 ) ;
#134 = ORIENTED_EDGE ( 'NONE', *, *, #5898, .T. ) ;
#135 = LINE ( 'NONE', #4830, #2824 ) ;
#136 = AXIS2_PLACEMENT_3D ( 'NONE', #4167, #3751, #6267 ) ;
#137 = CARTESIAN_POINT ( 'NONE',  ( 69.87098110768872061, -5.500000000000000000, -34.34873586666926570 ) ) ;
#138 = LINE ( 'NONE', #6416, #3199 ) ;
#139 = VERTEX_POINT ( 'NONE', #3249 ) ;
#140 = VECTOR ( 'NONE', #4739, 1000.000000000000000 ) ;
#141 = EDGE_CURVE ( 'NONE', #3162, #188, #2086, .T. ) ;
#142 = CARTESIAN_POINT ( 'NONE',  ( 67.28406102905007913, 7.899999999999997691, -35.75000000000000711 ) ) ;
#143 = ORIENTED_EDGE ( 'NONE', *, *, #831, .F. ) ;
#144 = AXIS2_PLACEMENT_3D ( 'NONE', #6561, #5012, #833 ) ;
#145 = LINE ( 'NONE', #2264, #1900 ) ;
#146 = ORIENTED_EDGE ( 'NONE', *, *, #4199, .F. ) ;
#147 = PLANE ( 'NONE',  #891 ) ;
#148 = CARTESIAN_POINT ( 'NONE',  ( 0.000000000000000000, 7.399999999999987921, -56.00000000000000000 ) ) ;
#149 = VECTOR ( 'NONE', #1074, 1000.000000000000000 ) ;
#150 = ORIENTED_EDGE ( 'NONE', *, *, #5397, .T. ) ;
#151 = LINE ( 'NONE', #6602, #2920 ) ;
#152 = CARTESIAN_POINT ( 'NONE',  ( 59.05000000000000426, 8.400000000000000355, -41.09999999999996589 ) ) ;
#153 = VERTEX_POINT ( 'NONE', #4215 ) ;
#154 = ORIENTED_EDGE ( 'NONE', *, *, #6165, .T. ) ;
#155 = DIRECTION ( 'NONE',  ( 0.000000000000000000, 0.000000000000000000, -1.000000000000000000 ) ) ;
#156 = DIRECTION ( 'NONE',  ( 0.000000000000000000, -1.000000000000000000, 0.000000000000000000 ) ) ;
#157 = ORIENTED_EDGE ( 'NONE', *, *, #3082, .F. ) ;
#158 = ORIENTED_EDGE ( 'NONE', *, *, #2857, .T. ) ;
#159 = VECTOR ( 'NONE', #1990, 1000.000000000000000 ) ;
#160 = LINE ( 'NONE', #4341, #4525 ) ;
#161 = ORIENTED_EDGE ( 'NONE', *, *, #2833, .T. ) ;
#162 = EDGE_CURVE ( 'NONE', #2509, #3232, #2662, .T. ) ;
#163 = DIRECTION ( 'NONE',  ( -0.000000000000000000, 1.000000000000000000, -0.000000000000000000 ) ) ;
#164 = LINE ( 'NONE', #538, #4392 ) ;
#165 = DIRECTION ( 'NONE',  ( -1.000000000000000000, 0.000000000000000000, 0.000000000000000000 ) ) ;
#166 = ADVANCED_FACE ( 'NONE', ( #6282 ), #3179, .F. ) ;
#167 = DIRECTION ( 'NONE',  ( 0.000000000000000000, 0.000000000000000000, 1.000000000000000000 ) ) ;
#168 = DIRECTION ( 'NONE',  ( 0.000000000000000000, 0.000000000000000000, -1.000000000000000000 ) ) ;
#169 = LINE ( 'NONE', #3731, #3828 ) ;
#170 = ORIENTED_EDGE ( 'NONE', *, *, #617, .F. ) ;
#171 = DIRECTION ( 'NONE',  ( 0.000000000000000000, -1.000000000000000000, 0.000000000000000000 ) ) ;
#172 = ADVANCED_FACE ( 'NONE', ( #1060 ), #2052, .F. ) ;
#173 = CARTESIAN_POINT ( 'NONE',  ( -1.399999999999995914, 10.00000000000000000, -26.94999999999998153 ) ) ;
#174 = DIRECTION ( 'NONE',  ( 1.000000000000000000, 0.000000000000000000, 0.000000000000000000 ) ) ;
#175 = VERTEX_POINT ( 'NONE', #35 ) ;
#176 = CARTESIAN_POINT ( 'NONE',  ( 70.19999999999998863, 10.00000000000000000, -9.149999999999984368 ) ) ;
#177 = VERTEX_POINT ( 'NONE', #3145 ) ;
#178 = VERTEX_POINT ( 'NONE', #4729 ) ;
#179 = CARTESIAN_POINT ( 'NONE',  ( -3.000000000000000000, 8.399999999999996803, -22.94999999999997797 ) ) ;
#180 = VERTEX_POINT ( 'NONE', #3769 ) ;
#181 = CARTESIAN_POINT ( 'NONE',  ( 53.75000000000000000, 3.400000000000001688, -29.14999999999998082 ) ) ;
#182 = CARTESIAN_POINT ( 'NONE',  ( 68.70000000000000284, 8.400000000000000355, -32.72737740986950428 ) ) ;
#183 = ORIENTED_EDGE ( 'NONE', *, *, #5870, .F. ) ;
#184 = AXIS2_PLACEMENT_3D ( 'NONE', #3746, #5227, #525 ) ;
#185 = DIRECTION ( 'NONE',  ( -0.000000000000000000, 1.000000000000000000, 7.796510004390146031E-17 ) ) ;
#186 = LINE ( 'NONE', #6502, #4952 ) ;
#187 = VERTEX_POINT ( 'NONE', #64 ) ;
#188 = VERTEX_POINT ( 'NONE', #4249 ) ;
#189 = CARTESIAN_POINT ( 'NONE',  ( 36.50000000000000000, 10.00000000000000000, -26.94999999999998153 ) ) ;
#190 = CARTESIAN_POINT ( 'NONE',  ( -3.000000000000004441, 8.400000000000002132, -46.99999999999998579 ) ) ;
#191 = EDGE_LOOP ( 'NONE', ( #3248, #4471, #786, #3189 ) ) ;
#192 = VECTOR ( 'NONE', #1454, 1000.000000000000000 ) ;
#193 = VECTOR ( 'NONE', #6694, 1000.000000000000000 ) ;
#194 = ORIENTED_EDGE ( 'NONE', *, *, #5115, .F. ) ;
#195 = AXIS2_PLACEMENT_3D ( 'NONE', #2903, #4930, #5001 ) ;
#196 = FACE_OUTER_BOUND ( 'NONE', #6156, .T. ) ;
#197 = VERTEX_POINT ( 'NONE', #6345 ) ;
#198 = EDGE_CURVE ( 'NONE', #980, #2006, #1638, .T. ) ;
#199 = DIRECTION ( 'NONE',  ( 0.000000000000000000, -1.000000000000000000, 0.000000000000000000 ) ) ;
#200 = PLANE ( 'NONE',  #5155 ) ;
#201 = DIRECTION ( 'NONE',  ( 0.000000000000000000, 1.000000000000000000, 0.000000000000000000 ) ) ;
#202 = ORIENTED_EDGE ( 'NONE', *, *, #1781, .T. ) ;
#203 = AXIS2_PLACEMENT_3D ( 'NONE', #53, #3650, #5746 ) ;
#204 = EDGE_CURVE ( 'NONE', #1679, #1586, #3733, .T. ) ;
#205 = FACE_OUTER_BOUND ( 'NONE', #4558, .T. ) ;
#206 = VECTOR ( 'NONE', #2728, 1000.000000000000000 ) ;
#207 = PERSON_AND_ORGANIZATION ( #240, #6471 ) ;
#208 = DIRECTION ( 'NONE',  ( 1.079516769838632267E-16, 1.000000000000000000, 7.796510004390144799E-17 ) ) ;
#209 = ORIENTED_EDGE ( 'NONE', *, *, #2657, .T. ) ;
#210 = DIRECTION ( 'NONE',  ( 1.000000000000000000, 0.000000000000000000, -1.309225264888155637E-16 ) ) ;
#211 = CYLINDRICAL_SURFACE ( 'NONE', #4757, 2.000000000000001776 ) ;
#212 = FACE_OUTER_BOUND ( 'NONE', #1229, .T. ) ;
#213 = EDGE_CURVE ( 'NONE', #1809, #6076, #5240, .T. ) ;
#214 = EDGE_LOOP ( 'NONE', ( #2389, #4142, #677, #6127 ) ) ;
#215 = ORIENTED_EDGE ( 'NONE', *, *, #4053, .T. ) ;
#216 = ORIENTED_EDGE ( 'NONE', *, *, #6363, .T. ) ;
#217 = EDGE_CURVE ( 'NONE', #1010, #2863, #3034, .T. ) ;
#218 = DIRECTION ( 'NONE',  ( -0.000000000000000000, -1.000000000000000000, -0.000000000000000000 ) ) ;
#219 = EDGE_LOOP ( 'NONE', ( #713, #2780, #2436, #595 ) ) ;
#220 = FACE_OUTER_BOUND ( 'NONE', #3219, .T. ) ;
#221 = LINE ( 'NONE', #5987, #2153 ) ;
#222 = VERTEX_POINT ( 'NONE', #3110 ) ;
#223 = CARTESIAN_POINT ( 'NONE',  ( 2.250000000000002220, 7.900000000000011013, -36.75000000000000711 ) ) ;
#224 = DIRECTION ( 'NONE',  ( 0.000000000000000000, 0.000000000000000000, 1.000000000000000000 ) ) ;
#225 = ORIENTED_EDGE ( 'NONE', *, *, #2453, .T. ) ;
#226 = EDGE_CURVE ( 'NONE', #3376, #1875, #2694, .T. ) ;
#227 = CARTESIAN_POINT ( 'NONE',  ( -3.000000000000000000, 4.500000000000000888, -29.14999999999998437 ) ) ;
#228 = PLANE ( 'NONE',  #252 ) ;
#229 = CIRCLE ( 'NONE', #340, 1.000000000000000888 ) ;
#230 = VERTEX_POINT ( 'NONE', #99 ) ;
#231 = AXIS2_PLACEMENT_3D ( 'NONE', #5721, #1019, #3037 ) ;
#232 = VECTOR ( 'NONE', #1087, 1000.000000000000000 ) ;
#233 = CARTESIAN_POINT ( 'NONE',  ( 70.51574355052082410, 8.002638091083914773, -33.56639607814197745 ) ) ;
#234 = ORIENTED_EDGE ( 'NONE', *, *, #3552, .F. ) ;
#235 = DIRECTION ( 'NONE',  ( 1.000000000000000000, 0.000000000000000000, 0.000000000000000000 ) ) ;
#236 = EDGE_CURVE ( 'NONE', #3483, #621, #2186, .T. ) ;
#237 = LINE ( 'NONE', #755, #664 ) ;
#238 = DIRECTION ( 'NONE',  ( -1.000000000000000000, -0.000000000000000000, -0.000000000000000000 ) ) ;
#239 = VERTEX_POINT ( 'NONE', #2593 ) ;
#240 = PERSON ( '未指定', '未指定', '未指定', ('未指定'), ('未指定'), ('未指定') ) ;
#241 = CARTESIAN_POINT ( 'NONE',  ( 68.45504213673879690, -5.500000000000000000, -35.37135845679976143 ) ) ;
#242 = EDGE_CURVE ( 'NONE', #3706, #3276, #6486, .T. ) ;
#243 = LINE ( 'NONE', #3004, #549 ) ;
#244 = ORIENTED_EDGE ( 'NONE', *, *, #5801, .F. ) ;
#245 = LINE ( 'NONE', #3949, #6228 ) ;
#246 = EDGE_CURVE ( 'NONE', #2905, #4833, #2327, .T. ) ;
#247 = VECTOR ( 'NONE', #2746, 1000.000000000000000 ) ;
#248 = FACE_OUTER_BOUND ( 'NONE', #5616, .T. ) ;
#249 = LINE ( 'NONE', #1820, #2330 ) ;
#250 = ORIENTED_EDGE ( 'NONE', *, *, #5554, .T. ) ;
#251 = DIRECTION ( 'NONE',  ( 0.000000000000000000, 0.7071067811865434649, 0.7071067811865516806 ) ) ;
#252 = AXIS2_PLACEMENT_3D ( 'NONE', #2313, #1769, #4416 ) ;
#253 = ORIENTED_EDGE ( 'NONE', *, *, #3685, .F. ) ;
#254 = VERTEX_POINT ( 'NONE', #652 ) ;
#255 = CARTESIAN_POINT ( 'NONE',  ( 37.44999999999997442, 8.400000000000000355, -40.74999999999997158 ) ) ;
#256 = EDGE_CURVE ( 'NONE', #2032, #2930, #4318, .T. ) ;
#257 = CARTESIAN_POINT ( 'NONE',  ( 64.00000000000000000, 3.900000000000001688, -36.75000000000000711 ) ) ;
#258 = EDGE_CURVE ( 'NONE', #3963, #5572, #6450, .T. ) ;
#259 = LINE ( 'NONE', #4919, #1608 ) ;
#260 = ORIENTED_EDGE ( 'NONE', *, *, #27, .T. ) ;
#261 = VECTOR ( 'NONE', #4466, 1000.000000000000227 ) ;
#262 = CARTESIAN_POINT ( 'NONE',  ( 4.500000000000002665, 7.900000000000011013, -36.75000000000000711 ) ) ;
#263 = CYLINDRICAL_SURFACE ( 'NONE', #3435, 0.8499999999999965361 ) ;
#264 = ORIENTED_EDGE ( 'NONE', *, *, #4445, .F. ) ;
#265 = CARTESIAN_POINT ( 'NONE',  ( 53.75000000000000000, 3.400000000000001688, -16.00000000000000000 ) ) ;
#266 = DIRECTION ( 'NONE',  ( 1.000000000000000000, 0.000000000000000000, 0.000000000000000000 ) ) ;
#267 = VECTOR ( 'NONE', #4259, 1000.000000000000000 ) ;
#268 = ORIENTED_EDGE ( 'NONE', *, *, #1458, .F. ) ;
#269 = VECTOR ( 'NONE', #2449, 1000.000000000000000 ) ;
#270 = EDGE_CURVE ( 'NONE', #6375, #2716, #1855, .T. ) ;
#271 = ORIENTED_EDGE ( 'NONE', *, *, #217, .T. ) ;
#272 = CARTESIAN_POINT ( 'NONE',  ( 36.44999999999997442, 2.898999999999998689, -39.74999999999997158 ) ) ;
#273 = VERTEX_POINT ( 'NONE', #1310 ) ;
#274 = LINE ( 'NONE', #1268, #1297 ) ;
#275 = DIRECTION ( 'NONE',  ( 0.000000000000000000, 7.796510004390146031E-17, -1.000000000000000000 ) ) ;
#276 = LINE ( 'NONE', #1739, #1873 ) ;
#277 = ORIENTED_EDGE ( 'NONE', *, *, #4945, .T. ) ;
#278 = VECTOR ( 'NONE', #3602, 1000.000000000000000 ) ;
#279 = FACE_BOUND ( 'NONE', #1340, .T. ) ;
#280 = LINE ( 'NONE', #3911, #4166 ) ;
#281 = LINE ( 'NONE', #6556, #4367 ) ;
#282 = CIRCLE ( 'NONE', #4106, 0.8500000000000000888 ) ;
#283 = LINE ( 'NONE', #5083, #2668 ) ;
#284 = CARTESIAN_POINT ( 'NONE',  ( 6.000000000000000888, 7.400000000000002132, -47.99999999999998579 ) ) ;
#285 = EDGE_LOOP ( 'NONE', ( #1612, #4423, #3394, #4490 ) ) ;
#286 = DIRECTION ( 'NONE',  ( 0.000000000000000000, 0.000000000000000000, -1.000000000000000000 ) ) ;
#287 = ORIENTED_EDGE ( 'NONE', *, *, #1595, .F. ) ;
#288 = VERTEX_POINT ( 'NONE', #1784 ) ;
#289 = EDGE_CURVE ( 'NONE', #6320, #5373, #5785, .T. ) ;
#290 = DIRECTION ( 'NONE',  ( -0.000000000000000000, 1.000000000000000000, -0.000000000000000000 ) ) ;
#291 = DIRECTION ( 'NONE',  ( 0.000000000000000000, 0.000000000000000000, 1.000000000000000000 ) ) ;
#292 = DIRECTION ( 'NONE',  ( 0.000000000000000000, -1.000000000000000000, 0.000000000000000000 ) ) ;
#293 = EDGE_CURVE ( 'NONE', #3404, #6064, #3881, .T. ) ;
#294 = ORIENTED_EDGE ( 'NONE', *, *, #1364, .T. ) ;
#295 = DIRECTION ( 'NONE',  ( 0.000000000000000000, -1.000000000000000000, -0.000000000000000000 ) ) ;
#296 = DIRECTION ( 'NONE',  ( -0.000000000000000000, 1.000000000000000000, -0.000000000000000000 ) ) ;
#297 = EDGE_LOOP ( 'NONE', ( #2047, #4008, #5036, #6631, #3928, #1788 ) ) ;
#298 = DIRECTION ( 'NONE',  ( 1.000000000000000000, 0.000000000000000000, 0.000000000000000000 ) ) ;
#299 = LINE ( 'NONE', #3862, #3197 ) ;
#300 = ORIENTED_EDGE ( 'NONE', *, *, #3234, .T. ) ;
#301 = ORIENTED_EDGE ( 'NONE', *, *, #4300, .T. ) ;
#302 = DIRECTION ( 'NONE',  ( -0.7071067811865475727, -0.7071067811865475727, -5.512965093693032209E-17 ) ) ;
#303 = ORIENTED_EDGE ( 'NONE', *, *, #3471, .F. ) ;
#304 = CARTESIAN_POINT ( 'NONE',  ( -2.999999999999999112, 4.500000000000000888, -10.94999999999997442 ) ) ;
#305 = CARTESIAN_POINT ( 'NONE',  ( 64.00000000000000000, 7.899999999999997691, -36.75000000000000711 ) ) ;
#306 = AXIS2_PLACEMENT_3D ( 'NONE', #4060, #2506, #2448 ) ;
#307 = EDGE_CURVE ( 'NONE', #1382, #5680, #5353, .T. ) ;
#308 = ORIENTED_EDGE ( 'NONE', *, *, #3002, .F. ) ;
#309 = CARTESIAN_POINT ( 'NONE',  ( 6.000000000000000000, 7.399999999999987921, -55.99999999999998579 ) ) ;
#310 = VECTOR ( 'NONE', #6546, 1000.000000000000000 ) ;
#311 = CARTESIAN_POINT ( 'NONE',  ( 64.00000000000000000, 2.900000000000001688, -46.25000000000000000 ) ) ;
#312 = LINE ( 'NONE', #5974, #4147 ) ;
#313 = PLANE ( 'NONE',  #1076 ) ;
#314 = VECTOR ( 'NONE', #2894, 1000.000000000000000 ) ;
#315 = VECTOR ( 'NONE', #6205, 1000.000000000000000 ) ;
#316 = DIRECTION ( 'NONE',  ( -0.000000000000000000, -1.000000000000000000, -7.796510004390146031E-17 ) ) ;
#317 = ORIENTED_EDGE ( 'NONE', *, *, #2173, .F. ) ;
#318 = DIRECTION ( 'NONE',  ( -0.000000000000000000, 1.000000000000000000, -0.000000000000000000 ) ) ;
#319 = EDGE_CURVE ( 'NONE', #4913, #5916, #4904, .T. ) ;
#320 = VERTEX_POINT ( 'NONE', #3803 ) ;
#321 = ORIENTED_EDGE ( 'NONE', *, *, #3342, .T. ) ;
#322 = DIRECTION ( 'NONE',  ( 0.000000000000000000, 0.000000000000000000, -1.000000000000000000 ) ) ;
#323 = ADVANCED_FACE ( 'NONE', ( #2766 ), #763, .F. ) ;
#324 = LINE ( 'NONE', #6599, #159 ) ;
#325 = DIRECTION ( 'NONE',  ( 0.000000000000000000, 0.000000000000000000, -1.000000000000000000 ) ) ;
#326 = EDGE_CURVE ( 'NONE', #5584, #5539, #135, .T. ) ;
#327 = VERTEX_POINT ( 'NONE', #1201 ) ;
#328 = CIRCLE ( 'NONE', #2945, 0.8500000000000000888 ) ;
#329 = EDGE_CURVE ( 'NONE', #5189, #4065, #4864, .T. ) ;
#330 = CARTESIAN_POINT ( 'NONE',  ( 59.00000000000000711, 7.400000000000003908, -56.00000000000000000 ) ) ;
#331 = CARTESIAN_POINT ( 'NONE',  ( 60.29999999999999716, -5.500000000000001776, -41.54999999999999716 ) ) ;
#332 = ORIENTED_EDGE ( 'NONE', *, *, #3889, .F. ) ;
#333 = CARTESIAN_POINT ( 'NONE',  ( 36.44999999999997442, 3.899999999999988365, -40.74999999999997158 ) ) ;
#334 = CARTESIAN_POINT ( 'NONE',  ( 70.19999999999998863, 10.00000000000000000, 0.000000000000000000 ) ) ;
#335 = ADVANCED_FACE ( 'NONE', ( #3355 ), #3913, .F. ) ;
#336 = ORIENTED_EDGE ( 'NONE', *, *, #648, .F. ) ;
#337 = ORIENTED_EDGE ( 'NONE', *, *, #109, .T. ) ;
#338 = CARTESIAN_POINT ( 'NONE',  ( 61.30000000000000426, 8.400000000000000355, -38.84999999999997300 ) ) ;
#339 = ORIENTED_EDGE ( 'NONE', *, *, #1547, .T. ) ;
#340 = AXIS2_PLACEMENT_3D ( 'NONE', #2368, #869, #4468 ) ;
#341 = CARTESIAN_POINT ( 'NONE',  ( 7.200000000000004619, -5.500000000000001776, -41.54999999999998295 ) ) ;
#342 = AXIS2_PLACEMENT_3D ( 'NONE', #1598, #3692, #1195 ) ;
#343 = CARTESIAN_POINT ( 'NONE',  ( 70.70000000000000284, 9.499999999999985789, 0.000000000000000000 ) ) ;
#344 = ORIENTED_EDGE ( 'NONE', *, *, #2021, .F. ) ;
#345 = CIRCLE ( 'NONE', #6148, 3.000000000000002665 ) ;
#346 = EDGE_CURVE ( 'NONE', #6067, #5847, #6049, .T. ) ;
#347 = DIRECTION ( 'NONE',  ( 0.000000000000000000, 0.000000000000000000, 1.000000000000000000 ) ) ;
#348 = VECTOR ( 'NONE', #1344, 1000.000000000000000 ) ;
#349 = DIRECTION ( 'NONE',  ( 0.000000000000000000, -0.000000000000000000, -1.000000000000000000 ) ) ;
#350 = FACE_OUTER_BOUND ( 'NONE', #4852, .T. ) ;
#351 = DIRECTION ( 'NONE',  ( 1.309225264888156623E-16, 0.000000000000000000, -1.000000000000000000 ) ) ;
#352 = FACE_OUTER_BOUND ( 'NONE', #857, .T. ) ;
#353 = EDGE_CURVE ( 'NONE', #2284, #6289, #245, .T. ) ;
#354 = ORIENTED_EDGE ( 'NONE', *, *, #1396, .T. ) ;
#355 = DIRECTION ( 'NONE',  ( 0.000000000000000000, 1.000000000000000000, 7.796510004390144799E-17 ) ) ;
#356 = ORIENTED_EDGE ( 'NONE', *, *, #4888, .T. ) ;
#357 = ORIENTED_EDGE ( 'NONE', *, *, #3777, .T. ) ;
#358 = CARTESIAN_POINT ( 'NONE',  ( 1.250000000000002442, 7.900000000000011013, -35.75000000000000711 ) ) ;
#359 = DIRECTION ( 'NONE',  ( -1.000000000000000000, 0.000000000000000000, -4.707526393424171362E-17 ) ) ;
#360 = CARTESIAN_POINT ( 'NONE',  ( 60.29999999999999716, 8.400000000000000355, -42.39999999999999147 ) ) ;
#361 = AXIS2_PLACEMENT_3D ( 'NONE', #4922, #296, #670 ) ;
#362 = EDGE_CURVE ( 'NONE', #3109, #5300, #2873, .T. ) ;
#363 = ORIENTED_EDGE ( 'NONE', *, *, #3207, .T. ) ;
#364 = FACE_OUTER_BOUND ( 'NONE', #782, .T. ) ;
#365 = CYLINDRICAL_SURFACE ( 'NONE', #2219, 1.000000000000000888 ) ;
#366 = VERTEX_POINT ( 'NONE', #5902 ) ;
#367 = FACE_OUTER_BOUND ( 'NONE', #3532, .T. ) ;
#368 = ORIENTED_EDGE ( 'NONE', *, *, #5237, .T. ) ;
#369 = VECTOR ( 'NONE', #5002, 1000.000000000000000 ) ;
#370 = CARTESIAN_POINT ( 'NONE',  ( -3.000000000000000000, 4.500000000000000888, -26.94999999999998153 ) ) ;
#371 = CIRCLE ( 'NONE', #3088, 1.500000000000001332 ) ;
#372 = ORIENTED_EDGE ( 'NONE', *, *, #6608, .F. ) ;
#373 = PLANE ( 'NONE',  #89 ) ;
#374 = PLANE ( 'NONE',  #1894 ) ;
#375 = VECTOR ( 'NONE', #1066, 1000.000000000000000 ) ;
#376 = EDGE_LOOP ( 'NONE', ( #3991, #2989, #5105, #1560, #3113, #6541 ) ) ;
#377 = EDGE_CURVE ( 'NONE', #3734, #3124, #281, .T. ) ;
#378 = DIRECTION ( 'NONE',  ( 0.000000000000000000, 0.000000000000000000, 1.000000000000000000 ) ) ;
#379 = CARTESIAN_POINT ( 'NONE',  ( 64.00000000000000000, 8.400000000000000355, -36.75000000000000711 ) ) ;
#380 = EDGE_CURVE ( 'NONE', #3260, #5219, #3286, .T. ) ;
#381 = LINE ( 'NONE', #1951, #2280 ) ;
#382 = LINE ( 'NONE', #2466, #3245 ) ;
#383 = VERTEX_POINT ( 'NONE', #5565 ) ;
#384 = CARTESIAN_POINT ( 'NONE',  ( 3.500000000000003109, 2.900000000000001688, -3.500000000000000000 ) ) ;
#385 = VECTOR ( 'NONE', #2742, 1000.000000000000000 ) ;
#386 = ORIENTED_EDGE ( 'NONE', *, *, #6660, .T. ) ;
#387 = ORIENTED_EDGE ( 'NONE', *, *, #3759, .F. ) ;
#388 = DIRECTION ( 'NONE',  ( -0.7071067811865457964, 0.7071067811865492381, 0.000000000000000000 ) ) ;
#389 = ADVANCED_FACE ( 'NONE', ( #3560 ), #313, .T. ) ;
#390 = CARTESIAN_POINT ( 'NONE',  ( 56.00000000000000000, 8.400000000000003908, -51.00000000000000000 ) ) ;
#391 = DIRECTION ( 'NONE',  ( 1.000000000000000000, 0.000000000000000000, 0.000000000000000000 ) ) ;
#392 = ORIENTED_EDGE ( 'NONE', *, *, #2372, .F. ) ;
#393 = CARTESIAN_POINT ( 'NONE',  ( 0.000000000000000000, 10.00000000000000000, -56.00000000000000000 ) ) ;
#394 = DIRECTION ( 'NONE',  ( -0.000000000000000000, -0.000000000000000000, 1.000000000000000000 ) ) ;
#395 = ORIENTED_EDGE ( 'NONE', *, *, #377, .T. ) ;
#396 = CARTESIAN_POINT ( 'NONE',  ( 37.00000000000000000, 9.500000000000014211, -6.949999999999980638 ) ) ;
#397 = ORIENTED_EDGE ( 'NONE', *, *, #6581, .F. ) ;
#398 = DIRECTION ( 'NONE',  ( 1.000000000000000000, 0.000000000000000000, 0.000000000000000000 ) ) ;
#399 = ORIENTED_EDGE ( 'NONE', *, *, #403, .F. ) ;
#400 = DIRECTION ( 'NONE',  ( 0.000000000000000000, 0.000000000000000000, 1.000000000000000000 ) ) ;
#401 = CARTESIAN_POINT ( 'NONE',  ( 0.7500000000000148770, 8.400000000000000355, -36.75000000000000711 ) ) ;
#402 = EDGE_LOOP ( 'NONE', ( #3382, #2270 ) ) ;
#403 = EDGE_CURVE ( 'NONE', #3980, #1791, #2975, .T. ) ;
#404 = CARTESIAN_POINT ( 'NONE',  ( -1.399999999999995914, 10.00000000000000000, -3.000000000000000000 ) ) ;
#405 = AXIS2_PLACEMENT_3D ( 'NONE', #3468, #6115, #1409 ) ;
#406 = CARTESIAN_POINT ( 'NONE',  ( 3.500000000000003109, 0.000000000000000000, -2.500000000000000444 ) ) ;
#407 = DIRECTION ( 'NONE',  ( 0.000000000000000000, -7.796510004390144799E-17, 1.000000000000000000 ) ) ;
#408 = ADVANCED_FACE ( 'NONE', ( #6712 ), #924, .T. ) ;
#409 = VECTOR ( 'NONE', #6157, 1000.000000000000000 ) ;
#410 = CARTESIAN_POINT ( 'NONE',  ( 61.50000000000000711, 10.00000000000000000, -3.500000000000000000 ) ) ;
#411 = AXIS2_PLACEMENT_3D ( 'NONE', #4227, #2604, #1686 ) ;
#412 = ORIENTED_EDGE ( 'NONE', *, *, #1534, .F. ) ;
#413 = LINE ( 'NONE', #5726, #775 ) ;
#414 = VECTOR ( 'NONE', #3762, 1000.000000000000000 ) ;
#415 = ORIENTED_EDGE ( 'NONE', *, *, #1154, .T. ) ;
#416 = ORIENTED_EDGE ( 'NONE', *, *, #1547, .F. ) ;
#417 = AXIS2_PLACEMENT_3D ( 'NONE', #1385, #5696, #871 ) ;
#418 = DIRECTION ( 'NONE',  ( -0.7071067811865475727, -0.7071067811865475727, -0.000000000000000000 ) ) ;
#419 = LINE ( 'NONE', #873, #3105 ) ;
#420 = AXIS2_PLACEMENT_3D ( 'NONE', #1973, #4101, #3026 ) ;
#421 = ADVANCED_FACE ( 'NONE', ( #2010 ), #1440, .F. ) ;
#422 = FACE_OUTER_BOUND ( 'NONE', #5284, .T. ) ;
#423 = VERTEX_POINT ( 'NONE', #5532 ) ;
#424 = FACE_OUTER_BOUND ( 'NONE', #745, .T. ) ;
#425 = DIRECTION ( 'NONE',  ( -0.000000000000000000, 1.000000000000000000, 7.796510004390144799E-17 ) ) ;
#426 = VERTEX_POINT ( 'NONE', #2399 ) ;
#427 = LINE ( 'NONE', #6729, #3534 ) ;
#428 = EDGE_LOOP ( 'NONE', ( #3290, #6257, #3443, #397 ) ) ;
#429 = APPLICATION_CONTEXT ( 'configuration controlled 3d designs of mechanical parts and assemblies' ) ;
#430 = EDGE_CURVE ( 'NONE', #885, #5939, #5046, .T. ) ;
#431 = CARTESIAN_POINT ( 'NONE',  ( 12.00000000000000355, 5.600000000000001421, -31.14999999999998792 ) ) ;
#432 = EDGE_LOOP ( 'NONE', ( #2602, #3192, #5407, #3360 ) ) ;
#433 = CARTESIAN_POINT ( 'NONE',  ( 70.70000000000000284, 9.499999999999985789, 0.000000000000000000 ) ) ;
#434 = CARTESIAN_POINT ( 'NONE',  ( 36.99999999999999289, 9.500000000000014211, -25.14999999999997726 ) ) ;
#435 = ORIENTED_EDGE ( 'NONE', *, *, #2841, .T. ) ;
#436 = AXIS2_PLACEMENT_3D ( 'NONE', #3628, #6718, #1543 ) ;
#437 = ADVANCED_FACE ( 'NONE', ( #3529 ), #2908, .T. ) ;
#438 = CARTESIAN_POINT ( 'NONE',  ( 70.01707455865194163, 8.237483490716336121, -33.74197555234881207 ) ) ;
#439 = CARTESIAN_POINT ( 'NONE',  ( 13.00000000000000355, 3.400000000000001688, -33.64999999999998437 ) ) ;
#440 = DIRECTION ( 'NONE',  ( 0.000000000000000000, 1.000000000000000000, 0.000000000000000000 ) ) ;
#441 = AXIS2_PLACEMENT_3D ( 'NONE', #1379, #1274, #2835 ) ;
#442 = CARTESIAN_POINT ( 'NONE',  ( 11.50000000000000355, 2.899975000000001746, -33.64999999999998437 ) ) ;
#443 = ORIENTED_EDGE ( 'NONE', *, *, #4110, .F. ) ;
#444 = CARTESIAN_POINT ( 'NONE',  ( 0.000000000000000000, 3.400000000000001688, 0.000000000000000000 ) ) ;
#445 = ADVANCED_FACE ( 'NONE', ( #5142 ), #4501, .F. ) ;
#446 = ORIENTED_EDGE ( 'NONE', *, *, #5533, .F. ) ;
#447 = VERTEX_POINT ( 'NONE', #3428 ) ;
#448 = DIRECTION ( 'NONE',  ( 0.000000000000000000, 0.000000000000000000, 1.000000000000000000 ) ) ;
#449 = LINE ( 'NONE', #4116, #6186 ) ;
#450 = PLANE ( 'NONE',  #4649 ) ;
#451 = ORIENTED_EDGE ( 'NONE', *, *, #1957, .T. ) ;
#452 = ADVANCED_FACE ( 'NONE', ( #2431 ), #6623, .F. ) ;
#453 = CARTESIAN_POINT ( 'NONE',  ( 65.20000000000000284, 2.900000000000001688, -56.00000000000000000 ) ) ;
#454 = ORIENTED_EDGE ( 'NONE', *, *, #5859, .T. ) ;
#455 = DIRECTION ( 'NONE',  ( 0.000000000000000000, 0.000000000000000000, -1.000000000000000000 ) ) ;
#456 = ADVANCED_FACE ( 'NONE', ( #3465 ), #4016, .F. ) ;
#457 = EDGE_LOOP ( 'NONE', ( #6493, #6344, #3331, #1117 ) ) ;
#458 = EDGE_CURVE ( 'NONE', #1459, #2499, #2493, .T. ) ;
#459 = VECTOR ( 'NONE', #2818, 1000.000000000000000 ) ;
#460 = DIRECTION ( 'NONE',  ( 0.000000000000000000, 0.7071067811865573427, 0.7071067811865378028 ) ) ;
#461 = VERTEX_POINT ( 'NONE', #6111 ) ;
#462 = FACE_OUTER_BOUND ( 'NONE', #5016, .T. ) ;
#463 = ORIENTED_EDGE ( 'NONE', *, *, #4763, .T. ) ;
#464 = LINE ( 'NONE', #2514, #5133 ) ;
#465 = DIRECTION ( 'NONE',  ( 1.000000000000000000, 0.000000000000000000, 0.000000000000000000 ) ) ;
#466 = VECTOR ( 'NONE', #1907, 1000.000000000000000 ) ;
#467 = ORIENTED_EDGE ( 'NONE', *, *, #3086, .F. ) ;
#468 = EDGE_CURVE ( 'NONE', #1617, #2682, #1408, .T. ) ;
#469 = AXIS2_PLACEMENT_3D ( 'NONE', #2811, #803, #1756 ) ;
#470 = CARTESIAN_POINT ( 'NONE',  ( 70.21621464099636967, 8.084582199375169864, -33.72597804568125923 ) ) ;
#471 = DIRECTION ( 'NONE',  ( -0.000000000000000000, 1.000000000000000000, -0.000000000000000000 ) ) ;
#472 = DIRECTION ( 'NONE',  ( -0.7071067811865475727, -0.7071067811865475727, -0.000000000000000000 ) ) ;
#473 = AXIS2_PLACEMENT_3D ( 'NONE', #5842, #1521, #1620 ) ;
#474 = CARTESIAN_POINT ( 'NONE',  ( 4.500000000000003553, 2.900000000000001688, -46.25000000000000000 ) ) ;
#475 = ORIENTED_EDGE ( 'NONE', *, *, #6625, .T. ) ;
#476 = LINE ( 'NONE', #2558, #1866 ) ;
#477 = VERTEX_POINT ( 'NONE', #4075 ) ;
#478 = DIRECTION ( 'NONE',  ( -0.000000000000000000, 1.000000000000000000, -0.000000000000000000 ) ) ;
#479 = DIRECTION ( 'NONE',  ( 0.000000000000000000, -1.000000000000000000, 0.000000000000000000 ) ) ;
#480 = DIRECTION ( 'NONE',  ( 0.000000000000000000, -1.000000000000000000, 0.000000000000000000 ) ) ;
#481 = FACE_OUTER_BOUND ( 'NONE', #560, .T. ) ;
#482 = AXIS2_PLACEMENT_3D ( 'NONE', #2531, #6317, #5186 ) ;
#483 = ORIENTED_EDGE ( 'NONE', *, *, #5153, .F. ) ;
#484 = ADVANCED_FACE ( 'NONE', ( #5597 ), #2520, .T. ) ;
#485 = LINE ( 'NONE', #2090, #4574 ) ;
#486 = ORIENTED_EDGE ( 'NONE', *, *, #3466, .F. ) ;
#487 = PLANE ( 'NONE',  #3318 ) ;
#488 = VECTOR ( 'NONE', #5389, 1000.000000000000000 ) ;
#489 = ORIENTED_EDGE ( 'NONE', *, *, #289, .F. ) ;
#490 = EDGE_CURVE ( 'NONE', #2303, #1544, #381, .T. ) ;
#491 = FACE_OUTER_BOUND ( 'NONE', #6121, .T. ) ;
#492 = FACE_OUTER_BOUND ( 'NONE', #1143, .T. ) ;
#493 = ORIENTED_EDGE ( 'NONE', *, *, #1619, .T. ) ;
#494 = DIRECTION ( 'NONE',  ( -0.7071067811865475727, -0.7071067811865475727, -0.000000000000000000 ) ) ;
#495 = ORIENTED_EDGE ( 'NONE', *, *, #5320, .T. ) ;
#496 = LINE ( 'NONE', #2575, #1506 ) ;
#497 = DIRECTION ( 'NONE',  ( 0.000000000000000000, 0.000000000000000000, 1.000000000000000000 ) ) ;
#498 = VERTEX_POINT ( 'NONE', #1982 ) ;
#499 = CARTESIAN_POINT ( 'NONE',  ( 9.550000000000007816, -5.500000000000001776, -39.59999999999997300 ) ) ;
#500 = EDGE_CURVE ( 'NONE', #2962, #5156, #6175, .T. ) ;
#501 = CARTESIAN_POINT ( 'NONE',  ( 70.43124345431854749, 7.899999999999997691, -33.72877448489977326 ) ) ;
#502 = DIRECTION ( 'NONE',  ( 0.000000000000000000, 1.000000000000000000, 0.000000000000000000 ) ) ;
#503 = FACE_OUTER_BOUND ( 'NONE', #2693, .T. ) ;
#504 = DIRECTION ( 'NONE',  ( -1.508455196501571922E-16, -7.796510004390146031E-17, 1.000000000000000000 ) ) ;
#505 = VECTOR ( 'NONE', #504, 1000.000000000000000 ) ;
#506 = ORIENTED_EDGE ( 'NONE', *, *, #6146, .T. ) ;
#507 = LINE ( 'NONE', #2114, #4934 ) ;
#508 = EDGE_CURVE ( 'NONE', #5850, #3734, #5244, .T. ) ;
#509 = ORIENTED_EDGE ( 'NONE', *, *, #3951, .T. ) ;
#510 = DIRECTION ( 'NONE',  ( 1.000000000000000000, -0.000000000000000000, -0.000000000000000000 ) ) ;
#511 = AXIS2_PLACEMENT_3D ( 'NONE', #4373, #1258, #5475 ) ;
#512 = CIRCLE ( 'NONE', #4351, 1.000000000000000888 ) ;
#513 = CYLINDRICAL_SURFACE ( 'NONE', #4865, 1.500000000000001332 ) ;
#514 = CARTESIAN_POINT ( 'NONE',  ( 6.000000000000000000, -5.500000000000000000, -55.99999999999998579 ) ) ;
#515 = AXIS2_PLACEMENT_3D ( 'NONE', #2176, #644, #1663 ) ;
#516 = ORIENTED_EDGE ( 'NONE', *, *, #430, .F. ) ;
#517 = ADVANCED_FACE ( 'NONE', ( #3726 ), #2687, .F. ) ;
#518 = DIRECTION ( 'NONE',  ( 0.000000000000000000, -1.000000000000000000, -7.796510004390146031E-17 ) ) ;
#519 = ORIENTED_EDGE ( 'NONE', *, *, #162, .F. ) ;
#520 = DIRECTION ( 'NONE',  ( 0.000000000000000000, -1.000000000000000000, 0.000000000000000000 ) ) ;
#521 = EDGE_LOOP ( 'NONE', ( #4097, #4843, #1147, #3551 ) ) ;
#522 = AXIS2_PLACEMENT_3D ( 'NONE', #2069, #16, #567 ) ;
#523 = EDGE_CURVE ( 'NONE', #6467, #6149, #3206, .T. ) ;
#524 = CYLINDRICAL_SURFACE ( 'NONE', #473, 0.8500000000000000888 ) ;
#525 = DIRECTION ( 'NONE',  ( 0.000000000000000000, 7.796510004390146031E-17, -1.000000000000000000 ) ) ;
#526 = AXIS2_PLACEMENT_3D ( 'NONE', #6521, #1746, #1706 ) ;
#527 = ADVANCED_FACE ( 'NONE', ( #4756 ), #5699, .F. ) ;
#528 = VECTOR ( 'NONE', #3702, 1000.000000000000000 ) ;
#529 = ORIENTED_EDGE ( 'NONE', *, *, #6100, .T. ) ;
#530 = LINE ( 'NONE', #1652, #2433 ) ;
#531 = VERTEX_POINT ( 'NONE', #2077 ) ;
#532 = ADVANCED_FACE ( 'NONE', ( #4277 ), #1020, .F. ) ;
#533 = CARTESIAN_POINT ( 'NONE',  ( -1.399999999999995914, 10.00000000000000000, -17.14999999999997371 ) ) ;
#534 = DIRECTION ( 'NONE',  ( 0.000000000000000000, -1.000000000000000000, 0.000000000000000000 ) ) ;
#535 = ORIENTED_EDGE ( 'NONE', *, *, #577, .F. ) ;
#536 = DIRECTION ( 'NONE',  ( 0.000000000000000000, 0.000000000000000000, -1.000000000000000000 ) ) ;
#537 = CARTESIAN_POINT ( 'NONE',  ( 37.00000000000000000, 4.500000000000000888, -14.94999999999997442 ) ) ;
#538 = CARTESIAN_POINT ( 'NONE',  ( 11.50000000000000000, 2.900000000000001688, -2.999999999999998668 ) ) ;
#539 = CARTESIAN_POINT ( 'NONE',  ( 9.000000000000001776, 7.400000000000002132, -50.99999999999999289 ) ) ;
#540 = EDGE_CURVE ( 'NONE', #4980, #6655, #345, .T. ) ;
#541 = EDGE_CURVE ( 'NONE', #651, #2799, #5265, .T. ) ;
#542 = LINE ( 'NONE', #1022, #6427 ) ;
#543 = ORIENTED_EDGE ( 'NONE', *, *, #2503, .F. ) ;
#544 = FACE_OUTER_BOUND ( 'NONE', #2174, .T. ) ;
#545 = CARTESIAN_POINT ( 'NONE',  ( 11.50000000000000533, 5.600000000000001421, -47.99999999999998579 ) ) ;
#546 = ORIENTED_EDGE ( 'NONE', *, *, #5032, .F. ) ;
#547 = CARTESIAN_POINT ( 'NONE',  ( 61.50000000000000711, 0.000000000000000000, -3.500000000000000000 ) ) ;
#548 = VECTOR ( 'NONE', #2524, 1000.000000000000000 ) ;
#549 = VECTOR ( 'NONE', #2464, 1000.000000000000000 ) ;
#550 = ORIENTED_EDGE ( 'NONE', *, *, #2336, .F. ) ;
#551 = ADVANCED_FACE ( 'NONE', ( #59 ), #2043, .F. ) ;
#552 = CARTESIAN_POINT ( 'NONE',  ( 59.05000000000000426, -5.500000000000001776, -39.59999999999997300 ) ) ;
#553 = VECTOR ( 'NONE', #1812, 1000.000000000000000 ) ;
#554 = CARTESIAN_POINT ( 'NONE',  ( 53.75000000000000000, 3.400000000000001688, -29.14999999999997726 ) ) ;
#555 = VECTOR ( 'NONE', #2430, 1000.000000000000114 ) ;
#556 = VERTEX_POINT ( 'NONE', #1501 ) ;
#557 = PLANE ( 'NONE',  #3022 ) ;
#558 = ORIENTED_EDGE ( 'NONE', *, *, #4146, .F. ) ;
#559 = CARTESIAN_POINT ( 'NONE',  ( 69.96410319975777270, 10.00000000000000000, -32.14999999999998437 ) ) ;
#560 = EDGE_LOOP ( 'NONE', ( #5160, #3565, #4761, #5684 ) ) ;
#561 = DIRECTION ( 'NONE',  ( -0.000000000000000000, 1.000000000000000000, -0.000000000000000000 ) ) ;
#562 = EDGE_CURVE ( 'NONE', #2905, #1586, #3592, .T. ) ;
#563 = CARTESIAN_POINT ( 'NONE',  ( -2.999999999999999112, 4.500000000000000888, -18.94999999999997442 ) ) ;
#564 = ORIENTED_EDGE ( 'NONE', *, *, #4288, .T. ) ;
#565 = CARTESIAN_POINT ( 'NONE',  ( 69.80547805970917352, 8.381332849151339914, -33.76866715084866399 ) ) ;
#566 = ORIENTED_EDGE ( 'NONE', *, *, #2888, .F. ) ;
#567 = DIRECTION ( 'NONE',  ( 0.000000000000000000, 0.000000000000000000, 1.000000000000000000 ) ) ;
#568 = CARTESIAN_POINT ( 'NONE',  ( 69.95238944645188894, 8.804151830472180862, -33.34584816952781949 ) ) ;
#569 = AXIS2_PLACEMENT_3D ( 'NONE', #1773, #3311, #2388 ) ;
#570 = VERTEX_POINT ( 'NONE', #6776 ) ;
#571 = CIRCLE ( 'NONE', #2689, 1.000000000000000888 ) ;
#572 = CARTESIAN_POINT ( 'NONE',  ( -2.999999999999999112, 4.500000000000000888, -21.14999999999997726 ) ) ;
#573 = PLANE ( 'NONE',  #2045 ) ;
#574 = CARTESIAN_POINT ( 'NONE',  ( 59.00000000000000000, 9.500000000000014211, -25.14999999999997726 ) ) ;
#575 = DIRECTION ( 'NONE',  ( 0.000000000000000000, 0.000000000000000000, -1.000000000000000000 ) ) ;
#576 = VECTOR ( 'NONE', #710, 1000.000000000000000 ) ;
#577 = EDGE_CURVE ( 'NONE', #3586, #3665, #3173, .T. ) ;
#578 = CARTESIAN_POINT ( 'NONE',  ( 11.50000000000000355, 5.600000000000001421, -32.14999999999998437 ) ) ;
#579 = VECTOR ( 'NONE', #4801, 1000.000000000000000 ) ;
#580 = CARTESIAN_POINT ( 'NONE',  ( -3.000000000000000000, 4.500000000000000888, -26.94999999999998153 ) ) ;
#581 = DIRECTION ( 'NONE',  ( -1.368455531567204171E-48, -1.000000000000000000, -7.796510004390144799E-17 ) ) ;
#582 = VECTOR ( 'NONE', #1927, 1000.000000000000114 ) ;
#583 = ORIENTED_EDGE ( 'NONE', *, *, #2771, .T. ) ;
#584 = ADVANCED_FACE ( 'NONE', ( #26 ), #4140, .F. ) ;
#585 = DIRECTION ( 'NONE',  ( -1.000000000000000000, 0.000000000000000000, -4.707526393424171362E-17 ) ) ;
#586 = ORIENTED_EDGE ( 'NONE', *, *, #2965, .T. ) ;
#587 = VECTOR ( 'NONE', #5356, 1000.000000000000000 ) ;
#588 = LINE ( 'NONE', #552, #2350 ) ;
#589 = FACE_OUTER_BOUND ( 'NONE', #4910, .T. ) ;
#590 = ORIENTED_EDGE ( 'NONE', *, *, #5854, .F. ) ;
#591 = LINE ( 'NONE', #2670, #1606 ) ;
#592 = VERTEX_POINT ( 'NONE', #1537 ) ;
#593 = EDGE_CURVE ( 'NONE', #6149, #5366, #3693, .T. ) ;
#594 = FACE_OUTER_BOUND ( 'NONE', #875, .T. ) ;
#595 = ORIENTED_EDGE ( 'NONE', *, *, #6690, .T. ) ;
#596 = AXIS2_PLACEMENT_3D ( 'NONE', #2596, #1578, #3148 ) ;
#597 = DIRECTION ( 'NONE',  ( 0.000000000000000000, 0.000000000000000000, -1.000000000000000000 ) ) ;
#598 = CARTESIAN_POINT ( 'NONE',  ( 59.05000000000000426, 3.900000000000000799, -39.59999999999997300 ) ) ;
#599 = VERTEX_POINT ( 'NONE', #5209 ) ;
#600 = CARTESIAN_POINT ( 'NONE',  ( 69.81950242807278073, 8.390599169760731613, -33.75940083023926519 ) ) ;
#601 = ORIENTED_EDGE ( 'NONE', *, *, #293, .F. ) ;
#602 = CARTESIAN_POINT ( 'NONE',  ( 39.50000000000000711, 2.899975000000001746, -30.64999999999998437 ) ) ;
#603 = DIRECTION ( 'NONE',  ( -0.000000000000000000, -1.000000000000000000, -7.796510004390146031E-17 ) ) ;
#604 = ORIENTED_EDGE ( 'NONE', *, *, #4902, .T. ) ;
#605 = EDGE_LOOP ( 'NONE', ( #5459, #5579, #5906, #6440 ) ) ;
#606 = ADVANCED_FACE ( 'NONE', ( #503 ), #2584, .T. ) ;
#607 = LINE ( 'NONE', #4753, #1207 ) ;
#608 = DIRECTION ( 'NONE',  ( -1.029509481291873510E-16, 0.000000000000000000, 1.000000000000000000 ) ) ;
#609 = DIRECTION ( 'NONE',  ( 1.000000000000000000, 0.000000000000000000, 0.000000000000000000 ) ) ;
#610 = CARTESIAN_POINT ( 'NONE',  ( 70.19999999999998863, 10.00000000000000000, 0.000000000000000000 ) ) ;
#611 = EDGE_CURVE ( 'NONE', #4381, #4957, #4722, .T. ) ;
#612 = LINE ( 'NONE', #2142, #3357 ) ;
#613 = EDGE_CURVE ( 'NONE', #3201, #6151, #6307, .T. ) ;
#614 = CARTESIAN_POINT ( 'NONE',  ( 2.250000000000002220, 7.900000000000011013, -35.75000000000000711 ) ) ;
#615 = VERTEX_POINT ( 'NONE', #3172 ) ;
#616 = DIRECTION ( 'NONE',  ( 0.000000000000000000, 1.000000000000000000, 0.000000000000000000 ) ) ;
#617 = EDGE_CURVE ( 'NONE', #5264, #5671, #2141, .T. ) ;
#618 = EDGE_LOOP ( 'NONE', ( #3010, #749, #2607, #1683 ) ) ;
#619 = LINE ( 'NONE', #1677, #4323 ) ;
#620 = LINE ( 'NONE', #4149, #4197 ) ;
#621 = VERTEX_POINT ( 'NONE', #719 ) ;
#622 = CARTESIAN_POINT ( 'NONE',  ( -2.999999999999999112, 4.500000000000000888, -25.14999999999998082 ) ) ;
#623 = CIRCLE ( 'NONE', #4671, 1.000000000000000888 ) ;
#624 = ORIENTED_EDGE ( 'NONE', *, *, #1662, .F. ) ;
#625 = AXIS2_PLACEMENT_3D ( 'NONE', #3728, #2834, #3319 ) ;
#626 = CARTESIAN_POINT ( 'NONE',  ( 70.19999999999998863, 10.00000000000000000, -14.94999999999997442 ) ) ;
#627 = ORIENTED_EDGE ( 'NONE', *, *, #6140, .T. ) ;
#628 = EDGE_CURVE ( 'NONE', #1354, #3945, #112, .T. ) ;
#629 = DIRECTION ( 'NONE',  ( -0.000000000000000000, 1.000000000000000000, -0.000000000000000000 ) ) ;
#630 = VECTOR ( 'NONE', #4173, 1000.000000000000000 ) ;
#631 = CARTESIAN_POINT ( 'NONE',  ( 0.000000000000000000, 3.900000000000001688, 0.000000000000000000 ) ) ;
#632 = ORIENTED_EDGE ( 'NONE', *, *, #6094, .T. ) ;
#633 = CARTESIAN_POINT ( 'NONE',  ( 56.00000000000000000, 8.400000000000002132, -51.00000000000000000 ) ) ;
#634 = ORIENTED_EDGE ( 'NONE', *, *, #5988, .T. ) ;
#635 = LINE ( 'NONE', #1151, #1730 ) ;
#636 = CARTESIAN_POINT ( 'NONE',  ( 69.88893534709747257, 8.548287275662964646, -33.60171272433704104 ) ) ;
#637 = CIRCLE ( 'NONE', #4360, 1.000000000000000888 ) ;
#638 = ORIENTED_EDGE ( 'NONE', *, *, #3013, .T. ) ;
#639 = VECTOR ( 'NONE', #6414, 1000.000000000000000 ) ;
#640 = EDGE_CURVE ( 'NONE', #36, #4769, #5934, .T. ) ;
#641 = CIRCLE ( 'NONE', #4487, 1.000000000000000888 ) ;
#642 = VERTEX_POINT ( 'NONE', #1196 ) ;
#643 = FACE_OUTER_BOUND ( 'NONE', #4446, .T. ) ;
#644 = DIRECTION ( 'NONE',  ( 0.000000000000000000, -1.000000000000000000, 0.000000000000000000 ) ) ;
#645 = CARTESIAN_POINT ( 'NONE',  ( 55.73172798364529967, 2.899999999999999911, -24.83172798364526912 ) ) ;
#646 = CYLINDRICAL_SURFACE ( 'NONE', #4937, 0.9999999999999995559 ) ;
#647 = DIRECTION ( 'NONE',  ( 0.000000000000000000, 0.000000000000000000, 1.000000000000000000 ) ) ;
#648 = EDGE_CURVE ( 'NONE', #477, #6072, #6003, .T. ) ;
#649 = APPLICATION_PROTOCOL_DEFINITION ( 'international standard', 'config_control_design', 1994, #429 ) ;
#650 = PLANE ( 'NONE',  #5039 ) ;
#651 = VERTEX_POINT ( 'NONE', #3240 ) ;
#652 = CARTESIAN_POINT ( 'NONE',  ( 3.500000000000003997, 7.900000000000011013, -47.25000000000000000 ) ) ;
#653 = LINE ( 'NONE', #691, #2462 ) ;
#654 = FACE_OUTER_BOUND ( 'NONE', #5831, .T. ) ;
#655 = EDGE_CURVE ( 'NONE', #4388, #1056, #5382, .T. ) ;
#656 = ORIENTED_EDGE ( 'NONE', *, *, #6112, .T. ) ;
#657 = VECTOR ( 'NONE', #2881, 1000.000000000000000 ) ;
#658 = CARTESIAN_POINT ( 'NONE',  ( 61.30000000000000426, 3.900000000000000799, -38.84999999999997300 ) ) ;
#659 = ORIENTED_EDGE ( 'NONE', *, *, #4320, .F. ) ;
#660 = CARTESIAN_POINT ( 'NONE',  ( 59.05000000000000426, 8.400000000000000355, -39.59999999999997300 ) ) ;
#661 = ORIENTED_EDGE ( 'NONE', *, *, #4772, .F. ) ;
#662 = VECTOR ( 'NONE', #6424, 1000.000000000000000 ) ;
#663 = CARTESIAN_POINT ( 'NONE',  ( 53.75000000000000000, 10.00099999999999945, -29.14999999999997726 ) ) ;
#664 = VECTOR ( 'NONE', #1882, 1000.000000000000000 ) ;
#665 = CARTESIAN_POINT ( 'NONE',  ( -3.000000000000000000, 4.500000000000000888, -9.149999999999984368 ) ) ;
#666 = EDGE_CURVE ( 'NONE', #6503, #916, #5050, .T. ) ;
#667 = ORIENTED_EDGE ( 'NONE', *, *, #4590, .T. ) ;
#669 = LINE ( 'NONE', #4921, #6652 ) ;
#668 = PRODUCT_RELATED_PRODUCT_CATEGORY ( 'detail', '', ( #4867 ) ) ;
#670 = DIRECTION ( 'NONE',  ( 0.000000000000000000, 0.000000000000000000, 1.000000000000000000 ) ) ;
#671 = ORIENTED_EDGE ( 'NONE', *, *, #5281, .T. ) ;
#672 = ORIENTED_EDGE ( 'NONE', *, *, #5686, .T. ) ;
#673 = DIRECTION ( 'NONE',  ( 0.000000000000000000, -1.000000000000000000, 0.000000000000000000 ) ) ;
#674 = DIRECTION ( 'NONE',  ( -0.000000000000000000, 0.000000000000000000, 1.000000000000000000 ) ) ;
#675 = EDGE_CURVE ( 'NONE', #850, #5317, #5345, .T. ) ;
#676 = VERTEX_POINT ( 'NONE', #2211 ) ;
#677 = ORIENTED_EDGE ( 'NONE', *, *, #242, .F. ) ;
#678 = CARTESIAN_POINT ( 'NONE',  ( 70.70000000000001705, 8.459323071531919425, -32.84384238908285170 ) ) ;
#679 = EDGE_LOOP ( 'NONE', ( #1363, #5017, #5677, #1425, #5446 ) ) ;
#680 = CARTESIAN_POINT ( 'NONE',  ( 38.00000000000000711, 2.899975000000001746, -32.14999999999998437 ) ) ;
#681 = LINE ( 'NONE', #645, #2845 ) ;
#682 = CARTESIAN_POINT ( 'NONE',  ( 0.000000000000000000, 3.400000000000001688, -42.24999999999997158 ) ) ;
#683 = EDGE_CURVE ( 'NONE', #4616, #3706, #4346, .T. ) ;
#684 = LINE ( 'NONE', #2760, #1833 ) ;
#685 = AXIS2_PLACEMENT_3D ( 'NONE', #2901, #302, #4382 ) ;
#686 = COORDINATED_UNIVERSAL_TIME_OFFSET ( 8, 0, .AHEAD. ) ;
#687 = LINE ( 'NONE', #1636, #817 ) ;
#688 = ORIENTED_EDGE ( 'NONE', *, *, #2364, .T. ) ;
#689 = CARTESIAN_POINT ( 'NONE',  ( 70.70000000000000284, 4.500000000000000888, -29.14999999999998082 ) ) ;
#690 = VECTOR ( 'NONE', #4486, 1000.000000000000000 ) ;
#691 = CARTESIAN_POINT ( 'NONE',  ( 36.99999999999999289, 4.500000000000000888, -13.14999999999997371 ) ) ;
#692 = DIRECTION ( 'NONE',  ( -0.000000000000000000, 1.000000000000000000, -0.000000000000000000 ) ) ;
#693 = ORIENTED_EDGE ( 'NONE', *, *, #5320, .F. ) ;
#694 = VECTOR ( 'NONE', #2886, 1000.000000000000000 ) ;
#695 = CARTESIAN_POINT ( 'NONE',  ( 69.70000000000000284, 10.00000000000000000, -1.000000000000000000 ) ) ;
#696 = EDGE_LOOP ( 'NONE', ( #3144, #1083, #4692, #1862, #5794, #4811 ) ) ;
#697 = VERTEX_POINT ( 'NONE', #6481 ) ;
#698 = VECTOR ( 'NONE', #2029, 1000.000000000000000 ) ;
#699 = DIRECTION ( 'NONE',  ( 0.000000000000000000, 0.000000000000000000, 1.000000000000000000 ) ) ;
#700 = VERTEX_POINT ( 'NONE', #6443 ) ;
#701 = DIRECTION ( 'NONE',  ( -1.000000000000000000, -0.000000000000000000, -0.000000000000000000 ) ) ;
#702 = CARTESIAN_POINT ( 'NONE',  ( 70.70000000000000284, 9.499999999999985789, -13.14999999999997371 ) ) ;
#703 = ADVANCED_FACE ( 'NONE', ( #5893 ), #646, .F. ) ;
#704 = VERTEX_POINT ( 'NONE', #3349 ) ;
#705 = CARTESIAN_POINT ( 'NONE',  ( 37.44999999999997442, 3.899999999999987921, -39.74999999999997158 ) ) ;
#706 = CARTESIAN_POINT ( 'NONE',  ( -2.999999999999999112, 4.500000000000000888, -18.94999999999997442 ) ) ;
#707 = EDGE_LOOP ( 'NONE', ( #1733, #65, #6417, #1831 ) ) ;
#708 = EDGE_LOOP ( 'NONE', ( #2418, #1774, #1420, #4737 ) ) ;
#709 = DIRECTION ( 'NONE',  ( 0.000000000000000000, -1.000000000000000000, 0.000000000000000000 ) ) ;
#710 = DIRECTION ( 'NONE',  ( 1.000000000000000000, 0.000000000000000000, -1.309225264888155637E-16 ) ) ;
#711 = EDGE_CURVE ( 'NONE', #621, #6757, #276, .T. ) ;
#712 = ORIENTED_EDGE ( 'NONE', *, *, #865, .F. ) ;
#713 = ORIENTED_EDGE ( 'NONE', *, *, #2919, .F. ) ;
#714 = AXIS2_PLACEMENT_3D ( 'NONE', #2665, #1748, #4358 ) ;
#715 = CARTESIAN_POINT ( 'NONE',  ( 0.000000000000000000, 7.399999999999987921, -56.00000000000000000 ) ) ;
#716 = VERTEX_POINT ( 'NONE', #1270 ) ;
#717 = LINE ( 'NONE', #4857, #3695 ) ;
#718 = FACE_BOUND ( 'NONE', #1275, .T. ) ;
#719 = CARTESIAN_POINT ( 'NONE',  ( 70.19999999999998863, 10.00000000000000000, -22.94999999999997797 ) ) ;
#720 = EDGE_CURVE ( 'NONE', #5231, #776, #1777, .T. ) ;
#721 = DIRECTION ( 'NONE',  ( 0.000000000000000000, 0.000000000000000000, -1.000000000000000000 ) ) ;
#722 = EDGE_CURVE ( 'NONE', #2116, #651, #4824, .T. ) ;
#723 = CARTESIAN_POINT ( 'NONE',  ( -2.999999999999999556, 8.399999999999996803, -25.14999999999998082 ) ) ;
#724 = ORIENTED_EDGE ( 'NONE', *, *, #4250, .F. ) ;
#725 = CARTESIAN_POINT ( 'NONE',  ( 53.44999999999996732, 2.898999999999998689, -40.74999999999997158 ) ) ;
#726 = CARTESIAN_POINT ( 'NONE',  ( 36.99999999999999289, 4.500000000000000888, -21.14999999999997371 ) ) ;
#727 = DIRECTION ( 'NONE',  ( 9.257620629031694072E-17, -0.7071067811865472397, 0.7071067811865479058 ) ) ;
#728 = ADVANCED_FACE ( 'NONE', ( #5452 ), #2416, .F. ) ;
#729 = ORIENTED_EDGE ( 'NONE', *, *, #2874, .F. ) ;
#730 = DIRECTION ( 'NONE',  ( 1.000000000000000000, 0.000000000000000000, 0.000000000000000000 ) ) ;
#731 = VERTEX_POINT ( 'NONE', #3764 ) ;
#732 = ORIENTED_EDGE ( 'NONE', *, *, #5065, .F. ) ;
#733 = LINE ( 'NONE', #2739, #2875 ) ;
#734 = ORIENTED_EDGE ( 'NONE', *, *, #319, .F. ) ;
#735 = LINE ( 'NONE', #2305, #4100 ) ;
#736 = DIRECTION ( 'NONE',  ( 0.000000000000000000, 0.000000000000000000, -1.000000000000000000 ) ) ;
#737 = EDGE_CURVE ( 'NONE', #3403, #2123, #6514, .T. ) ;
#738 = ORIENTED_EDGE ( 'NONE', *, *, #3941, .F. ) ;
#739 = VECTOR ( 'NONE', #6276, 1000.000000000000000 ) ;
#740 = CARTESIAN_POINT ( 'NONE',  ( 59.00000000000000000, 4.500000000000000888, -29.14999999999998082 ) ) ;
#741 = DIRECTION ( 'NONE',  ( -0.000000000000000000, -1.000000000000000000, 0.000000000000000000 ) ) ;
#742 = ORIENTED_EDGE ( 'NONE', *, *, #4361, .T. ) ;
#743 = PLANE ( 'NONE',  #6760 ) ;
#744 = PLANE ( 'NONE',  #3424 ) ;
#745 = EDGE_LOOP ( 'NONE', ( #5477, #6219, #4453, #2098 ) ) ;
#746 = AXIS2_PLACEMENT_3D ( 'NONE', #2377, #5582, #4482 ) ;
#747 = EDGE_CURVE ( 'NONE', #776, #187, #4426, .T. ) ;
#748 = VECTOR ( 'NONE', #874, 1000.000000000000114 ) ;
#749 = ORIENTED_EDGE ( 'NONE', *, *, #141, .F. ) ;
#750 = EDGE_CURVE ( 'NONE', #6431, #5680, #3907, .T. ) ;
#751 = AXIS2_PLACEMENT_3D ( 'NONE', #5945, #861, #5868 ) ;
#752 = CARTESIAN_POINT ( 'NONE',  ( 70.47237552004003192, 7.946595452453164121, -33.65505985510115039 ) ) ;
#753 = ORIENTED_EDGE ( 'NONE', *, *, #5176, .F. ) ;
#754 = DIRECTION ( 'NONE',  ( 0.000000000000000000, 1.000000000000000000, -0.000000000000000000 ) ) ;
#755 = CARTESIAN_POINT ( 'NONE',  ( -2.999999999999999112, 4.500000000000000888, -18.94999999999997442 ) ) ;
#756 = DIRECTION ( 'NONE',  ( -0.000000000000000000, 1.000000000000000000, -0.000000000000000000 ) ) ;
#757 = ORIENTED_EDGE ( 'NONE', *, *, #5035, .T. ) ;
#758 = VECTOR ( 'NONE', #4202, 1000.000000000000000 ) ;
#759 = CARTESIAN_POINT ( 'NONE',  ( 70.70000000000000284, 4.500000000000000888, -25.14999999999997726 ) ) ;
#760 = SHAPE_DEFINITION_REPRESENTATION ( #979, #4987 ) ;
#761 = CARTESIAN_POINT ( 'NONE',  ( 36.99999999999999289, 3.400000000000001688, -16.00000000000000355 ) ) ;
#762 = ORIENTED_EDGE ( 'NONE', *, *, #2166, .T. ) ;
#763 = PLANE ( 'NONE',  #3147 ) ;
#764 = DIRECTION ( 'NONE',  ( -2.312964634635761988E-15, 0.000000000000000000, -1.000000000000000000 ) ) ;
#765 = DIRECTION ( 'NONE',  ( 0.000000000000000000, 0.7071067811865378028, 0.7071067811865573427 ) ) ;
#766 = ORIENTED_EDGE ( 'NONE', *, *, #2988, .T. ) ;
#767 = LINE ( 'NONE', #1924, #657 ) ;
#768 = VERTEX_POINT ( 'NONE', #5489 ) ;
#769 = ORIENTED_EDGE ( 'NONE', *, *, #2128, .T. ) ;
#770 = CARTESIAN_POINT ( 'NONE',  ( 2.250000000000002220, 8.400000000000000355, -36.75000000000000711 ) ) ;
#771 = EDGE_CURVE ( 'NONE', #2718, #2485, #5857, .T. ) ;
#772 = ORIENTED_EDGE ( 'NONE', *, *, #2527, .F. ) ;
#773 = CARTESIAN_POINT ( 'NONE',  ( -3.000000000000000000, 8.399999999999996803, 0.000000000000000000 ) ) ;
#774 = DIRECTION ( 'NONE',  ( -0.000000000000000000, -1.000000000000000000, -7.796510004390146031E-17 ) ) ;
#775 = VECTOR ( 'NONE', #2589, 1000.000000000000000 ) ;
#776 = VERTEX_POINT ( 'NONE', #3795 ) ;
#777 = DIRECTION ( 'NONE',  ( 0.7071067811865474617, 0.7071067811865474617, 0.000000000000000000 ) ) ;
#778 = LINE ( 'NONE', #3266, #815 ) ;
#779 = ORIENTED_EDGE ( 'NONE', *, *, #3820, .T. ) ;
#780 = CARTESIAN_POINT ( 'NONE',  ( 0.000000000000000000, 4.500000000000000888, 0.000000000000000000 ) ) ;
#781 = DIRECTION ( 'NONE',  ( -1.000000000000000000, -1.020738787570084642E-32, 1.309225264888155637E-16 ) ) ;
#782 = EDGE_LOOP ( 'NONE', ( #4682, #898, #4695, #6520, #2089, #5114 ) ) ;
#783 = AXIS2_PLACEMENT_3D ( 'NONE', #2357, #5451, #6583 ) ;
#784 = VERTEX_POINT ( 'NONE', #3944 ) ;
#785 = CARTESIAN_POINT ( 'NONE',  ( 70.70000000000000284, 8.532934947973656037, -32.72737740986950428 ) ) ;
#786 = ORIENTED_EDGE ( 'NONE', *, *, #5953, .F. ) ;
#787 = PLANE ( 'NONE',  #3032 ) ;
#788 = FACE_OUTER_BOUND ( 'NONE', #4332, .T. ) ;
#789 = CARTESIAN_POINT ( 'NONE',  ( 70.19999999999998863, 10.00000000000000000, -6.949999999999984190 ) ) ;
#790 = ORIENTED_EDGE ( 'NONE', *, *, #947, .T. ) ;
#791 = CARTESIAN_POINT ( 'NONE',  ( 53.44999999999997442, 8.400000000000000355, -39.24999999999997158 ) ) ;
#792 = DIRECTION ( 'NONE',  ( 0.000000000000000000, 0.000000000000000000, -1.000000000000000000 ) ) ;
#793 = DIRECTION ( 'NONE',  ( -0.000000000000000000, 1.000000000000000000, -0.000000000000000000 ) ) ;
#794 = EDGE_CURVE ( 'NONE', #2066, #6349, #6041, .T. ) ;
#795 = VECTOR ( 'NONE', #6544, 1000.000000000000000 ) ;
#796 = DIRECTION ( 'NONE',  ( -0.000000000000000000, 1.000000000000000000, -0.000000000000000000 ) ) ;
#797 = DIRECTION ( 'NONE',  ( 0.000000000000000000, 0.000000000000000000, -1.000000000000000000 ) ) ;
#798 = VERTEX_POINT ( 'NONE', #1848 ) ;
#799 = FACE_OUTER_BOUND ( 'NONE', #5054, .T. ) ;
#800 = VECTOR ( 'NONE', #5552, 1000.000000000000000 ) ;
#801 = ORIENTED_EDGE ( 'NONE', *, *, #2919, .T. ) ;
#802 = ORIENTED_EDGE ( 'NONE', *, *, #540, .T. ) ;
#803 = DIRECTION ( 'NONE',  ( 0.000000000000000000, -1.000000000000000000, 0.000000000000000000 ) ) ;
#804 = CARTESIAN_POINT ( 'NONE',  ( 70.70000000000000284, 9.499999999999985789, -9.149999999999984368 ) ) ;
#805 = AXIS2_PLACEMENT_3D ( 'NONE', #5151, #418, #1355 ) ;
#806 = DIRECTION ( 'NONE',  ( 0.000000000000000000, 0.000000000000000000, 1.000000000000000000 ) ) ;
#807 = EDGE_LOOP ( 'NONE', ( #1488, #3194, #3936, #2968 ) ) ;
#809 = EDGE_CURVE ( 'NONE', #2059, #6490, #1338, .T. ) ;
#808 = AXIS2_PLACEMENT_3D ( 'NONE', #2564, #39, #5218 ) ;
#810 = CYLINDRICAL_SURFACE ( 'NONE', #746, 1.500000000000001332 ) ;
#811 = CARTESIAN_POINT ( 'NONE',  ( -2.999999999999999112, 4.500000000000000888, -21.14999999999997726 ) ) ;
#812 = ORIENTED_EDGE ( 'NONE', *, *, #1539, .T. ) ;
#813 = LINE ( 'NONE', #6539, #314 ) ;
#814 = CARTESIAN_POINT ( 'NONE',  ( 0.000000000000000000, 2.900000000000001688, -56.00000000000000000 ) ) ;
#815 = VECTOR ( 'NONE', #4845, 1000.000000000000000 ) ;
#816 = EDGE_LOOP ( 'NONE', ( #6748, #3737, #5560, #183 ) ) ;
#817 = VECTOR ( 'NONE', #2624, 1000.000000000000000 ) ;
#818 = ORIENTED_EDGE ( 'NONE', *, *, #2500, .F. ) ;
#819 = CARTESIAN_POINT ( 'NONE',  ( 70.68203840988695674, 8.363890262604854797, -32.99483363471396302 ) ) ;
#820 = EDGE_LOOP ( 'NONE', ( #1467, #483, #3412, #5287 ) ) ;
#821 = CARTESIAN_POINT ( 'NONE',  ( 65.20000000000000284, 8.400000000000002132, -47.75000000000001421 ) ) ;
#822 = DIRECTION ( 'NONE',  ( 0.000000000000000000, 0.000000000000000000, -1.000000000000000000 ) ) ;
#823 = VERTEX_POINT ( 'NONE', #2267 ) ;
#824 = CIRCLE ( 'NONE', #4551, 0.8500000000000000888 ) ;
#825 = DIRECTION ( 'NONE',  ( 0.000000000000000000, -1.000000000000000000, 0.000000000000000000 ) ) ;
#826 = EDGE_CURVE ( 'NONE', #4814, #5997, #1795, .T. ) ;
#827 = EDGE_CURVE ( 'NONE', #3162, #6198, #2887, .T. ) ;
#828 = CARTESIAN_POINT ( 'NONE',  ( 66.20000000000000284, 7.400000000000001243, -47.25000000000000000 ) ) ;
#829 = CARTESIAN_POINT ( 'NONE',  ( 10.50000000000000178, 2.899975000000001746, -31.14999999999998792 ) ) ;
#830 = ADVANCED_FACE ( 'NONE', ( #220 ), #3894, .T. ) ;
#831 = EDGE_CURVE ( 'NONE', #5331, #177, #2078, .T. ) ;
#832 = CARTESIAN_POINT ( 'NONE',  ( 59.00000000000000000, 4.500000000000000888, -26.94999999999998153 ) ) ;
#833 = DIRECTION ( 'NONE',  ( 0.000000000000000000, -0.000000000000000000, -1.000000000000000000 ) ) ;
#834 = ORIENTED_EDGE ( 'NONE', *, *, #1250, .T. ) ;
#835 = DIRECTION ( 'NONE',  ( 0.000000000000000000, 0.000000000000000000, -1.000000000000000000 ) ) ;
#836 = ADVANCED_FACE ( 'NONE', ( #3296 ), #147, .T. ) ;
#837 = ORIENTED_EDGE ( 'NONE', *, *, #1154, .F. ) ;
#838 = ORIENTED_EDGE ( 'NONE', *, *, #430, .T. ) ;
#839 = CARTESIAN_POINT ( 'NONE',  ( 36.99999999999999289, 9.500000000000014211, -17.14999999999997371 ) ) ;
#840 = PLANE ( 'NONE',  #5427 ) ;
#841 = LINE ( 'NONE', #1901, #5184 ) ;
#842 = ORIENTED_EDGE ( 'NONE', *, *, #6722, .F. ) ;
#843 = CARTESIAN_POINT ( 'NONE',  ( -2.999999999999999112, 4.500000000000000888, -25.14999999999998082 ) ) ;
#844 = CARTESIAN_POINT ( 'NONE',  ( 53.75000000000000000, 3.400000000000001688, -16.00000000000000000 ) ) ;
#845 = ORIENTED_EDGE ( 'NONE', *, *, #3100, .F. ) ;
#846 = DIRECTION ( 'NONE',  ( -0.000000000000000000, 1.000000000000000000, -0.000000000000000000 ) ) ;
#847 = CARTESIAN_POINT ( 'NONE',  ( 59.00000000000000000, 4.500000000000000888, 0.000000000000000000 ) ) ;
#848 = EDGE_CURVE ( 'NONE', #5939, #2718, #1376, .T. ) ;
#849 = ORIENTED_EDGE ( 'NONE', *, *, #2841, .F. ) ;
#850 = VERTEX_POINT ( 'NONE', #3407 ) ;
#851 = CARTESIAN_POINT ( 'NONE',  ( 53.44999999999996732, 7.900000000000014566, -41.74999999999997158 ) ) ;
#852 = EDGE_LOOP ( 'NONE', ( #2468, #3918, #3888 ) ) ;
#853 = DIRECTION ( 'NONE',  ( 4.707526393424171362E-17, 0.000000000000000000, -1.000000000000000000 ) ) ;
#854 = FACE_OUTER_BOUND ( 'NONE', #1172, .T. ) ;
#855 = AXIS2_PLACEMENT_3D ( 'NONE', #4516, #877, #1904 ) ;
#856 = VECTOR ( 'NONE', #5314, 1000.000000000000000 ) ;
#857 = EDGE_LOOP ( 'NONE', ( #583, #2405, #4355, #543 ) ) ;
#858 = EDGE_CURVE ( 'NONE', #3376, #1375, #735, .T. ) ;
#859 = DIRECTION ( 'NONE',  ( 0.000000000000000000, -0.000000000000000000, -1.000000000000000000 ) ) ;
#860 = AXIS2_PLACEMENT_3D ( 'NONE', #5432, #2259, #2702 ) ;
#861 = DIRECTION ( 'NONE',  ( -0.000000000000000000, -1.000000000000000000, -0.000000000000000000 ) ) ;
#862 = LINE ( 'NONE', #4901, #348 ) ;
#863 = DIRECTION ( 'NONE',  ( -0.000000000000000000, 0.000000000000000000, 1.000000000000000000 ) ) ;
#864 = AXIS2_PLACEMENT_3D ( 'NONE', #5590, #6103, #2934 ) ;
#865 = EDGE_CURVE ( 'NONE', #239, #2352, #4330, .T. ) ;
#866 = AXIS2_PLACEMENT_3D ( 'NONE', #6749, #5728, #1027 ) ;
#867 = PLANE ( 'NONE',  #2922 ) ;
#868 = VERTEX_POINT ( 'NONE', #804 ) ;
#869 = DIRECTION ( 'NONE',  ( -0.000000000000000000, 1.000000000000000000, -0.000000000000000000 ) ) ;
#870 = ORIENTED_EDGE ( 'NONE', *, *, #5554, .F. ) ;
#871 = DIRECTION ( 'NONE',  ( 0.000000000000000000, 0.000000000000000000, -1.000000000000000000 ) ) ;
#872 = CARTESIAN_POINT ( 'NONE',  ( 2.250000000000002220, 8.400000000000002132, -46.25000000000000000 ) ) ;
#873 = CARTESIAN_POINT ( 'NONE',  ( 37.00000000000000000, 3.500000000000000444, -6.949999999999980638 ) ) ;
#874 = DIRECTION ( 'NONE',  ( 0.7071067811865474617, 0.7071067811865474617, 0.000000000000000000 ) ) ;
#875 = EDGE_LOOP ( 'NONE', ( #4807, #4071, #766, #111 ) ) ;
#876 = CIRCLE ( 'NONE', #1198, 0.9999999999999995559 ) ;
#877 = DIRECTION ( 'NONE',  ( 0.000000000000000000, 1.000000000000000000, 0.000000000000000000 ) ) ;
#878 = CARTESIAN_POINT ( 'NONE',  ( 37.00000000000000000, 4.500000000000000888, -6.949999999999980638 ) ) ;
#879 = ORIENTED_EDGE ( 'NONE', *, *, #3805, .F. ) ;
#880 = CARTESIAN_POINT ( 'NONE',  ( 3.500000000000003997, 8.400000000000000355, -46.25000000000000000 ) ) ;
#881 = VERTEX_POINT ( 'NONE', #181 ) ;
#882 = EDGE_CURVE ( 'NONE', #731, #4134, #1759, .T. ) ;
#883 = ADVANCED_FACE ( 'NONE', ( #3854 ), #5950, .F. ) ;
#884 = DIRECTION ( 'NONE',  ( 0.000000000000000000, 1.000000000000000000, -0.000000000000000000 ) ) ;
#885 = VERTEX_POINT ( 'NONE', #1255 ) ;
#886 = VECTOR ( 'NONE', #5899, 1000.000000000000000 ) ;
#887 = CARTESIAN_POINT ( 'NONE',  ( 1.250000000000002442, 2.900000000000001688, -16.00000000000000000 ) ) ;
#888 = VECTOR ( 'NONE', #5892, 1000.000000000000000 ) ;
#889 = CARTESIAN_POINT ( 'NONE',  ( 70.19999999999998863, 10.00000000000000000, 0.000000000000000000 ) ) ;
#890 = ORIENTED_EDGE ( 'NONE', *, *, #2708, .T. ) ;
#891 = AXIS2_PLACEMENT_3D ( 'NONE', #773, #6461, #2813 ) ;
#892 = VECTOR ( 'NONE', #3801, 1000.000000000000000 ) ;
#893 = EDGE_CURVE ( 'NONE', #3665, #3074, #4293, .T. ) ;
#894 = DIRECTION ( 'NONE',  ( 0.000000000000000000, -1.000000000000000000, 0.000000000000000000 ) ) ;
#895 = LINE ( 'NONE', #986, #1431 ) ;
#896 = CARTESIAN_POINT ( 'NONE',  ( -3.000000000000000000, 8.399999999999996803, 0.000000000000000000 ) ) ;
#897 = CARTESIAN_POINT ( 'NONE',  ( 3.500000000000003109, 2.900000000000001688, -3.500000000000000000 ) ) ;
#898 = ORIENTED_EDGE ( 'NONE', *, *, #5685, .T. ) ;
#899 = LINE ( 'NONE', #1315, #3610 ) ;
#900 = ORIENTED_EDGE ( 'NONE', *, *, #4135, .F. ) ;
#901 = CARTESIAN_POINT ( 'NONE',  ( 37.00000000000000000, 4.500000000000000888, -22.94999999999997797 ) ) ;
#902 = LINE ( 'NONE', #2529, #5961 ) ;
#903 = DIRECTION ( 'NONE',  ( 0.5773502691896235106, 0.5773502691896235106, 0.5773502691896302830 ) ) ;
#904 = DIRECTION ( 'NONE',  ( 0.000000000000000000, 1.000000000000000000, 7.796510004390144799E-17 ) ) ;
#905 = AXIS2_PLACEMENT_3D ( 'NONE', #4200, #3648, #2678 ) ;
#906 = EDGE_LOOP ( 'NONE', ( #6782, #5811 ) ) ;
#907 = CARTESIAN_POINT ( 'NONE',  ( 9.550000000000007816, 8.400000000000000355, -40.34999999999998010 ) ) ;
#908 = LINE ( 'NONE', #844, #1135 ) ;
#909 = ORIENTED_EDGE ( 'NONE', *, *, #113, .F. ) ;
#910 = CARTESIAN_POINT ( 'NONE',  ( 0.000000000000000000, 4.500000000000000888, 0.000000000000000000 ) ) ;
#911 = ORIENTED_EDGE ( 'NONE', *, *, #5082, .F. ) ;
#912 = VECTOR ( 'NONE', #5302, 1000.000000000000000 ) ;
#913 = EDGE_CURVE ( 'NONE', #5997, #187, #4210, .T. ) ;
#914 = CARTESIAN_POINT ( 'NONE',  ( 9.550000000000007816, 8.400000000000000355, -41.09999999999996589 ) ) ;
#915 = CIRCLE ( 'NONE', #4741, 1.500000000000001332 ) ;
#916 = VERTEX_POINT ( 'NONE', #6024 ) ;
#917 = EDGE_CURVE ( 'NONE', #5584, #3344, #2341, .T. ) ;
#918 = CARTESIAN_POINT ( 'NONE',  ( 53.44999999999997442, 7.900000000000014566, -39.74999999999997158 ) ) ;
#919 = CARTESIAN_POINT ( 'NONE',  ( 9.000000000000001776, 2.900000000000001688, -47.99999999999998579 ) ) ;
#920 = VECTOR ( 'NONE', #3112, 1000.000000000000000 ) ;
#921 = ORIENTED_EDGE ( 'NONE', *, *, #5065, .T. ) ;
#922 = CARTESIAN_POINT ( 'NONE',  ( 69.98037715503228640, 8.263268872327792280, -33.74696107390060007 ) ) ;
#923 = LINE ( 'NONE', #2974, #2614 ) ;
#924 = PLANE ( 'NONE',  #5132 ) ;
#925 = ADVANCED_FACE ( 'NONE', ( #1685 ), #3779, .F. ) ;
#926 = CYLINDRICAL_SURFACE ( 'NONE', #405, 1.000000000000000888 ) ;
#927 = EDGE_LOOP ( 'NONE', ( #2537, #2411 ) ) ;
#928 = FACE_OUTER_BOUND ( 'NONE', #5369, .T. ) ;
#929 = VECTOR ( 'NONE', #2768, 1000.000000000000000 ) ;
#930 = VERTEX_POINT ( 'NONE', #3262 ) ;
#931 = DIRECTION ( 'NONE',  ( -1.000000000000000000, 0.000000000000000000, -0.000000000000000000 ) ) ;
#932 = CARTESIAN_POINT ( 'NONE',  ( 53.44999999999996732, 3.400000000000001688, -42.24999999999997158 ) ) ;
#933 = EDGE_CURVE ( 'NONE', #4769, #881, #5364, .T. ) ;
#934 = CARTESIAN_POINT ( 'NONE',  ( -2.999999999999999112, 4.500000000000000888, -21.14999999999997726 ) ) ;
#935 = DIRECTION ( 'NONE',  ( 0.000000000000000000, 1.000000000000000000, 7.796510004390144799E-17 ) ) ;
#936 = ORIENTED_EDGE ( 'NONE', *, *, #5700, .T. ) ;
#937 = DIRECTION ( 'NONE',  ( 0.000000000000000000, 0.000000000000000000, 1.000000000000000000 ) ) ;
#938 = CARTESIAN_POINT ( 'NONE',  ( 54.94999999999998153, 3.400000000000001688, -40.74999999999997158 ) ) ;
#939 = ORIENTED_EDGE ( 'NONE', *, *, #2610, .T. ) ;
#940 = LINE ( 'NONE', #1936, #1661 ) ;
#941 = VERTEX_POINT ( 'NONE', #3817 ) ;
#942 = EDGE_CURVE ( 'NONE', #4596, #3649, #5914, .T. ) ;
#943 = LINE ( 'NONE', #2573, #5717 ) ;
#944 = EDGE_LOOP ( 'NONE', ( #558, #3556, #5412, #1551, #2832 ) ) ;
#945 = DIRECTION ( 'NONE',  ( -0.000000000000000000, 1.000000000000000000, 7.796510004390144799E-17 ) ) ;
#946 = DIRECTION ( 'NONE',  ( -1.000000000000000000, 0.000000000000000000, 0.000000000000000000 ) ) ;
#947 = EDGE_CURVE ( 'NONE', #4993, #1941, #3961, .T. ) ;
#948 = VERTEX_POINT ( 'NONE', #6693 ) ;
#949 = EDGE_CURVE ( 'NONE', #2297, #4980, #6058, .T. ) ;
#950 = CIRCLE ( 'NONE', #855, 0.8500000000000000888 ) ;
#951 = FACE_OUTER_BOUND ( 'NONE', #4193, .T. ) ;
#952 = VECTOR ( 'NONE', #3176, 1000.000000000000000 ) ;
#953 = DIRECTION ( 'NONE',  ( -0.000000000000000000, 1.000000000000000000, -0.000000000000000000 ) ) ;
#954 = DIRECTION ( 'NONE',  ( -1.000000000000000000, -0.000000000000000000, 0.000000000000000000 ) ) ;
#955 = AXIS2_PLACEMENT_3D ( 'NONE', #3497, #894, #5075 ) ;
#956 = EDGE_CURVE ( 'NONE', #4484, #3162, #1961, .T. ) ;
#957 = CARTESIAN_POINT ( 'NONE',  ( 1.250000000000002442, 2.900000000000001688, -35.75000000000000711 ) ) ;
#958 = VECTOR ( 'NONE', #3644, 1000.000000000000000 ) ;
#959 = EDGE_CURVE ( 'NONE', #139, #6764, #824, .T. ) ;
#960 = ORIENTED_EDGE ( 'NONE', *, *, #3810, .T. ) ;
#961 = DIRECTION ( 'NONE',  ( 0.7071067811865486830, -0.7071067811865464625, 5.153423891930468996E-17 ) ) ;
#962 = ORIENTED_EDGE ( 'NONE', *, *, #1532, .F. ) ;
#963 = EDGE_CURVE ( 'NONE', #697, #1627, #3997, .T. ) ;
#964 = LINE ( 'NONE', #1095, #5025 ) ;
#965 = CARTESIAN_POINT ( 'NONE',  ( 59.00000000000000000, 9.500000000000014211, -21.14999999999997371 ) ) ;
#966 = AXIS2_PLACEMENT_3D ( 'NONE', #5007, #407, #5628 ) ;
#967 = CARTESIAN_POINT ( 'NONE',  ( 37.00000000000000000, 9.500000000000014211, -17.14999999999997371 ) ) ;
#968 = AXIS2_PLACEMENT_3D ( 'NONE', #1016, #5206, #4821 ) ;
#969 = CARTESIAN_POINT ( 'NONE',  ( 65.70000000000000284, 7.899999999999999467, -47.25000000000000000 ) ) ;
#970 = ORIENTED_EDGE ( 'NONE', *, *, #2636, .F. ) ;
#971 = CYLINDRICAL_SURFACE ( 'NONE', #5122, 0.8500000000000000888 ) ;
#972 = ORIENTED_EDGE ( 'NONE', *, *, #613, .F. ) ;
#973 = EDGE_CURVE ( 'NONE', #1316, #2753, #419, .T. ) ;
#974 = CARTESIAN_POINT ( 'NONE',  ( -3.000000000000002665, 8.400000000000002132, -54.99999999999998579 ) ) ;
#975 = ORIENTED_EDGE ( 'NONE', *, *, #6162, .F. ) ;
#976 = DIRECTION ( 'NONE',  ( -1.000000000000000000, -0.000000000000000000, -0.000000000000000000 ) ) ;
#977 = ORIENTED_EDGE ( 'NONE', *, *, #5711, .T. ) ;
#978 = CARTESIAN_POINT ( 'NONE',  ( 70.70000000000000284, 4.500000000000000888, -29.14999999999998082 ) ) ;
#979 = PRODUCT_DEFINITION_SHAPE ( 'NONE', 'NONE',  #2795 ) ;
#980 = VERTEX_POINT ( 'NONE', #2443 ) ;
#981 = LINE ( 'NONE', #4555, #1305 ) ;
#982 = DIRECTION ( 'NONE',  ( 0.000000000000000000, 0.000000000000000000, 1.000000000000000000 ) ) ;
#983 = ORIENTED_EDGE ( 'NONE', *, *, #1532, .T. ) ;
#984 = VECTOR ( 'NONE', #2048, 1000.000000000000000 ) ;
#985 = CARTESIAN_POINT ( 'NONE',  ( 70.34100882851792846, 7.979360656073414049, -33.72535967388704137 ) ) ;
#986 = CARTESIAN_POINT ( 'NONE',  ( 57.00000000000000000, 3.900000000000001688, -44.75000000000001421 ) ) ;
#987 = CARTESIAN_POINT ( 'NONE',  ( 0.000000000000000000, 8.400000000000002132, -53.00000000000000000 ) ) ;
#988 = VECTOR ( 'NONE', #165, 1000.000000000000000 ) ;
#989 = EDGE_CURVE ( 'NONE', #615, #2962, #6633, .T. ) ;
#990 = DIRECTION ( 'NONE',  ( -0.000000000000000000, -1.000000000000000000, -0.000000000000000000 ) ) ;
#991 = VERTEX_POINT ( 'NONE', #2917 ) ;
#992 = CARTESIAN_POINT ( 'NONE',  ( 70.70000000000000284, 9.499999999999985789, -22.94999999999997797 ) ) ;
#993 = ORIENTED_EDGE ( 'NONE', *, *, #5199, .T. ) ;
#994 = ORIENTED_EDGE ( 'NONE', *, *, #5423, .F. ) ;
#995 = ADVANCED_FACE ( 'NONE', ( #2373 ), #6662, .F. ) ;
#996 = PLANE ( 'NONE',  #6269 ) ;
#997 = LINE ( 'NONE', #1030, #1915 ) ;
#998 = CYLINDRICAL_SURFACE ( 'NONE', #808, 1.000000000000000888 ) ;
#999 = ORIENTED_EDGE ( 'NONE', *, *, #5578, .F. ) ;
#1000 = CARTESIAN_POINT ( 'NONE',  ( 37.44999999999997442, 3.899999999999987921, -41.74999999999997158 ) ) ;
#1001 = VERTEX_POINT ( 'NONE', #1356 ) ;
#1002 = CARTESIAN_POINT ( 'NONE',  ( -3.000000000000000000, -5.499999999999998224, -53.00000000000000000 ) ) ;
#1003 = ORIENTED_EDGE ( 'NONE', *, *, #1082, .F. ) ;
#1004 = LINE ( 'NONE', #2709, #1368 ) ;
#1005 = VECTOR ( 'NONE', #5956, 1000.000000000000000 ) ;
#1006 = CARTESIAN_POINT ( 'NONE',  ( 9.550000000000007816, 8.400000000000000355, -41.09999999999996589 ) ) ;
#1007 = EDGE_CURVE ( 'NONE', #2258, #2784, #4602, .T. ) ;
#1008 = ORIENTED_EDGE ( 'NONE', *, *, #6532, .T. ) ;
#1009 = CARTESIAN_POINT ( 'NONE',  ( 59.00000000000000000, 9.500000000000014211, -6.949999999999980638 ) ) ;
#1010 = VERTEX_POINT ( 'NONE', #5638 ) ;
#1011 = LINE ( 'NONE', #6767, #2494 ) ;
#1012 = FACE_OUTER_BOUND ( 'NONE', #3754, .T. ) ;
#1013 = VECTOR ( 'NONE', #1803, 1000.000000000000000 ) ;
#1014 = ORIENTED_EDGE ( 'NONE', *, *, #4095, .T. ) ;
#1015 = VECTOR ( 'NONE', #699, 1000.000000000000000 ) ;
#1016 = CARTESIAN_POINT ( 'NONE',  ( 36.44999999999997442, 3.899999999999987921, -41.74999999999997158 ) ) ;
#1017 = VECTOR ( 'NONE', #1857, 1000.000000000000000 ) ;
#1018 = CARTESIAN_POINT ( 'NONE',  ( 61.30000000000000426, 8.400000000000000355, -37.14999999999998437 ) ) ;
#1019 = DIRECTION ( 'NONE',  ( 0.000000000000000000, -1.000000000000000000, 0.000000000000000000 ) ) ;
#1020 = PLANE ( 'NONE',  #6474 ) ;
#1021 = VECTOR ( 'NONE', #4742, 1000.000000000000000 ) ;
#1022 = CARTESIAN_POINT ( 'NONE',  ( -3.000000000000000000, 10.00000000000000000, -6.949999999999984190 ) ) ;
#1023 = ADVANCED_FACE ( 'NONE', ( #3441 ), #2407, .F. ) ;
#1024 = ORIENTED_EDGE ( 'NONE', *, *, #1043, .T. ) ;
#1025 = DIRECTION ( 'NONE',  ( 0.000000000000000000, 0.000000000000000000, 1.000000000000000000 ) ) ;
#1026 = ORIENTED_EDGE ( 'NONE', *, *, #562, .T. ) ;
#1027 = DIRECTION ( 'NONE',  ( 0.000000000000000000, 0.000000000000000000, -1.000000000000000000 ) ) ;
#1028 = ADVANCED_FACE ( 'NONE', ( #5057 ), #840, .F. ) ;
#1029 = EDGE_CURVE ( 'NONE', #1263, #6626, #324, .T. ) ;
#1030 = CARTESIAN_POINT ( 'NONE',  ( 10.50000000000000355, -5.500000000000001776, -39.97583426132259632 ) ) ;
#1031 = FACE_OUTER_BOUND ( 'NONE', #4662, .T. ) ;
#1032 = ADVANCED_FACE ( 'NONE', ( #5576 ), #45, .F. ) ;
#1033 = AXIS2_PLACEMENT_3D ( 'NONE', #1482, #3476, #5545 ) ;
#1034 = VERTEX_POINT ( 'NONE', #2502 ) ;
#1035 = CYLINDRICAL_SURFACE ( 'NONE', #5118, 1.000000000000000888 ) ;
#1036 = ORIENTED_EDGE ( 'NONE', *, *, #5149, .F. ) ;
#1037 = FACE_OUTER_BOUND ( 'NONE', #6778, .T. ) ;
#1038 = ORIENTED_EDGE ( 'NONE', *, *, #4738, .F. ) ;
#1039 = CARTESIAN_POINT ( 'NONE',  ( 59.00000000000000000, 4.500000000000000888, -18.94999999999997442 ) ) ;
#1040 = CARTESIAN_POINT ( 'NONE',  ( 61.30000000000000426, 3.900000000000000799, -37.99999999999997868 ) ) ;
#1041 = ORIENTED_EDGE ( 'NONE', *, *, #3073, .T. ) ;
#1043 = EDGE_CURVE ( 'NONE', #4460, #1627, #4086, .T. ) ;
#1042 = DIRECTION ( 'NONE',  ( -0.7071067811865573427, -0.7071067811865378028, -0.000000000000000000 ) ) ;
#1044 = ORIENTED_EDGE ( 'NONE', *, *, #4661, .F. ) ;
#1045 = CARTESIAN_POINT ( 'NONE',  ( 36.49999999999999289, 10.00000000000000000, -10.94999999999997442 ) ) ;
#1046 = CARTESIAN_POINT ( 'NONE',  ( 69.94871931435098134, 8.779575286458891625, -33.37042471354111228 ) ) ;
#1047 = EDGE_CURVE ( 'NONE', #3922, #3376, #6124, .T. ) ;
#1048 = ORIENTED_EDGE ( 'NONE', *, *, #3298, .F. ) ;
#1049 = CARTESIAN_POINT ( 'NONE',  ( 37.00000000000000000, 4.500000000000000888, 0.000000000000000000 ) ) ;
#1050 = CARTESIAN_POINT ( 'NONE',  ( 37.00000000000000000, 4.500000000000000888, -26.94999999999998153 ) ) ;
#1051 = DIRECTION ( 'NONE',  ( 0.000000000000000000, -1.000000000000000000, 0.000000000000000000 ) ) ;
#1052 = DIRECTION ( 'NONE',  ( -1.094462760868647861E-16, 0.000000000000000000, 1.000000000000000000 ) ) ;
#1053 = ADVANCED_FACE ( 'NONE', ( #2985 ), #5090, .F. ) ;
#1054 = LINE ( 'NONE', #442, #5563 ) ;
#1055 = AXIS2_PLACEMENT_3D ( 'NONE', #957, #5789, #2080 ) ;
#1056 = VERTEX_POINT ( 'NONE', #5285 ) ;
#1057 = DIRECTION ( 'NONE',  ( 0.000000000000000000, 0.000000000000000000, 1.000000000000000000 ) ) ;
#1058 = DIRECTION ( 'NONE',  ( 0.000000000000000000, 0.000000000000000000, 1.000000000000000000 ) ) ;
#1059 = ORIENTED_EDGE ( 'NONE', *, *, #1613, .T. ) ;
#1060 = FACE_OUTER_BOUND ( 'NONE', #605, .T. ) ;
#1061 = EDGE_CURVE ( 'NONE', #3785, #4228, #3078, .T. ) ;
#1062 = AXIS2_PLACEMENT_3D ( 'NONE', #4606, #3512, #937 ) ;
#1063 = EDGE_LOOP ( 'NONE', ( #6565, #3451, #4575, #3504 ) ) ;
#1064 = AXIS2_PLACEMENT_3D ( 'NONE', #4672, #4743, #1621 ) ;
#1065 = CARTESIAN_POINT ( 'NONE',  ( 39.50000000000000711, 3.400000000000001688, -29.14999999999998082 ) ) ;
#1066 = DIRECTION ( 'NONE',  ( -0.000000000000000000, 1.000000000000000000, -0.000000000000000000 ) ) ;
#1067 = VECTOR ( 'NONE', #6073, 1000.000000000000000 ) ;
#1068 = EDGE_LOOP ( 'NONE', ( #3385, #4703, #6296, #742, #671, #2578, #6755, #4296 ) ) ;
#1069 = CARTESIAN_POINT ( 'NONE',  ( 70.70000000000000284, 9.499999999999985789, -17.14999999999997371 ) ) ;
#1070 = ORIENTED_EDGE ( 'NONE', *, *, #2857, .F. ) ;
#1071 = LINE ( 'NONE', #1552, #5520 ) ;
#1072 = EDGE_LOOP ( 'NONE', ( #4523, #3563, #5337, #4113 ) ) ;
#1073 = CIRCLE ( 'NONE', #4909, 3.000000000000000000 ) ;
#1074 = DIRECTION ( 'NONE',  ( 0.000000000000000000, 0.000000000000000000, 1.000000000000000000 ) ) ;
#1075 = CARTESIAN_POINT ( 'NONE',  ( 9.550000000000007816, -5.500000000000001776, -41.09999999999996589 ) ) ;
#1076 = AXIS2_PLACEMENT_3D ( 'NONE', #829, #5110, #4047 ) ;
#1077 = ORIENTED_EDGE ( 'NONE', *, *, #5375, .T. ) ;
#1078 = PLANE ( 'NONE',  #4730 ) ;
#1079 = ORIENTED_EDGE ( 'NONE', *, *, #4037, .F. ) ;
#1080 = DIRECTION ( 'NONE',  ( -0.000000000000000000, 1.000000000000000000, -0.000000000000000000 ) ) ;
#1081 = CARTESIAN_POINT ( 'NONE',  ( 9.550000000000007816, -5.500000000000001776, -40.34999999999998010 ) ) ;
#1082 = EDGE_CURVE ( 'NONE', #366, #1772, #6347, .T. ) ;
#1083 = ORIENTED_EDGE ( 'NONE', *, *, #3335, .T. ) ;
#1084 = DIRECTION ( 'NONE',  ( 0.000000000000000000, 0.000000000000000000, -1.000000000000000000 ) ) ;
#1085 = CARTESIAN_POINT ( 'NONE',  ( 0.000000000000000000, 10.00000000000000000, 0.000000000000000000 ) ) ;
#1086 = PLANE ( 'NONE',  #5494 ) ;
#1087 = DIRECTION ( 'NONE',  ( -0.000000000000000000, 1.000000000000000000, 7.796510004390144799E-17 ) ) ;
#1088 = B_SPLINE_SURFACE_WITH_KNOTS ( 'NONE', 1, 3, ( 
 ( #1259, #3338, #5441, #4448, #3931, #1835 ),
 ( #3898, #5991, #3375, #6029, #1689, #5877 ) ),
 .UNSPECIFIED., .F., .F., .F.,
 ( 2, 2 ),
 ( 4, 2, 4 ),
 ( 0.000000000000000000, 1.000000000000000000 ),
 ( 4.161762825426026602, 4.437075902905357694, 4.712388980384688786 ),
 .UNSPECIFIED. ) ;
#1089 = CARTESIAN_POINT ( 'NONE',  ( 63.00000000000000000, 3.900000000000001688, -36.75000000000000711 ) ) ;
#1090 = ADVANCED_FACE ( 'NONE', ( #3735 ), #513, .F. ) ;
#1091 = VERTEX_POINT ( 'NONE', #1641 ) ;
#1092 = PERSON_AND_ORGANIZATION ( #240, #6471 ) ;
#1093 = DIRECTION ( 'NONE',  ( 0.000000000000000000, 0.7071067811865500152, 0.7071067811865451302 ) ) ;
#1094 = ORIENTED_EDGE ( 'NONE', *, *, #1130, .F. ) ;
#1095 = CARTESIAN_POINT ( 'NONE',  ( 39.46827201635471738, 2.899999999999999911, -10.26827201635468612 ) ) ;
#1096 = AXIS2_PLACEMENT_3D ( 'NONE', #5014, #318, #2469 ) ;
#1097 = AXIS2_PLACEMENT_3D ( 'NONE', #6442, #3978, #4894 ) ;
#1098 = ORIENTED_EDGE ( 'NONE', *, *, #6618, .F. ) ;
#1099 = CYLINDRICAL_SURFACE ( 'NONE', #5538, 3.000000000000002665 ) ;
#1100 = VECTOR ( 'NONE', #2358, 1000.000000000000114 ) ;
#1101 = DIRECTION ( 'NONE',  ( 0.000000000000000000, -1.000000000000000000, -7.796510004390144799E-17 ) ) ;
#1102 = ORIENTED_EDGE ( 'NONE', *, *, #5388, .T. ) ;
#1103 = FACE_OUTER_BOUND ( 'NONE', #2386, .T. ) ;
#1104 = ORIENTED_EDGE ( 'NONE', *, *, #6703, .F. ) ;
#1105 = LINE ( 'NONE', #3675, #5080 ) ;
#1106 = ORIENTED_EDGE ( 'NONE', *, *, #3159, .F. ) ;
#1107 = FACE_OUTER_BOUND ( 'NONE', #4152, .T. ) ;
#1108 = ADVANCED_FACE ( 'NONE', ( #5833 ), #1099, .T. ) ;
#1109 = DIRECTION ( 'NONE',  ( -0.000000000000000000, 1.000000000000000000, -0.000000000000000000 ) ) ;
#1110 = ORIENTED_EDGE ( 'NONE', *, *, #3625, .T. ) ;
#1111 = CARTESIAN_POINT ( 'NONE',  ( 59.35000000000000853, -5.500000000000001776, -40.34999999999996589 ) ) ;
#1112 = VERTEX_POINT ( 'NONE', #66 ) ;
#1113 = CARTESIAN_POINT ( 'NONE',  ( 59.00000000000000711, -30.26336871769660775, -56.00000000000000000 ) ) ;
#1114 = DIRECTION ( 'NONE',  ( 0.000000000000000000, 0.000000000000000000, -1.000000000000000000 ) ) ;
#1115 = EDGE_CURVE ( 'NONE', #2159, #5064, #3047, .T. ) ;
#1116 = AXIS2_PLACEMENT_3D ( 'NONE', #5056, #1481, #6056 ) ;
#1117 = ORIENTED_EDGE ( 'NONE', *, *, #6401, .T. ) ;
#1118 = EDGE_CURVE ( 'NONE', #175, #5340, #997, .T. ) ;
#1119 = ADVANCED_FACE ( 'NONE', ( #3111 ), #2019, .F. ) ;
#1120 = FACE_OUTER_BOUND ( 'NONE', #4668, .T. ) ;
#1121 = CIRCLE ( 'NONE', #2208, 1.499999999999987566 ) ;
#1122 = CARTESIAN_POINT ( 'NONE',  ( 36.50000000000000000, 10.00000000000000000, -9.149999999999984368 ) ) ;
#1123 = CARTESIAN_POINT ( 'NONE',  ( 59.00000000000000000, 4.500000000000000888, -13.14999999999997371 ) ) ;
#1124 = DIRECTION ( 'NONE',  ( 0.000000000000000000, 0.000000000000000000, -1.000000000000000000 ) ) ;
#1125 = CONICAL_SURFACE ( 'NONE', #6176, 1.499999999999987566, 0.7853981633974461696 ) ;
#1126 = DIRECTION ( 'NONE',  ( 0.000000000000000000, 0.000000000000000000, -1.000000000000000000 ) ) ;
#1127 = AXIS2_PLACEMENT_3D ( 'NONE', #3225, #4773, #597 ) ;
#1128 = PERSON_AND_ORGANIZATION_ROLE ( 'creator' ) ;
#1129 = DIRECTION ( 'NONE',  ( -1.000000000000000000, -0.000000000000000000, -0.000000000000000000 ) ) ;
#1130 = EDGE_CURVE ( 'NONE', #254, #1986, #449, .T. ) ;
#1131 = AXIS2_PLACEMENT_3D ( 'NONE', #4770, #5258, #1616 ) ;
#1132 = ORIENTED_EDGE ( 'NONE', *, *, #1804, .T. ) ;
#1133 = CARTESIAN_POINT ( 'NONE',  ( 70.19999999999998863, 10.00000000000000000, -26.94999999999998153 ) ) ;
#1134 = EDGE_LOOP ( 'NONE', ( #6223, #6159, #6400, #2671, #5059, #1353, #5135, #1267 ) ) ;
#1135 = VECTOR ( 'NONE', #394, 1000.000000000000000 ) ;
#1136 = DIRECTION ( 'NONE',  ( -1.000000000000000000, 0.000000000000000000, 0.000000000000000000 ) ) ;
#1137 = CARTESIAN_POINT ( 'NONE',  ( 70.70000000000000284, 9.499999999999985789, -25.14999999999997726 ) ) ;
#1138 = ORIENTED_EDGE ( 'NONE', *, *, #5970, .T. ) ;
#1139 = DIRECTION ( 'NONE',  ( 0.000000000000000000, 0.000000000000000000, -1.000000000000000000 ) ) ;
#1140 = ORIENTED_EDGE ( 'NONE', *, *, #4792, .F. ) ;
#1141 = DIRECTION ( 'NONE',  ( 0.000000000000000000, -1.000000000000000000, 0.000000000000000000 ) ) ;
#1142 = EDGE_CURVE ( 'NONE', #2034, #5919, #6216, .T. ) ;
#1143 = EDGE_LOOP ( 'NONE', ( #4365, #688, #463, #3598 ) ) ;
#1144 = VECTOR ( 'NONE', #6154, 1000.000000000000114 ) ;
#1145 = CARTESIAN_POINT ( 'NONE',  ( 59.00000000000000000, 9.500000000000014211, -21.14999999999997371 ) ) ;
#1146 = CARTESIAN_POINT ( 'NONE',  ( 61.50000000000000711, 10.00000000000000000, -4.499999999999991118 ) ) ;
#1147 = ORIENTED_EDGE ( 'NONE', *, *, #5541, .F. ) ;
#1148 = PLANE ( 'NONE',  #1780 ) ;
#1149 = ORIENTED_EDGE ( 'NONE', *, *, #4530, .T. ) ;
#1150 = VECTOR ( 'NONE', #2255, 1000.000000000000000 ) ;
#1151 = CARTESIAN_POINT ( 'NONE',  ( 36.99999999999999289, 4.500000000000000888, -10.94999999999997442 ) ) ;
#1152 = CARTESIAN_POINT ( 'NONE',  ( 59.05000000000000426, -5.500000000000001776, -41.09999999999996589 ) ) ;
#1153 = ORIENTED_EDGE ( 'NONE', *, *, #3156, .T. ) ;
#1154 = EDGE_CURVE ( 'NONE', #447, #327, #6752, .T. ) ;
#1155 = CARTESIAN_POINT ( 'NONE',  ( 61.50000000000000711, 2.900000000000001688, -51.50000000000001421 ) ) ;
#1156 = DIRECTION ( 'NONE',  ( 0.000000000000000000, 0.000000000000000000, -1.000000000000000000 ) ) ;
#1157 = CARTESIAN_POINT ( 'NONE',  ( 56.00000000000000000, -30.26336871769660775, -51.00000000000000000 ) ) ;
#1158 = DIRECTION ( 'NONE',  ( 0.7071067811865474617, -0.7071067811865474617, -0.000000000000000000 ) ) ;
#1159 = EDGE_CURVE ( 'NONE', #3472, #4306, #2087, .T. ) ;
#1160 = DIRECTION ( 'NONE',  ( 0.000000000000000000, 0.000000000000000000, -1.000000000000000000 ) ) ;
#1161 = PERSON_AND_ORGANIZATION ( #240, #6471 ) ;
#1162 = FACE_OUTER_BOUND ( 'NONE', #5087, .T. ) ;
#1163 = ORIENTED_EDGE ( 'NONE', *, *, #23, .F. ) ;
#1164 = DIRECTION ( 'NONE',  ( 0.000000000000000000, 0.000000000000000000, -1.000000000000000000 ) ) ;
#1165 = EDGE_CURVE ( 'NONE', #1001, #768, #5745, .T. ) ;
#1166 = LINE ( 'NONE', #726, #488 ) ;
#1167 = EDGE_CURVE ( 'NONE', #6529, #2853, #5698, .T. ) ;
#1168 = LINE ( 'NONE', #3399, #1669 ) ;
#1169 = ORIENTED_EDGE ( 'NONE', *, *, #3668, .T. ) ;
#1170 = DIRECTION ( 'NONE',  ( 1.000000000000000000, 0.000000000000000000, 0.000000000000000000 ) ) ;
#1171 = CIRCLE ( 'NONE', #4350, 1.500000000000001332 ) ;
#1172 = EDGE_LOOP ( 'NONE', ( #4581, #3781, #5282, #5442 ) ) ;
#1173 = CIRCLE ( 'NONE', #1708, 1.500000000000001332 ) ;
#1174 = DIRECTION ( 'NONE',  ( 0.000000000000000000, 0.000000000000000000, 1.000000000000000000 ) ) ;
#1175 = ORIENTED_EDGE ( 'NONE', *, *, #4205, .T. ) ;
#1176 = DIRECTION ( 'NONE',  ( 0.000000000000000000, 0.000000000000000000, 1.000000000000000000 ) ) ;
#1177 = VECTOR ( 'NONE', #3590, 1000.000000000000000 ) ;
#1178 = DIRECTION ( 'NONE',  ( 0.000000000000000000, -1.000000000000000000, 0.000000000000000000 ) ) ;
#1179 = ORIENTED_EDGE ( 'NONE', *, *, #2955, .F. ) ;
#1180 = EDGE_CURVE ( 'NONE', #3649, #3571, #3553, .T. ) ;
#1181 = FACE_OUTER_BOUND ( 'NONE', #6482, .T. ) ;
#1182 = LINE ( 'NONE', #5368, #6701 ) ;
#1183 = ORIENTED_EDGE ( 'NONE', *, *, #1666, .F. ) ;
#1184 = EDGE_LOOP ( 'NONE', ( #3548, #3679, #2266, #6726 ) ) ;
#1185 = PLANE ( 'NONE',  #2699 ) ;
#1186 = CARTESIAN_POINT ( 'NONE',  ( 69.87098110768872061, 2.900000000000001688, -34.34873586666927281 ) ) ;
#1187 = AXIS2_PLACEMENT_3D ( 'NONE', #5409, #709, #2275 ) ;
#1188 = ORIENTED_EDGE ( 'NONE', *, *, #3089, .T. ) ;
#1189 = AXIS2_PLACEMENT_3D ( 'NONE', #6082, #440, #2465 ) ;
#1190 = VECTOR ( 'NONE', #5661, 1000.000000000000000 ) ;
#1191 = ORIENTED_EDGE ( 'NONE', *, *, #2562, .F. ) ;
#1192 = CARTESIAN_POINT ( 'NONE',  ( 70.62912467398857075, 8.199338471432588094, -33.25517695895045733 ) ) ;
#1193 = EDGE_LOOP ( 'NONE', ( #6208, #6686, #1390, #2983 ) ) ;
#1194 = DIRECTION ( 'NONE',  ( 1.000000000000000000, 0.000000000000000000, -0.000000000000000000 ) ) ;
#1195 = DIRECTION ( 'NONE',  ( 0.000000000000000000, 0.000000000000000000, -1.000000000000000000 ) ) ;
#1196 = CARTESIAN_POINT ( 'NONE',  ( 70.70000000000001705, 9.499999999999985789, -18.94999999999997442 ) ) ;
#1197 = FACE_OUTER_BOUND ( 'NONE', #1824, .T. ) ;
#1198 = AXIS2_PLACEMENT_3D ( 'NONE', #5827, #5793, #5385 ) ;
#1199 = CARTESIAN_POINT ( 'NONE',  ( 59.35000000000000853, 3.900000000000000799, -41.09999999999996589 ) ) ;
#1200 = ORIENTED_EDGE ( 'NONE', *, *, #2701, .T. ) ;
#1201 = CARTESIAN_POINT ( 'NONE',  ( 39.50000000000000711, 3.400000000000001688, -29.14999999999998082 ) ) ;
#1202 = EDGE_CURVE ( 'NONE', #177, #1217, #588, .T. ) ;
#1203 = CARTESIAN_POINT ( 'NONE',  ( 59.35000000000001563, 8.400000000000000355, -41.09999999999996589 ) ) ;
#1204 = CARTESIAN_POINT ( 'NONE',  ( 59.00000000000000000, 4.500000000000000888, -17.14999999999997371 ) ) ;
#1205 = EDGE_LOOP ( 'NONE', ( #4990, #4304, #2113, #6346, #3511, #1735, #1770, #6617, #6152, #234, #3025, #4892, #5640, #5454, #386, #6449, #4317, #2440, #72, #5357, #4589, #4214, #3380, #4082, #1393, #5835, #5648, #5468 ) ) ;
#1206 = ADVANCED_FACE ( 'NONE', ( #2630 ), #4732, .F. ) ;
#1207 = VECTOR ( 'NONE', #56, 1000.000000000000000 ) ;
#1208 = VECTOR ( 'NONE', #1051, 1000.000000000000000 ) ;
#1209 = DIRECTION ( 'NONE',  ( 0.000000000000000000, 1.000000000000000000, 7.796510004390144799E-17 ) ) ;
#1210 = VERTEX_POINT ( 'NONE', #1609 ) ;
#1211 = ORIENTED_EDGE ( 'NONE', *, *, #6684, .T. ) ;
#1212 = DIRECTION ( 'NONE',  ( 1.000000000000000000, 0.000000000000000000, 0.000000000000000000 ) ) ;
#1213 = VERTEX_POINT ( 'NONE', #3704 ) ;
#1214 = DIRECTION ( 'NONE',  ( -0.000000000000000000, 1.000000000000000000, 0.000000000000000000 ) ) ;
#1215 = VECTOR ( 'NONE', #1671, 1000.000000000000000 ) ;
#1216 = DIRECTION ( 'NONE',  ( -1.000000000000000000, 0.000000000000000000, -1.123707514802790025E-16 ) ) ;
#1217 = VERTEX_POINT ( 'NONE', #5797 ) ;
#1218 = CARTESIAN_POINT ( 'NONE',  ( 37.00000000000000000, 4.500000000000000888, 0.000000000000000000 ) ) ;
#1219 = DIRECTION ( 'NONE',  ( 1.000000000000000000, 0.000000000000000000, 0.000000000000000000 ) ) ;
#1220 = ORIENTED_EDGE ( 'NONE', *, *, #9, .T. ) ;
#1221 = ORIENTED_EDGE ( 'NONE', *, *, #6703, .T. ) ;
#1222 = FACE_OUTER_BOUND ( 'NONE', #3099, .T. ) ;
#1223 = LINE ( 'NONE', #4379, #3636 ) ;
#1224 = EDGE_CURVE ( 'NONE', #2799, #4388, #2777, .T. ) ;
#1225 = EDGE_LOOP ( 'NONE', ( #1248, #5707, #2933, #3061, #6037, #363 ) ) ;
#1226 = EDGE_CURVE ( 'NONE', #6375, #1984, #653, .T. ) ;
#1227 = ORIENTED_EDGE ( 'NONE', *, *, #236, .T. ) ;
#1228 = FACE_OUTER_BOUND ( 'NONE', #5101, .T. ) ;
#1229 = EDGE_LOOP ( 'NONE', ( #838, #3851, #6770, #2744, #2683 ) ) ;
#1230 = DIRECTION ( 'NONE',  ( -0.000000000000000000, 1.000000000000000000, -0.000000000000000000 ) ) ;
#1231 = FACE_BOUND ( 'NONE', #3146, .T. ) ;
#1232 = DIRECTION ( 'NONE',  ( -0.000000000000000000, 1.000000000000000000, -0.000000000000000000 ) ) ;
#1233 = EDGE_CURVE ( 'NONE', #5828, #3363, #5904, .T. ) ;
#1234 = LINE ( 'NONE', #3797, #4781 ) ;
#1235 = VECTOR ( 'NONE', #5164, 1000.000000000000000 ) ;
#1236 = PERSON_AND_ORGANIZATION ( #240, #6471 ) ;
#1237 = LINE ( 'NONE', #5900, #4635 ) ;
#1238 = ORIENTED_EDGE ( 'NONE', *, *, #5770, .F. ) ;
#1239 = CARTESIAN_POINT ( 'NONE',  ( 6.000000000000000888, -5.500000000000000000, -47.99999999999998579 ) ) ;
#1240 = VECTOR ( 'NONE', #4102, 1000.000000000000000 ) ;
#1241 = EDGE_CURVE ( 'NONE', #4805, #6313, #6378, .T. ) ;
#1242 = DIRECTION ( 'NONE',  ( -0.000000000000000000, -1.000000000000000000, -7.796510004390146031E-17 ) ) ;
#1243 = LINE ( 'NONE', #4908, #4744 ) ;
#1244 = ORIENTED_EDGE ( 'NONE', *, *, #5664, .F. ) ;
#1245 = VECTOR ( 'NONE', #388, 1000.000000000000114 ) ;
#1246 = EDGE_CURVE ( 'NONE', #5651, #676, #3356, .T. ) ;
#1247 = CARTESIAN_POINT ( 'NONE',  ( 10.50000000000000178, 3.400000000000001688, -32.64999999999998437 ) ) ;
#1248 = ORIENTED_EDGE ( 'NONE', *, *, #508, .F. ) ;
#1249 = ORIENTED_EDGE ( 'NONE', *, *, #4037, .T. ) ;
#1250 = EDGE_CURVE ( 'NONE', #3706, #3676, #3915, .T. ) ;
#1251 = LINE ( 'NONE', #3294, #2444 ) ;
#1252 = B_SPLINE_CURVE_WITH_KNOTS ( 'NONE', 3,
 ( #3161, #565, #2642, #6735 ),
 .UNSPECIFIED., .F., .F.,
 ( 4, 4 ),
 ( 0.000000000000000000, 4.142013083711486445E-05 ),
 .UNSPECIFIED. ) ;
#1253 = VERTEX_POINT ( 'NONE', #1203 ) ;
#1254 = EDGE_CURVE ( 'NONE', #426, #2297, #1684, .T. ) ;
#1255 = CARTESIAN_POINT ( 'NONE',  ( 63.00000000000000000, 3.900000000000001688, -44.75000000000000711 ) ) ;
#1256 = DIRECTION ( 'NONE',  ( 1.123707514802790025E-16, 0.000000000000000000, -1.000000000000000000 ) ) ;
#1257 = EDGE_LOOP ( 'NONE', ( #4127, #3891, #4436, #4452 ) ) ;
#1258 = DIRECTION ( 'NONE',  ( 0.000000000000000000, -1.000000000000000000, 0.000000000000000000 ) ) ;
#1259 = CARTESIAN_POINT ( 'NONE',  ( 70.40439414351203595, 7.871529684945437921, -33.77381928764479113 ) ) ;
#1260 = VERTEX_POINT ( 'NONE', #3288 ) ;
#1261 = PLANE ( 'NONE',  #6557 ) ;
#1262 = CARTESIAN_POINT ( 'NONE',  ( 59.50000000000000000, 10.00000000000000000, -25.14999999999997726 ) ) ;
#1263 = VERTEX_POINT ( 'NONE', #173 ) ;
#1264 = APPROVAL ( #3698, '未指定' ) ;
#1265 = AXIS2_PLACEMENT_3D ( 'NONE', #2851, #1214, #2195 ) ;
#1266 = CARTESIAN_POINT ( 'NONE',  ( 70.45212312976816804, 7.922814312753866162, -33.69267711418460465 ) ) ;
#1267 = ORIENTED_EDGE ( 'NONE', *, *, #6048, .F. ) ;
#1268 = CARTESIAN_POINT ( 'NONE',  ( -2.999999999999999112, 4.500000000000000888, -13.14999999999997371 ) ) ;
#1269 = CARTESIAN_POINT ( 'NONE',  ( 21.97155492591766901, 8.400000000000003908, -68.32599912819358678 ) ) ;
#1270 = CARTESIAN_POINT ( 'NONE',  ( -2.999999999999999112, 8.399999999999996803, -21.14999999999997726 ) ) ;
#1271 = ORIENTED_EDGE ( 'NONE', *, *, #2752, .F. ) ;
#1272 = CARTESIAN_POINT ( 'NONE',  ( 69.82433216079965632, 8.400000000000000355, -33.75000000000000000 ) ) ;
#1273 = EDGE_CURVE ( 'NONE', #2706, #13, #3450, .T. ) ;
#1274 = DIRECTION ( 'NONE',  ( -0.000000000000000000, 1.000000000000000000, -0.000000000000000000 ) ) ;
#1275 = EDGE_LOOP ( 'NONE', ( #939, #5482 ) ) ;
#1276 = DIRECTION ( 'NONE',  ( -0.000000000000000000, 1.000000000000000000, -0.000000000000000000 ) ) ;
#1277 = DIRECTION ( 'NONE',  ( -1.000000000000000000, 0.000000000000000000, 0.000000000000000000 ) ) ;
#1278 = PLANE ( 'NONE',  #6171 ) ;
#1279 = ORIENTED_EDGE ( 'NONE', *, *, #4205, .F. ) ;
#1280 = PLANE ( 'NONE',  #4058 ) ;
#1281 = ORIENTED_EDGE ( 'NONE', *, *, #956, .T. ) ;
#1282 = ORIENTED_EDGE ( 'NONE', *, *, #1701, .F. ) ;
#1283 = LINE ( 'NONE', #3366, #694 ) ;
#1284 = ORIENTED_EDGE ( 'NONE', *, *, #6079, .T. ) ;
#1285 = CARTESIAN_POINT ( 'NONE',  ( 59.05000000000000426, 3.900000000000000799, -40.34999999999996589 ) ) ;
#1286 = DIRECTION ( 'NONE',  ( 0.000000000000000000, 1.000000000000000000, 0.000000000000000000 ) ) ;
#1287 = ORIENTED_EDGE ( 'NONE', *, *, #1273, .T. ) ;
#1288 = CARTESIAN_POINT ( 'NONE',  ( -1.266666666666651730, 9.133333333333334636, -33.01666666666665861 ) ) ;
#1289 = CARTESIAN_POINT ( 'NONE',  ( 39.33333333333335702, -12.26666666666666394, -75.66666666666665719 ) ) ;
#1290 = ORIENTED_EDGE ( 'NONE', *, *, #3396, .F. ) ;
#1291 = CARTESIAN_POINT ( 'NONE',  ( 63.00000000000000000, 7.899999999999997691, -35.75000000000000711 ) ) ;
#1292 = LINE ( 'NONE', #814, #3869 ) ;
#1293 = ORIENTED_EDGE ( 'NONE', *, *, #4673, .T. ) ;
#1294 = AXIS2_PLACEMENT_3D ( 'NONE', #2854, #2344, #4955 ) ;
#1295 = AXIS2_PLACEMENT_3D ( 'NONE', #4371, #1286, #1721 ) ;
#1296 = ORIENTED_EDGE ( 'NONE', *, *, #380, .T. ) ;
#1297 = VECTOR ( 'NONE', #5487, 1000.000000000000000 ) ;
#1298 = CARTESIAN_POINT ( 'NONE',  ( 70.68259893686359874, 8.366543658750877910, -32.99063541800726540 ) ) ;
#1299 = ORIENTED_EDGE ( 'NONE', *, *, #5810, .F. ) ;
#1300 = EDGE_CURVE ( 'NONE', #5775, #3404, #5941, .T. ) ;
#1301 = LINE ( 'NONE', #1775, #310 ) ;
#1302 = DIRECTION ( 'NONE',  ( 0.000000000000000000, 0.000000000000000000, 1.000000000000000000 ) ) ;
#1303 = CARTESIAN_POINT ( 'NONE',  ( 1.250000000000002442, 3.400000000000001688, -16.00000000000000000 ) ) ;
#1304 = ORIENTED_EDGE ( 'NONE', *, *, #3625, .F. ) ;
#1305 = VECTOR ( 'NONE', #5037, 1000.000000000000000 ) ;
#1306 = EDGE_CURVE ( 'NONE', #2123, #63, #3324, .T. ) ;
#1307 = FACE_BOUND ( 'NONE', #5621, .T. ) ;
#1308 = DIRECTION ( 'NONE',  ( 0.000000000000000000, 0.000000000000000000, -1.000000000000000000 ) ) ;
#1309 = VERTEX_POINT ( 'NONE', #5428 ) ;
#1310 = CARTESIAN_POINT ( 'NONE',  ( 70.70000000000000284, 8.532934947973656037, -32.72737740986950428 ) ) ;
#1311 = EDGE_CURVE ( 'NONE', #2059, #3472, #1166, .T. ) ;
#1312 = DIRECTION ( 'NONE',  ( 0.000000000000000000, 7.796510004390144799E-17, -1.000000000000000000 ) ) ;
#1313 = DIRECTION ( 'NONE',  ( -0.000000000000000000, -0.000000000000000000, -1.000000000000000000 ) ) ;
#1314 = ORIENTED_EDGE ( 'NONE', *, *, #3946, .T. ) ;
#1315 = CARTESIAN_POINT ( 'NONE',  ( 1.250000000000002442, 8.400000000000000355, -46.25000000000000000 ) ) ;
#1316 = VERTEX_POINT ( 'NONE', #6524 ) ;
#1317 = ORIENTED_EDGE ( 'NONE', *, *, #1715, .T. ) ;
#1318 = DIRECTION ( 'NONE',  ( 0.000000000000000000, 0.7071067811865378028, -0.7071067811865573427 ) ) ;
#1319 = CARTESIAN_POINT ( 'NONE',  ( 54.44999999999997442, 7.900000000000014566, -40.74999999999997158 ) ) ;
#1320 = FACE_OUTER_BOUND ( 'NONE', #6515, .T. ) ;
#1321 = PRODUCT_DEFINITION_FORMATION_WITH_SPECIFIED_SOURCE ( '任何', '', #4867, .NOT_KNOWN. ) ;
#1322 = ORIENTED_EDGE ( 'NONE', *, *, #611, .F. ) ;
#1323 = DIRECTION ( 'NONE',  ( -4.625929269271523976E-15, 0.000000000000000000, -1.000000000000000000 ) ) ;
#1324 = DIRECTION ( 'NONE',  ( 0.000000000000000000, 0.000000000000000000, 1.000000000000000000 ) ) ;
#1325 = EDGE_LOOP ( 'NONE', ( #2770, #656, #1925, #3178, #3042, #6360, #4645, #4342, #6413, #1607, #4521, #4799, #215, #3859 ) ) ;
#1326 = DIRECTION ( 'NONE',  ( 0.000000000000000000, -0.000000000000000000, -1.000000000000000000 ) ) ;
#1327 = DIRECTION ( 'NONE',  ( 0.000000000000000000, -1.000000000000000000, -7.796510004390144799E-17 ) ) ;
#1328 = LOCAL_TIME ( 11, 23, 40.00000000000000000, #3462 ) ;
#1329 = ORIENTED_EDGE ( 'NONE', *, *, #5541, .T. ) ;
#1330 = CIRCLE ( 'NONE', #441, 1.000000000000000888 ) ;
#1331 = EDGE_CURVE ( 'NONE', #4375, #2148, #619, .T. ) ;
#1332 = ORIENTED_EDGE ( 'NONE', *, *, #6119, .T. ) ;
#1333 = DIRECTION ( 'NONE',  ( -0.000000000000000000, 1.000000000000000000, -0.000000000000000000 ) ) ;
#1334 = ORIENTED_EDGE ( 'NONE', *, *, #1957, .F. ) ;
#1335 = EDGE_CURVE ( 'NONE', #1309, #3409, #2732, .T. ) ;
#1336 = CARTESIAN_POINT ( 'NONE',  ( 9.000000000000001776, 8.400000000000002132, -47.99999999999998579 ) ) ;
#1337 = CARTESIAN_POINT ( 'NONE',  ( 59.00000000000000711, 7.400000000000003908, 2.936428310065565168E-15 ) ) ;
#1338 = LINE ( 'NONE', #5506, #662 ) ;
#1339 = EDGE_CURVE ( 'NONE', #4381, #175, #2559, .T. ) ;
#1340 = EDGE_LOOP ( 'NONE', ( #5516, #1163 ) ) ;
#1341 = EDGE_CURVE ( 'NONE', #1316, #3452, #4907, .T. ) ;
#1342 = CARTESIAN_POINT ( 'NONE',  ( 60.29999999999999716, 3.900000000000000799, -42.39999999999999147 ) ) ;
#1343 = COORDINATED_UNIVERSAL_TIME_OFFSET ( 8, 0, .AHEAD. ) ;
#1344 = DIRECTION ( 'NONE',  ( 0.000000000000000000, -1.000000000000000000, 0.000000000000000000 ) ) ;
#1345 = DIRECTION ( 'NONE',  ( 1.000000000000000000, 0.000000000000000000, 0.000000000000000000 ) ) ;
#1346 = VECTOR ( 'NONE', #1219, 1000.000000000000000 ) ;
#1347 = DIRECTION ( 'NONE',  ( 0.000000000000000000, 1.000000000000000000, 0.000000000000000000 ) ) ;
#1348 = CARTESIAN_POINT ( 'NONE',  ( 64.45673176878167965, 15.74326823121830543, -33.06505709550506822 ) ) ;
#1349 = ADVANCED_FACE ( 'NONE', ( #248 ), #211, .T. ) ;
#1350 = ORIENTED_EDGE ( 'NONE', *, *, #256, .T. ) ;
#1351 = CARTESIAN_POINT ( 'NONE',  ( 68.70000000000000284, 2.900000000000001688, -32.72737740986950428 ) ) ;
#1352 = AXIS2_PLACEMENT_3D ( 'NONE', #6646, #1432, #3097 ) ;
#1353 = ORIENTED_EDGE ( 'NONE', *, *, #198, .F. ) ;
#1354 = VERTEX_POINT ( 'NONE', #2295 ) ;
#1355 = DIRECTION ( 'NONE',  ( 0.000000000000000000, 0.000000000000000000, -1.000000000000000000 ) ) ;
#1356 = CARTESIAN_POINT ( 'NONE',  ( 37.00000000000000000, 5.600000000000001421, -29.64999999999998082 ) ) ;
#1357 = VECTOR ( 'NONE', #2635, 999.9999999999998863 ) ;
#1358 = DIRECTION ( 'NONE',  ( 0.000000000000000000, 1.000000000000000000, 0.000000000000000000 ) ) ;
#1359 = EDGE_LOOP ( 'NONE', ( #972, #4376, #435, #4033 ) ) ;
#1360 = AXIS2_PLACEMENT_3D ( 'NONE', #4218, #1101, #4660 ) ;
#1361 = CARTESIAN_POINT ( 'NONE',  ( 10.50000000000000355, 3.900000000000001688, -44.75000000000001421 ) ) ;
#1362 = CARTESIAN_POINT ( 'NONE',  ( 39.46827201635471738, 2.899999999999999911, -10.26827201635468612 ) ) ;
#1363 = ORIENTED_EDGE ( 'NONE', *, *, #3430, .F. ) ;
#1364 = EDGE_CURVE ( 'NONE', #5589, #4750, #4442, .T. ) ;
#1365 = DIRECTION ( 'NONE',  ( 0.000000000000000000, 0.000000000000000000, -1.000000000000000000 ) ) ;
#1366 = DIRECTION ( 'NONE',  ( -1.000000000000000000, -0.000000000000000000, -4.707526393424171362E-17 ) ) ;
#1367 = EDGE_LOOP ( 'NONE', ( #3850, #4418, #4286, #2198, #5725 ) ) ;
#1368 = VECTOR ( 'NONE', #3090, 1000.000000000000114 ) ;
#1369 = ORIENTED_EDGE ( 'NONE', *, *, #2527, .T. ) ;
#1370 = CARTESIAN_POINT ( 'NONE',  ( -2.999999999999999112, 10.00000000000000000, -13.14999999999997371 ) ) ;
#1371 = ORIENTED_EDGE ( 'NONE', *, *, #1224, .F. ) ;
#1372 = CARTESIAN_POINT ( 'NONE',  ( 3.500000000000003109, 0.000000000000000000, -3.500000000000000000 ) ) ;
#1373 = EDGE_CURVE ( 'NONE', #1714, #6181, #102, .T. ) ;
#1374 = FACE_BOUND ( 'NONE', #906, .T. ) ;
#1375 = VERTEX_POINT ( 'NONE', #2220 ) ;
#1376 = CIRCLE ( 'NONE', #2011, 1.000000000000000888 ) ;
#1377 = FACE_OUTER_BOUND ( 'NONE', #2893, .T. ) ;
#1378 = DIRECTION ( 'NONE',  ( 0.000000000000000000, 0.000000000000000000, -1.000000000000000000 ) ) ;
#1379 = CARTESIAN_POINT ( 'NONE',  ( 3.500000000000000000, 2.900000000000001688, -52.50000000000000000 ) ) ;
#1380 = DIRECTION ( 'NONE',  ( 0.000000000000000000, -1.000000000000000000, -7.796510004390144799E-17 ) ) ;
#1381 = CYLINDRICAL_SURFACE ( 'NONE', #3218, 1.000000000000000888 ) ;
#1382 = VERTEX_POINT ( 'NONE', #4321 ) ;
#1383 = DIRECTION ( 'NONE',  ( -0.000000000000000000, 1.000000000000000000, -0.000000000000000000 ) ) ;
#1384 = ORIENTED_EDGE ( 'NONE', *, *, #617, .T. ) ;
#1385 = CARTESIAN_POINT ( 'NONE',  ( 9.550000000000007816, 3.900000000000000799, -40.34999999999998010 ) ) ;
#1386 = ADVANCED_FACE ( 'NONE', ( #6488 ), #1381, .F. ) ;
#1387 = PLANE ( 'NONE',  #805 ) ;
#1388 = DIRECTION ( 'NONE',  ( 0.000000000000000000, 1.000000000000000000, 0.000000000000000000 ) ) ;
#1389 = PLANE ( 'NONE',  #37 ) ;
#1390 = ORIENTED_EDGE ( 'NONE', *, *, #3033, .T. ) ;
#1391 = LINE ( 'NONE', #3017, #3798 ) ;
#1392 = CARTESIAN_POINT ( 'NONE',  ( 70.19999999999998863, 10.00000000000000000, -1.600000000000004086 ) ) ;
#1393 = ORIENTED_EDGE ( 'NONE', *, *, #6554, .F. ) ;
#1394 = DIRECTION ( 'NONE',  ( -1.000000000000000000, 0.000000000000000000, -0.000000000000000000 ) ) ;
#1395 = ORIENTED_EDGE ( 'NONE', *, *, #6194, .T. ) ;
#1396 = EDGE_CURVE ( 'NONE', #2284, #2808, #282, .T. ) ;
#1397 = CIRCLE ( 'NONE', #4024, 1.000000000000000888 ) ;
#1398 = CARTESIAN_POINT ( 'NONE',  ( 37.44999999999997442, 8.400000000000000355, -40.74999999999997158 ) ) ;
#1399 = ORIENTED_EDGE ( 'NONE', *, *, #1115, .F. ) ;
#1400 = CARTESIAN_POINT ( 'NONE',  ( 70.70000000000000284, 9.499999999999985789, 0.000000000000000000 ) ) ;
#1401 = DIRECTION ( 'NONE',  ( -0.000000000000000000, 0.000000000000000000, 1.000000000000000000 ) ) ;
#1402 = VECTOR ( 'NONE', #806, 1000.000000000000000 ) ;
#1403 = ORIENTED_EDGE ( 'NONE', *, *, #1510, .F. ) ;
#1404 = LINE ( 'NONE', #3558, #1177 ) ;
#1405 = LINE ( 'NONE', #761, #5053 ) ;
#1406 = DIRECTION ( 'NONE',  ( 1.000000000000000000, 0.000000000000000000, 0.000000000000000000 ) ) ;
#1407 = AXIS2_PLACEMENT_3D ( 'NONE', #265, #2749, #155 ) ;
#1408 = CIRCLE ( 'NONE', #1189, 0.8500000000000000888 ) ;
#1410 = VECTOR ( 'NONE', #5759, 1000.000000000000000 ) ;
#1409 = DIRECTION ( 'NONE',  ( 0.000000000000000000, 0.000000000000000000, -1.000000000000000000 ) ) ;
#1411 = VERTEX_POINT ( 'NONE', #3007 ) ;
#1412 = DIRECTION ( 'NONE',  ( 0.000000000000000000, -1.000000000000000000, 0.000000000000000000 ) ) ;
#1413 = ORIENTED_EDGE ( 'NONE', *, *, #5500, .T. ) ;
#1414 = ORIENTED_EDGE ( 'NONE', *, *, #917, .T. ) ;
#1415 = ADVANCED_FACE ( 'NONE', ( #6147 ), #2401, .F. ) ;
#1416 = CARTESIAN_POINT ( 'NONE',  ( 56.00000000000000000, 8.400000000000002132, -46.99999999999999289 ) ) ;
#1417 = DIRECTION ( 'NONE',  ( 1.084202172485504434E-16, 0.000000000000000000, 1.000000000000000000 ) ) ;
#1418 = LINE ( 'NONE', #1930, #3365 ) ;
#1419 = ADVANCED_FACE ( 'NONE', ( #6050 ), #5645, .T. ) ;
#1420 = ORIENTED_EDGE ( 'NONE', *, *, #6187, .F. ) ;
#1421 = FACE_OUTER_BOUND ( 'NONE', #119, .T. ) ;
#1422 = DIRECTION ( 'NONE',  ( 0.000000000000000000, 0.000000000000000000, -1.000000000000000000 ) ) ;
#1423 = ORIENTED_EDGE ( 'NONE', *, *, #3119, .T. ) ;
#1424 = DIRECTION ( 'NONE',  ( -1.000000000000000000, 0.000000000000000000, -1.309225264888156623E-16 ) ) ;
#1425 = ORIENTED_EDGE ( 'NONE', *, *, #226, .F. ) ;
#1427 = EDGE_CURVE ( 'NONE', #5850, #2737, #283, .T. ) ;
#1426 = CARTESIAN_POINT ( 'NONE',  ( -2.999999999999999112, 4.500000000000000888, -22.94999999999997797 ) ) ;
#1428 = ORIENTED_EDGE ( 'NONE', *, *, #737, .T. ) ;
#1429 = AXIS2_PLACEMENT_3D ( 'NONE', #2437, #5537, #2948 ) ;
#1430 = CARTESIAN_POINT ( 'NONE',  ( 0.000000000000000000, 10.00000000000000000, -1.600000000000004086 ) ) ;
#1431 = VECTOR ( 'NONE', #5689, 1000.000000000000000 ) ;
#1432 = DIRECTION ( 'NONE',  ( -0.000000000000000000, -0.7071067811865573427, -0.7071067811865378028 ) ) ;
#1433 = EDGE_CURVE ( 'NONE', #1955, #592, #2015, .T. ) ;
#1434 = ORIENTED_EDGE ( 'NONE', *, *, #3002, .T. ) ;
#1435 = VECTOR ( 'NONE', #5969, 1000.000000000000000 ) ;
#1436 = CC_DESIGN_APPROVAL ( #2467, ( #4164 ) ) ;
#1437 = CARTESIAN_POINT ( 'NONE',  ( 69.98561791343706773, 8.259623264795683539, -33.74622080684910941 ) ) ;
#1438 = DESIGN_CONTEXT ( 'detailed design', #2649, 'design' ) ;
#1439 = PLANE ( 'NONE',  #1639 ) ;
#1440 = PLANE ( 'NONE',  #3929 ) ;
#1441 = EDGE_CURVE ( 'NONE', #1986, #4819, #6731, .T. ) ;
#1442 = DIRECTION ( 'NONE',  ( -0.000000000000000000, 1.000000000000000000, -0.000000000000000000 ) ) ;
#1443 = EDGE_LOOP ( 'NONE', ( #2094, #5985, #3329, #4089 ) ) ;
#1444 = DIRECTION ( 'NONE',  ( 0.000000000000000000, -1.000000000000000000, 0.000000000000000000 ) ) ;
#1445 = ORIENTED_EDGE ( 'NONE', *, *, #683, .T. ) ;
#1446 = DIRECTION ( 'NONE',  ( 0.000000000000000000, 0.000000000000000000, -1.000000000000000000 ) ) ;
#1447 = VECTOR ( 'NONE', #4039, 1000.000000000000114 ) ;
#1448 = LINE ( 'NONE', #3474, #1245 ) ;
#1449 = EDGE_CURVE ( 'NONE', #2799, #5539, #5111, .T. ) ;
#1450 = DIRECTION ( 'NONE',  ( -1.000000000000000000, -0.000000000000000000, -4.707526393424171362E-17 ) ) ;
#1451 = DIRECTION ( 'NONE',  ( 0.000000000000000000, 0.000000000000000000, -1.000000000000000000 ) ) ;
#1452 = VERTEX_POINT ( 'NONE', #5631 ) ;
#1453 = EDGE_CURVE ( 'NONE', #2836, #2450, #2900, .T. ) ;
#1454 = DIRECTION ( 'NONE',  ( 1.000000000000000000, 0.000000000000000000, 0.000000000000000000 ) ) ;
#1455 = DIRECTION ( 'NONE',  ( 1.000000000000000000, 0.000000000000000000, 0.000000000000000000 ) ) ;
#1456 = ORIENTED_EDGE ( 'NONE', *, *, #6341, .T. ) ;
#1457 = CYLINDRICAL_SURFACE ( 'NONE', #1462, 3.000000000000000000 ) ;
#1458 = EDGE_CURVE ( 'NONE', #3389, #6151, #2353, .T. ) ;
#1459 = VERTEX_POINT ( 'NONE', #1954 ) ;
#1460 = AXIS2_PLACEMENT_3D ( 'NONE', #910, #1967, #3574 ) ;
#1461 = DIRECTION ( 'NONE',  ( 0.000000000000000000, 1.000000000000000000, 0.000000000000000000 ) ) ;
#1462 = AXIS2_PLACEMENT_3D ( 'NONE', #4608, #3547, #5644 ) ;
#1463 = EDGE_LOOP ( 'NONE', ( #779, #1526, #1041, #2346, #5803, #4292 ) ) ;
#1464 = CARTESIAN_POINT ( 'NONE',  ( 62.49999999999998579, 8.400000000000000355, -36.75000000000000711 ) ) ;
#1465 = LINE ( 'NONE', #4526, #5830 ) ;
#1466 = VECTOR ( 'NONE', #1455, 1000.000000000000000 ) ;
#1467 = ORIENTED_EDGE ( 'NONE', *, *, #5449, .T. ) ;
#1468 = ADVANCED_FACE ( 'NONE', ( #6015 ), #5498, .F. ) ;
#1469 = EDGE_CURVE ( 'NONE', #1034, #4178, #2877, .T. ) ;
#1470 = CYLINDRICAL_SURFACE ( 'NONE', #1720, 1.000000000000000888 ) ;
#1471 = FACE_OUTER_BOUND ( 'NONE', #2958, .T. ) ;
#1472 = CARTESIAN_POINT ( 'NONE',  ( 59.00000000000000711, 7.400000000000003908, 2.936428310065565168E-15 ) ) ;
#1473 = AXIS2_PLACEMENT_3D ( 'NONE', #38, #2120, #4217 ) ;
#1474 = CARTESIAN_POINT ( 'NONE',  ( 64.00000000000000000, 7.899999999999997691, -47.25000000000000000 ) ) ;
#1475 = ADVANCED_FACE ( 'NONE', ( #352 ), #2579, .T. ) ;
#1476 = EDGE_LOOP ( 'NONE', ( #317, #5748, #4912, #1249 ) ) ;
#1477 = PLANE ( 'NONE',  #436 ) ;
#1478 = AXIS2_PLACEMENT_3D ( 'NONE', #1922, #796, #6560 ) ;
#1479 = ORIENTED_EDGE ( 'NONE', *, *, #5149, .T. ) ;
#1480 = LINE ( 'NONE', #3566, #1190 ) ;
#1481 = DIRECTION ( 'NONE',  ( 0.000000000000000000, -1.000000000000000000, 0.000000000000000000 ) ) ;
#1482 = CARTESIAN_POINT ( 'NONE',  ( 63.00000000000000000, 3.400000000000001688, -44.75000000000000711 ) ) ;
#1483 = CARTESIAN_POINT ( 'NONE',  ( 69.70000000000000284, 2.900000000000001688, 4.336808689942017736E-16 ) ) ;
#1484 = VERTEX_POINT ( 'NONE', #832 ) ;
#1485 = DIRECTION ( 'NONE',  ( -0.000000000000000000, 1.000000000000000000, -0.000000000000000000 ) ) ;
#1486 = ORIENTED_EDGE ( 'NONE', *, *, #5598, .F. ) ;
#1487 = CARTESIAN_POINT ( 'NONE',  ( 53.75000000000000000, 3.400000000000001688, -35.75000000000000711 ) ) ;
#1488 = ORIENTED_EDGE ( 'NONE', *, *, #4105, .T. ) ;
#1489 = FACE_BOUND ( 'NONE', #3215, .T. ) ;
#1490 = VERTEX_POINT ( 'NONE', #2909 ) ;
#1491 = DIRECTION ( 'NONE',  ( 0.000000000000000000, 0.000000000000000000, 1.000000000000000000 ) ) ;
#1492 = ORIENTED_EDGE ( 'NONE', *, *, #5682, .F. ) ;
#1493 = CARTESIAN_POINT ( 'NONE',  ( 36.44999999999997442, 7.900000000000014566, -40.74999999999997158 ) ) ;
#1494 = LINE ( 'NONE', #6168, #3312 ) ;
#1495 = ADVANCED_FACE ( 'NONE', ( #5010 ), #926, .F. ) ;
#1496 = ORIENTED_EDGE ( 'NONE', *, *, #747, .F. ) ;
#1497 = ADVANCED_FACE ( 'NONE', ( #5567 ), #867, .F. ) ;
#1498 = DIRECTION ( 'NONE',  ( -0.000000000000000000, 1.000000000000000000, -0.000000000000000000 ) ) ;
#1499 = CIRCLE ( 'NONE', #1938, 1.000000000000000888 ) ;
#1500 = DIRECTION ( 'NONE',  ( -0.7071067811865475727, 0.7071067811865475727, 0.000000000000000000 ) ) ;
#1501 = CARTESIAN_POINT ( 'NONE',  ( -3.000000000000000000, 8.399999999999996803, -26.94999999999998153 ) ) ;
#1502 = VECTOR ( 'NONE', #6000, 1000.000000000000000 ) ;
#1503 = LINE ( 'NONE', #5692, #4465 ) ;
#1504 = EDGE_LOOP ( 'NONE', ( #1492, #4939, #6166, #6496 ) ) ;
#1505 = CARTESIAN_POINT ( 'NONE',  ( 9.000000000000001776, 7.400000000000002132, -47.99999999999998579 ) ) ;
#1506 = VECTOR ( 'NONE', #4679, 1000.000000000000000 ) ;
#1507 = ORIENTED_EDGE ( 'NONE', *, *, #380, .F. ) ;
#1508 = DIRECTION ( 'NONE',  ( -1.000000000000000000, -0.000000000000000000, -4.707526393424171362E-17 ) ) ;
#1509 = LINE ( 'NONE', #5697, #1005 ) ;
#1510 = EDGE_CURVE ( 'NONE', #6655, #222, #382, .T. ) ;
#1511 = VECTOR ( 'NONE', #2800, 1000.000000000000000 ) ;
#1512 = AXIS2_PLACEMENT_3D ( 'NONE', #1896, #4600, #1926 ) ;
#1513 = DIRECTION ( 'NONE',  ( 0.000000000000000000, -1.000000000000000000, -0.000000000000000000 ) ) ;
#1514 = AXIS2_PLACEMENT_3D ( 'NONE', #2719, #6270, #5853 ) ;
#1515 = CARTESIAN_POINT ( 'NONE',  ( 7.200000000000004619, 8.400000000000000355, -41.54999999999998295 ) ) ;
#1516 = ORIENTED_EDGE ( 'NONE', *, *, #3163, .F. ) ;
#1517 = CARTESIAN_POINT ( 'NONE',  ( 59.05000000000000426, 3.900000000000000799, -41.09999999999996589 ) ) ;
#1518 = ORIENTED_EDGE ( 'NONE', *, *, #3082, .T. ) ;
#1519 = LINE ( 'NONE', #1487, #6498 ) ;
#1520 = ORIENTED_EDGE ( 'NONE', *, *, #523, .T. ) ;
#1521 = DIRECTION ( 'NONE',  ( -0.000000000000000000, 1.000000000000000000, -0.000000000000000000 ) ) ;
#1522 = PLANE ( 'NONE',  #5339 ) ;
#1523 = VECTOR ( 'NONE', #2764, 1000.000000000000000 ) ;
#1524 = VERTEX_POINT ( 'NONE', #2012 ) ;
#1525 = CARTESIAN_POINT ( 'NONE',  ( 6.000000000000000000, 7.400000000000002132, -50.99999999999999289 ) ) ;
#1526 = ORIENTED_EDGE ( 'NONE', *, *, #3359, .T. ) ;
#1527 = DIRECTION ( 'NONE',  ( 0.000000000000000000, 0.000000000000000000, -1.000000000000000000 ) ) ;
#1528 = EDGE_CURVE ( 'NONE', #5200, #2071, #5724, .T. ) ;
#1529 = CARTESIAN_POINT ( 'NONE',  ( 69.96410762308708797, 8.953869985129665920, -33.19613001487034865 ) ) ;
#1530 = ORIENTED_EDGE ( 'NONE', *, *, #2666, .F. ) ;
#1531 = ADVANCED_FACE ( 'NONE', ( #6178 ), #3041, .F. ) ;
#1532 = EDGE_CURVE ( 'NONE', #4613, #5539, #1397, .T. ) ;
#1533 = VECTOR ( 'NONE', #6627, 1000.000000000000000 ) ;
#1534 = EDGE_CURVE ( 'NONE', #5434, #676, #3138, .T. ) ;
#1535 = LINE ( 'NONE', #6173, #4582 ) ;
#1536 = CARTESIAN_POINT ( 'NONE',  ( 70.70000000000000284, 8.814213562373089061, -0.4142135623730951455 ) ) ;
#1537 = CARTESIAN_POINT ( 'NONE',  ( 61.50000000000000711, 10.00000000000000000, -2.500000000000009326 ) ) ;
#1538 = VECTOR ( 'NONE', #4312, 1000.000000000000000 ) ;
#1539 = EDGE_CURVE ( 'NONE', #6054, #477, #542, .T. ) ;
#1540 = VECTOR ( 'NONE', #3171, 1000.000000000000000 ) ;
#1541 = CARTESIAN_POINT ( 'NONE',  ( 63.00000000000000000, 2.900000000000001688, -47.25000000000000000 ) ) ;
#1542 = ORIENTED_EDGE ( 'NONE', *, *, #5770, .T. ) ;
#1543 = DIRECTION ( 'NONE',  ( 0.8106792283998801585, 0.000000000000000000, 0.5854905538443596624 ) ) ;
#1544 = VERTEX_POINT ( 'NONE', #474 ) ;
#1545 = DIRECTION ( 'NONE',  ( -0.000000000000000000, 1.000000000000000000, -0.000000000000000000 ) ) ;
#1546 = CARTESIAN_POINT ( 'NONE',  ( 4.500000000000002665, 8.400000000000000355, -36.75000000000000711 ) ) ;
#1547 = EDGE_CURVE ( 'NONE', #4228, #2414, #5144, .T. ) ;
#1548 = CARTESIAN_POINT ( 'NONE',  ( 64.00000000000000000, 2.900000000000001688, -47.25000000000000000 ) ) ;
#1549 = EDGE_LOOP ( 'NONE', ( #5145, #3350 ) ) ;
#1550 = LINE ( 'NONE', #107, #5772 ) ;
#1551 = ORIENTED_EDGE ( 'NONE', *, *, #6532, .F. ) ;
#1552 = CARTESIAN_POINT ( 'NONE',  ( 59.00000000000000000, 4.500000000000000888, -25.14999999999997726 ) ) ;
#1553 = ORIENTED_EDGE ( 'NONE', *, *, #722, .T. ) ;
#1554 = CARTESIAN_POINT ( 'NONE',  ( 63.00000000000000000, 2.900000000000001688, -47.25000000000000000 ) ) ;
#1555 = CIRCLE ( 'NONE', #6386, 0.9999999999999908962 ) ;
#1556 = PLANE ( 'NONE',  #1064 ) ;
#1557 = ORIENTED_EDGE ( 'NONE', *, *, #490, .T. ) ;
#1558 = EDGE_CURVE ( 'NONE', #5031, #823, #1054, .T. ) ;
#1559 = CARTESIAN_POINT ( 'NONE',  ( -2.999999999999999112, 4.500000000000000888, -10.94999999999997442 ) ) ;
#1560 = ORIENTED_EDGE ( 'NONE', *, *, #6639, .T. ) ;
#1561 = CARTESIAN_POINT ( 'NONE',  ( 63.00000000000000000, 7.899999999999997691, -36.75000000000000711 ) ) ;
#1562 = CARTESIAN_POINT ( 'NONE',  ( 66.20000000000000284, 7.400000000000001243, -47.25000000000000000 ) ) ;
#1563 = AXIS2_PLACEMENT_3D ( 'NONE', #2004, #1401, #465 ) ;
#1564 = ORIENTED_EDGE ( 'NONE', *, *, #4004, .F. ) ;
#1565 = VECTOR ( 'NONE', #1717, 1000.000000000000114 ) ;
#1566 = EDGE_CURVE ( 'NONE', #6352, #187, #3626, .T. ) ;
#1567 = FACE_OUTER_BOUND ( 'NONE', #6485, .T. ) ;
#1568 = CIRCLE ( 'NONE', #1127, 0.9999999999999908962 ) ;
#1569 = LINE ( 'NONE', #24, #6008 ) ;
#1570 = LINE ( 'NONE', #2617, #6587 ) ;
#1571 = DIRECTION ( 'NONE',  ( -1.000000000000000000, 0.000000000000000000, -1.094462760868647861E-16 ) ) ;
#1572 = CARTESIAN_POINT ( 'NONE',  ( 37.00000000000000000, 3.400000000000001688, -29.64999999999998082 ) ) ;
#1573 = ORIENTED_EDGE ( 'NONE', *, *, #3342, .F. ) ;
#1574 = CARTESIAN_POINT ( 'NONE',  ( 66.20000000000000284, 0.000000000000000000, -56.00000000000000000 ) ) ;
#1575 = LINE ( 'NONE', #2992, #3652 ) ;
#1576 = ORIENTED_EDGE ( 'NONE', *, *, #3863, .T. ) ;
#1577 = CARTESIAN_POINT ( 'NONE',  ( 37.00000000000000000, 5.600000000000001421, -31.14999999999998437 ) ) ;
#1578 = DIRECTION ( 'NONE',  ( -0.000000000000000000, 1.000000000000000000, -0.000000000000000000 ) ) ;
#1579 = CARTESIAN_POINT ( 'NONE',  ( -1.399999999999995914, 10.00000000000000000, -3.000000000000000000 ) ) ;
#1580 = VECTOR ( 'NONE', #6091, 1000.000000000000000 ) ;
#1581 = VERTEX_POINT ( 'NONE', #6242 ) ;
#1582 = ADVANCED_FACE ( 'NONE', ( #2586 ), #6716, .F. ) ;
#1583 = CARTESIAN_POINT ( 'NONE',  ( 12.00000000000000355, 3.400000000000001688, -32.64999999999998437 ) ) ;
#1584 = VERTEX_POINT ( 'NONE', #6207 ) ;
#1585 = DIRECTION ( 'NONE',  ( -0.000000000000000000, -1.000000000000000000, -7.796510004390146031E-17 ) ) ;
#1586 = VERTEX_POINT ( 'NONE', #3070 ) ;
#1587 = PLANE ( 'NONE',  #3995 ) ;
#1588 = CARTESIAN_POINT ( 'NONE',  ( 36.49999999999999289, 10.00000000000000000, -14.94999999999997442 ) ) ;
#1589 = ORIENTED_EDGE ( 'NONE', *, *, #6591, .T. ) ;
#1590 = DIRECTION ( 'NONE',  ( 0.000000000000000000, 1.000000000000000000, 0.000000000000000000 ) ) ;
#1591 = ORIENTED_EDGE ( 'NONE', *, *, #6083, .T. ) ;
#1592 = DIRECTION ( 'NONE',  ( 0.000000000000000000, -1.000000000000000000, -0.000000000000000000 ) ) ;
#1593 = CARTESIAN_POINT ( 'NONE',  ( 69.95819330708842188, 8.853101782121502339, -33.29689821787850690 ) ) ;
#1594 = ORIENTED_EDGE ( 'NONE', *, *, #319, .T. ) ;
#1595 = EDGE_CURVE ( 'NONE', #3980, #3050, #1503, .T. ) ;
#1596 = DIRECTION ( 'NONE',  ( 0.000000000000000000, 0.000000000000000000, -1.000000000000000000 ) ) ;
#1597 = LINE ( 'NONE', #5890, #5015 ) ;
#1598 = CARTESIAN_POINT ( 'NONE',  ( 61.50000000000000711, 8.400000000000002132, -52.50000000000000711 ) ) ;
#1599 = DIRECTION ( 'NONE',  ( -1.000000000000000000, 0.000000000000000000, -0.000000000000000000 ) ) ;
#1600 = LINE ( 'NONE', #4691, #952 ) ;
#1601 = VECTOR ( 'NONE', #4860, 1000.000000000000000 ) ;
#1602 = ORIENTED_EDGE ( 'NONE', *, *, #5388, .F. ) ;
#1603 = LINE ( 'NONE', #4727, #3518 ) ;
#1604 = VERTEX_POINT ( 'NONE', #2046 ) ;
#1605 = CARTESIAN_POINT ( 'NONE',  ( 11.50000000000000355, 3.400000000000001688, -44.75000000000001421 ) ) ;
#1606 = VECTOR ( 'NONE', #2058, 1000.000000000000114 ) ;
#1607 = ORIENTED_EDGE ( 'NONE', *, *, #6199, .T. ) ;
#1608 = VECTOR ( 'NONE', #2230, 1000.000000000000000 ) ;
#1609 = CARTESIAN_POINT ( 'NONE',  ( 4.999999999999998224, 8.400000000000002132, -54.99999999999998579 ) ) ;
#1610 = CARTESIAN_POINT ( 'NONE',  ( 9.850000000000006750, -5.500000000000001776, -41.09999999999996589 ) ) ;
#1611 = AXIS2_PLACEMENT_3D ( 'NONE', #3170, #2685, #92 ) ;
#1612 = ORIENTED_EDGE ( 'NONE', *, *, #5332, .F. ) ;
#1613 = EDGE_CURVE ( 'NONE', #5738, #383, #4177, .T. ) ;
#1614 = CARTESIAN_POINT ( 'NONE',  ( 64.00000000000000000, 2.900000000000001688, -47.25000000000000000 ) ) ;
#1615 = ORIENTED_EDGE ( 'NONE', *, *, #326, .F. ) ;
#1616 = DIRECTION ( 'NONE',  ( 0.000000000000000000, -0.000000000000000000, 1.000000000000000000 ) ) ;
#1617 = VERTEX_POINT ( 'NONE', #4759 ) ;
#1618 = CIRCLE ( 'NONE', #85, 3.000000000000002665 ) ;
#1619 = EDGE_CURVE ( 'NONE', #4731, #5939, #2112, .T. ) ;
#1620 = DIRECTION ( 'NONE',  ( 0.000000000000000000, 0.000000000000000000, 1.000000000000000000 ) ) ;
#1621 = DIRECTION ( 'NONE',  ( 0.000000000000000000, 0.000000000000000000, 1.000000000000000000 ) ) ;
#1622 = ORIENTED_EDGE ( 'NONE', *, *, #1761, .T. ) ;
#1623 = CARTESIAN_POINT ( 'NONE',  ( 63.00000000000000000, 2.900000000000001688, -44.75000000000000711 ) ) ;
#1624 = ORIENTED_EDGE ( 'NONE', *, *, #6612, .T. ) ;
#1625 = LINE ( 'NONE', #5268, #2590 ) ;
#1626 = CARTESIAN_POINT ( 'NONE',  ( 69.88071327503227792, 8.526076462035460324, -33.62392353796452227 ) ) ;
#1627 = VERTEX_POINT ( 'NONE', #3562 ) ;
#1628 = EDGE_CURVE ( 'NONE', #3211, #642, #2522, .T. ) ;
#1629 = CARTESIAN_POINT ( 'NONE',  ( 6.200000000000001066, 8.400000000000000355, -37.14999999999997726 ) ) ;
#1630 = CARTESIAN_POINT ( 'NONE',  ( -1.399999999999995914, 10.00000000000000000, -22.94999999999997797 ) ) ;
#1631 = LINE ( 'NONE', #1123, #1208 ) ;
#1632 = DIRECTION ( 'NONE',  ( -0.000000000000000000, 1.000000000000000000, -0.000000000000000000 ) ) ;
#1633 = LINE ( 'NONE', #4790, #3579 ) ;
#1634 = DATE_AND_TIME ( #5937, #2510 ) ;
#1635 = EDGE_CURVE ( 'NONE', #4099, #1984, #1600, .T. ) ;
#1636 = CARTESIAN_POINT ( 'NONE',  ( 6.200000000000001066, -5.500000000000001776, -37.14999999999997726 ) ) ;
#1637 = ORIENTED_EDGE ( 'NONE', *, *, #4972, .F. ) ;
#1638 = LINE ( 'NONE', #6247, #6763 ) ;
#1639 = AXIS2_PLACEMENT_3D ( 'NONE', #2552, #502, #5627 ) ;
#1640 = ORIENTED_EDGE ( 'NONE', *, *, #2152, .T. ) ;
#1641 = CARTESIAN_POINT ( 'NONE',  ( 35.50000000000000000, 3.400000000000001688, -31.14999999999998437 ) ) ;
#1642 = CARTESIAN_POINT ( 'NONE',  ( 37.00000000000000000, 4.500000000000000888, 0.000000000000000000 ) ) ;
#1643 = EDGE_LOOP ( 'NONE', ( #3336, #1695, #3065, #1935 ) ) ;
#1644 = EDGE_CURVE ( 'NONE', #2979, #823, #5211, .T. ) ;
#1645 = DIRECTION ( 'NONE',  ( -0.000000000000000000, 1.000000000000000000, -0.000000000000000000 ) ) ;
#1646 = VERTEX_POINT ( 'NONE', #1572 ) ;
#1647 = PLANE ( 'NONE',  #4850 ) ;
#1648 = ORIENTED_EDGE ( 'NONE', *, *, #5270, .F. ) ;
#1649 = DIRECTION ( 'NONE',  ( 0.000000000000000000, 0.000000000000000000, -1.000000000000000000 ) ) ;
#1650 = CARTESIAN_POINT ( 'NONE',  ( 59.00000000000000000, 4.500000000000000888, -21.14999999999997726 ) ) ;
#1651 = ORIENTED_EDGE ( 'NONE', *, *, #4313, .T. ) ;
#1652 = CARTESIAN_POINT ( 'NONE',  ( 70.19999999999998863, 10.00000000000000000, -29.14999999999998082 ) ) ;
#1653 = ORIENTED_EDGE ( 'NONE', *, *, #3759, .T. ) ;
#1654 = EDGE_CURVE ( 'NONE', #1963, #6067, #2658, .T. ) ;
#1655 = CARTESIAN_POINT ( 'NONE',  ( 61.50000000000000711, 2.900000000000001688, -2.500000000000009326 ) ) ;
#1656 = PLANE ( 'NONE',  #136 ) ;
#1657 = AXIS2_PLACEMENT_3D ( 'NONE', #5483, #2862, #4454 ) ;
#1658 = EDGE_LOOP ( 'NONE', ( #5777, #921, #845, #1428, #2119, #2751, #5379, #412, #5736 ) ) ;
#1659 = ORIENTED_EDGE ( 'NONE', *, *, #2424, .T. ) ;
#1660 = CARTESIAN_POINT ( 'NONE',  ( 56.00000000000000000, 8.400000000000002132, -46.99999999999999289 ) ) ;
#1661 = VECTOR ( 'NONE', #2481, 1000.000000000000000 ) ;
#1662 = EDGE_CURVE ( 'NONE', #2123, #5916, #3660, .T. ) ;
#1663 = DIRECTION ( 'NONE',  ( 0.000000000000000000, 0.000000000000000000, -1.000000000000000000 ) ) ;
#1664 = CARTESIAN_POINT ( 'NONE',  ( 36.99999999999999289, 3.400000000000001688, -16.00000000000000355 ) ) ;
#1665 = DIRECTION ( 'NONE',  ( -0.000000000000000000, 1.000000000000000000, -0.000000000000000000 ) ) ;
#1666 = EDGE_CURVE ( 'NONE', #3606, #1253, #2803, .T. ) ;
#1667 = EDGE_CURVE ( 'NONE', #916, #2236, #6445, .T. ) ;
#1668 = CARTESIAN_POINT ( 'NONE',  ( 61.50000000000000711, 0.000000000000000000, -52.50000000000000711 ) ) ;
#1669 = VECTOR ( 'NONE', #3253, 1000.000000000000000 ) ;
#1670 = DIRECTION ( 'NONE',  ( -0.000000000000000000, 1.000000000000000000, -0.000000000000000000 ) ) ;
#1671 = DIRECTION ( 'NONE',  ( -1.000000000000000000, -0.000000000000000000, -0.000000000000000000 ) ) ;
#1672 = VECTOR ( 'NONE', #1910, 1000.000000000000000 ) ;
#1673 = EDGE_LOOP ( 'NONE', ( #6463, #1281, #6604, #3031, #590, #1971 ) ) ;
#1674 = DIRECTION ( 'NONE',  ( -1.368455531567204171E-48, -1.000000000000000000, -7.796510004390144799E-17 ) ) ;
#1675 = VECTOR ( 'NONE', #5938, 1000.000000000000000 ) ;
#1676 = EDGE_CURVE ( 'NONE', #3452, #36, #1234, .T. ) ;
#1677 = CARTESIAN_POINT ( 'NONE',  ( 59.00000000000000000, 9.500000000000014211, -6.949999999999980638 ) ) ;
#1678 = DIRECTION ( 'NONE',  ( 0.000000000000000000, 0.000000000000000000, -1.000000000000000000 ) ) ;
#1679 = VERTEX_POINT ( 'NONE', #2181 ) ;
#1680 = DIRECTION ( 'NONE',  ( 0.000000000000000000, 1.000000000000000000, 7.796510004390144799E-17 ) ) ;
#1681 = ORIENTED_EDGE ( 'NONE', *, *, #2915, .T. ) ;
#1682 = DIRECTION ( 'NONE',  ( 0.7071067811865474617, 0.7071067811865474617, 0.000000000000000000 ) ) ;
#1683 = ORIENTED_EDGE ( 'NONE', *, *, #6660, .F. ) ;
#1684 = CIRCLE ( 'NONE', #6403, 4.000000000000003553 ) ;
#1685 = FACE_OUTER_BOUND ( 'NONE', #3809, .T. ) ;
#1686 = DIRECTION ( 'NONE',  ( 1.084202172485504434E-16, 0.000000000000000000, 1.000000000000000000 ) ) ;
#1687 = ORIENTED_EDGE ( 'NONE', *, *, #6114, .T. ) ;
#1688 = CARTESIAN_POINT ( 'NONE',  ( 11.50000000000000355, 3.400000000000001688, -33.64999999999998437 ) ) ;
#1689 = CARTESIAN_POINT ( 'NONE',  ( 69.96412466270066943, 8.861768219563341376, -33.28823178043664655 ) ) ;
#1690 = ORIENTED_EDGE ( 'NONE', *, *, #2965, .F. ) ;
#1691 = ORIENTED_EDGE ( 'NONE', *, *, #1628, .T. ) ;
#1692 = AXIS2_PLACEMENT_3D ( 'NONE', #4595, #1312, #3501 ) ;
#1693 = PLANE ( 'NONE',  #203 ) ;
#1694 = CARTESIAN_POINT ( 'NONE',  ( 69.90166448006478106, 8.585272926535001403, -33.56472707346497941 ) ) ;
#1695 = ORIENTED_EDGE ( 'NONE', *, *, #655, .F. ) ;
#1696 = CARTESIAN_POINT ( 'NONE',  ( 70.59927332059336891, 8.136589503585817340, -33.35446456028293483 ) ) ;
#1697 = ADVANCED_FACE ( 'NONE', ( #5896 ), #5455, .F. ) ;
#1698 = LINE ( 'NONE', #3236, #77 ) ;
#1699 = DIRECTION ( 'NONE',  ( 1.000000000000000000, 0.000000000000000000, 0.000000000000000000 ) ) ;
#1700 = CARTESIAN_POINT ( 'NONE',  ( 63.00000000000000000, 3.900000000000001688, -35.75000000000000711 ) ) ;
#1701 = EDGE_CURVE ( 'NONE', #6030, #5584, #1499, .T. ) ;
#1702 = CARTESIAN_POINT ( 'NONE',  ( 59.35000000000000853, 8.400000000000000355, -40.34999999999996589 ) ) ;
#1703 = APPROVAL_ROLE ( '' ) ;
#1704 = LINE ( 'NONE', #4316, #3843 ) ;
#1705 = ORIENTED_EDGE ( 'NONE', *, *, #362, .T. ) ;
#1706 = DIRECTION ( 'NONE',  ( 0.000000000000000000, 0.000000000000000000, 1.000000000000000000 ) ) ;
#1707 = DIRECTION ( 'NONE',  ( 1.000000000000000000, 0.000000000000000000, 2.071311613106634413E-16 ) ) ;
#1708 = AXIS2_PLACEMENT_3D ( 'NONE', #2323, #2428, #4429 ) ;
#1709 = DIRECTION ( 'NONE',  ( -0.000000000000000000, 1.000000000000000000, -0.000000000000000000 ) ) ;
#1710 = EDGE_LOOP ( 'NONE', ( #1314, #4369, #909, #6122 ) ) ;
#1711 = DIRECTION ( 'NONE',  ( 0.000000000000000000, -1.000000000000000000, 0.000000000000000000 ) ) ;
#1712 = CIRCLE ( 'NONE', #1294, 0.7499999999999937828 ) ;
#1713 = ORIENTED_EDGE ( 'NONE', *, *, #6006, .T. ) ;
#1714 = VERTEX_POINT ( 'NONE', #3836 ) ;
#1715 = EDGE_CURVE ( 'NONE', #3963, #850, #4935, .T. ) ;
#1716 = VECTOR ( 'NONE', #3696, 1000.000000000000000 ) ;
#1717 = DIRECTION ( 'NONE',  ( -0.7071067811865474617, 0.7071067811865474617, -0.000000000000000000 ) ) ;
#1718 = ORIENTED_EDGE ( 'NONE', *, *, #5375, .F. ) ;
#1719 = CARTESIAN_POINT ( 'NONE',  ( 6.200000000000001066, -5.500000000000001776, -37.99999999999997868 ) ) ;
#1720 = AXIS2_PLACEMENT_3D ( 'NONE', #3527, #6203, #5207 ) ;
#1721 = DIRECTION ( 'NONE',  ( 0.000000000000000000, -0.000000000000000000, 1.000000000000000000 ) ) ;
#1722 = ORIENTED_EDGE ( 'NONE', *, *, #3599, .F. ) ;
#1723 = CARTESIAN_POINT ( 'NONE',  ( 53.44999999999996732, 8.400000000000000355, -41.74999999999997158 ) ) ;
#1724 = FACE_OUTER_BOUND ( 'NONE', #1750, .T. ) ;
#1725 = ORIENTED_EDGE ( 'NONE', *, *, #5068, .T. ) ;
#1726 = VERTEX_POINT ( 'NONE', #4314 ) ;
#1727 = EDGE_CURVE ( 'NONE', #2185, #5589, #684, .T. ) ;
#1728 = FACE_OUTER_BOUND ( 'NONE', #2470, .T. ) ;
#1729 = CARTESIAN_POINT ( 'NONE',  ( 69.70000000000000284, 2.900000000000001688, 4.336808689942017736E-16 ) ) ;
#1730 = VECTOR ( 'NONE', #6300, 1000.000000000000000 ) ;
#1731 = ORIENTED_EDGE ( 'NONE', *, *, #3383, .F. ) ;
#1732 = CIRCLE ( 'NONE', #2595, 1.000000000000000888 ) ;
#1733 = ORIENTED_EDGE ( 'NONE', *, *, #4095, .F. ) ;
#1734 = DIRECTION ( 'NONE',  ( 0.000000000000000000, -7.796510004390146031E-17, 1.000000000000000000 ) ) ;
#1735 = ORIENTED_EDGE ( 'NONE', *, *, #750, .F. ) ;
#1736 = DIRECTION ( 'NONE',  ( -1.000000000000000000, 0.000000000000000000, -4.707526393424171362E-17 ) ) ;
#1737 = ADVANCED_FACE ( 'NONE', ( #1197 ), #4278, .F. ) ;
#1738 = DIRECTION ( 'NONE',  ( 0.7071067811865479058, -0.7071067811865472397, -5.512965093693029743E-17 ) ) ;
#1739 = CARTESIAN_POINT ( 'NONE',  ( 70.19999999999998863, 10.00000000000000000, -22.94999999999997797 ) ) ;
#1740 = EDGE_CURVE ( 'NONE', #2297, #1210, #5824, .T. ) ;
#1741 = CARTESIAN_POINT ( 'NONE',  ( -3.000000000000000000, 7.399999999999986144, -34.75000000000002842 ) ) ;
#1742 = ADVANCED_FACE ( 'NONE', ( #205 ), #6370, .F. ) ;
#1743 = SECURITY_CLASSIFICATION_LEVEL ( 'unclassified' ) ;
#1744 = CARTESIAN_POINT ( 'NONE',  ( -2.999999999999999556, 8.399999999999996803, -21.14999999999997726 ) ) ;
#1745 = EDGE_LOOP ( 'NONE', ( #1496, #134, #5484, #1840 ) ) ;
#1746 = DIRECTION ( 'NONE',  ( 0.000000000000000000, -1.000000000000000000, 0.000000000000000000 ) ) ;
#1747 = ADVANCED_FACE ( 'NONE', ( #2250 ), #4244, .F. ) ;
#1748 = DIRECTION ( 'NONE',  ( 0.000000000000000000, 1.000000000000000000, 0.000000000000000000 ) ) ;
#1749 = DIRECTION ( 'NONE',  ( -0.000000000000000000, -1.000000000000000000, -0.000000000000000000 ) ) ;
#1750 = EDGE_LOOP ( 'NONE', ( #659, #2274, #4997, #4718 ) ) ;
#1751 = AXIS2_PLACEMENT_3D ( 'NONE', #2691, #1670, #168 ) ;
#1752 = VECTOR ( 'NONE', #471, 1000.000000000000000 ) ;
#1753 = LINE ( 'NONE', #2736, #6218 ) ;
#1754 = VERTEX_POINT ( 'NONE', #759 ) ;
#1755 = ORIENTED_EDGE ( 'NONE', *, *, #4663, .T. ) ;
#1756 = DIRECTION ( 'NONE',  ( 0.000000000000000000, 0.000000000000000000, -1.000000000000000000 ) ) ;
#1757 = ORIENTED_EDGE ( 'NONE', *, *, #3721, .F. ) ;
#1758 = EDGE_CURVE ( 'NONE', #5671, #6196, #4349, .T. ) ;
#1759 = LINE ( 'NONE', #6497, #3332 ) ;
#1760 = VECTOR ( 'NONE', #1093, 1000.000000000000114 ) ;
#1761 = EDGE_CURVE ( 'NONE', #599, #3211, #612, .T. ) ;
#1762 = PLANE ( 'NONE',  #2489 ) ;
#1763 = VERTEX_POINT ( 'NONE', #1741 ) ;
#1764 = DIRECTION ( 'NONE',  ( -0.7071067811865378028, -0.7071067811865573427, 0.000000000000000000 ) ) ;
#1765 = LINE ( 'NONE', #2345, #1988 ) ;
#1766 = ORIENTED_EDGE ( 'NONE', *, *, #2396, .F. ) ;
#1767 = ORIENTED_EDGE ( 'NONE', *, *, #6530, .F. ) ;
#1768 = FACE_OUTER_BOUND ( 'NONE', #2246, .T. ) ;
#1769 = DIRECTION ( 'NONE',  ( 0.7071067811865378028, -0.7071067811865573427, 0.000000000000000000 ) ) ;
#1770 = ORIENTED_EDGE ( 'NONE', *, *, #4004, .T. ) ;
#1771 = EDGE_CURVE ( 'NONE', #4728, #1908, #5422, .T. ) ;
#1772 = VERTEX_POINT ( 'NONE', #4897 ) ;
#1773 = CARTESIAN_POINT ( 'NONE',  ( 0.000000000000000000, 2.900000000000001688, -3.000000000000000000 ) ) ;
#1774 = ORIENTED_EDGE ( 'NONE', *, *, #500, .T. ) ;
#1775 = CARTESIAN_POINT ( 'NONE',  ( -3.000000000000000000, 4.500000000000000888, -29.14999999999998437 ) ) ;
#1776 = CARTESIAN_POINT ( 'NONE',  ( 0.000000000000000000, 2.900000000000001688, -3.000000000000000000 ) ) ;
#1777 = LINE ( 'NONE', #5421, #553 ) ;
#1778 = EDGE_LOOP ( 'NONE', ( #6089, #4254, #5908, #849 ) ) ;
#1779 = DIRECTION ( 'NONE',  ( -0.000000000000000000, 1.000000000000000000, -0.000000000000000000 ) ) ;
#1780 = AXIS2_PLACEMENT_3D ( 'NONE', #4128, #6231, #5812 ) ;
#1781 = EDGE_CURVE ( 'NONE', #6064, #5916, #2688, .T. ) ;
#1782 = DIRECTION ( 'NONE',  ( -0.000000000000000000, 1.000000000000000000, -0.000000000000000000 ) ) ;
#1783 = ORIENTED_EDGE ( 'NONE', *, *, #3301, .T. ) ;
#1784 = CARTESIAN_POINT ( 'NONE',  ( 13.00000000000000355, 3.400000000000001688, -32.14999999999998437 ) ) ;
#1785 = VECTOR ( 'NONE', #5881, 1000.000000000000000 ) ;
#1786 = DIRECTION ( 'NONE',  ( -0.000000000000000000, 1.000000000000000000, -0.000000000000000000 ) ) ;
#1787 = LINE ( 'NONE', #3884, #5630 ) ;
#1788 = ORIENTED_EDGE ( 'NONE', *, *, #5032, .T. ) ;
#1789 = VECTOR ( 'NONE', #455, 1000.000000000000000 ) ;
#1790 = ORIENTED_EDGE ( 'NONE', *, *, #2152, .F. ) ;
#1791 = VERTEX_POINT ( 'NONE', #2212 ) ;
#1792 = VECTOR ( 'NONE', #3358, 1000.000000000000000 ) ;
#1793 = LINE ( 'NONE', #3852, #4087 ) ;
#1794 = VERTEX_POINT ( 'NONE', #1272 ) ;
#1795 = LINE ( 'NONE', #5437, #6251 ) ;
#1796 = FACE_OUTER_BOUND ( 'NONE', #1367, .T. ) ;
#1797 = EDGE_CURVE ( 'NONE', #5317, #599, #1633, .T. ) ;
#1798 = ORIENTED_EDGE ( 'NONE', *, *, #5358, .T. ) ;
#1799 = DIRECTION ( 'NONE',  ( -0.000000000000000000, -0.000000000000000000, -1.000000000000000000 ) ) ;
#1800 = DIRECTION ( 'NONE',  ( -0.5773502691896255090, -0.5773502691896259531, -0.5773502691896259531 ) ) ;
#1801 = ORIENTED_EDGE ( 'NONE', *, *, #1758, .F. ) ;
#1802 = CARTESIAN_POINT ( 'NONE',  ( 70.19999999999998863, 10.00000000000000000, 0.000000000000000000 ) ) ;
#1803 = DIRECTION ( 'NONE',  ( -0.000000000000000000, 1.000000000000000000, -0.000000000000000000 ) ) ;
#1804 = EDGE_CURVE ( 'NONE', #4062, #784, #6077, .T. ) ;
#1805 = VECTOR ( 'NONE', #6723, 1000.000000000000000 ) ;
#1806 = ORIENTED_EDGE ( 'NONE', *, *, #1233, .F. ) ;
#1807 = VECTOR ( 'NONE', #1707, 1000.000000000000000 ) ;
#1808 = CARTESIAN_POINT ( 'NONE',  ( 70.65132627112544128, 8.254385102358307691, -33.16809901621790857 ) ) ;
#1809 = VERTEX_POINT ( 'NONE', #3091 ) ;
#1810 = CARTESIAN_POINT ( 'NONE',  ( -3.000000000000000000, 4.500000000000000888, -29.14999999999998437 ) ) ;
#1811 = FACE_OUTER_BOUND ( 'NONE', #2262, .T. ) ;
#1812 = DIRECTION ( 'NONE',  ( -1.000000000000000000, 0.000000000000000000, 0.000000000000000000 ) ) ;
#1813 = ADVANCED_FACE ( 'NONE', ( #2870 ), #1522, .F. ) ;
#1814 = ORIENTED_EDGE ( 'NONE', *, *, #3261, .T. ) ;
#1815 = CARTESIAN_POINT ( 'NONE',  ( 3.500000000000002220, 3.900000000000001688, -36.75000000000000711 ) ) ;
#1816 = DIRECTION ( 'NONE',  ( 0.000000000000000000, 0.000000000000000000, 1.000000000000000000 ) ) ;
#1817 = VERTEX_POINT ( 'NONE', #791 ) ;
#1818 = DIRECTION ( 'NONE',  ( 1.309225264888155637E-16, 0.000000000000000000, 1.000000000000000000 ) ) ;
#1819 = DIRECTION ( 'NONE',  ( 0.000000000000000000, 1.000000000000000000, 7.796510004390144799E-17 ) ) ;
#1820 = CARTESIAN_POINT ( 'NONE',  ( 70.70000000000000284, 4.500000000000000888, -13.14999999999997371 ) ) ;
#1821 = ORIENTED_EDGE ( 'NONE', *, *, #3951, .F. ) ;
#1822 = FACE_OUTER_BOUND ( 'NONE', #6666, .T. ) ;
#1823 = ADVANCED_FACE ( 'NONE', ( #5709 ), #3947, .F. ) ;
#1824 = EDGE_LOOP ( 'NONE', ( #4411, #2560, #6698, #277, #2557, #2569, #2002, #5769, #2626 ) ) ;
#1825 = EDGE_LOOP ( 'NONE', ( #2084, #5267, #4018, #3812 ) ) ;
#1826 = LINE ( 'NONE', #4986, #4428 ) ;
#1827 = DIRECTION ( 'NONE',  ( 0.000000000000000000, 0.000000000000000000, -1.000000000000000000 ) ) ;
#1828 = CARTESIAN_POINT ( 'NONE',  ( 66.20000000000000284, 7.400000000000002132, -55.00000000000000000 ) ) ;
#1829 = ADVANCED_FACE ( 'NONE', ( #1377 ), #2361, .F. ) ;
#1830 = AXIS2_PLACEMENT_3D ( 'NONE', #4812, #1764, #5367 ) ;
#1831 = ORIENTED_EDGE ( 'NONE', *, *, #3066, .T. ) ;
#1832 = EDGE_CURVE ( 'NONE', #5395, #4616, #6106, .T. ) ;
#1833 = VECTOR ( 'NONE', #4391, 1000.000000000000000 ) ;
#1834 = LINE ( 'NONE', #2199, #3362 ) ;
#1835 = CARTESIAN_POINT ( 'NONE',  ( 70.69999999999998863, 8.532934947973577877, -32.72737740986950428 ) ) ;
#1836 = ORIENTED_EDGE ( 'NONE', *, *, #4810, .F. ) ;
#1837 = CARTESIAN_POINT ( 'NONE',  ( 70.19999999999998863, 10.00000000000000000, -29.14999999999998082 ) ) ;
#1838 = LINE ( 'NONE', #1874, #2438 ) ;
#1839 = EDGE_CURVE ( 'NONE', #4021, #3344, #1173, .T. ) ;
#1840 = ORIENTED_EDGE ( 'NONE', *, *, #913, .T. ) ;
#1841 = VECTOR ( 'NONE', #4363, 1000.000000000000114 ) ;
#1842 = VERTEX_POINT ( 'NONE', #6552 ) ;
#1843 = VECTOR ( 'NONE', #3096, 1000.000000000000000 ) ;
#1844 = CARTESIAN_POINT ( 'NONE',  ( 10.50000000000000178, 2.899975000000001746, -31.14999999999998792 ) ) ;
#1845 = ORIENTED_EDGE ( 'NONE', *, *, #1727, .F. ) ;
#1846 = CARTESIAN_POINT ( 'NONE',  ( 70.70000000000000284, 4.500000000000000888, -13.14999999999997371 ) ) ;
#1847 = DIRECTION ( 'NONE',  ( -0.7071067811865475727, 0.7071067811865475727, 0.000000000000000000 ) ) ;
#1848 = CARTESIAN_POINT ( 'NONE',  ( 2.250000000000002220, 3.400000000000001688, -35.75000000000000711 ) ) ;
#1849 = AXIS2_PLACEMENT_3D ( 'NONE', #6590, #863, #1406 ) ;
#1850 = VERTEX_POINT ( 'NONE', #6227 ) ;
#1851 = AXIS2_PLACEMENT_3D ( 'NONE', #4719, #5784, #2138 ) ;
#1852 = EDGE_CURVE ( 'NONE', #5553, #5434, #2541, .T. ) ;
#1853 = CARTESIAN_POINT ( 'NONE',  ( -2.999999999999999112, 10.00000000000000000, -13.14999999999997371 ) ) ;
#1854 = LINE ( 'NONE', #3948, #5361 ) ;
#1855 = LINE ( 'NONE', #5460, #4793 ) ;
#1856 = DIRECTION ( 'NONE',  ( 0.000000000000000000, 0.000000000000000000, 1.000000000000000000 ) ) ;
#1857 = DIRECTION ( 'NONE',  ( -0.000000000000000000, 1.000000000000000000, -0.000000000000000000 ) ) ;
#1858 = EDGE_CURVE ( 'NONE', #4920, #1850, #3459, .T. ) ;
#1859 = VERTEX_POINT ( 'NONE', #6733 ) ;
#1860 = CARTESIAN_POINT ( 'NONE',  ( 37.00000000000000000, 4.500000000000000888, 0.000000000000000000 ) ) ;
#1861 = ORIENTED_EDGE ( 'NONE', *, *, #3163, .T. ) ;
#1862 = ORIENTED_EDGE ( 'NONE', *, *, #3844, .F. ) ;
#1863 = DIRECTION ( 'NONE',  ( 0.000000000000000000, -0.7071067811865451302, 0.7071067811865500152 ) ) ;
#1864 = DIRECTION ( 'NONE',  ( -1.000000000000000000, 0.000000000000000000, 0.000000000000000000 ) ) ;
#1865 = CARTESIAN_POINT ( 'NONE',  ( -2.999999999999999112, 4.500000000000000888, -14.94999999999997442 ) ) ;
#1866 = VECTOR ( 'NONE', #5349, 1000.000000000000000 ) ;
#1867 = ADVANCED_FACE ( 'NONE', ( #6044 ), #2030, .F. ) ;
#1868 = ORIENTED_EDGE ( 'NONE', *, *, #6745, .T. ) ;
#1869 = DIRECTION ( 'NONE',  ( 0.000000000000000000, 0.000000000000000000, 1.000000000000000000 ) ) ;
#1870 = DIRECTION ( 'NONE',  ( 0.000000000000000000, -1.000000000000000000, -7.796510004390146031E-17 ) ) ;
#1871 = ORIENTED_EDGE ( 'NONE', *, *, #5199, .F. ) ;
#1872 = DIRECTION ( 'NONE',  ( -0.7071067811865475727, -0.7071067811865475727, -0.000000000000000000 ) ) ;
#1873 = VECTOR ( 'NONE', #1158, 1000.000000000000114 ) ;
#1874 = CARTESIAN_POINT ( 'NONE',  ( 63.00000000000000000, 3.400000000000001688, -35.75000000000000711 ) ) ;
#1875 = VERTEX_POINT ( 'NONE', #4125 ) ;
#1876 = AXIS2_PLACEMENT_3D ( 'NONE', #305, #5420, #3315 ) ;
#1877 = VERTEX_POINT ( 'NONE', #1006 ) ;
#1878 = EDGE_CURVE ( 'NONE', #4163, #2159, #4235, .T. ) ;
#1879 = CARTESIAN_POINT ( 'NONE',  ( -3.000000000000000000, 4.500000000000000888, -9.149999999999984368 ) ) ;
#1880 = EDGE_LOOP ( 'NONE', ( #3021, #1705, #6061, #5635 ) ) ;
#1881 = LINE ( 'NONE', #3976, #1067 ) ;
#1882 = DIRECTION ( 'NONE',  ( -0.000000000000000000, 1.000000000000000000, -0.000000000000000000 ) ) ;
#1883 = EDGE_LOOP ( 'NONE', ( #6322, #3418, #1507, #467 ) ) ;
#1884 = DIRECTION ( 'NONE',  ( -0.000000000000000000, 1.000000000000000000, -0.000000000000000000 ) ) ;
#1885 = EDGE_CURVE ( 'NONE', #2622, #3201, #2690, .T. ) ;
#1886 = DIRECTION ( 'NONE',  ( 4.707526393424171362E-17, 0.000000000000000000, -1.000000000000000000 ) ) ;
#1887 = FACE_OUTER_BOUND ( 'NONE', #2190, .T. ) ;
#1888 = CC_DESIGN_PERSON_AND_ORGANIZATION_ASSIGNMENT ( #1161, #3209, ( #1321 ) ) ;
#1889 = DIRECTION ( 'NONE',  ( 0.000000000000000000, 0.000000000000000000, 1.000000000000000000 ) ) ;
#1890 = VECTOR ( 'NONE', #3520, 1000.000000000000000 ) ;
#1891 = DIRECTION ( 'NONE',  ( 0.000000000000000000, 0.000000000000000000, -1.000000000000000000 ) ) ;
#1892 = ORIENTED_EDGE ( 'NONE', *, *, #307, .F. ) ;
#1893 = CARTESIAN_POINT ( 'NONE',  ( 59.00000000000000000, 9.500000000000014211, -6.949999999999980638 ) ) ;
#1894 = AXIS2_PLACEMENT_3D ( 'NONE', #2548, #5167, #4588 ) ;
#1895 = EDGE_LOOP ( 'NONE', ( #4740, #3841, #4655, #6635 ) ) ;
#1896 = CARTESIAN_POINT ( 'NONE',  ( 7.200000000000004619, 8.400000000000000355, -42.39999999999998437 ) ) ;
#1897 = LINE ( 'NONE', #6661, #5508 ) ;
#1898 = EDGE_CURVE ( 'NONE', #642, #5317, #6007, .T. ) ;
#1899 = DIRECTION ( 'NONE',  ( -0.000000000000000000, 1.000000000000000000, -0.000000000000000000 ) ) ;
#1900 = VECTOR ( 'NONE', #290, 1000.000000000000000 ) ;
#1901 = CARTESIAN_POINT ( 'NONE',  ( -3.000000000000002665, 8.400000000000000355, -42.24999999999997158 ) ) ;
#1902 = ORIENTED_EDGE ( 'NONE', *, *, #933, .F. ) ;
#1903 = CONICAL_SURFACE ( 'NONE', #6075, 1.499999999999987566, 0.7853981633974457255 ) ;
#1904 = DIRECTION ( 'NONE',  ( 0.000000000000000000, 0.000000000000000000, 1.000000000000000000 ) ) ;
#1905 = CARTESIAN_POINT ( 'NONE',  ( -2.999999999999999112, 8.399999999999996803, -13.14999999999997371 ) ) ;
#1906 = EDGE_LOOP ( 'NONE', ( #3912, #2567, #4006, #2634 ) ) ;
#1907 = DIRECTION ( 'NONE',  ( 0.000000000000000000, -1.000000000000000000, -0.000000000000000000 ) ) ;
#1908 = VERTEX_POINT ( 'NONE', #309 ) ;
#1909 = VECTOR ( 'NONE', #6761, 1000.000000000000000 ) ;
#1910 = DIRECTION ( 'NONE',  ( -1.000000000000000000, -0.000000000000000000, -0.000000000000000000 ) ) ;
#1911 = ORIENTED_EDGE ( 'NONE', *, *, #562, .F. ) ;
#1912 = CARTESIAN_POINT ( 'NONE',  ( 36.99999999999999289, 9.500000000000014211, -18.94999999999997442 ) ) ;
#1913 = DIRECTION ( 'NONE',  ( -0.7071067811865475727, -0.7071067811865475727, -0.000000000000000000 ) ) ;
#1914 = EDGE_LOOP ( 'NONE', ( #1798, #4643, #1284, #4339, #1591, #3160 ) ) ;
#1915 = VECTOR ( 'NONE', #5152, 1000.000000000000000 ) ;
#1916 = FACE_BOUND ( 'NONE', #104, .T. ) ;
#1917 = ADVANCED_FACE ( 'NONE', ( #4498, #3982, #1307, #1916, #4461, #279, #4528, #6619, #4013, #1489, #3578 ), #5675, .F. ) ;
#1918 = DIRECTION ( 'NONE',  ( 0.000000000000000000, 7.796510004390146031E-17, -1.000000000000000000 ) ) ;
#1919 = DIRECTION ( 'NONE',  ( -0.000000000000000000, 1.000000000000000000, 7.796510004390144799E-17 ) ) ;
#1920 = CARTESIAN_POINT ( 'NONE',  ( 63.00000000000000000, 3.900000000000001688, -44.75000000000000711 ) ) ;
#1921 = EDGE_CURVE ( 'NONE', #5415, #4750, #6357, .T. ) ;
#1922 = CARTESIAN_POINT ( 'NONE',  ( 55.73172798364529967, 2.899999999999999911, -25.68172798364527054 ) ) ;
#1923 = VERTEX_POINT ( 'NONE', #1588 ) ;
#1924 = CARTESIAN_POINT ( 'NONE',  ( 37.00000000000000000, 9.500000000000014211, -22.94999999999997797 ) ) ;
#1925 = ORIENTED_EDGE ( 'NONE', *, *, #2156, .T. ) ;
#1926 = DIRECTION ( 'NONE',  ( 0.000000000000000000, 0.000000000000000000, 1.000000000000000000 ) ) ;
#1927 = DIRECTION ( 'NONE',  ( 0.7071067811865474617, 0.7071067811865474617, 0.000000000000000000 ) ) ;
#1928 = CARTESIAN_POINT ( 'NONE',  ( 59.00000000000000000, 9.500000000000014211, -6.949999999999980638 ) ) ;
#1929 = ADVANCED_FACE ( 'NONE', ( #492 ), #78, .F. ) ;
#1930 = CARTESIAN_POINT ( 'NONE',  ( 12.00000000000000355, 5.600000000000001421, -31.14999999999998792 ) ) ;
#1931 = ORIENTED_EDGE ( 'NONE', *, *, #5492, .F. ) ;
#1932 = EDGE_CURVE ( 'NONE', #2159, #2773, #5330, .T. ) ;
#1933 = DIRECTION ( 'NONE',  ( -0.000000000000000000, 1.000000000000000000, -0.000000000000000000 ) ) ;
#1934 = LINE ( 'NONE', #5757, #6078 ) ;
#1935 = ORIENTED_EDGE ( 'NONE', *, *, #100, .F. ) ;
#1936 = CARTESIAN_POINT ( 'NONE',  ( 53.75000000000000000, 2.900000000000001688, -16.00000000000000000 ) ) ;
#1937 = ORIENTED_EDGE ( 'NONE', *, *, #1142, .T. ) ;
#1938 = AXIS2_PLACEMENT_3D ( 'NONE', #2724, #3208, #721 ) ;
#1939 = EDGE_CURVE ( 'NONE', #2185, #5415, #3799, .T. ) ;
#1940 = CARTESIAN_POINT ( 'NONE',  ( 3.500000000000003997, 2.900000000000001688, -46.25000000000000000 ) ) ;
#1941 = VERTEX_POINT ( 'NONE', #1650 ) ;
#1942 = LINE ( 'NONE', #341, #2049 ) ;
#1943 = CARTESIAN_POINT ( 'NONE',  ( 0.000000000000000000, 8.400000000000002132, -54.99999999999998579 ) ) ;
#1944 = AXIS2_PLACEMENT_3D ( 'NONE', #2536, #70, #2566 ) ;
#1945 = AXIS2_PLACEMENT_3D ( 'NONE', #360, #904, #5121 ) ;
#1946 = EDGE_LOOP ( 'NONE', ( #5425, #1149, #1653, #2825 ) ) ;
#1947 = AXIS2_PLACEMENT_3D ( 'NONE', #622, #4289, #6381 ) ;
#1948 = ADVANCED_FACE ( 'NONE', ( #2097, #4159, #4710 ), #4809, .T. ) ;
#1949 = CARTESIAN_POINT ( 'NONE',  ( 0.000000000000000000, 10.00000000000000000, 0.000000000000000000 ) ) ;
#1950 = CARTESIAN_POINT ( 'NONE',  ( 70.28578643762691058, 8.399999999999995026, 2.168404344971008868E-16 ) ) ;
#1951 = CARTESIAN_POINT ( 'NONE',  ( 4.500000000000002665, 2.900000000000001688, -35.75000000000000711 ) ) ;
#1952 = VECTOR ( 'NONE', #298, 1000.000000000000000 ) ;
#1953 = ADVANCED_FACE ( 'NONE', ( #5843 ), #1556, .T. ) ;
#1954 = CARTESIAN_POINT ( 'NONE',  ( 59.00000000000000000, 9.500000000000014211, -17.14999999999997371 ) ) ;
#1955 = VERTEX_POINT ( 'NONE', #1146 ) ;
#1956 = CARTESIAN_POINT ( 'NONE',  ( 70.70000000000000284, 25.63015617892153131, -15.63015617892134657 ) ) ;
#1957 = EDGE_CURVE ( 'NONE', #5221, #1791, #4196, .T. ) ;
#1958 = ORIENTED_EDGE ( 'NONE', *, *, #2128, .F. ) ;
#1959 = FACE_OUTER_BOUND ( 'NONE', #1463, .T. ) ;
#1960 = CARTESIAN_POINT ( 'NONE',  ( -3.000000000000000000, 8.399999999999996803, -26.94999999999998153 ) ) ;
#1961 = LINE ( 'NONE', #967, #2663 ) ;
#1962 = CARTESIAN_POINT ( 'NONE',  ( 4.500000000000002665, 3.900000000000001688, -36.75000000000000711 ) ) ;
#1963 = VERTEX_POINT ( 'NONE', #2710 ) ;
#1964 = CARTESIAN_POINT ( 'NONE',  ( 67.28406102905007913, 8.400000000000000355, -33.75000000000000000 ) ) ;
#1965 = CARTESIAN_POINT ( 'NONE',  ( -3.000000000000000000, 4.500000000000000888, -9.149999999999984368 ) ) ;
#1966 = ORIENTED_EDGE ( 'NONE', *, *, #213, .F. ) ;
#1967 = DIRECTION ( 'NONE',  ( 0.000000000000000000, 1.000000000000000000, 0.000000000000000000 ) ) ;
#1968 = ORIENTED_EDGE ( 'NONE', *, *, #6035, .T. ) ;
#1969 = EDGE_CURVE ( 'NONE', #3232, #1850, #116, .T. ) ;
#1970 = LINE ( 'NONE', #1999, #1447 ) ;
#1971 = ORIENTED_EDGE ( 'NONE', *, *, #105, .F. ) ;
#1972 = VECTOR ( 'NONE', #5756, 1000.000000000000000 ) ;
#1973 = CARTESIAN_POINT ( 'NONE',  ( 6.200000000000001066, 3.900000000000000799, -37.99999999999997868 ) ) ;
#1974 = VECTOR ( 'NONE', #3103, 1000.000000000000000 ) ;
#1975 = CARTESIAN_POINT ( 'NONE',  ( 70.70000000000000284, 9.499999999999985789, -21.14999999999997371 ) ) ;
#1976 = VERTEX_POINT ( 'NONE', #2196 ) ;
#1977 = ADVANCED_FACE ( 'NONE', ( #4295 ), #6389, .F. ) ;
#1978 = AXIS2_PLACEMENT_3D ( 'NONE', #2249, #201, #4859 ) ;
#1979 = MANIFOLD_SOLID_BREP ( '圆角7', #4791 ) ;
#1980 = CARTESIAN_POINT ( 'NONE',  ( 70.06236063840498218, 8.204743483604923782, -33.73654533216463136 ) ) ;
#1981 = CARTESIAN_POINT ( 'NONE',  ( 69.70000000000000284, 8.399999999999996803, 0.000000000000000000 ) ) ;
#1982 = CARTESIAN_POINT ( 'NONE',  ( -3.000000000000000000, 8.399999999999996803, -3.000000000000000000 ) ) ;
#1983 = DIRECTION ( 'NONE',  ( 0.000000000000000000, 1.000000000000000000, 7.796510004390144799E-17 ) ) ;
#1984 = VERTEX_POINT ( 'NONE', #3780 ) ;
#1985 = DIRECTION ( 'NONE',  ( 0.000000000000000000, 1.000000000000000000, 7.796510004390144799E-17 ) ) ;
#1986 = VERTEX_POINT ( 'NONE', #2064 ) ;
#1987 = EDGE_LOOP ( 'NONE', ( #2546, #2517, #3966, #2523, #1290, #1024, #5975, #3093, #3310, #3827, #1104, #10, #51, #5992, #4260, #1138, #5526, #5521, #2756, #762, #1140, #6720, #2226, #2131 ) ) ;
#1988 = VECTOR ( 'NONE', #5511, 1000.000000000000000 ) ;
#1989 = CARTESIAN_POINT ( 'NONE',  ( 4.500000000000003553, 7.900000000000011013, -46.25000000000000000 ) ) ;
#1990 = DIRECTION ( 'NONE',  ( 0.000000000000000000, 0.000000000000000000, 1.000000000000000000 ) ) ;
#1991 = CARTESIAN_POINT ( 'NONE',  ( 3.500000000000000000, 8.400000000000002132, -52.50000000000000000 ) ) ;
#1992 = ORIENTED_EDGE ( 'NONE', *, *, #4723, .F. ) ;
#1993 = CARTESIAN_POINT ( 'NONE',  ( 3.500000000000003997, 2.900000000000001688, -47.25000000000000000 ) ) ;
#1994 = VERTEX_POINT ( 'NONE', #3158 ) ;
#1995 = LINE ( 'NONE', #974, #6071 ) ;
#1996 = ORIENTED_EDGE ( 'NONE', *, *, #5188, .F. ) ;
#1997 = CIRCLE ( 'NONE', #3429, 1.500000000000001332 ) ;
#1998 = EDGE_CURVE ( 'NONE', #273, #3264, #4236, .T. ) ;
#1999 = CARTESIAN_POINT ( 'NONE',  ( -3.000000000000000000, 8.399999999999996803, -9.149999999999984368 ) ) ;
#2000 = AXIS2_PLACEMENT_3D ( 'NONE', #3454, #2967, #1491 ) ;
#2001 = ADVANCED_FACE ( 'NONE', ( #5773 ), #5263, .F. ) ;
#2002 = ORIENTED_EDGE ( 'NONE', *, *, #5115, .T. ) ;
#2003 = LINE ( 'NONE', #6233, #2277 ) ;
#2004 = CARTESIAN_POINT ( 'NONE',  ( -2.999999999999999112, 4.500000000000000888, -14.94999999999997442 ) ) ;
#2005 = CONICAL_SURFACE ( 'NONE', #3203, 1.499999999999987566, 0.7853981633974452814 ) ;
#2006 = VERTEX_POINT ( 'NONE', #5741 ) ;
#2007 = EDGE_CURVE ( 'NONE', #177, #531, #2640, .T. ) ;
#2008 = CARTESIAN_POINT ( 'NONE',  ( 70.10300294196522941, 8.174043225934678247, -33.73277324600162075 ) ) ;
#2009 = PLANE ( 'NONE',  #5599 ) ;
#2010 = FACE_OUTER_BOUND ( 'NONE', #5605, .T. ) ;
#2011 = AXIS2_PLACEMENT_3D ( 'NONE', #257, #4876, #3368 ) ;
#2012 = CARTESIAN_POINT ( 'NONE',  ( 59.00000000000000000, 4.500000000000000888, -9.149999999999984368 ) ) ;
#2013 = ORIENTED_EDGE ( 'NONE', *, *, #3607, .T. ) ;
#2014 = CARTESIAN_POINT ( 'NONE',  ( 0.000000000000000000, 2.900000000000001688, -56.00000000000000000 ) ) ;
#2015 = CIRCLE ( 'NONE', #6522, 0.9999999999999908962 ) ;
#2016 = VERTEX_POINT ( 'NONE', #2130 ) ;
#2017 = LINE ( 'NONE', #4541, #6558 ) ;
#2018 = DIRECTION ( 'NONE',  ( 0.000000000000000000, -0.7071067811865536790, -0.7071067811865414665 ) ) ;
#2019 = PLANE ( 'NONE',  #482 ) ;
#2020 = DIRECTION ( 'NONE',  ( 0.000000000000000000, -7.796510004390146031E-17, 1.000000000000000000 ) ) ;
#2021 = EDGE_CURVE ( 'NONE', #197, #498, #2675, .T. ) ;
#2022 = ORIENTED_EDGE ( 'NONE', *, *, #2240, .F. ) ;
#2023 = ADVANCED_FACE ( 'NONE', ( #1320 ), #3263, .F. ) ;
#2024 = DIRECTION ( 'NONE',  ( 0.000000000000000000, 0.000000000000000000, 1.000000000000000000 ) ) ;
#2025 = EDGE_LOOP ( 'NONE', ( #5841, #5023, #4051, #3019 ) ) ;
#2026 = CARTESIAN_POINT ( 'NONE',  ( 36.49999999999999289, 10.00000000000000000, -13.14999999999997371 ) ) ;
#2027 = EDGE_LOOP ( 'NONE', ( #202, #624, #3720, #6688, #2740, #6458 ) ) ;
#2028 = EDGE_CURVE ( 'NONE', #3074, #4380, #259, .T. ) ;
#2029 = DIRECTION ( 'NONE',  ( 0.000000000000000000, -7.796510004390146031E-17, 1.000000000000000000 ) ) ;
#2030 = PLANE ( 'NONE',  #5665 ) ;
#2031 = EDGE_CURVE ( 'NONE', #5194, #5727, #6569, .T. ) ;
#2032 = VERTEX_POINT ( 'NONE', #5365 ) ;
#2033 = FACE_OUTER_BOUND ( 'NONE', #5602, .T. ) ;
#2034 = VERTEX_POINT ( 'NONE', #665 ) ;
#2035 = EDGE_CURVE ( 'NONE', #6022, #4364, #6462, .T. ) ;
#2036 = DIRECTION ( 'NONE',  ( 0.000000000000000000, -1.000000000000000000, -7.796510004390146031E-17 ) ) ;
#2037 = FACE_OUTER_BOUND ( 'NONE', #1184, .T. ) ;
#2038 = VERTEX_POINT ( 'NONE', #4477 ) ;
#2039 = VECTOR ( 'NONE', #5704, 1000.000000000000000 ) ;
#2040 = CARTESIAN_POINT ( 'NONE',  ( 70.14258827446047917, 8.143257248842948215, -33.72992257317093845 ) ) ;
#2041 = AXIS2_PLACEMENT_3D ( 'NONE', #1075, #3121, #4263 ) ;
#2042 = LINE ( 'NONE', #6680, #2073 ) ;
#2043 = PLANE ( 'NONE',  #2183 ) ;
#2044 = ADVANCED_FACE ( 'NONE', ( #4951, #2743, #1796 ), #3895, .F. ) ;
#2045 = AXIS2_PLACEMENT_3D ( 'NONE', #680, #5380, #1194 ) ;
#2046 = CARTESIAN_POINT ( 'NONE',  ( 37.00000000000000000, 4.500000000000000888, -18.94999999999997442 ) ) ;
#2047 = ORIENTED_EDGE ( 'NONE', *, *, #3307, .T. ) ;
#2048 = DIRECTION ( 'NONE',  ( -0.000000000000000000, -0.000000000000000000, 1.000000000000000000 ) ) ;
#2049 = VECTOR ( 'NONE', #945, 1000.000000000000000 ) ;
#2050 = EDGE_LOOP ( 'NONE', ( #5909, #3292, #1423, #6382, #4044, #2455 ) ) ;
#2051 = FACE_OUTER_BOUND ( 'NONE', #5943, .T. ) ;
#2052 = CONICAL_SURFACE ( 'NONE', #4914, 1.500000000000001332, 0.7853981633974626009 ) ;
#2053 = VECTOR ( 'NONE', #6314, 1000.000000000000000 ) ;
#2054 = EDGE_CURVE ( 'NONE', #5466, #4134, #4877, .T. ) ;
#2055 = DIRECTION ( 'NONE',  ( -0.000000000000000000, 1.000000000000000000, 0.000000000000000000 ) ) ;
#2056 = DIRECTION ( 'NONE',  ( 0.000000000000000000, 1.000000000000000000, 7.796510004390146031E-17 ) ) ;
#2057 = ORIENTED_EDGE ( 'NONE', *, *, #3889, .T. ) ;
#2058 = DIRECTION ( 'NONE',  ( 0.7071067811865474617, -0.7071067811865474617, -0.000000000000000000 ) ) ;
#2059 = VERTEX_POINT ( 'NONE', #3297 ) ;
#2060 = DIRECTION ( 'NONE',  ( 0.000000000000000000, 0.000000000000000000, -1.000000000000000000 ) ) ;
#2061 = VERTEX_POINT ( 'NONE', #702 ) ;
#2062 = CARTESIAN_POINT ( 'NONE',  ( 6.200000000000001066, 3.900000000000000799, -38.84999999999998010 ) ) ;
#2063 = EDGE_CURVE ( 'NONE', #3899, #6268, #221, .T. ) ;
#2064 = CARTESIAN_POINT ( 'NONE',  ( 2.250000000000002220, 7.900000000000011013, -47.25000000000000000 ) ) ;
#2065 = VECTOR ( 'NONE', #6448, 1000.000000000000114 ) ;
#2066 = VERTEX_POINT ( 'NONE', #6059 ) ;
#2067 = DIRECTION ( 'NONE',  ( 1.000000000000000000, 0.000000000000000000, 0.000000000000000000 ) ) ;
#2068 = ORIENTED_EDGE ( 'NONE', *, *, #6083, .F. ) ;
#2069 = CARTESIAN_POINT ( 'NONE',  ( 12.00000000000000355, 5.600000000000001421, -32.64999999999998437 ) ) ;
#2070 = CARTESIAN_POINT ( 'NONE',  ( 6.000000000000000000, 0.000000000000000000, -50.99999999999999289 ) ) ;
#2071 = VERTEX_POINT ( 'NONE', #2306 ) ;
#2072 = VECTOR ( 'NONE', #3043, 1000.000000000000000 ) ;
#2073 = VECTOR ( 'NONE', #6775, 1000.000000000000000 ) ;
#2074 = CARTESIAN_POINT ( 'NONE',  ( 68.70000000000000284, 7.899999999999997691, -32.72737740986950428 ) ) ;
#2075 = LINE ( 'NONE', #57, #6334 ) ;
#2076 = LINE ( 'NONE', #406, #1752 ) ;
#2077 = CARTESIAN_POINT ( 'NONE',  ( 59.35000000000001563, 3.900000000000000799, -39.59999999999997300 ) ) ;
#2078 = CIRCLE ( 'NONE', #2619, 0.7499999999999937828 ) ;
#2079 = ADVANCED_FACE ( 'NONE', ( #4841 ), #4331, .T. ) ;
#2080 = DIRECTION ( 'NONE',  ( 0.000000000000000000, -1.000000000000000000, -7.796510004390144799E-17 ) ) ;
#2081 = ORIENTED_EDGE ( 'NONE', *, *, #949, .F. ) ;
#2082 = PLANE ( 'NONE',  #5047 ) ;
#2083 = DIRECTION ( 'NONE',  ( 0.000000000000000000, -1.000000000000000000, 0.000000000000000000 ) ) ;
#2084 = ORIENTED_EDGE ( 'NONE', *, *, #5936, .F. ) ;
#2085 = ADVANCED_FACE ( 'NONE', ( #3370 ), #2263, .T. ) ;
#2086 = LINE ( 'NONE', #2149, #1410 ) ;
#2087 = LINE ( 'NONE', #6285, #278 ) ;
#2088 = LINE ( 'NONE', #5323, #920 ) ;
#2089 = ORIENTED_EDGE ( 'NONE', *, *, #5891, .T. ) ;
#2090 = CARTESIAN_POINT ( 'NONE',  ( -2.999999999999999112, 4.500000000000000888, -10.94999999999997442 ) ) ;
#2091 = ORIENTED_EDGE ( 'NONE', *, *, #5611, .F. ) ;
#2092 = ADVANCED_FACE ( 'NONE', ( #3818 ), #1762, .F. ) ;
#2093 = CARTESIAN_POINT ( 'NONE',  ( 59.00000000000000000, 4.500000000000000888, -22.94999999999997797 ) ) ;
#2094 = ORIENTED_EDGE ( 'NONE', *, *, #3359, .F. ) ;
#2095 = CARTESIAN_POINT ( 'NONE',  ( 37.00000000000000000, 4.500000000000000888, -10.94999999999997442 ) ) ;
#2096 = VECTOR ( 'NONE', #1734, 1000.000000000000000 ) ;
#2097 = FACE_BOUND ( 'NONE', #5408, .T. ) ;
#2098 = ORIENTED_EDGE ( 'NONE', *, *, #593, .F. ) ;
#2099 = CARTESIAN_POINT ( 'NONE',  ( 69.81455730061283305, 8.381263197277833754, -33.76873680272216660 ) ) ;
#2100 = ORIENTED_EDGE ( 'NONE', *, *, #3777, .F. ) ;
#2101 = LINE ( 'NONE', #1113, #6336 ) ;
#2102 = CARTESIAN_POINT ( 'NONE',  ( 69.87630650993884274, 8.514733210804806163, -33.63526678919519242 ) ) ;
#2103 = AXIS2_PLACEMENT_3D ( 'NONE', #5994, #3901, #5515 ) ;
#2104 = ORIENTED_EDGE ( 'NONE', *, *, #6391, .T. ) ;
#2105 = AXIS2_PLACEMENT_3D ( 'NONE', #770, #3506, #6691 ) ;
#2106 = DIRECTION ( 'NONE',  ( 0.000000000000000000, -7.796510004390146031E-17, 1.000000000000000000 ) ) ;
#2107 = AXIS2_PLACEMENT_3D ( 'NONE', #6318, #2056, #6252 ) ;
#2108 = FACE_OUTER_BOUND ( 'NONE', #2355, .T. ) ;
#2109 = FACE_OUTER_BOUND ( 'NONE', #707, .T. ) ;
#2110 = DIRECTION ( 'NONE',  ( 0.000000000000000000, 0.000000000000000000, -1.000000000000000000 ) ) ;
#2111 = EDGE_CURVE ( 'NONE', #2890, #2598, #5915, .T. ) ;
#2112 = LINE ( 'NONE', #1089, #73 ) ;
#2113 = ORIENTED_EDGE ( 'NONE', *, *, #4053, .F. ) ;
#2114 = CARTESIAN_POINT ( 'NONE',  ( -1.399999999999995914, 10.00000000000000000, -3.000000000000000000 ) ) ;
#2115 = CARTESIAN_POINT ( 'NONE',  ( 70.70000000000000284, 4.500000000000000888, -26.94999999999998153 ) ) ;
#2116 = VERTEX_POINT ( 'NONE', #2815 ) ;
#2117 = LINE ( 'NONE', #1577, #528 ) ;
#2118 = EDGE_CURVE ( 'NONE', #4178, #2125, #512, .T. ) ;
#2119 = ORIENTED_EDGE ( 'NONE', *, *, #1306, .T. ) ;
#2120 = DIRECTION ( 'NONE',  ( 1.000000000000000000, 0.000000000000000000, 0.000000000000000000 ) ) ;
#2121 = CYLINDRICAL_SURFACE ( 'NONE', #1360, 1.000000000000000888 ) ;
#2122 = AXIS2_PLACEMENT_3D ( 'NONE', #4370, #6387, #2228 ) ;
#2123 = VERTEX_POINT ( 'NONE', #6534 ) ;
#2124 = DIRECTION ( 'NONE',  ( -0.000000000000000000, 0.000000000000000000, 1.000000000000000000 ) ) ;
#2125 = VERTEX_POINT ( 'NONE', #1828 ) ;
#2126 = CYLINDRICAL_SURFACE ( 'NONE', #4626, 0.9999999999999940048 ) ;
#2127 = ORIENTED_EDGE ( 'NONE', *, *, #2118, .T. ) ;
#2128 = EDGE_CURVE ( 'NONE', #1586, #2315, #6025, .T. ) ;
#2129 = CARTESIAN_POINT ( 'NONE',  ( 68.70000000000000284, 8.400000000000000355, -32.72737740986950428 ) ) ;
#2130 = CARTESIAN_POINT ( 'NONE',  ( 37.00000000000000000, 4.500000000000000888, -9.149999999999984368 ) ) ;
#2131 = ORIENTED_EDGE ( 'NONE', *, *, #4504, .F. ) ;
#2132 = LINE ( 'NONE', #4713, #6714 ) ;
#2133 = ORIENTED_EDGE ( 'NONE', *, *, #4474, .T. ) ;
#2134 = CARTESIAN_POINT ( 'NONE',  ( 70.70000000000000284, 4.500000000000000888, -6.949999999999984190 ) ) ;
#2135 = DIRECTION ( 'NONE',  ( 0.000000000000000000, 0.000000000000000000, 1.000000000000000000 ) ) ;
#2136 = ORIENTED_EDGE ( 'NONE', *, *, #6140, .F. ) ;
#2137 = EDGE_CURVE ( 'NONE', #1976, #4728, #5228, .T. ) ;
#2138 = DIRECTION ( 'NONE',  ( 0.000000000000000000, 0.000000000000000000, 1.000000000000000000 ) ) ;
#2139 = FACE_OUTER_BOUND ( 'NONE', #4383, .T. ) ;
#2140 = CARTESIAN_POINT ( 'NONE',  ( 59.00000000000000000, 9.500000000000014211, -9.149999999999984368 ) ) ;
#2141 = LINE ( 'NONE', #6369, #1538 ) ;
#2142 = CARTESIAN_POINT ( 'NONE',  ( 70.19999999999998863, 10.00000000000000000, 0.000000000000000000 ) ) ;
#2143 = EDGE_CURVE ( 'NONE', #2038, #4775, #1418, .T. ) ;
#2144 = VECTOR ( 'NONE', #6220, 1000.000000000000000 ) ;
#2145 = AXIS2_PLACEMENT_3D ( 'NONE', #5534, #4564, #4017 ) ;
#2146 = DATE_AND_TIME ( #5791, #2180 ) ;
#2147 = CARTESIAN_POINT ( 'NONE',  ( 1.250000000000002442, 7.900000000000011013, -47.25000000000000000 ) ) ;
#2148 = VERTEX_POINT ( 'NONE', #5610 ) ;
#2149 = CARTESIAN_POINT ( 'NONE',  ( 36.50000000000000000, 10.00000000000000000, 0.000000000000000000 ) ) ;
#2150 = VECTOR ( 'NONE', #3265, 1000.000000000000000 ) ;
#2151 = ORIENTED_EDGE ( 'NONE', *, *, #4594, .F. ) ;
#2152 = EDGE_CURVE ( 'NONE', #3813, #5646, #5667, .T. ) ;
#2153 = VECTOR ( 'NONE', #736, 1000.000000000000000 ) ;
#2154 = CARTESIAN_POINT ( 'NONE',  ( 35.50000000000000000, 5.600000000000001421, -29.64999999999998082 ) ) ;
#2155 = LINE ( 'NONE', #1642, #5525 ) ;
#2156 = EDGE_CURVE ( 'NONE', #5553, #5340, #4027, .T. ) ;
#2157 = ORIENTED_EDGE ( 'NONE', *, *, #2503, .T. ) ;
#2158 = FACE_OUTER_BOUND ( 'NONE', #3788, .T. ) ;
#2159 = VERTEX_POINT ( 'NONE', #1962 ) ;
#2160 = VECTOR ( 'NONE', #5829, 1000.000000000000114 ) ;
#2161 = CARTESIAN_POINT ( 'NONE',  ( 59.50000000000000000, 10.00000000000000000, 0.000000000000000000 ) ) ;
#2162 = ORIENTED_EDGE ( 'NONE', *, *, #1740, .F. ) ;
#2163 = VECTOR ( 'NONE', #4301, 1000.000000000000000 ) ;
#2164 = LINE ( 'NONE', #6325, #4968 ) ;
#2165 = CARTESIAN_POINT ( 'NONE',  ( 61.30000000000000426, -5.500000000000001776, -38.84999999999997300 ) ) ;
#2166 = EDGE_CURVE ( 'NONE', #1484, #5098, #4117, .T. ) ;
#2167 = CIRCLE ( 'NONE', #1512, 0.8500000000000035305 ) ;
#2168 = VERTEX_POINT ( 'NONE', #969 ) ;
#2169 = DIRECTION ( 'NONE',  ( -0.000000000000000000, -1.000000000000000000, -7.796510004390146031E-17 ) ) ;
#2170 = ORIENTED_EDGE ( 'NONE', *, *, #4535, .F. ) ;
#2171 = CARTESIAN_POINT ( 'NONE',  ( 59.00000000000000711, 2.900000000000001688, -56.00000000000000000 ) ) ;
#2172 = CARTESIAN_POINT ( 'NONE',  ( 69.96047752855197643, 8.879149903011242628, -33.27085009698874529 ) ) ;
#2173 = EDGE_CURVE ( 'NONE', #239, #1260, #4633, .T. ) ;
#2174 = EDGE_LOOP ( 'NONE', ( #5165, #2899, #5755, #5763 ) ) ;
#2175 = DIRECTION ( 'NONE',  ( 1.000000000000000000, 0.000000000000000000, 0.000000000000000000 ) ) ;
#2176 = CARTESIAN_POINT ( 'NONE',  ( 67.28406102905007913, 2.900000000000001688, -33.75000000000000000 ) ) ;
#2177 = DIRECTION ( 'NONE',  ( -0.000000000000000000, 1.000000000000000000, -0.000000000000000000 ) ) ;
#2178 = CARTESIAN_POINT ( 'NONE',  ( 59.00000000000000000, 9.500000000000014211, -6.949999999999980638 ) ) ;
#2179 = EDGE_CURVE ( 'NONE', #6151, #3389, #3030, .T. ) ;
#2180 = LOCAL_TIME ( 11, 23, 40.00000000000000000, #6447 ) ;
#2181 = CARTESIAN_POINT ( 'NONE',  ( 70.19999999999998863, 10.00000000000000000, -26.94999999999998153 ) ) ;
#2182 = COORDINATED_UNIVERSAL_TIME_OFFSET ( 8, 0, .AHEAD. ) ;
#2183 = AXIS2_PLACEMENT_3D ( 'NONE', #610, #472, #4242 ) ;
#2184 = DIRECTION ( 'NONE',  ( -0.000000000000000000, 1.000000000000000000, -0.000000000000000000 ) ) ;
#2185 = VERTEX_POINT ( 'NONE', #3049 ) ;
#2186 = LINE ( 'NONE', #6376, #2392 ) ;
#2187 = CIRCLE ( 'NONE', #342, 0.9999999999999940048 ) ;
#2188 = CARTESIAN_POINT ( 'NONE',  ( -3.000000000000000000, 4.500000000000000888, -6.949999999999984190 ) ) ;
#2189 = LINE ( 'NONE', #4253, #4430 ) ;
#2190 = EDGE_LOOP ( 'NONE', ( #2301, #321, #1651, #2525 ) ) ;
#2191 = FACE_OUTER_BOUND ( 'NONE', #1476, .T. ) ;
#2192 = ORIENTED_EDGE ( 'NONE', *, *, #3568, .T. ) ;
#2193 = DIRECTION ( 'NONE',  ( -0.7071067811865475727, -0.7071067811865475727, -0.000000000000000000 ) ) ;
#2194 = EDGE_LOOP ( 'NONE', ( #5439, #4467, #4883, #4187, #4155, #1871 ) ) ;
#2195 = DIRECTION ( 'NONE',  ( 0.000000000000000000, -0.000000000000000000, 1.000000000000000000 ) ) ;
#2196 = CARTESIAN_POINT ( 'NONE',  ( -3.000000000000000000, 7.399999999999986144, -53.00000000000000000 ) ) ;
#2197 = EDGE_CURVE ( 'NONE', #1581, #2116, #5774, .T. ) ;
#2198 = ORIENTED_EDGE ( 'NONE', *, *, #2279, .T. ) ;
#2199 = CARTESIAN_POINT ( 'NONE',  ( -3.000000000000000000, 8.399999999999996803, -18.94999999999997442 ) ) ;
#2200 = ORIENTED_EDGE ( 'NONE', *, *, #204, .T. ) ;
#2201 = LINE ( 'NONE', #6361, #5894 ) ;
#2202 = CARTESIAN_POINT ( 'NONE',  ( 59.00000000000000000, 9.500000000000014211, -6.949999999999980638 ) ) ;
#2203 = EDGE_CURVE ( 'NONE', #3139, #6054, #6724, .T. ) ;
#2204 = AXIS2_PLACEMENT_3D ( 'NONE', #2932, #5556, #6101 ) ;
#2205 = VERTEX_POINT ( 'NONE', #4088 ) ;
#2206 = ORIENTED_EDGE ( 'NONE', *, *, #6690, .F. ) ;
#2207 = LINE ( 'NONE', #499, #5678 ) ;
#2208 = AXIS2_PLACEMENT_3D ( 'NONE', #6333, #6301, #4203 ) ;
#2209 = PLANE ( 'NONE',  #4905 ) ;
#2210 = LINE ( 'NONE', #2140, #1540 ) ;
#2211 = CARTESIAN_POINT ( 'NONE',  ( 10.50000000000000178, 3.400000000000001688, -35.75000000000000711 ) ) ;
#2212 = CARTESIAN_POINT ( 'NONE',  ( 10.50000000000000178, 3.900000000000000799, -40.72416573867737100 ) ) ;
#2214 = ADVANCED_FACE ( 'NONE', ( #3508 ), #450, .F. ) ;
#2213 = AXIS2_PLACEMENT_3D ( 'NONE', #4603, #6155, #5577 ) ;
#2215 = APPROVAL_DATE_TIME ( #1634, #1264 ) ;
#2216 = DIRECTION ( 'NONE',  ( -1.094462760868647861E-16, 0.000000000000000000, 1.000000000000000000 ) ) ;
#2217 = ORIENTED_EDGE ( 'NONE', *, *, #3694, .T. ) ;
#2218 = CARTESIAN_POINT ( 'NONE',  ( 69.87098110768872061, 7.899999999999997691, -34.34873586666926570 ) ) ;
#2219 = AXIS2_PLACEMENT_3D ( 'NONE', #2378, #1870, #3664 ) ;
#2220 = CARTESIAN_POINT ( 'NONE',  ( -1.399999999999995914, 10.00000000000000000, -29.14999999999998437 ) ) ;
#2221 = FACE_BOUND ( 'NONE', #5430, .T. ) ;
#2222 = EDGE_LOOP ( 'NONE', ( #5013, #5643, #5504, #6426 ) ) ;
#2223 = LINE ( 'NONE', #6080, #4681 ) ;
#2224 = ORIENTED_EDGE ( 'NONE', *, *, #5246, .T. ) ;
#2225 = FACE_OUTER_BOUND ( 'NONE', #6235, .T. ) ;
#2226 = ORIENTED_EDGE ( 'NONE', *, *, #5903, .T. ) ;
#2227 = VECTOR ( 'NONE', #3333, 1000.000000000000000 ) ;
#2228 = DIRECTION ( 'NONE',  ( 0.000000000000000000, 0.000000000000000000, -1.000000000000000000 ) ) ;
#2229 = ADVANCED_FACE ( 'NONE', ( #2918 ), #1389, .T. ) ;
#2230 = DIRECTION ( 'NONE',  ( 1.000000000000000000, -0.000000000000000000, -0.000000000000000000 ) ) ;
#2231 = ADVANCED_FACE ( 'NONE', ( #2987 ), #2475, .T. ) ;
#2232 = ORIENTED_EDGE ( 'NONE', *, *, #5632, .T. ) ;
#2233 = DIRECTION ( 'NONE',  ( 0.000000000000000000, 0.000000000000000000, -1.000000000000000000 ) ) ;
#2234 = LINE ( 'NONE', #2272, #247 ) ;
#2235 = ORIENTED_EDGE ( 'NONE', *, *, #1932, .T. ) ;
#2236 = VERTEX_POINT ( 'NONE', #4573 ) ;
#2237 = AXIS2_PLACEMENT_3D ( 'NONE', #2697, #2802, #764 ) ;
#2238 = DIRECTION ( 'NONE',  ( 0.000000000000000000, 0.000000000000000000, -1.000000000000000000 ) ) ;
#2239 = CARTESIAN_POINT ( 'NONE',  ( 2.250000000000002220, 2.900000000000002576, -46.25000000000000000 ) ) ;
#2240 = EDGE_CURVE ( 'NONE', #5300, #4065, #5081, .T. ) ;
#2241 = VERTEX_POINT ( 'NONE', #5546 ) ;
#2242 = EDGE_CURVE ( 'NONE', #4150, #4021, #841, .T. ) ;
#2243 = EDGE_LOOP ( 'NONE', ( #1059, #1589, #2641, #1836, #2816, #2505 ) ) ;
#2244 = EDGE_CURVE ( 'NONE', #531, #3606, #6665, .T. ) ;
#2245 = CARTESIAN_POINT ( 'NONE',  ( 70.54337278869279260, 8.042505800812154604, -33.50331651583260850 ) ) ;
#2246 = EDGE_LOOP ( 'NONE', ( #6576, #5177, #2628, #5123 ) ) ;
#2247 = CARTESIAN_POINT ( 'NONE',  ( 53.44999999999996732, 7.900000000000014566, -41.74999999999997158 ) ) ;
#2248 = FACE_OUTER_BOUND ( 'NONE', #5509, .T. ) ;
#2249 = CARTESIAN_POINT ( 'NONE',  ( 3.500000000000003109, 10.00000000000000000, -3.500000000000000000 ) ) ;
#2250 = FACE_OUTER_BOUND ( 'NONE', #1880, .T. ) ;
#2251 = CARTESIAN_POINT ( 'NONE',  ( 0.000000000000000000, 8.399999999999996803, 0.000000000000000000 ) ) ;
#2252 = ADVANCED_FACE ( 'NONE', ( #422 ), #3570, .F. ) ;
#2253 = EDGE_LOOP ( 'NONE', ( #5669, #2526, #68, #4216 ) ) ;
#2254 = CARTESIAN_POINT ( 'NONE',  ( 59.00000000000000000, 9.500000000000014211, -18.94999999999997442 ) ) ;
#2255 = DIRECTION ( 'NONE',  ( -4.525365589504713302E-17, 0.000000000000000000, -1.000000000000000000 ) ) ;
#2256 = VECTOR ( 'NONE', #5561, 1000.000000000000000 ) ;
#2257 = CARTESIAN_POINT ( 'NONE',  ( 3.500000000000003109, 2.900000000000001688, -2.500000000000000444 ) ) ;
#2258 = VERTEX_POINT ( 'NONE', #3540 ) ;
#2259 = DIRECTION ( 'NONE',  ( 0.000000000000000000, -1.000000000000000000, 0.000000000000000000 ) ) ;
#2260 = AXIS2_PLACEMENT_3D ( 'NONE', #393, #5060, #2477 ) ;
#2261 = ORIENTED_EDGE ( 'NONE', *, *, #307, .T. ) ;
#2262 = EDGE_LOOP ( 'NONE', ( #3271, #3455, #2081, #3867 ) ) ;
#2263 = CONICAL_SURFACE ( 'NONE', #5457, 1.499999999999987566, 0.7853981633974591592 ) ;
#2264 = CARTESIAN_POINT ( 'NONE',  ( 70.70000000000000284, 4.500000000000000888, -25.14999999999997726 ) ) ;
#2265 = EDGE_CURVE ( 'NONE', #4957, #461, #6383, .T. ) ;
#2266 = ORIENTED_EDGE ( 'NONE', *, *, #3181, .F. ) ;
#2267 = CARTESIAN_POINT ( 'NONE',  ( 11.50000000000000355, 5.600000000000001421, -33.64999999999998437 ) ) ;
#2268 = VECTOR ( 'NONE', #5309, 1000.000000000000000 ) ;
#2269 = DIRECTION ( 'NONE',  ( 0.000000000000000000, 0.000000000000000000, -1.000000000000000000 ) ) ;
#2270 = ORIENTED_EDGE ( 'NONE', *, *, #5682, .T. ) ;
#2271 = DIRECTION ( 'NONE',  ( 0.7071067811865378028, -0.7071067811865573427, 0.000000000000000000 ) ) ;
#2272 = CARTESIAN_POINT ( 'NONE',  ( 66.20000000000000284, 0.000000000000000000, -55.00000000000000000 ) ) ;
#2273 = ORIENTED_EDGE ( 'NONE', *, *, #3261, .F. ) ;
#2274 = ORIENTED_EDGE ( 'NONE', *, *, #2610, .F. ) ;
#2275 = DIRECTION ( 'NONE',  ( 0.000000000000000000, 0.000000000000000000, -1.000000000000000000 ) ) ;
#2276 = CYLINDRICAL_SURFACE ( 'NONE', #5288, 1.000000000000000888 ) ;
#2277 = VECTOR ( 'NONE', #1527, 1000.000000000000000 ) ;
#2278 = EDGE_LOOP ( 'NONE', ( #5540, #5328, #975, #1557, #2592, #301, #2669, #1594, #6188, #6611, #6593, #2232, #5758, #3972, #3054, #6190, #1640, #1456, #6528, #632, #1576, #2550, #4847 ) ) ;
#2279 = EDGE_CURVE ( 'NONE', #6054, #5334, #2631, .T. ) ;
#2280 = VECTOR ( 'NONE', #6681, 1000.000000000000000 ) ;
#2281 = VECTOR ( 'NONE', #4658, 1000.000000000000000 ) ;
#2282 = ORIENTED_EDGE ( 'NONE', *, *, #3937, .F. ) ;
#2283 = CARTESIAN_POINT ( 'NONE',  ( 66.20000000000000284, 7.400000000000002132, -56.00000000000000000 ) ) ;
#2284 = VERTEX_POINT ( 'NONE', #5762 ) ;
#2285 = DIRECTION ( 'NONE',  ( 0.000000000000000000, 0.000000000000000000, 1.000000000000000000 ) ) ;
#2286 = DIRECTION ( 'NONE',  ( -0.000000000000000000, 1.000000000000000000, -0.000000000000000000 ) ) ;
#2287 = DIRECTION ( 'NONE',  ( -1.000000000000000000, -0.000000000000000000, -0.000000000000000000 ) ) ;
#2288 = EDGE_LOOP ( 'NONE', ( #6291, #5845, #5799, #3672 ) ) ;
#2289 = CARTESIAN_POINT ( 'NONE',  ( 1.250000000000002442, 2.900000000000001688, -16.00000000000000000 ) ) ;
#2290 = APPROVAL_STATUS ( 'not_yet_approved' ) ;
#2291 = CARTESIAN_POINT ( 'NONE',  ( -3.000000000000000000, 8.399999999999996803, -6.949999999999984190 ) ) ;
#2292 = VERTEX_POINT ( 'NONE', #5834 ) ;
#2293 = CARTESIAN_POINT ( 'NONE',  ( 3.500000000000000000, 0.000000000000000000, -51.50000000000000000 ) ) ;
#2294 = EDGE_CURVE ( 'NONE', #2016, #5264, #3079, .T. ) ;
#2295 = CARTESIAN_POINT ( 'NONE',  ( 3.500000000000003109, 10.00000000000000000, -4.500000000000000000 ) ) ;
#2296 = CARTESIAN_POINT ( 'NONE',  ( 0.000000000000000000, 3.900000000000001688, 0.000000000000000000 ) ) ;
#2297 = VERTEX_POINT ( 'NONE', #5187 ) ;
#2298 = EDGE_CURVE ( 'NONE', #4099, #5727, #2189, .T. ) ;
#2299 = VECTOR ( 'NONE', #822, 1000.000000000000000 ) ;
#2300 = ORIENTED_EDGE ( 'NONE', *, *, #6094, .F. ) ;
#2301 = ORIENTED_EDGE ( 'NONE', *, *, #1273, .F. ) ;
#2302 = CARTESIAN_POINT ( 'NONE',  ( 66.20000000000000284, 2.900000000000001688, -47.25000000000000000 ) ) ;
#2303 = VERTEX_POINT ( 'NONE', #5731 ) ;
#2304 = AXIS2_PLACEMENT_3D ( 'NONE', #3136, #1571, #1052 ) ;
#2305 = CARTESIAN_POINT ( 'NONE',  ( -1.399999999999995914, 10.00000000000000000, -3.000000000000000000 ) ) ;
#2306 = CARTESIAN_POINT ( 'NONE',  ( 4.999999999999991118, 8.400000000000000355, -36.75000000000000711 ) ) ;
#2307 = VERTEX_POINT ( 'NONE', #6753 ) ;
#2308 = ADVANCED_FACE ( 'NONE', ( #1031 ), #1903, .F. ) ;
#2309 = DIRECTION ( 'NONE',  ( 0.000000000000000000, 0.000000000000000000, 1.000000000000000000 ) ) ;
#2310 = CARTESIAN_POINT ( 'NONE',  ( 65.20000000000000284, 10.00000000000000000, -56.00000000000000000 ) ) ;
#2311 = ORIENTED_EDGE ( 'NONE', *, *, #2741, .F. ) ;
#2312 = DIRECTION ( 'NONE',  ( 0.000000000000000000, -0.000000000000000000, 1.000000000000000000 ) ) ;
#2313 = CARTESIAN_POINT ( 'NONE',  ( 59.00000000000000000, 9.500000000000014211, -6.949999999999980638 ) ) ;
#2314 = ORIENTED_EDGE ( 'NONE', *, *, #2521, .T. ) ;
#2315 = VERTEX_POINT ( 'NONE', #1137 ) ;
#2316 = CARTESIAN_POINT ( 'NONE',  ( 70.52945577346821437, 8.022103636484521516, -33.53559721895349810 ) ) ;
#2317 = EDGE_LOOP ( 'NONE', ( #1731, #3008, #3703, #1845 ) ) ;
#2318 = CARTESIAN_POINT ( 'NONE',  ( 38.00000000000000711, 5.600000000000001421, -32.14999999999998437 ) ) ;
#2319 = AXIS2_PLACEMENT_3D ( 'NONE', #633, #2169, #3094 ) ;
#2320 = CARTESIAN_POINT ( 'NONE',  ( -3.000000000000000000, 8.399999999999996803, -32.14999999999998437 ) ) ;
#2321 = CARTESIAN_POINT ( 'NONE',  ( 53.44999999999996732, 8.400000000000000355, -40.74999999999997158 ) ) ;
#2322 = EDGE_LOOP ( 'NONE', ( #3580, #2748 ) ) ;
#2323 = CARTESIAN_POINT ( 'NONE',  ( 53.44999999999996732, 8.400000000000000355, -40.74999999999997158 ) ) ;
#2324 = EDGE_CURVE ( 'NONE', #1994, #1986, #2088, .T. ) ;
#2325 = LINE ( 'NONE', #723, #2620 ) ;
#2326 = ORIENTED_EDGE ( 'NONE', *, *, #4135, .T. ) ;
#2327 = LINE ( 'NONE', #689, #639 ) ;
#2328 = AXIS2_PLACEMENT_3D ( 'NONE', #5269, #534, #1114 ) ;
#2329 = ADVANCED_FACE ( 'NONE', ( #589 ), #4536, .F. ) ;
#2330 = VECTOR ( 'NONE', #1313, 1000.000000000000000 ) ;
#2331 = DIRECTION ( 'NONE',  ( 0.000000000000000000, 0.000000000000000000, 1.000000000000000000 ) ) ;
#2332 = FACE_OUTER_BOUND ( 'NONE', #1225, .T. ) ;
#2333 = ORIENTED_EDGE ( 'NONE', *, *, #5383, .T. ) ;
#2334 = VECTOR ( 'NONE', #2501, 1000.000000000000000 ) ;
#2335 = DIRECTION ( 'NONE',  ( 1.084202172485504434E-16, -7.796510004390146031E-17, 1.000000000000000000 ) ) ;
#2336 = EDGE_CURVE ( 'NONE', #4567, #642, #6286, .T. ) ;
#2337 = ORIENTED_EDGE ( 'NONE', *, *, #2731, .T. ) ;
#2338 = ORIENTED_EDGE ( 'NONE', *, *, #2653, .F. ) ;
#2339 = VECTOR ( 'NONE', #5708, 1000.000000000000000 ) ;
#2340 = DIRECTION ( 'NONE',  ( 0.7071067811865573427, -0.7071067811865378028, 0.000000000000000000 ) ) ;
#2341 = LINE ( 'NONE', #1319, #2227 ) ;
#2342 = CARTESIAN_POINT ( 'NONE',  ( 63.00000000000000000, 3.400000000000001688, -44.75000000000000711 ) ) ;
#2343 = VERTEX_POINT ( 'NONE', #1515 ) ;
#2344 = DIRECTION ( 'NONE',  ( 0.000000000000000000, -1.000000000000000000, -0.000000000000000000 ) ) ;
#2345 = CARTESIAN_POINT ( 'NONE',  ( 63.00000000000000000, 3.900000000000001688, -44.75000000000000711 ) ) ;
#2346 = ORIENTED_EDGE ( 'NONE', *, *, #6107, .F. ) ;
#2347 = DIRECTION ( 'NONE',  ( 1.000000000000000000, 0.000000000000000000, 0.000000000000000000 ) ) ;
#2348 = CARTESIAN_POINT ( 'NONE',  ( 37.44999999999997442, 7.900000000000014566, -40.74999999999997158 ) ) ;
#2349 = EDGE_CURVE ( 'NONE', #4224, #3050, #620, .T. ) ;
#2350 = VECTOR ( 'NONE', #4699, 1000.000000000000000 ) ;
#2351 = ORIENTED_EDGE ( 'NONE', *, *, #242, .T. ) ;
#2352 = VERTEX_POINT ( 'NONE', #67 ) ;
#2353 = CIRCLE ( 'NONE', #6192, 0.8499999999999965361 ) ;
#2354 = LINE ( 'NONE', #2283, #2096 ) ;
#2355 = EDGE_LOOP ( 'NONE', ( #5966, #1200, #4515, #3904 ) ) ;
#2356 = LINE ( 'NONE', #5450, #6754 ) ;
#2357 = CARTESIAN_POINT ( 'NONE',  ( 39.46827201635471738, 2.899999999999999911, -9.418272016354686471 ) ) ;
#2358 = DIRECTION ( 'NONE',  ( 0.7071067811865474617, -0.7071067811865474617, -0.000000000000000000 ) ) ;
#2359 = ORIENTED_EDGE ( 'NONE', *, *, #5082, .T. ) ;
#2360 = EDGE_CURVE ( 'NONE', #704, #5727, #2155, .T. ) ;
#2361 = PLANE ( 'NONE',  #5119 ) ;
#2362 = LINE ( 'NONE', #4015, #4716 ) ;
#2363 = DIRECTION ( 'NONE',  ( -0.000000000000000000, -1.000000000000000000, -7.796510004390146031E-17 ) ) ;
#2364 = EDGE_CURVE ( 'NONE', #6022, #461, #5701, .T. ) ;
#2365 = DIRECTION ( 'NONE',  ( -0.7071067811865573427, 0.7071067811865378028, 0.000000000000000000 ) ) ;
#2366 = FACE_BOUND ( 'NONE', #927, .T. ) ;
#2367 = ORIENTED_EDGE ( 'NONE', *, *, #611, .T. ) ;
#2368 = CARTESIAN_POINT ( 'NONE',  ( 64.00000000000000000, 7.899999999999997691, -46.25000000000000000 ) ) ;
#2369 = VERTEX_POINT ( 'NONE', #3670 ) ;
#2370 = ORIENTED_EDGE ( 'NONE', *, *, #6107, .T. ) ;
#2371 = FACE_OUTER_BOUND ( 'NONE', #618, .T. ) ;
#2372 = EDGE_CURVE ( 'NONE', #327, #881, #3736, .T. ) ;
#2373 = FACE_OUTER_BOUND ( 'NONE', #6102, .T. ) ;
#2374 = DIRECTION ( 'NONE',  ( 0.000000000000000000, 0.000000000000000000, -1.000000000000000000 ) ) ;
#2375 = ORIENTED_EDGE ( 'NONE', *, *, #4825, .F. ) ;
#2376 = VECTOR ( 'NONE', #5041, 1000.000000000000000 ) ;
#2377 = CARTESIAN_POINT ( 'NONE',  ( 13.00000000000000355, 2.899975000000001746, -33.64999999999998437 ) ) ;
#2378 = CARTESIAN_POINT ( 'NONE',  ( 37.44999999999997442, 2.898999999999998689, -40.74999999999997158 ) ) ;
#2379 = ORIENTED_EDGE ( 'NONE', *, *, #5188, .T. ) ;
#2380 = DIRECTION ( 'NONE',  ( 1.000000000000000000, 0.000000000000000000, 0.000000000000000000 ) ) ;
#2381 = FACE_OUTER_BOUND ( 'NONE', #6027, .T. ) ;
#2382 = ORIENTED_EDGE ( 'NONE', *, *, #3661, .F. ) ;
#2383 = VECTOR ( 'NONE', #3314, 1000.000000000000000 ) ;
#2384 = ADVANCED_FACE ( 'NONE', ( #481 ), #998, .F. ) ;
#2385 = ADVANCED_FACE ( 'NONE', ( #5798 ), #2121, .F. ) ;
#2386 = EDGE_LOOP ( 'NONE', ( #3715, #2995, #6566, #2543, #5660, #734 ) ) ;
#2387 = VECTOR ( 'NONE', #2380, 1000.000000000000000 ) ;
#2388 = DIRECTION ( 'NONE',  ( 0.000000000000000000, -0.000000000000000000, -1.000000000000000000 ) ) ;
#2389 = ORIENTED_EDGE ( 'NONE', *, *, #6309, .T. ) ;
#2390 = DIRECTION ( 'NONE',  ( -0.7071067811865573427, 0.7071067811865378028, -0.000000000000000000 ) ) ;
#2391 = DIRECTION ( 'NONE',  ( 0.000000000000000000, 0.000000000000000000, -1.000000000000000000 ) ) ;
#2392 = VECTOR ( 'NONE', #1164, 1000.000000000000000 ) ;
#2393 = ORIENTED_EDGE ( 'NONE', *, *, #5700, .F. ) ;
#2394 = VECTOR ( 'NONE', #2684, 1000.000000000000000 ) ;
#2395 = CARTESIAN_POINT ( 'NONE',  ( 0.000000000000000000, 10.00000000000000000, 0.000000000000000000 ) ) ;
#2396 = EDGE_CURVE ( 'NONE', #4432, #2236, #2652, .T. ) ;
#2397 = CARTESIAN_POINT ( 'NONE',  ( 64.00000000000000000, 7.899999999999997691, -35.75000000000000711 ) ) ;
#2398 = CARTESIAN_POINT ( 'NONE',  ( 63.00000000000000000, 2.900000000000001688, -35.75000000000000711 ) ) ;
#2399 = CARTESIAN_POINT ( 'NONE',  ( 9.000000000000001776, 8.400000000000002132, -46.99999999999998579 ) ) ;
#2400 = VECTOR ( 'NONE', #3210, 1000.000000000000000 ) ;
#2401 = PLANE ( 'NONE',  #1692 ) ;
#2402 = ORIENTED_EDGE ( 'NONE', *, *, #1771, .F. ) ;
#2403 = CARTESIAN_POINT ( 'NONE',  ( 53.75000000000000000, 3.400000000000001688, -35.75000000000000711 ) ) ;
#2404 = ORIENTED_EDGE ( 'NONE', *, *, #4590, .F. ) ;
#2405 = ORIENTED_EDGE ( 'NONE', *, *, #5162, .F. ) ;
#2406 = CARTESIAN_POINT ( 'NONE',  ( 37.44999999999997442, 3.400000000000001688, -40.74999999999997158 ) ) ;
#2407 = PLANE ( 'NONE',  #1033 ) ;
#2408 = CARTESIAN_POINT ( 'NONE',  ( -2.999999999999999112, 10.00000000000000000, -14.94999999999997442 ) ) ;
#2409 = AXIS2_PLACEMENT_3D ( 'NONE', #384, #1383, #3401 ) ;
#2410 = CONICAL_SURFACE ( 'NONE', #1097, 4.000000000000003553, 0.7853981633974496113 ) ;
#2411 = ORIENTED_EDGE ( 'NONE', *, *, #468, .F. ) ;
#2412 = CARTESIAN_POINT ( 'NONE',  ( 0.000000000000000000, 10.00000000000000000, -3.000000000000000000 ) ) ;
#2413 = LINE ( 'NONE', #3513, #6177 ) ;
#2414 = VERTEX_POINT ( 'NONE', #1548 ) ;
#2415 = CARTESIAN_POINT ( 'NONE',  ( 70.70000000000000284, 4.500000000000000888, -22.94999999999997797 ) ) ;
#2416 = CONICAL_SURFACE ( 'NONE', #2, 1.500000000000001332, 0.7853981633974634891 ) ;
#2417 = CARTESIAN_POINT ( 'NONE',  ( -2.999999999999999112, 10.00000000000000000, -14.94999999999997442 ) ) ;
#2418 = ORIENTED_EDGE ( 'NONE', *, *, #4752, .T. ) ;
#2419 = VECTOR ( 'NONE', #5458, 1000.000000000000000 ) ;
#2420 = EDGE_CURVE ( 'NONE', #4596, #1908, #3634, .T. ) ;
#2421 = ORIENTED_EDGE ( 'NONE', *, *, #6781, .F. ) ;
#2422 = CARTESIAN_POINT ( 'NONE',  ( 1.250000000000002442, 3.400000000000001688, -35.75000000000000711 ) ) ;
#2423 = EDGE_LOOP ( 'NONE', ( #5501, #3221, #753, #3999 ) ) ;
#2424 = EDGE_CURVE ( 'NONE', #5539, #5231, #3755, .T. ) ;
#2425 = DIRECTION ( 'NONE',  ( 0.000000000000000000, -1.000000000000000000, 0.000000000000000000 ) ) ;
#2426 = CARTESIAN_POINT ( 'NONE',  ( 36.99999999999999289, 9.500000000000014211, -21.14999999999997371 ) ) ;
#2427 = ORIENTED_EDGE ( 'NONE', *, *, #3013, .F. ) ;
#2428 = DIRECTION ( 'NONE',  ( -0.000000000000000000, -1.000000000000000000, -7.796510004390146031E-17 ) ) ;
#2429 = CARTESIAN_POINT ( 'NONE',  ( 0.000000000000000000, 10.00000000000000000, 0.000000000000000000 ) ) ;
#2430 = DIRECTION ( 'NONE',  ( -0.7071067811865474617, 0.7071067811865474617, 5.512965093693030976E-17 ) ) ;
#2431 = FACE_OUTER_BOUND ( 'NONE', #4586, .T. ) ;
#2432 = EDGE_CURVE ( 'NONE', #2292, #5064, #4630, .T. ) ;
#2433 = VECTOR ( 'NONE', #3714, 1000.000000000000114 ) ;
#2434 = ADVANCED_FACE ( 'NONE', ( #212, #2221, #5390, #6379 ), #2878, .T. ) ;
#2435 = CARTESIAN_POINT ( 'NONE',  ( 3.500000000000003997, 2.900000000000001688, -46.25000000000000000 ) ) ;
#2436 = ORIENTED_EDGE ( 'NONE', *, *, #5490, .F. ) ;
#2437 = CARTESIAN_POINT ( 'NONE',  ( 7.200000000000004619, -5.500000000000001776, -42.39999999999998437 ) ) ;
#2438 = VECTOR ( 'NONE', #2895, 1000.000000000000000 ) ;
#2439 = ORIENTED_EDGE ( 'NONE', *, *, #4825, .T. ) ;
#2440 = ORIENTED_EDGE ( 'NONE', *, *, #2298, .F. ) ;
#2441 = LINE ( 'NONE', #2916, #2880 ) ;
#2442 = EDGE_CURVE ( 'NONE', #4872, #4913, #5963, .T. ) ;
#2443 = CARTESIAN_POINT ( 'NONE',  ( 11.50000000000000533, 2.899999999999999911, -47.99999999999998579 ) ) ;
#2444 = VECTOR ( 'NONE', #5398, 1000.000000000000114 ) ;
#2445 = DIRECTION ( 'NONE',  ( 0.000000000000000000, 1.000000000000000000, 7.796510004390146031E-17 ) ) ;
#2446 = VERTEX_POINT ( 'NONE', #4943 ) ;
#2447 = AXIS2_PLACEMENT_3D ( 'NONE', #2532, #3442, #1451 ) ;
#2448 = DIRECTION ( 'NONE',  ( 1.508455196501571922E-16, 0.000000000000000000, -1.000000000000000000 ) ) ;
#2449 = DIRECTION ( 'NONE',  ( -0.000000000000000000, 1.000000000000000000, -0.000000000000000000 ) ) ;
#2450 = VERTEX_POINT ( 'NONE', #2257 ) ;
#2451 = DIRECTION ( 'NONE',  ( 0.000000000000000000, 0.000000000000000000, 1.000000000000000000 ) ) ;
#2452 = VERTEX_POINT ( 'NONE', #4359 ) ;
#2453 = EDGE_CURVE ( 'NONE', #716, #5606, #3846, .T. ) ;
#2454 = DIRECTION ( 'NONE',  ( 0.000000000000000000, -0.000000000000000000, 1.000000000000000000 ) ) ;
#2455 = ORIENTED_EDGE ( 'NONE', *, *, #794, .F. ) ;
#2456 = ADVANCED_FACE ( 'NONE', ( #2332 ), #1278, .F. ) ;
#2457 = LINE ( 'NONE', #5681, #3039 ) ;
#2458 = CARTESIAN_POINT ( 'NONE',  ( 37.00000000000000000, 9.500000000000014211, -25.14999999999997726 ) ) ;
#2459 = EDGE_CURVE ( 'NONE', #2485, #4920, #5499, .T. ) ;
#2460 = ORIENTED_EDGE ( 'NONE', *, *, #3132, .T. ) ;
#2461 = EDGE_CURVE ( 'NONE', #5775, #3403, #1243, .T. ) ;
#2462 = VECTOR ( 'NONE', #4866, 1000.000000000000000 ) ;
#2463 = CARTESIAN_POINT ( 'NONE',  ( 62.49999999999998579, 8.400000000000000355, -33.75000000000000000 ) ) ;
#2464 = DIRECTION ( 'NONE',  ( 0.000000000000000000, 1.000000000000000000, -0.000000000000000000 ) ) ;
#2465 = DIRECTION ( 'NONE',  ( 0.000000000000000000, 0.000000000000000000, 1.000000000000000000 ) ) ;
#2466 = CARTESIAN_POINT ( 'NONE',  ( 6.000000000000000888, 7.400000000000002132, -47.99999999999998579 ) ) ;
#2467 = APPROVAL ( #2290, '未指定' ) ;
#2468 = ORIENTED_EDGE ( 'NONE', *, *, #3298, .T. ) ;
#2469 = DIRECTION ( 'NONE',  ( 0.000000000000000000, 0.000000000000000000, 1.000000000000000000 ) ) ;
#2470 = EDGE_LOOP ( 'NONE', ( #3802, #6230, #3084, #1564 ) ) ;
#2471 = EDGE_CURVE ( 'NONE', #2352, #4460, #5942, .T. ) ;
#2472 = ORIENTED_EDGE ( 'NONE', *, *, #5128, .F. ) ;
#2473 = CARTESIAN_POINT ( 'NONE',  ( 69.79738007916797926, 8.400000000000000355, -33.75000000000000000 ) ) ;
#2474 = CARTESIAN_POINT ( 'NONE',  ( 61.30000000000000426, -5.500000000000001776, -37.99999999999997868 ) ) ;
#2475 = CYLINDRICAL_SURFACE ( 'NONE', #2447, 1.500000000000001332 ) ;
#2476 = EDGE_LOOP ( 'NONE', ( #2993, #44, #6396, #6139 ) ) ;
#2477 = DIRECTION ( 'NONE',  ( 1.000000000000000000, 0.000000000000000000, -0.000000000000000000 ) ) ;
#2478 = DIRECTION ( 'NONE',  ( -1.079516769838632267E-16, -1.000000000000000000, -7.796510004390144799E-17 ) ) ;
#2479 = EDGE_LOOP ( 'NONE', ( #5732, #446, #1530, #5474 ) ) ;
#2480 = ADVANCED_FACE ( 'NONE', ( #654 ), #6525, .F. ) ;
#2481 = DIRECTION ( 'NONE',  ( -0.000000000000000000, -0.000000000000000000, 1.000000000000000000 ) ) ;
#2482 = ORIENTED_EDGE ( 'NONE', *, *, #5810, .T. ) ;
#2483 = VECTOR ( 'NONE', #2571, 1000.000000000000000 ) ;
#2484 = LINE ( 'NONE', #1370, #1672 ) ;
#2485 = VERTEX_POINT ( 'NONE', #5905 ) ;
#2486 = CARTESIAN_POINT ( 'NONE',  ( 11.50000000000000533, 5.600000000000001421, -47.99999999999998579 ) ) ;
#2487 = DIRECTION ( 'NONE',  ( 1.000000000000000000, 0.000000000000000000, 0.000000000000000000 ) ) ;
#2488 = VECTOR ( 'NONE', #5256, 1000.000000000000000 ) ;
#2489 = AXIS2_PLACEMENT_3D ( 'NONE', #2342, #1256, #1216 ) ;
#2490 = ORIENTED_EDGE ( 'NONE', *, *, #1159, .F. ) ;
#2491 = FACE_OUTER_BOUND ( 'NONE', #3473, .T. ) ;
#2492 = DIRECTION ( 'NONE',  ( -0.000000000000000000, -1.000000000000000000, -7.796510004390146031E-17 ) ) ;
#2493 = LINE ( 'NONE', #6651, #5676 ) ;
#2494 = VECTOR ( 'NONE', #4231, 1000.000000000000000 ) ;
#2495 = CARTESIAN_POINT ( 'NONE',  ( 39.46827201635471738, 2.899999999999999911, -9.418272016354686471 ) ) ;
#2496 = ORIENTED_EDGE ( 'NONE', *, *, #3391, .T. ) ;
#2497 = FACE_OUTER_BOUND ( 'NONE', #4144, .T. ) ;
#2498 = ORIENTED_EDGE ( 'NONE', *, *, #4067, .F. ) ;
#2499 = VERTEX_POINT ( 'NONE', #1204 ) ;
#2500 = EDGE_CURVE ( 'NONE', #3847, #3824, #2733, .T. ) ;
#2501 = DIRECTION ( 'NONE',  ( -0.000000000000000000, 1.000000000000000000, -0.000000000000000000 ) ) ;
#2502 = CARTESIAN_POINT ( 'NONE',  ( 65.20000000000000284, 8.400000000000002132, -55.00000000000000000 ) ) ;
#2503 = EDGE_CURVE ( 'NONE', #2930, #498, #5839, .T. ) ;
#2504 = DIRECTION ( 'NONE',  ( -0.7071067811865475727, 0.7071067811865475727, 5.512965093693032209E-17 ) ) ;
#2505 = ORIENTED_EDGE ( 'NONE', *, *, #4220, .T. ) ;
#2506 = DIRECTION ( 'NONE',  ( 1.000000000000000000, -1.176068603069880836E-32, 1.508455196501571922E-16 ) ) ;
#2507 = ORIENTED_EDGE ( 'NONE', *, *, #5304, .T. ) ;
#2508 = CYLINDRICAL_SURFACE ( 'NONE', #5517, 1.000000000000000888 ) ;
#2509 = VERTEX_POINT ( 'NONE', #6489 ) ;
#2510 = LOCAL_TIME ( 11, 23, 40.00000000000000000, #686 ) ;
#2511 = EDGE_CURVE ( 'NONE', #5395, #3676, #1787, .T. ) ;
#2512 = CARTESIAN_POINT ( 'NONE',  ( 59.00000000000000711, 8.400000000000003908, -51.00000000000000000 ) ) ;
#2513 = ORIENTED_EDGE ( 'NONE', *, *, #1921, .F. ) ;
#2514 = CARTESIAN_POINT ( 'NONE',  ( 3.500000000000003109, 0.000000000000000000, -4.500000000000000000 ) ) ;
#2515 = AXIS2_PLACEMENT_3D ( 'NONE', #6513, #1847, #4931 ) ;
#2516 = CARTESIAN_POINT ( 'NONE',  ( 57.00000000000000000, 3.900000000000001688, -44.75000000000001421 ) ) ;
#2517 = ORIENTED_EDGE ( 'NONE', *, *, #3729, .T. ) ;
#2518 = CARTESIAN_POINT ( 'NONE',  ( 70.40404421929916623, 7.924292278365102860, -33.72728043652552543 ) ) ;
#2519 = DIRECTION ( 'NONE',  ( 0.7071067811865474617, 0.7071067811865474617, 0.000000000000000000 ) ) ;
#2520 = PLANE ( 'NONE',  #5897 ) ;
#2521 = EDGE_CURVE ( 'NONE', #6030, #1817, #3772, .T. ) ;
#2522 = LINE ( 'NONE', #4078, #3916 ) ;
#2523 = ORIENTED_EDGE ( 'NONE', *, *, #5185, .T. ) ;
#2524 = DIRECTION ( 'NONE',  ( -1.000000000000000000, -0.000000000000000000, -4.707526393424171362E-17 ) ) ;
#2525 = ORIENTED_EDGE ( 'NONE', *, *, #2885, .F. ) ;
#2526 = ORIENTED_EDGE ( 'NONE', *, *, #5008, .T. ) ;
#2527 = EDGE_CURVE ( 'NONE', #2307, #5867, #249, .T. ) ;
#2528 = VECTOR ( 'NONE', #1800, 1000.000000000000000 ) ;
#2529 = CARTESIAN_POINT ( 'NONE',  ( 4.999999999999991118, 8.400000000000000355, -36.75000000000000711 ) ) ;
#2530 = EDGE_CURVE ( 'NONE', #6349, #6757, #1168, .T. ) ;
#2531 = CARTESIAN_POINT ( 'NONE',  ( 63.00000000000000000, 7.899999999999997691, -47.25000000000000000 ) ) ;
#2532 = CARTESIAN_POINT ( 'NONE',  ( 35.50000000000000000, 3.500000000000000444, -29.64999999999998082 ) ) ;
#2533 = EDGE_CURVE ( 'NONE', #5194, #3635, #138, .T. ) ;
#2534 = ORIENTED_EDGE ( 'NONE', *, *, #1202, .F. ) ;
#2535 = VECTOR ( 'NONE', #2451, 1000.000000000000000 ) ;
#2536 = CARTESIAN_POINT ( 'NONE',  ( 37.00000000000000000, 9.500000000000014211, -6.949999999999980638 ) ) ;
#2537 = ORIENTED_EDGE ( 'NONE', *, *, #3485, .F. ) ;
#2538 = DIRECTION ( 'NONE',  ( -0.000000000000000000, 0.000000000000000000, 1.000000000000000000 ) ) ;
#2539 = ORIENTED_EDGE ( 'NONE', *, *, #4927, .T. ) ;
#2540 = VECTOR ( 'NONE', #3223, 1000.000000000000000 ) ;
#2541 = LINE ( 'NONE', #4642, #2376 ) ;
#2542 = AXIS2_PLACEMENT_3D ( 'NONE', #5639, #935, #3015 ) ;
#2543 = ORIENTED_EDGE ( 'NONE', *, *, #1306, .F. ) ;
#2545 = ADVANCED_FACE ( 'NONE', ( #3807, #2366, #2910 ), #6051, .F. ) ;
#2544 = LINE ( 'NONE', #2512, #6371 ) ;
#2546 = ORIENTED_EDGE ( 'NONE', *, *, #3073, .F. ) ;
#2547 = CARTESIAN_POINT ( 'NONE',  ( 64.00000000000000000, 8.400000000000002132, -47.75000000000001421 ) ) ;
#2548 = CARTESIAN_POINT ( 'NONE',  ( -2.999999999999999112, 4.500000000000000888, -13.14999999999997371 ) ) ;
#2549 = AXIS2_PLACEMENT_3D ( 'NONE', #6063, #4180, #5126 ) ;
#2550 = ORIENTED_EDGE ( 'NONE', *, *, #942, .T. ) ;
#2551 = CARTESIAN_POINT ( 'NONE',  ( 64.00000000000000000, 8.400000000000000355, -35.75000000000000711 ) ) ;
#2552 = CARTESIAN_POINT ( 'NONE',  ( 0.000000000000000000, 4.500000000000000888, 0.000000000000000000 ) ) ;
#2553 = DIRECTION ( 'NONE',  ( -0.000000000000000000, -0.7071067811865474617, 0.7071067811865474617 ) ) ;
#2554 = EDGE_CURVE ( 'NONE', #5399, #6638, #3953, .T. ) ;
#2555 = AXIS2_PLACEMENT_3D ( 'NONE', #2154, #2055, #5761 ) ;
#2556 = DIRECTION ( 'NONE',  ( 0.000000000000000000, -0.7071067811865378028, -0.7071067811865573427 ) ) ;
#2557 = ORIENTED_EDGE ( 'NONE', *, *, #4972, .T. ) ;
#2558 = CARTESIAN_POINT ( 'NONE',  ( 78.37642313702531283, 10.00000000000000178, -21.97963767800895596 ) ) ;
#2559 = CIRCLE ( 'NONE', #2237, 0.7499999999999937828 ) ;
#2560 = ORIENTED_EDGE ( 'NONE', *, *, #4146, .T. ) ;
#2561 = CARTESIAN_POINT ( 'NONE',  ( 3.500000000000002220, 3.900000000000001688, -35.75000000000000711 ) ) ;
#2562 = EDGE_CURVE ( 'NONE', #4449, #5606, #5535, .T. ) ;
#2563 = DIRECTION ( 'NONE',  ( -1.000000000000000000, 0.000000000000000000, 0.000000000000000000 ) ) ;
#2564 = CARTESIAN_POINT ( 'NONE',  ( 3.500000000000000000, 0.000000000000000000, -52.50000000000000000 ) ) ;
#2565 = VERTEX_POINT ( 'NONE', #1039 ) ;
#2566 = DIRECTION ( 'NONE',  ( 0.000000000000000000, 0.000000000000000000, 1.000000000000000000 ) ) ;
#2567 = ORIENTED_EDGE ( 'NONE', *, *, #5895, .T. ) ;
#2568 = CARTESIAN_POINT ( 'NONE',  ( 70.19999999999998863, 10.00000000000000000, -10.94999999999997442 ) ) ;
#2569 = ORIENTED_EDGE ( 'NONE', *, *, #2028, .F. ) ;
#2570 = LINE ( 'NONE', #5261, #2767 ) ;
#2571 = DIRECTION ( 'NONE',  ( 9.637352644315585382E-17, 0.000000000000000000, -1.000000000000000000 ) ) ;
#2572 = ORIENTED_EDGE ( 'NONE', *, *, #3521, .F. ) ;
#2573 = CARTESIAN_POINT ( 'NONE',  ( 37.00000000000000000, 4.500000000000000888, 0.000000000000000000 ) ) ;
#2574 = ORIENTED_EDGE ( 'NONE', *, *, #4996, .F. ) ;
#2575 = CARTESIAN_POINT ( 'NONE',  ( 37.00000000000000000, 5.600000000000001421, -29.14999999999998082 ) ) ;
#2576 = CARTESIAN_POINT ( 'NONE',  ( 69.82433216079965632, 8.400000000000000355, -33.75000000000000000 ) ) ;
#2577 = ADVANCED_FACE ( 'NONE', ( #1107 ), #4853, .F. ) ;
#2578 = ORIENTED_EDGE ( 'NONE', *, *, #4407, .T. ) ;
#2579 = CONICAL_SURFACE ( 'NONE', #2145, 1.399999999999995914, 0.7853981633974482790 ) ;
#2580 = AXIS2_PLACEMENT_3D ( 'NONE', #1964, #4092, #2891 ) ;
#2581 = DIRECTION ( 'NONE',  ( 0.000000000000000000, -1.000000000000000000, 0.000000000000000000 ) ) ;
#2582 = DIRECTION ( 'NONE',  ( 0.000000000000000000, 1.000000000000000000, 7.796510004390144799E-17 ) ) ;
#2583 = CARTESIAN_POINT ( 'NONE',  ( 69.96410319975777270, 8.977778769052038754, -33.17222123094795450 ) ) ;
#2584 = PLANE ( 'NONE',  #2304 ) ;
#2585 = CIRCLE ( 'NONE', #3251, 0.8500000000000000888 ) ;
#2586 = FACE_OUTER_BOUND ( 'NONE', #4846, .T. ) ;
#2587 = EDGE_CURVE ( 'NONE', #991, #4731, #3743, .T. ) ;
#2588 = VERTEX_POINT ( 'NONE', #76 ) ;
#2589 = DIRECTION ( 'NONE',  ( 0.7071067811865573427, 0.7071067811865378028, -0.000000000000000000 ) ) ;
#2590 = VECTOR ( 'NONE', #5848, 1000.000000000000000 ) ;
#2591 = FACE_OUTER_BOUND ( 'NONE', #191, .T. ) ;
#2592 = ORIENTED_EDGE ( 'NONE', *, *, #4738, .T. ) ;
#2593 = CARTESIAN_POINT ( 'NONE',  ( 59.50000000000000000, 10.00000000000000000, -14.94999999999997442 ) ) ;
#2594 = AXIS2_PLACEMENT_3D ( 'NONE', #94, #4175, #1599 ) ;
#2595 = AXIS2_PLACEMENT_3D ( 'NONE', #5251, #616, #3630 ) ;
#2596 = CARTESIAN_POINT ( 'NONE',  ( 9.000000000000001776, 2.900000000000001688, -50.99999999999999289 ) ) ;
#2597 = DIRECTION ( 'NONE',  ( 0.000000000000000000, 0.000000000000000000, 1.000000000000000000 ) ) ;
#2598 = VERTEX_POINT ( 'NONE', #5740 ) ;
#2599 = LINE ( 'NONE', #4702, #5456 ) ;
#2600 = ORIENTED_EDGE ( 'NONE', *, *, #4611, .F. ) ;
#2601 = CARTESIAN_POINT ( 'NONE',  ( 0.000000000000000000, 3.400000000000001688, 0.000000000000000000 ) ) ;
#2602 = ORIENTED_EDGE ( 'NONE', *, *, #1797, .F. ) ;
#2603 = DIRECTION ( 'NONE',  ( 0.000000000000000000, 0.000000000000000000, 1.000000000000000000 ) ) ;
#2604 = DIRECTION ( 'NONE',  ( -1.000000000000000000, 0.000000000000000000, 1.084202172485504434E-16 ) ) ;
#2605 = ORIENTED_EDGE ( 'NONE', *, *, #3282, .T. ) ;
#2606 = PLANE ( 'NONE',  #2976 ) ;
#2607 = ORIENTED_EDGE ( 'NONE', *, *, #956, .F. ) ;
#2608 = CARTESIAN_POINT ( 'NONE',  ( 36.50000000000000711, 5.600000000000001421, -30.64999999999998437 ) ) ;
#2609 = PLANE ( 'NONE',  #5073 ) ;
#2610 = EDGE_CURVE ( 'NONE', #6076, #1809, #1568, .T. ) ;
#2611 = ORIENTED_EDGE ( 'NONE', *, *, #4617, .F. ) ;
#2612 = EDGE_CURVE ( 'NONE', #1646, #1001, #2164, .T. ) ;
#2613 =( GEOMETRIC_REPRESENTATION_CONTEXT ( 3 ) GLOBAL_UNCERTAINTY_ASSIGNED_CONTEXT ( ( #5076 ) ) GLOBAL_UNIT_ASSIGNED_CONTEXT ( ( #2762, #5315, #4827 ) ) REPRESENTATION_CONTEXT ( 'NONE', 'WORKASPACE' ) );
#2614 = VECTOR ( 'NONE', #2519, 1000.000000000000114 ) ;
#2615 = DIRECTION ( 'NONE',  ( 0.000000000000000000, 0.000000000000000000, -1.000000000000000000 ) ) ;
#2616 = FACE_OUTER_BOUND ( 'NONE', #1906, .T. ) ;
#2617 = CARTESIAN_POINT ( 'NONE',  ( -3.000000000000000000, 10.00000000000000000, -29.14999999999998437 ) ) ;
#2618 = DIRECTION ( 'NONE',  ( 0.000000000000000000, 0.000000000000000000, 1.000000000000000000 ) ) ;
#2619 = AXIS2_PLACEMENT_3D ( 'NONE', #1285, #6533, #1827 ) ;
#2620 = VECTOR ( 'NONE', #4431, 1000.000000000000114 ) ;
#2621 = CARTESIAN_POINT ( 'NONE',  ( 59.05000000000000426, -5.500000000000001776, -41.09999999999996589 ) ) ;
#2622 = VERTEX_POINT ( 'NONE', #4157 ) ;
#2623 = PLANE ( 'NONE',  #4390 ) ;
#2624 = DIRECTION ( 'NONE',  ( -0.000000000000000000, 1.000000000000000000, 7.796510004390144799E-17 ) ) ;
#2625 = ADVANCED_FACE ( 'NONE', ( #3157 ), #524, .F. ) ;
#2626 = ORIENTED_EDGE ( 'NONE', *, *, #1047, .T. ) ;
#2627 = DIRECTION ( 'NONE',  ( 4.707526393424171362E-17, 0.000000000000000000, -1.000000000000000000 ) ) ;
#2628 = ORIENTED_EDGE ( 'NONE', *, *, #4535, .T. ) ;
#2629 = EDGE_CURVE ( 'NONE', #6529, #5875, #5807, .T. ) ;
#2630 = FACE_OUTER_BOUND ( 'NONE', #708, .T. ) ;
#2631 = LINE ( 'NONE', #1579, #3092 ) ;
#2632 = ORIENTED_EDGE ( 'NONE', *, *, #6046, .F. ) ;
#2633 = DIRECTION ( 'NONE',  ( 0.000000000000000000, 0.000000000000000000, 1.000000000000000000 ) ) ;
#2634 = ORIENTED_EDGE ( 'NONE', *, *, #5578, .T. ) ;
#2635 = DIRECTION ( 'NONE',  ( 0.000000000000000000, -0.7071067811865434649, -0.7071067811865516806 ) ) ;
#2636 = EDGE_CURVE ( 'NONE', #2369, #4228, #4123, .T. ) ;
#2637 = ORIENTED_EDGE ( 'NONE', *, *, #4851, .T. ) ;
#2638 = CARTESIAN_POINT ( 'NONE',  ( 13.00000000000000533, 2.899975000000001746, -32.14999999999998437 ) ) ;
#2639 = AXIS2_PLACEMENT_3D ( 'NONE', #1009, #2271, #2233 ) ;
#2640 = LINE ( 'NONE', #598, #3480 ) ;
#2641 = ORIENTED_EDGE ( 'NONE', *, *, #3552, .T. ) ;
#2642 = CARTESIAN_POINT ( 'NONE',  ( 69.80143935404628053, 8.390668667399785008, -33.75933133260021179 ) ) ;
#2643 = ORIENTED_EDGE ( 'NONE', *, *, #6554, .T. ) ;
#2644 = DIRECTION ( 'NONE',  ( 0.000000000000000000, -1.000000000000000000, 0.000000000000000000 ) ) ;
#2645 = CARTESIAN_POINT ( 'NONE',  ( 69.87098110768872061, 7.899999999999997691, -34.34873586666926570 ) ) ;
#2646 = VECTOR ( 'NONE', #1366, 1000.000000000000000 ) ;
#2647 = ORIENTED_EDGE ( 'NONE', *, *, #2007, .F. ) ;
#2648 = EDGE_CURVE ( 'NONE', #180, #4933, #4226, .T. ) ;
#2649 = APPLICATION_CONTEXT ( 'configuration controlled 3d designs of mechanical parts and assemblies' ) ;
#2650 = VECTOR ( 'NONE', #4192, 1000.000000000000000 ) ;
#2651 = FACE_OUTER_BOUND ( 'NONE', #2050, .T. ) ;
#2652 = CIRCLE ( 'NONE', #2107, 0.9999999999999940048 ) ;
#2653 = EDGE_CURVE ( 'NONE', #4745, #868, #2570, .T. ) ;
#2654 = DIRECTION ( 'NONE',  ( 0.000000000000000000, -0.000000000000000000, -1.000000000000000000 ) ) ;
#2655 = CARTESIAN_POINT ( 'NONE',  ( 61.30000000000000426, 3.900000000000000799, -37.99999999999997868 ) ) ;
#2656 = DIRECTION ( 'NONE',  ( 1.000000000000000000, 0.000000000000000000, 0.000000000000000000 ) ) ;
#2657 = EDGE_CURVE ( 'NONE', #4380, #3276, #6620, .T. ) ;
#2658 = LINE ( 'NONE', #1474, #5222 ) ;
#2659 = CARTESIAN_POINT ( 'NONE',  ( 0.000000000000000000, 0.000000000000000000, 0.000000000000000000 ) ) ;
#2660 = LINE ( 'NONE', #3284, #4697 ) ;
#2661 = ORIENTED_EDGE ( 'NONE', *, *, #1007, .F. ) ;
#2662 = LINE ( 'NONE', #1605, #2281 ) ;
#2663 = VECTOR ( 'NONE', #4988, 1000.000000000000000 ) ;
#2664 = ORIENTED_EDGE ( 'NONE', *, *, #1939, .F. ) ;
#2665 = CARTESIAN_POINT ( 'NONE',  ( 53.44999999999996732, 3.400000000000001688, -40.74999999999997158 ) ) ;
#2666 = EDGE_CURVE ( 'NONE', #784, #2853, #6225, .T. ) ;
#2667 = DIRECTION ( 'NONE',  ( 0.000000000000000000, 0.000000000000000000, 1.000000000000000000 ) ) ;
#2668 = VECTOR ( 'NONE', #6685, 1000.000000000000114 ) ;
#2669 = ORIENTED_EDGE ( 'NONE', *, *, #2442, .T. ) ;
#2670 = CARTESIAN_POINT ( 'NONE',  ( 70.19999999999998863, 10.00000000000000000, -10.94999999999997442 ) ) ;
#2671 = ORIENTED_EDGE ( 'NONE', *, *, #1510, .T. ) ;
#2672 = DIRECTION ( 'NONE',  ( 0.000000000000000000, 0.000000000000000000, 1.000000000000000000 ) ) ;
#2673 = ORIENTED_EDGE ( 'NONE', *, *, #1373, .F. ) ;
#2674 = DIRECTION ( 'NONE',  ( -0.000000000000000000, 1.000000000000000000, -0.000000000000000000 ) ) ;
#2675 = LINE ( 'NONE', #4774, #4899 ) ;
#2676 = ORIENTED_EDGE ( 'NONE', *, *, #3561, .T. ) ;
#2677 = EDGE_CURVE ( 'NONE', #6457, #4375, #3711, .T. ) ;
#2678 = DIRECTION ( 'NONE',  ( 0.000000000000000000, -0.000000000000000000, -1.000000000000000000 ) ) ;
#2679 = ORIENTED_EDGE ( 'NONE', *, *, #4763, .F. ) ;
#2680 = DIRECTION ( 'NONE',  ( 0.000000000000000000, 0.000000000000000000, -1.000000000000000000 ) ) ;
#2681 = DIRECTION ( 'NONE',  ( 0.000000000000000000, 0.000000000000000000, -1.000000000000000000 ) ) ;
#2682 = VERTEX_POINT ( 'NONE', #3643 ) ;
#2683 = ORIENTED_EDGE ( 'NONE', *, *, #4636, .T. ) ;
#2684 = DIRECTION ( 'NONE',  ( 0.000000000000000000, 0.000000000000000000, 1.000000000000000000 ) ) ;
#2685 = DIRECTION ( 'NONE',  ( 0.7071067811865378028, -0.7071067811865573427, 0.000000000000000000 ) ) ;
#2686 = CARTESIAN_POINT ( 'NONE',  ( 6.200000000000001066, -5.500000000000001776, -38.84999999999998010 ) ) ;
#2687 = PLANE ( 'NONE',  #2594 ) ;
#2688 = LINE ( 'NONE', #2289, #6649 ) ;
#2689 = AXIS2_PLACEMENT_3D ( 'NONE', #223, #3300, #4447 ) ;
#2690 = CIRCLE ( 'NONE', #3687, 0.8499999999999965361 ) ;
#2691 = CARTESIAN_POINT ( 'NONE',  ( 3.500000000000000000, 2.900000000000001688, -52.50000000000000000 ) ) ;
#2692 = LINE ( 'NONE', #97, #1215 ) ;
#2693 = EDGE_LOOP ( 'NONE', ( #1434, #3000, #4003, #443, #3255, #3045 ) ) ;
#2694 = LINE ( 'NONE', #4798, #5348 ) ;
#2695 = EDGE_LOOP ( 'NONE', ( #1414, #3609, #2375, #3697 ) ) ;
#2696 = EDGE_CURVE ( 'NONE', #2863, #1010, #3098, .T. ) ;
#2697 = CARTESIAN_POINT ( 'NONE',  ( 9.850000000000006750, 3.900000000000000799, -40.34999999999998010 ) ) ;
#2698 = DIRECTION ( 'NONE',  ( 0.000000000000000000, 0.000000000000000000, 1.000000000000000000 ) ) ;
#2699 = AXIS2_PLACEMENT_3D ( 'NONE', #1802, #1872, #2238 ) ;
#2700 = ORIENTED_EDGE ( 'NONE', *, *, #2031, .F. ) ;
#2701 = EDGE_CURVE ( 'NONE', #1842, #288, #5225, .T. ) ;
#2702 = DIRECTION ( 'NONE',  ( 0.000000000000000000, -0.000000000000000000, -1.000000000000000000 ) ) ;
#2703 = ORIENTED_EDGE ( 'NONE', *, *, #2324, .F. ) ;
#2704 = VECTOR ( 'NONE', #5497, 1000.000000000000000 ) ;
#2705 = LINE ( 'NONE', #2093, #140 ) ;
#2706 = VERTEX_POINT ( 'NONE', #2062 ) ;
#2707 = VECTOR ( 'NONE', #4274, 1000.000000000000000 ) ;
#2708 = EDGE_CURVE ( 'NONE', #4567, #4993, #46, .T. ) ;
#2709 = CARTESIAN_POINT ( 'NONE',  ( 0.000000000000000000, 7.399999999999987921, -56.00000000000000000 ) ) ;
#2710 = CARTESIAN_POINT ( 'NONE',  ( 64.00000000000000000, 7.899999999999997691, -47.25000000000000000 ) ) ;
#2711 = EDGE_LOOP ( 'NONE', ( #495, #5255, #667, #4889 ) ) ;
#2712 = CARTESIAN_POINT ( 'NONE',  ( 70.70000000000000284, 9.499999999999985789, -10.94999999999997442 ) ) ;
#2713 = VERTEX_POINT ( 'NONE', #5296 ) ;
#2714 = FACE_OUTER_BOUND ( 'NONE', #3880, .T. ) ;
#2715 = CARTESIAN_POINT ( 'NONE',  ( 69.83604945820420085, 8.422809390512449923, -33.72719060948755754 ) ) ;
#2716 = VERTEX_POINT ( 'NONE', #2095 ) ;
#2717 = EDGE_CURVE ( 'NONE', #4728, #3586, #1004, .T. ) ;
#2718 = VERTEX_POINT ( 'NONE', #5195 ) ;
#2719 = CARTESIAN_POINT ( 'NONE',  ( -2.999999999999999112, 4.500000000000000888, -17.14999999999997371 ) ) ;
#2720 = LINE ( 'NONE', #4275, #414 ) ;
#2721 = CARTESIAN_POINT ( 'NONE',  ( -3.000000000000000000, 8.399999999999996803, -17.14999999999997371 ) ) ;
#2722 = CARTESIAN_POINT ( 'NONE',  ( 37.44999999999997442, 8.400000000000000355, -39.74999999999997158 ) ) ;
#2723 = AXIS2_PLACEMENT_3D ( 'NONE', #2659, #131, #4353 ) ;
#2724 = CARTESIAN_POINT ( 'NONE',  ( 53.44999999999997442, 7.900000000000014566, -40.74999999999997158 ) ) ;
#2725 = VECTOR ( 'NONE', #4387, 1000.000000000000000 ) ;
#2726 = LINE ( 'NONE', #5316, #1675 ) ;
#2727 = EDGE_LOOP ( 'NONE', ( #506, #3522, #2472, #2572 ) ) ;
#2728 = DIRECTION ( 'NONE',  ( -0.000000000000000000, -0.000000000000000000, 1.000000000000000000 ) ) ;
#2729 = AXIS2_PLACEMENT_3D ( 'NONE', #4074, #3068, #3498 ) ;
#2730 = ADVANCED_FACE ( 'NONE', ( #491 ), #1587, .F. ) ;
#2731 = EDGE_CURVE ( 'NONE', #366, #3653, #1575, .T. ) ;
#2732 = LINE ( 'NONE', #5865, #5544 ) ;
#2733 = LINE ( 'NONE', #2804, #1792 ) ;
#2734 = ORIENTED_EDGE ( 'NONE', *, *, #3460, .T. ) ;
#2735 = EDGE_CURVE ( 'NONE', #5924, #2737, #3482, .T. ) ;
#2736 = CARTESIAN_POINT ( 'NONE',  ( 1.250000000000002442, 7.900000000000011013, -35.75000000000000711 ) ) ;
#2737 = VERTEX_POINT ( 'NONE', #1392 ) ;
#2738 = ADVANCED_FACE ( 'NONE', ( #2591 ), #365, .F. ) ;
#2739 = CARTESIAN_POINT ( 'NONE',  ( 1.250000000000002442, 2.900000000000001688, -47.25000000000000000 ) ) ;
#2740 = ORIENTED_EDGE ( 'NONE', *, *, #1300, .T. ) ;
#2741 = EDGE_CURVE ( 'NONE', #5872, #447, #5190, .T. ) ;
#2742 = DIRECTION ( 'NONE',  ( -0.000000000000000000, -1.000000000000000000, -0.000000000000000000 ) ) ;
#2743 = FACE_BOUND ( 'NONE', #3902, .T. ) ;
#2744 = ORIENTED_EDGE ( 'NONE', *, *, #3181, .T. ) ;
#2745 = DIRECTION ( 'NONE',  ( 0.000000000000000000, 1.000000000000000000, 7.796510004390146031E-17 ) ) ;
#2746 = DIRECTION ( 'NONE',  ( 0.000000000000000000, 1.000000000000000000, -0.000000000000000000 ) ) ;
#2747 = ORIENTED_EDGE ( 'NONE', *, *, #5903, .F. ) ;
#2748 = ORIENTED_EDGE ( 'NONE', *, *, #3541, .T. ) ;
#2749 = DIRECTION ( 'NONE',  ( 1.000000000000000000, -0.000000000000000000, 0.000000000000000000 ) ) ;
#2750 = DIRECTION ( 'NONE',  ( 1.000000000000000000, 0.000000000000000000, 0.000000000000000000 ) ) ;
#2751 = ORIENTED_EDGE ( 'NONE', *, *, #123, .T. ) ;
#2752 = EDGE_CURVE ( 'NONE', #2737, #477, #1934, .T. ) ;
#2753 = VERTEX_POINT ( 'NONE', #878 ) ;
#2754 = PLANE ( 'NONE',  #5070 ) ;
#2755 = VECTOR ( 'NONE', #781, 1000.000000000000000 ) ;
#2756 = ORIENTED_EDGE ( 'NONE', *, *, #3156, .F. ) ;
#2757 = CARTESIAN_POINT ( 'NONE',  ( 10.50000000000000178, 3.900000000000001688, -35.75000000000000711 ) ) ;
#2758 = CARTESIAN_POINT ( 'NONE',  ( 59.00000000000000000, 9.500000000000014211, -10.94999999999997442 ) ) ;
#2759 = CARTESIAN_POINT ( 'NONE',  ( 66.20000000000000284, 7.899999999999997691, -37.00000000000000711 ) ) ;
#2760 = CARTESIAN_POINT ( 'NONE',  ( 61.30000000000000426, -5.500000000000001776, -37.14999999999998437 ) ) ;
#2761 = AXIS2_PLACEMENT_3D ( 'NONE', #2296, #3289, #4435 ) ;
#2762 =( LENGTH_UNIT ( ) NAMED_UNIT ( * ) SI_UNIT ( .MILLI., .METRE. ) );
#2763 = ADVANCED_FACE ( 'NONE', ( #3143 ), #2005, .F. ) ;
#2764 = DIRECTION ( 'NONE',  ( -0.000000000000000000, -1.000000000000000000, -7.796510004390146031E-17 ) ) ;
#2765 = ORIENTED_EDGE ( 'NONE', *, *, #1654, .F. ) ;
#2766 = FACE_OUTER_BOUND ( 'NONE', #1134, .T. ) ;
#2767 = VECTOR ( 'NONE', #629, 1000.000000000000000 ) ;
#2768 = DIRECTION ( 'NONE',  ( 1.000000000000000000, 0.000000000000000000, 0.000000000000000000 ) ) ;
#2769 = CARTESIAN_POINT ( 'NONE',  ( -3.000000000000000000, 8.399999999999996803, -32.14999999999998437 ) ) ;
#2770 = ORIENTED_EDGE ( 'NONE', *, *, #113, .T. ) ;
#2771 = EDGE_CURVE ( 'NONE', #2930, #5924, #2413, .T. ) ;
#2772 = DIRECTION ( 'NONE',  ( -1.000000000000000000, 0.000000000000000000, -4.707526393424171362E-17 ) ) ;
#2773 = VERTEX_POINT ( 'NONE', #6780 ) ;
#2774 = ORIENTED_EDGE ( 'NONE', *, *, #3970, .T. ) ;
#2775 = DIRECTION ( 'NONE',  ( 0.000000000000000000, 0.000000000000000000, -1.000000000000000000 ) ) ;
#2776 = VERTEX_POINT ( 'NONE', #3965 ) ;
#2777 = CIRCLE ( 'NONE', #714, 1.500000000000001332 ) ;
#2778 = CARTESIAN_POINT ( 'NONE',  ( 65.20000000000000284, 0.000000000000000000, -55.00000000000000000 ) ) ;
#2779 = DIRECTION ( 'NONE',  ( 0.000000000000000000, -0.000000000000000000, -1.000000000000000000 ) ) ;
#2780 = ORIENTED_EDGE ( 'NONE', *, *, #1758, .T. ) ;
#2781 = FACE_OUTER_BOUND ( 'NONE', #1895, .T. ) ;
#2782 = DIRECTION ( 'NONE',  ( 0.000000000000000000, -1.000000000000000000, -7.796510004390144799E-17 ) ) ;
#2783 = ORIENTED_EDGE ( 'NONE', *, *, #6399, .T. ) ;
#2784 = VERTEX_POINT ( 'NONE', #5615 ) ;
#2785 = CARTESIAN_POINT ( 'NONE',  ( 64.00000000000000000, 8.400000000000000355, -35.24999999999999289 ) ) ;
#2786 = CARTESIAN_POINT ( 'NONE',  ( 6.000000000000000888, 2.900000000000001688, -47.99999999999998579 ) ) ;
#2787 = ORIENTED_EDGE ( 'NONE', *, *, #3549, .F. ) ;
#2788 = EDGE_LOOP ( 'NONE', ( #4552, #2790, #1479, #5000 ) ) ;
#2789 = DIRECTION ( 'NONE',  ( 0.000000000000000000, -7.796510004390146031E-17, 1.000000000000000000 ) ) ;
#2790 = ORIENTED_EDGE ( 'NONE', *, *, #5764, .T. ) ;
#2791 = ADVANCED_FACE ( 'NONE', ( #2961 ), #4032, .F. ) ;
#2792 = DIRECTION ( 'NONE',  ( 0.000000000000000000, 0.000000000000000000, -1.000000000000000000 ) ) ;
#2793 = CARTESIAN_POINT ( 'NONE',  ( 61.50000000000000711, 2.900000000000001688, -52.50000000000000711 ) ) ;
#2794 = CARTESIAN_POINT ( 'NONE',  ( 70.70000000000000284, 4.500000000000000888, -17.14999999999997371 ) ) ;
#2795 = PRODUCT_DEFINITION ( '未知', '', #1321, #1438 ) ;
#2796 = CARTESIAN_POINT ( 'NONE',  ( 0.000000000000000000, 7.399999999999987921, -56.00000000000000000 ) ) ;
#2797 = DATE_AND_TIME ( #6410, #4269 ) ;
#2798 = DIRECTION ( 'NONE',  ( 0.000000000000000000, 0.000000000000000000, -1.000000000000000000 ) ) ;
#2799 = VERTEX_POINT ( 'NONE', #938 ) ;
#2800 = DIRECTION ( 'NONE',  ( 0.7071067811865573427, 0.7071067811865378028, -0.000000000000000000 ) ) ;
#2801 = EDGE_CURVE ( 'NONE', #6490, #716, #6572, .T. ) ;
#2802 = DIRECTION ( 'NONE',  ( -0.000000000000000000, 1.000000000000000000, -0.000000000000000000 ) ) ;
#2803 = CIRCLE ( 'NONE', #4347, 0.7499999999999937828 ) ;
#2804 = CARTESIAN_POINT ( 'NONE',  ( 63.00000000000000000, 2.900000000000001688, -35.75000000000000711 ) ) ;
#2805 = EDGE_LOOP ( 'NONE', ( #143, #357, #1169, #2534 ) ) ;
#2806 = FACE_OUTER_BOUND ( 'NONE', #1072, .T. ) ;
#2807 = AXIS2_PLACEMENT_3D ( 'NONE', #2429, #1711, #349 ) ;
#2808 = VERTEX_POINT ( 'NONE', #1362 ) ;
#2809 = ORIENTED_EDGE ( 'NONE', *, *, #5246, .F. ) ;
#2810 = AXIS2_PLACEMENT_3D ( 'NONE', #563, #5809, #5874 ) ;
#2811 = CARTESIAN_POINT ( 'NONE',  ( 53.44999999999996732, 3.899999999999987921, -40.74999999999997158 ) ) ;
#2812 = VERTEX_POINT ( 'NONE', #3446 ) ;
#2813 = DIRECTION ( 'NONE',  ( 0.000000000000000000, 0.000000000000000000, 1.000000000000000000 ) ) ;
#2814 = AXIS2_PLACEMENT_3D ( 'NONE', #1949, #6141, #5108 ) ;
#2815 = CARTESIAN_POINT ( 'NONE',  ( 37.44999999999997442, 3.400000000000001688, -39.24999999999997158 ) ) ;
#2816 = ORIENTED_EDGE ( 'NONE', *, *, #2562, .T. ) ;
#2817 = CARTESIAN_POINT ( 'NONE',  ( -2.999999999999999112, 4.500000000000000888, -18.94999999999997442 ) ) ;
#2818 = DIRECTION ( 'NONE',  ( 0.000000000000000000, 1.000000000000000000, -0.000000000000000000 ) ) ;
#2819 = ORIENTED_EDGE ( 'NONE', *, *, #100, .T. ) ;
#2820 = LINE ( 'NONE', #5993, #3379 ) ;
#2821 = CARTESIAN_POINT ( 'NONE',  ( -3.000000000000000000, 10.00000000000000000, -9.149999999999984368 ) ) ;
#2822 = CIRCLE ( 'NONE', #4584, 3.000000000000002665 ) ;
#2823 = ORIENTED_EDGE ( 'NONE', *, *, #4611, .T. ) ;
#2824 = VECTOR ( 'NONE', #2363, 1000.000000000000000 ) ;
#2825 = ORIENTED_EDGE ( 'NONE', *, *, #942, .F. ) ;
#2826 = CARTESIAN_POINT ( 'NONE',  ( 70.43124345431854749, 7.899999999999997691, -33.72877448489977326 ) ) ;
#2827 = ORIENTED_EDGE ( 'NONE', *, *, #5988, .F. ) ;
#2828 = EDGE_CURVE ( 'NONE', #5958, #1604, #6130, .T. ) ;
#2829 = DIRECTION ( 'NONE',  ( 1.000000000000000000, 0.000000000000000000, 0.000000000000000000 ) ) ;
#2830 = DIRECTION ( 'NONE',  ( 0.000000000000000000, 0.000000000000000000, 1.000000000000000000 ) ) ;
#2831 = DIRECTION ( 'NONE',  ( -0.000000000000000000, 1.000000000000000000, -0.000000000000000000 ) ) ;
#2832 = ORIENTED_EDGE ( 'NONE', *, *, #1998, .T. ) ;
#2833 = EDGE_CURVE ( 'NONE', #6535, #881, #908, .T. ) ;
#2834 = DIRECTION ( 'NONE',  ( -0.000000000000000000, 1.000000000000000000, -0.000000000000000000 ) ) ;
#2835 = DIRECTION ( 'NONE',  ( 0.000000000000000000, 0.000000000000000000, -1.000000000000000000 ) ) ;
#2836 = VERTEX_POINT ( 'NONE', #5027 ) ;
#2837 = DIRECTION ( 'NONE',  ( 0.000000000000000000, -1.000000000000000000, -7.796510004390146031E-17 ) ) ;
#2838 = VECTOR ( 'NONE', #6747, 1000.000000000000000 ) ;
#2839 = CARTESIAN_POINT ( 'NONE',  ( 1.250000000000002442, 3.400000000000001688, -16.00000000000000000 ) ) ;
#2840 = CARTESIAN_POINT ( 'NONE',  ( 2.250000000000002220, 2.900000000000001688, -46.25000000000000000 ) ) ;
#2841 = EDGE_CURVE ( 'NONE', #2622, #3389, #4517, .T. ) ;
#2842 = EDGE_LOOP ( 'NONE', ( #2273, #6358, #6420, #3267 ) ) ;
#2843 = PLANE ( 'NONE',  #2844 ) ;
#2844 = AXIS2_PLACEMENT_3D ( 'NONE', #3470, #6118, #4946 ) ;
#2845 = VECTOR ( 'NONE', #2177, 1000.000000000000000 ) ;
#2846 = ORIENTED_EDGE ( 'NONE', *, *, #2677, .F. ) ;
#2847 = VERTEX_POINT ( 'NONE', #6603 ) ;
#2848 = CARTESIAN_POINT ( 'NONE',  ( 6.200000000000001066, 8.400000000000000355, -37.99999999999997868 ) ) ;
#2849 = ORIENTED_EDGE ( 'NONE', *, *, #6236, .F. ) ;
#2850 = VECTOR ( 'NONE', #2868, 1000.000000000000000 ) ;
#2851 = CARTESIAN_POINT ( 'NONE',  ( 0.000000000000000000, 5.600000000000001421, 0.000000000000000000 ) ) ;
#2852 = DIRECTION ( 'NONE',  ( 0.000000000000000000, 0.000000000000000000, -1.000000000000000000 ) ) ;
#2853 = VERTEX_POINT ( 'NONE', #1905 ) ;
#2854 = CARTESIAN_POINT ( 'NONE',  ( 9.850000000000006750, 5.600000000000000533, -40.34999999999998010 ) ) ;
#2855 = LINE ( 'NONE', #2310, #6163 ) ;
#2856 = ORIENTED_EDGE ( 'NONE', *, *, #6388, .F. ) ;
#2857 = EDGE_CURVE ( 'NONE', #3713, #3824, #4548, .T. ) ;
#2858 = FACE_OUTER_BOUND ( 'NONE', #3710, .T. ) ;
#2859 = CARTESIAN_POINT ( 'NONE',  ( 59.50000000000000000, 10.00000000000000000, 0.000000000000000000 ) ) ;
#2860 = ORIENTED_EDGE ( 'NONE', *, *, #4813, .T. ) ;
#2861 = ORIENTED_EDGE ( 'NONE', *, *, #949, .T. ) ;
#2862 = DIRECTION ( 'NONE',  ( 0.000000000000000000, -0.7071067811865475727, 0.7071067811865475727 ) ) ;
#2863 = VERTEX_POINT ( 'NONE', #6279 ) ;
#2864 = CARTESIAN_POINT ( 'NONE',  ( 70.70000000000000284, 9.499999999999985789, -1.099999999999989875 ) ) ;
#2865 = AXIS2_PLACEMENT_3D ( 'NONE', #6123, #479, #6212 ) ;
#2866 = ADVANCED_FACE ( 'NONE', ( #4578 ), #6668, .F. ) ;
#2867 = FACE_BOUND ( 'NONE', #402, .T. ) ;
#2868 = DIRECTION ( 'NONE',  ( -1.000000000000000000, 0.000000000000000000, 1.156482317317871725E-15 ) ) ;
#2869 = ORIENTED_EDGE ( 'NONE', *, *, #198, .T. ) ;
#2870 = FACE_OUTER_BOUND ( 'NONE', #2423, .T. ) ;
#2871 = VECTOR ( 'NONE', #2487, 1000.000000000000000 ) ;
#2872 = CARTESIAN_POINT ( 'NONE',  ( -3.000000000000000000, 8.399999999999996803, -10.94999999999997442 ) ) ;
#2873 = LINE ( 'NONE', #4975, #4043 ) ;
#2874 = EDGE_CURVE ( 'NONE', #4455, #1544, #3545, .T. ) ;
#2875 = VECTOR ( 'NONE', #4328, 1000.000000000000000 ) ;
#2876 = VECTOR ( 'NONE', #4979, 1000.000000000000000 ) ;
#2877 = LINE ( 'NONE', #3531, #5313 ) ;
#2878 = PLANE ( 'NONE',  #2761 ) ;
#2879 = ORIENTED_EDGE ( 'NONE', *, *, #1254, .T. ) ;
#2880 = VECTOR ( 'NONE', #6090, 1000.000000000000000 ) ;
#2881 = DIRECTION ( 'NONE',  ( 0.7071067811865573427, -0.7071067811865378028, 0.000000000000000000 ) ) ;
#2882 = ORIENTED_EDGE ( 'NONE', *, *, #2137, .F. ) ;
#2883 = ORIENTED_EDGE ( 'NONE', *, *, #3250, .T. ) ;
#2884 = AXIS2_PLACEMENT_3D ( 'NONE', #1965, #4061, #6158 ) ;
#2885 = EDGE_CURVE ( 'NONE', #13, #6508, #687, .T. ) ;
#2886 = DIRECTION ( 'NONE',  ( -0.000000000000000000, 1.000000000000000000, -0.000000000000000000 ) ) ;
#2887 = LINE ( 'NONE', #4443, #4161 ) ;
#2888 = EDGE_CURVE ( 'NONE', #6764, #1617, #1237, .T. ) ;
#2889 = CARTESIAN_POINT ( 'NONE',  ( 70.70000000000000284, 9.499999999999985789, 0.000000000000000000 ) ) ;
#2890 = VERTEX_POINT ( 'NONE', #6374 ) ;
#2891 = DIRECTION ( 'NONE',  ( 0.000000000000000000, 0.000000000000000000, -1.000000000000000000 ) ) ;
#2892 = CARTESIAN_POINT ( 'NONE',  ( 61.30000000000000426, -5.500000000000001776, -37.99999999999997868 ) ) ;
#2893 = EDGE_LOOP ( 'NONE', ( #6460, #4079, #911, #5250 ) ) ;
#2894 = DIRECTION ( 'NONE',  ( -0.4140043409440232747, 0.7071067811865426878, 0.5732367797686325206 ) ) ;
#2895 = DIRECTION ( 'NONE',  ( -1.000000000000000000, 0.000000000000000000, 0.000000000000000000 ) ) ;
#2896 = VECTOR ( 'NONE', #3845, 1000.000000000000000 ) ;
#2897 = ORIENTED_EDGE ( 'NONE', *, *, #1202, .T. ) ;
#2898 = EDGE_CURVE ( 'NONE', #2307, #4984, #2726, .T. ) ;
#2899 = ORIENTED_EDGE ( 'NONE', *, *, #5685, .F. ) ;
#2900 = CIRCLE ( 'NONE', #6408, 0.9999999999999995559 ) ;
#2901 = CARTESIAN_POINT ( 'NONE',  ( 66.20000000000000284, 7.400000000000002132, -56.00000000000000000 ) ) ;
#2902 = EDGE_LOOP ( 'NONE', ( #5229, #5713, #3486, #2100 ) ) ;
#2903 = CARTESIAN_POINT ( 'NONE',  ( 53.44999999999996732, 7.900000000000014566, -40.74999999999997158 ) ) ;
#2904 = LINE ( 'NONE', #1269, #369 ) ;
#2905 = VERTEX_POINT ( 'NONE', #2115 ) ;
#2906 = DIRECTION ( 'NONE',  ( -1.000000000000000000, 0.000000000000000000, 0.000000000000000000 ) ) ;
#2907 = CARTESIAN_POINT ( 'NONE',  ( 56.00000000000000000, 7.400000000000003908, -51.00000000000000000 ) ) ;
#2908 = PLANE ( 'NONE',  #4136 ) ;
#2909 = CARTESIAN_POINT ( 'NONE',  ( 6.200000000000001066, 8.400000000000000355, -38.84999999999998010 ) ) ;
#2910 = FACE_OUTER_BOUND ( 'NONE', #376, .T. ) ;
#2911 = ORIENTED_EDGE ( 'NONE', *, *, #1341, .F. ) ;
#2912 = PLANE ( 'NONE',  #3167 ) ;
#2913 = ORIENTED_EDGE ( 'NONE', *, *, #4399, .F. ) ;
#2914 = ORIENTED_EDGE ( 'NONE', *, *, #3975, .F. ) ;
#2915 = EDGE_CURVE ( 'NONE', #6526, #2784, #3700, .T. ) ;
#2916 = CARTESIAN_POINT ( 'NONE',  ( 59.05000000000000426, 3.900000000000000799, -41.09999999999996589 ) ) ;
#2917 = CARTESIAN_POINT ( 'NONE',  ( 63.00000000000000000, 7.899999999999997691, -46.25000000000000000 ) ) ;
#2918 = FACE_OUTER_BOUND ( 'NONE', #5693, .T. ) ;
#2919 = EDGE_CURVE ( 'NONE', #5671, #3792, #169, .T. ) ;
#2920 = VECTOR ( 'NONE', #4991, 1000.000000000000114 ) ;
#2921 = ORIENTED_EDGE ( 'NONE', *, *, #403, .T. ) ;
#2922 = AXIS2_PLACEMENT_3D ( 'NONE', #5049, #2946, #5600 ) ;
#2923 = DIRECTION ( 'NONE',  ( 0.000000000000000000, 0.000000000000000000, -1.000000000000000000 ) ) ;
#2924 = CARTESIAN_POINT ( 'NONE',  ( 39.50000000000000711, 5.600000000000001421, -30.64999999999998437 ) ) ;
#2925 = ORIENTED_EDGE ( 'NONE', *, *, #1433, .F. ) ;
#2926 = CYLINDRICAL_SURFACE ( 'NONE', #3488, 0.8499999999999965361 ) ;
#2927 = LINE ( 'NONE', #6191, #466 ) ;
#2928 = ORIENTED_EDGE ( 'NONE', *, *, #4504, .T. ) ;
#2929 = VECTOR ( 'NONE', #6512, 1000.000000000000000 ) ;
#2930 = VERTEX_POINT ( 'NONE', #2251 ) ;
#2931 = VECTOR ( 'NONE', #3230, 1000.000000000000000 ) ;
#2932 = CARTESIAN_POINT ( 'NONE',  ( 36.50000000000000711, 3.400000000000001688, -30.64999999999998437 ) ) ;
#2933 = ORIENTED_EDGE ( 'NONE', *, *, #2735, .F. ) ;
#2934 = DIRECTION ( 'NONE',  ( 0.000000000000000000, -0.000000000000000000, -1.000000000000000000 ) ) ;
#2935 = CARTESIAN_POINT ( 'NONE',  ( 55.73172798364529967, 3.500000000000000444, -25.68172798364527054 ) ) ;
#2936 = EDGE_CURVE ( 'NONE', #3647, #3483, #1704, .T. ) ;
#2937 = VECTOR ( 'NONE', #5722, 1000.000000000000000 ) ;
#2938 = ORIENTED_EDGE ( 'NONE', *, *, #6664, .F. ) ;
#2939 = CARTESIAN_POINT ( 'NONE',  ( 36.44999999999997442, 3.899999999999987921, -39.74999999999997158 ) ) ;
#2940 = DATE_TIME_ROLE ( 'classification_date' ) ;
#2941 = PLANE ( 'NONE',  #71 ) ;
#2942 = CARTESIAN_POINT ( 'NONE',  ( 3.500000000000003997, 8.400000000000002132, -47.74999999999998579 ) ) ;
#2943 = DIRECTION ( 'NONE',  ( 0.000000000000000000, -0.000000000000000000, 1.000000000000000000 ) ) ;
#2944 = EDGE_CURVE ( 'NONE', #6030, #5231, #3247, .T. ) ;
#2945 = AXIS2_PLACEMENT_3D ( 'NONE', #6343, #3353, #4500 ) ;
#2946 = DIRECTION ( 'NONE',  ( 1.000000000000000000, 0.000000000000000000, 0.000000000000000000 ) ) ;
#2947 = ORIENTED_EDGE ( 'NONE', *, *, #4445, .T. ) ;
#2948 = DIRECTION ( 'NONE',  ( 0.000000000000000000, 0.000000000000000000, 1.000000000000000000 ) ) ;
#2949 = EDGE_LOOP ( 'NONE', ( #5980, #2637, #5224, #960 ) ) ;
#2950 = LINE ( 'NONE', #6211, #5138 ) ;
#2951 = DIRECTION ( 'NONE',  ( 0.000000000000000000, 1.000000000000000000, 0.000000000000000000 ) ) ;
#2952 = EDGE_CURVE ( 'NONE', #3945, #1354, #876, .T. ) ;
#2953 = CARTESIAN_POINT ( 'NONE',  ( 0.000000000000000000, 10.00000000000000000, -56.00000000000000000 ) ) ;
#2954 = DIRECTION ( 'NONE',  ( -1.000000000000000000, 0.000000000000000000, -6.222107159170757333E-18 ) ) ;
#2955 = EDGE_CURVE ( 'NONE', #850, #2499, #2692, .T. ) ;
#2956 = VECTOR ( 'NONE', #3246, 1000.000000000000000 ) ;
#2957 = CONICAL_SURFACE ( 'NONE', #231, 1.999999999999988010, 0.7853981633974482790 ) ;
#2958 = EDGE_LOOP ( 'NONE', ( #2647, #2897, #1175, #3293 ) ) ;
#2959 = EDGE_CURVE ( 'NONE', #5219, #3211, #1603, .T. ) ;
#2960 = DIRECTION ( 'NONE',  ( 0.000000000000000000, 0.000000000000000000, 1.000000000000000000 ) ) ;
#2961 = FACE_OUTER_BOUND ( 'NONE', #2027, .T. ) ;
#2962 = VERTEX_POINT ( 'NONE', #4796 ) ;
#2963 = AXIS2_PLACEMENT_3D ( 'NONE', #987, #6273, #3069 ) ;
#2964 = CARTESIAN_POINT ( 'NONE',  ( 70.70000000000000284, 4.500000000000000888, -14.94999999999997442 ) ) ;
#2965 = EDGE_CURVE ( 'NONE', #6375, #6529, #32, .T. ) ;
#2966 = ORIENTED_EDGE ( 'NONE', *, *, #1453, .F. ) ;
#2967 = DIRECTION ( 'NONE',  ( -1.000000000000000000, 0.000000000000000000, 0.000000000000000000 ) ) ;
#2968 = ORIENTED_EDGE ( 'NONE', *, *, #2587, .F. ) ;
#2969 = PLANE ( 'NONE',  #864 ) ;
#2970 = CARTESIAN_POINT ( 'NONE',  ( 59.05000000000000426, 8.400000000000000355, -40.34999999999996589 ) ) ;
#2971 = ORIENTED_EDGE ( 'NONE', *, *, #6119, .F. ) ;
#2972 = EDGE_CURVE ( 'NONE', #2997, #1253, #4828, .T. ) ;
#2973 = CARTESIAN_POINT ( 'NONE',  ( 70.37805782887546968, 7.947172102582441333, -33.72627369906243899 ) ) ;
#2974 = CARTESIAN_POINT ( 'NONE',  ( -3.000000000000000000, 8.399999999999996803, -3.000000000000000000 ) ) ;
#2975 = LINE ( 'NONE', #4621, #3258 ) ;
#2976 = AXIS2_PLACEMENT_3D ( 'NONE', #5198, #6359, #2067 ) ;
#2977 = CARTESIAN_POINT ( 'NONE',  ( 65.20000000000000284, 7.400000000000002132, -55.00000000000000000 ) ) ;
#2978 = ADVANCED_FACE ( 'NONE', ( #1162 ), #650, .F. ) ;
#2979 = VERTEX_POINT ( 'NONE', #545 ) ;
#2980 = DIRECTION ( 'NONE',  ( 0.000000000000000000, 1.000000000000000000, 7.796510004390146031E-17 ) ) ;
#2981 = AXIS2_PLACEMENT_3D ( 'NONE', #6433, #156, #3934 ) ;
#2982 = EDGE_LOOP ( 'NONE', ( #732, #4118, #5257, #6641 ) ) ;
#2983 = ORIENTED_EDGE ( 'NONE', *, *, #353, .F. ) ;
#2984 = LINE ( 'NONE', #1960, #582 ) ;
#2985 = FACE_OUTER_BOUND ( 'NONE', #5326, .T. ) ;
#2986 = VECTOR ( 'NONE', #4084, 1000.000000000000000 ) ;
#2987 = FACE_OUTER_BOUND ( 'NONE', #2982, .T. ) ;
#2988 = EDGE_CURVE ( 'NONE', #6503, #4432, #6312, .T. ) ;
#2989 = ORIENTED_EDGE ( 'NONE', *, *, #5749, .F. ) ;
#2990 = VECTOR ( 'NONE', #4733, 1000.000000000000000 ) ;
#2991 = LINE ( 'NONE', #5026, #409 ) ;
#2992 = CARTESIAN_POINT ( 'NONE',  ( 36.99999999999999289, 4.500000000000000888, -25.14999999999997726 ) ) ;
#2993 = ORIENTED_EDGE ( 'NONE', *, *, #989, .T. ) ;
#2994 = CARTESIAN_POINT ( 'NONE',  ( 3.500000000000002220, 2.900000000000001688, -36.75000000000000711 ) ) ;
#2995 = ORIENTED_EDGE ( 'NONE', *, *, #6506, .T. ) ;
#2996 = DIRECTION ( 'NONE',  ( -0.000000000000000000, 1.000000000000000000, -0.000000000000000000 ) ) ;
#2997 = VERTEX_POINT ( 'NONE', #1199 ) ;
#2998 = LINE ( 'NONE', #6613, #3935 ) ;
#2999 = LINE ( 'NONE', #6614, #4529 ) ;
#3000 = ORIENTED_EDGE ( 'NONE', *, *, #1558, .T. ) ;
#3001 = AXIS2_PLACEMENT_3D ( 'NONE', #2953, #5020, #3538 ) ;
#3002 = EDGE_CURVE ( 'NONE', #3232, #5031, #133, .T. ) ;
#3003 = CARTESIAN_POINT ( 'NONE',  ( 70.32296666154542208, 7.994922157027127163, -33.72505196362099866 ) ) ;
#3004 = CARTESIAN_POINT ( 'NONE',  ( 59.00000000000000000, 4.500000000000000888, -26.94999999999998153 ) ) ;
#3005 = DIRECTION ( 'NONE',  ( -0.000000000000000000, 1.000000000000000000, 7.796510004390144799E-17 ) ) ;
#3006 = EDGE_CURVE ( 'NONE', #2148, #178, #2660, .T. ) ;
#3007 = CARTESIAN_POINT ( 'NONE',  ( 39.46827201635471738, 3.500000000000000444, -10.26827201635468612 ) ) ;
#3008 = ORIENTED_EDGE ( 'NONE', *, *, #1921, .T. ) ;
#3009 = CARTESIAN_POINT ( 'NONE',  ( 64.00000000000000000, 8.400000000000000355, -46.25000000000000000 ) ) ;
#3010 = ORIENTED_EDGE ( 'NONE', *, *, #4598, .F. ) ;
#3011 = DIRECTION ( 'NONE',  ( 0.000000000000000000, -0.7071067811865474617, -0.7071067811865474617 ) ) ;
#3012 = CARTESIAN_POINT ( 'NONE',  ( 59.50000000000000000, 10.00000000000000000, 0.000000000000000000 ) ) ;
#3013 = EDGE_CURVE ( 'NONE', #4819, #4029, #4862, .T. ) ;
#3014 = DIRECTION ( 'NONE',  ( 4.707526393424171362E-17, 0.000000000000000000, -1.000000000000000000 ) ) ;
#3015 = DIRECTION ( 'NONE',  ( 0.000000000000000000, 0.000000000000000000, 1.000000000000000000 ) ) ;
#3016 = ORIENTED_EDGE ( 'NONE', *, *, #2372, .T. ) ;
#3017 = CARTESIAN_POINT ( 'NONE',  ( -3.000000000000000000, 10.00000000000000000, -26.94999999999998153 ) ) ;
#3018 = CARTESIAN_POINT ( 'NONE',  ( 0.000000000000000000, 10.00000000000000000, -1.600000000000004086 ) ) ;
#3019 = ORIENTED_EDGE ( 'NONE', *, *, #6258, .F. ) ;
#3020 = CARTESIAN_POINT ( 'NONE',  ( 0.7500000000000148770, 8.400000000000002132, -46.25000000000000000 ) ) ;
#3021 = ORIENTED_EDGE ( 'NONE', *, *, #3151, .F. ) ;
#3022 = AXIS2_PLACEMENT_3D ( 'NONE', #3051, #5735, #2124 ) ;
#3023 = VECTOR ( 'NONE', #3056, 1000.000000000000000 ) ;
#3024 = LINE ( 'NONE', #851, #4632 ) ;
#3025 = ORIENTED_EDGE ( 'NONE', *, *, #3594, .T. ) ;
#3026 = DIRECTION ( 'NONE',  ( 0.000000000000000000, 0.000000000000000000, -1.000000000000000000 ) ) ;
#3027 = EDGE_CURVE ( 'NONE', #941, #716, #62, .T. ) ;
#3028 = CARTESIAN_POINT ( 'NONE',  ( -3.000000000000000000, 10.00000000000000000, -26.94999999999998153 ) ) ;
#3029 = VECTOR ( 'NONE', #2390, 1000.000000000000000 ) ;
#3030 = CIRCLE ( 'NONE', #1945, 0.8499999999999965361 ) ;
#3031 = ORIENTED_EDGE ( 'NONE', *, *, #3425, .T. ) ;
#3032 = AXIS2_PLACEMENT_3D ( 'NONE', #3419, #5522, #2829 ) ;
#3033 = EDGE_CURVE ( 'NONE', #1411, #6289, #328, .T. ) ;
#3034 = CIRCLE ( 'NONE', #3589, 0.8500000000000035305 ) ;
#3035 = ADVANCED_FACE ( 'NONE', ( #1887 ), #6010, .F. ) ;
#3036 = CARTESIAN_POINT ( 'NONE',  ( 70.70000000000000284, 9.499999999999985789, -14.94999999999997442 ) ) ;
#3037 = DIRECTION ( 'NONE',  ( 0.000000000000000000, 0.000000000000000000, -1.000000000000000000 ) ) ;
#3038 = CARTESIAN_POINT ( 'NONE',  ( 37.00000000000000000, 2.899975000000001746, -31.14999999999998437 ) ) ;
#3039 = VECTOR ( 'NONE', #2036, 1000.000000000000000 ) ;
#3040 = EDGE_CURVE ( 'NONE', #222, #2962, #5604, .T. ) ;
#3041 = PLANE ( 'NONE',  #4674 ) ;
#3042 = ORIENTED_EDGE ( 'NONE', *, *, #1595, .T. ) ;
#3043 = DIRECTION ( 'NONE',  ( 0.000000000000000000, 1.000000000000000000, -0.000000000000000000 ) ) ;
#3044 = ORIENTED_EDGE ( 'NONE', *, *, #2442, .F. ) ;
#3045 = ORIENTED_EDGE ( 'NONE', *, *, #162, .T. ) ;
#3046 = CARTESIAN_POINT ( 'NONE',  ( -2.999999999999999112, 4.500000000000000888, -22.94999999999997797 ) ) ;
#3047 = LINE ( 'NONE', #1546, #4438 ) ;
#3048 = EDGE_CURVE ( 'NONE', #320, #273, #3464, .T. ) ;
#3049 = CARTESIAN_POINT ( 'NONE',  ( 61.30000000000000426, 3.900000000000000799, -37.14999999999998437 ) ) ;
#3050 = VERTEX_POINT ( 'NONE', #5045 ) ;
#3051 = CARTESIAN_POINT ( 'NONE',  ( 1.250000000000002442, 2.900000000000001688, -35.75000000000000711 ) ) ;
#3052 = EDGE_LOOP ( 'NONE', ( #3758, #209, #2676, #3742, #5612, #300, #5536, #4538, #6298, #1861, #977, #2774, #604, #4257, #2879, #5469, #4714, #5147, #5957 ) ) ;
#3053 = PLANE ( 'NONE',  #6377 ) ;
#3054 = ORIENTED_EDGE ( 'NONE', *, *, #6781, .T. ) ;
#3055 = AXIS2_PLACEMENT_3D ( 'NONE', #6687, #961, #4726 ) ;
#3056 = DIRECTION ( 'NONE',  ( 1.079516769838632144E-16, 1.000000000000000000, 7.796510004390143566E-17 ) ) ;
#3057 = ORIENTED_EDGE ( 'NONE', *, *, #4478, .F. ) ;
#3058 = EDGE_CURVE ( 'NONE', #230, #3853, #5564, .T. ) ;
#3059 = VECTOR ( 'NONE', #6340, 1000.000000000000000 ) ;
#3060 = CARTESIAN_POINT ( 'NONE',  ( 67.28406102905007913, 8.400000000000000355, -35.24999999999999289 ) ) ;
#3061 = ORIENTED_EDGE ( 'NONE', *, *, #2771, .F. ) ;
#3062 = CARTESIAN_POINT ( 'NONE',  ( 53.44999999999996732, 3.400000000000001688, -42.24999999999997158 ) ) ;
#3063 = AXIS2_PLACEMENT_3D ( 'NONE', #2655, #3205, #3135 ) ;
#3064 = DIRECTION ( 'NONE',  ( 0.000000000000000000, 0.000000000000000000, -1.000000000000000000 ) ) ;
#3065 = ORIENTED_EDGE ( 'NONE', *, *, #6026, .T. ) ;
#3066 = EDGE_CURVE ( 'NONE', #2343, #700, #6237, .T. ) ;
#3067 = CARTESIAN_POINT ( 'NONE',  ( -3.000000000000000000, 8.399999999999996803, -22.94999999999997797 ) ) ;
#3068 = DIRECTION ( 'NONE',  ( 0.000000000000000000, -7.796510004390144799E-17, 1.000000000000000000 ) ) ;
#3069 = DIRECTION ( 'NONE',  ( 0.000000000000000000, 0.000000000000000000, -1.000000000000000000 ) ) ;
#3070 = CARTESIAN_POINT ( 'NONE',  ( 70.70000000000000284, 9.499999999999985789, -26.94999999999998153 ) ) ;
#3071 = ORIENTED_EDGE ( 'NONE', *, *, #2717, .F. ) ;
#3072 = CARTESIAN_POINT ( 'NONE',  ( 55.73172798364529967, 2.899999999999999911, -26.53172798364527196 ) ) ;
#3073 = EDGE_CURVE ( 'NONE', #3620, #1524, #862, .T. ) ;
#3074 = VERTEX_POINT ( 'NONE', #3392 ) ;
#3075 = EDGE_LOOP ( 'NONE', ( #1221, #1296, #5983, #1691, #550, #6669 ) ) ;
#3076 = VECTOR ( 'NONE', #4007, 1000.000000000000000 ) ;
#3077 = CARTESIAN_POINT ( 'NONE',  ( -3.000000000000002665, 8.400000000000002132, -47.75000000000001421 ) ) ;
#3078 = LINE ( 'NONE', #4184, #4751 ) ;
#3079 = LINE ( 'NONE', #4700, #3320 ) ;
#3080 = VERTEX_POINT ( 'NONE', #4974 ) ;
#3081 = VECTOR ( 'NONE', #4042, 1000.000000000000000 ) ;
#3082 = EDGE_CURVE ( 'NONE', #4150, #3363, #280, .T. ) ;
#3083 = FACE_OUTER_BOUND ( 'NONE', #3227, .T. ) ;
#3084 = ORIENTED_EDGE ( 'NONE', *, *, #3607, .F. ) ;
#3085 = CYLINDRICAL_SURFACE ( 'NONE', #3200, 1.000000000000000888 ) ;
#3086 = EDGE_CURVE ( 'NONE', #1459, #3260, #2362, .T. ) ;
#3087 = VERTEX_POINT ( 'NONE', #2942 ) ;
#3088 = AXIS2_PLACEMENT_3D ( 'NONE', #3709, #1585, #5327 ) ;
#3089 = EDGE_CURVE ( 'NONE', #3785, #2168, #4462, .T. ) ;
#3090 = DIRECTION ( 'NONE',  ( 0.000000000000000000, 0.7071067811865474617, 0.7071067811865474617 ) ) ;
#3091 = CARTESIAN_POINT ( 'NONE',  ( 61.50000000000000711, 2.900000000000001688, -4.499999999999991118 ) ) ;
#3092 = VECTOR ( 'NONE', #2597, 1000.000000000000000 ) ;
#3093 = ORIENTED_EDGE ( 'NONE', *, *, #3981, .T. ) ;
#3094 = DIRECTION ( 'NONE',  ( 0.000000000000000000, 0.000000000000000000, -1.000000000000000000 ) ) ;
#3095 = ORIENTED_EDGE ( 'NONE', *, *, #3282, .F. ) ;
#3096 = DIRECTION ( 'NONE',  ( -1.000000000000000000, -0.000000000000000000, -0.000000000000000000 ) ) ;
#3097 = DIRECTION ( 'NONE',  ( -1.000000000000000000, 0.000000000000000000, 0.000000000000000000 ) ) ;
#3098 = CIRCLE ( 'NONE', #4308, 0.8500000000000035305 ) ;
#3099 = EDGE_LOOP ( 'NONE', ( #3596, #2883, #4838, #2700, #3701, #4610 ) ) ;
#3100 = EDGE_CURVE ( 'NONE', #3403, #1646, #1405, .T. ) ;
#3101 = LINE ( 'NONE', #6404, #2707 ) ;
#3102 = CARTESIAN_POINT ( 'NONE',  ( 70.29001977241554755, 8.022974401269793887, -33.72491222158165414 ) ) ;
#3103 = DIRECTION ( 'NONE',  ( 0.7071067811865573427, -0.7071067811865378028, 0.000000000000000000 ) ) ;
#3104 = CARTESIAN_POINT ( 'NONE',  ( 60.29999999999999716, -5.500000000000001776, -42.39999999999999147 ) ) ;
#3105 = VECTOR ( 'NONE', #4512, 1000.000000000000000 ) ;
#3106 = DIRECTION ( 'NONE',  ( 1.029509481291873510E-16, 0.000000000000000000, -1.000000000000000000 ) ) ;
#3107 = ORIENTED_EDGE ( 'NONE', *, *, #5936, .T. ) ;
#3108 = DIRECTION ( 'NONE',  ( 0.000000000000000000, -0.000000000000000000, -1.000000000000000000 ) ) ;
#3109 = VERTEX_POINT ( 'NONE', #3427 ) ;
#3110 = CARTESIAN_POINT ( 'NONE',  ( 56.00000000000000000, 7.400000000000002132, -47.99999999999999289 ) ) ;
#3111 = FACE_OUTER_BOUND ( 'NONE', #807, .T. ) ;
#3112 = DIRECTION ( 'NONE',  ( 0.000000000000000000, -0.7071067811865512365, 0.7071067811865439090 ) ) ;
#3113 = ORIENTED_EDGE ( 'NONE', *, *, #1341, .T. ) ;
#3114 = ADVANCED_FACE ( 'NONE', ( #350 ), #6555, .T. ) ;
#3115 = LINE ( 'NONE', #1614, #2144 ) ;
#3116 = ORIENTED_EDGE ( 'NONE', *, *, #4802, .F. ) ;
#3117 = DIRECTION ( 'NONE',  ( 0.000000000000000000, -0.000000000000000000, 1.000000000000000000 ) ) ;
#3118 = ORIENTED_EDGE ( 'NONE', *, *, #270, .F. ) ;
#3119 = EDGE_CURVE ( 'NONE', #178, #621, #1854, .T. ) ;
#3120 = DIRECTION ( 'NONE',  ( 0.000000000000000000, 0.000000000000000000, 1.000000000000000000 ) ) ;
#3121 = DIRECTION ( 'NONE',  ( 0.000000000000000000, 7.796510004390144799E-17, -1.000000000000000000 ) ) ;
#3122 = ORIENTED_EDGE ( 'NONE', *, *, #5749, .T. ) ;
#3123 = DIRECTION ( 'NONE',  ( -0.7071067811865475727, 0.7071067811865475727, 0.000000000000000000 ) ) ;
#3124 = VERTEX_POINT ( 'NONE', #5006 ) ;
#3125 = LINE ( 'NONE', #4748, #2931 ) ;
#3126 = CARTESIAN_POINT ( 'NONE',  ( 69.84680851998396633, 8.445374268530850159, -33.70462573146914309 ) ) ;
#3127 = ORIENTED_EDGE ( 'NONE', *, *, #5185, .F. ) ;
#3128 = AXIS2_PLACEMENT_3D ( 'NONE', #6483, #3242, #3765 ) ;
#3129 = EDGE_CURVE ( 'NONE', #6626, #5033, #2325, .T. ) ;
#3130 = VECTOR ( 'NONE', #295, 1000.000000000000000 ) ;
#3131 = DIRECTION ( 'NONE',  ( -0.000000000000000000, -1.000000000000000000, -0.000000000000000000 ) ) ;
#3132 = EDGE_CURVE ( 'NONE', #5033, #556, #312, .T. ) ;
#3133 = CARTESIAN_POINT ( 'NONE',  ( 4.500000000000002665, 7.900000000000011013, -35.75000000000000711 ) ) ;
#3134 = VECTOR ( 'NONE', #6327, 1000.000000000000000 ) ;
#3135 = DIRECTION ( 'NONE',  ( 0.000000000000000000, 0.000000000000000000, -1.000000000000000000 ) ) ;
#3136 = CARTESIAN_POINT ( 'NONE',  ( 11.50000000000000355, 2.899975000000001746, -32.14999999999998437 ) ) ;
#3137 = VECTOR ( 'NONE', #1498, 1000.000000000000000 ) ;
#3138 = LINE ( 'NONE', #5657, #1716 ) ;
#3139 = VERTEX_POINT ( 'NONE', #2291 ) ;
#3140 = LINE ( 'NONE', #3597, #2838 ) ;
#3141 = ADVANCED_FACE ( 'NONE', ( #3879 ), #4396, .F. ) ;
#3142 = CIRCLE ( 'NONE', #522, 1.500000000000001332 ) ;
#3143 = FACE_OUTER_BOUND ( 'NONE', #2222, .T. ) ;
#3144 = ORIENTED_EDGE ( 'NONE', *, *, #20, .T. ) ;
#3145 = CARTESIAN_POINT ( 'NONE',  ( 59.05000000000000426, 3.900000000000000799, -39.59999999999997300 ) ) ;
#3146 = EDGE_LOOP ( 'NONE', ( #354, #6766 ) ) ;
#3147 = AXIS2_PLACEMENT_3D ( 'NONE', #1239, #1818, #210 ) ;
#3148 = DIRECTION ( 'NONE',  ( 0.000000000000000000, 0.000000000000000000, -1.000000000000000000 ) ) ;
#3149 = DIRECTION ( 'NONE',  ( -0.000000000000000000, 1.000000000000000000, -0.000000000000000000 ) ) ;
#3150 = ORIENTED_EDGE ( 'NONE', *, *, #3500, .T. ) ;
#3151 = EDGE_CURVE ( 'NONE', #3109, #5189, #1330, .T. ) ;
#3152 = CARTESIAN_POINT ( 'NONE',  ( -2.999999999999999112, 10.00000000000000000, -21.14999999999997726 ) ) ;
#3153 = ORIENTED_EDGE ( 'NONE', *, *, #5652, .F. ) ;
#3154 = LINE ( 'NONE', #1002, #6507 ) ;
#3155 = ORIENTED_EDGE ( 'NONE', *, *, #794, .T. ) ;
#3156 = EDGE_CURVE ( 'NONE', #1484, #948, #243, .T. ) ;
#3157 = FACE_OUTER_BOUND ( 'NONE', #1193, .T. ) ;
#3158 = CARTESIAN_POINT ( 'NONE',  ( 2.250000000000002220, 8.400000000000002132, -47.74999999999998579 ) ) ;
#3159 = EDGE_CURVE ( 'NONE', #4833, #2588, #2042, .T. ) ;
#3160 = ORIENTED_EDGE ( 'NONE', *, *, #2936, .T. ) ;
#3161 = CARTESIAN_POINT ( 'NONE',  ( 69.80949677841987011, 8.371992743459921726, -33.77800725654007863 ) ) ;
#3162 = VERTEX_POINT ( 'NONE', #5077 ) ;
#3163 = EDGE_CURVE ( 'NONE', #5847, #1034, #6272, .T. ) ;
#3164 = DIRECTION ( 'NONE',  ( 0.000000000000000000, -1.000000000000000000, 0.000000000000000000 ) ) ;
#3165 = CARTESIAN_POINT ( 'NONE',  ( 70.70000000000000284, 9.399999999999995026, -0.9999999999999995559 ) ) ;
#3166 = ORIENTED_EDGE ( 'NONE', *, *, #4343, .F. ) ;
#3167 = AXIS2_PLACEMENT_3D ( 'NONE', #5052, #6594, #2335 ) ;
#3168 = VECTOR ( 'NONE', #5109, 1000.000000000000000 ) ;
#3169 = LINE ( 'NONE', #5239, #3593 ) ;
#3170 = CARTESIAN_POINT ( 'NONE',  ( 59.00000000000000000, 9.500000000000014211, -6.949999999999980638 ) ) ;
#3171 = DIRECTION ( 'NONE',  ( -0.7071067811865573427, -0.7071067811865378028, -0.000000000000000000 ) ) ;
#3172 = CARTESIAN_POINT ( 'NONE',  ( 60.00000000000000711, 8.400000000000002132, -51.00000000000000000 ) ) ;
#3173 = CIRCLE ( 'NONE', #2963, 1.999999999999988010 ) ;
#3174 = CC_DESIGN_PERSON_AND_ORGANIZATION_ASSIGNMENT ( #1092, #4245, ( #4164 ) ) ;
#3175 = ADVANCED_FACE ( 'NONE', ( #1471 ), #5171, .F. ) ;
#3176 = DIRECTION ( 'NONE',  ( 0.000000000000000000, 0.000000000000000000, 1.000000000000000000 ) ) ;
#3177 = CARTESIAN_POINT ( 'NONE',  ( 61.50000000000000711, 0.000000000000000000, -51.50000000000001421 ) ) ;
#3178 = ORIENTED_EDGE ( 'NONE', *, *, #5035, .F. ) ;
#3179 = PLANE ( 'NONE',  #6559 ) ;
#3180 = ORIENTED_EDGE ( 'NONE', *, *, #628, .T. ) ;
#3181 = EDGE_CURVE ( 'NONE', #2485, #2776, #895, .T. ) ;
#3182 = DIRECTION ( 'NONE',  ( -0.000000000000000000, 1.000000000000000000, -0.000000000000000000 ) ) ;
#3183 = CARTESIAN_POINT ( 'NONE',  ( 53.44999999999997442, 3.899999999999987921, -40.74999999999997158 ) ) ;
#3184 = EDGE_LOOP ( 'NONE', ( #4923, #2162, #2861, #5796 ) ) ;
#3185 = VECTOR ( 'NONE', #4629, 1000.000000000000000 ) ;
#3186 = DIRECTION ( 'NONE',  ( -0.000000000000000000, 1.000000000000000000, -0.000000000000000000 ) ) ;
#3187 = EDGE_LOOP ( 'NONE', ( #2921, #1334, #4120, #3153, #6677, #287 ) ) ;
#3188 = DIRECTION ( 'NONE',  ( -0.000000000000000000, 1.000000000000000000, -0.000000000000000000 ) ) ;
#3189 = ORIENTED_EDGE ( 'NONE', *, *, #3937, .T. ) ;
#3190 = DIRECTION ( 'NONE',  ( 0.000000000000000000, 1.000000000000000000, 7.796510004390146031E-17 ) ) ;
#3191 = DIRECTION ( 'NONE',  ( -0.000000000000000000, 1.000000000000000000, 7.796510004390144799E-17 ) ) ;
#3192 = ORIENTED_EDGE ( 'NONE', *, *, #1898, .F. ) ;
#3193 = CARTESIAN_POINT ( 'NONE',  ( 1.250000000000002442, 2.900000000000001688, -46.25000000000000000 ) ) ;
#3194 = ORIENTED_EDGE ( 'NONE', *, *, #5574, .F. ) ;
#3195 = LINE ( 'NONE', #5301, #1843 ) ;
#3196 = CARTESIAN_POINT ( 'NONE',  ( 3.500000000000002220, 8.400000000000000355, -36.75000000000000711 ) ) ;
#3197 = VECTOR ( 'NONE', #3341, 1000.000000000000000 ) ;
#3198 = ORIENTED_EDGE ( 'NONE', *, *, #5995, .F. ) ;
#3199 = VECTOR ( 'NONE', #1709, 1000.000000000000000 ) ;
#3200 = AXIS2_PLACEMENT_3D ( 'NONE', #4223, #5193, #2060 ) ;
#3201 = VERTEX_POINT ( 'NONE', #4174 ) ;
#3202 = CARTESIAN_POINT ( 'NONE',  ( 3.500000000000000000, 8.400000000000002132, -52.50000000000000000 ) ) ;
#3203 = AXIS2_PLACEMENT_3D ( 'NONE', #5583, #5249, #4483 ) ;
#3204 = CARTESIAN_POINT ( 'NONE',  ( 55.73172798364529967, 2.899999999999999911, -25.68172798364527054 ) ) ;
#3205 = DIRECTION ( 'NONE',  ( -0.000000000000000000, 1.000000000000000000, -0.000000000000000000 ) ) ;
#3206 = LINE ( 'NONE', #5753, #4712 ) ;
#3207 = EDGE_CURVE ( 'NONE', #2032, #3734, #5106, .T. ) ;
#3208 = DIRECTION ( 'NONE',  ( -0.000000000000000000, 1.000000000000000000, -0.000000000000000000 ) ) ;
#3209 = PERSON_AND_ORGANIZATION_ROLE ( 'design_supplier' ) ;
#3210 = DIRECTION ( 'NONE',  ( -0.000000000000000000, 1.000000000000000000, 7.796510004390144799E-17 ) ) ;
#3211 = VERTEX_POINT ( 'NONE', #5654 ) ;
#3212 = EDGE_CURVE ( 'NONE', #2450, #3945, #2076, .T. ) ;
#3213 = CARTESIAN_POINT ( 'NONE',  ( 7.200000000000004619, 3.900000000000000799, -42.39999999999998437 ) ) ;
#3214 = AXIS2_PLACEMENT_3D ( 'NONE', #2474, #4571, #6250 ) ;
#3215 = EDGE_LOOP ( 'NONE', ( #6658, #3346 ) ) ;
#3216 = DIRECTION ( 'NONE',  ( -0.000000000000000000, -1.000000000000000000, -0.000000000000000000 ) ) ;
#3217 = DIRECTION ( 'NONE',  ( 0.000000000000000000, 1.000000000000000000, 0.000000000000000000 ) ) ;
#3218 = AXIS2_PLACEMENT_3D ( 'NONE', #2435, #4048, #4503 ) ;
#3219 = EDGE_LOOP ( 'NONE', ( #5130, #2127, #4554, #6097 ) ) ;
#3220 = FACE_OUTER_BOUND ( 'NONE', #696, .T. ) ;
#3221 = ORIENTED_EDGE ( 'NONE', *, *, #2063, .T. ) ;
#3222 = ADVANCED_FACE ( 'NONE', ( #3559 ), #1439, .T. ) ;
#3223 = DIRECTION ( 'NONE',  ( -0.000000000000000000, 1.000000000000000000, 7.796510004390144799E-17 ) ) ;
#3224 = ORIENTED_EDGE ( 'NONE', *, *, #1839, .T. ) ;
#3225 = CARTESIAN_POINT ( 'NONE',  ( 61.50000000000000711, 2.900000000000001688, -3.500000000000000000 ) ) ;
#3226 = DIRECTION ( 'NONE',  ( 0.000000000000000000, 0.000000000000000000, -1.000000000000000000 ) ) ;
#3227 = EDGE_LOOP ( 'NONE', ( #566, #6019, #5971, #3994 ) ) ;
#3228 = FACE_OUTER_BOUND ( 'NONE', #2243, .T. ) ;
#3229 = EDGE_LOOP ( 'NONE', ( #5781, #1384, #801, #6423, #3778, #3116 ) ) ;
#3230 = DIRECTION ( 'NONE',  ( 1.000000000000000000, 0.000000000000000000, 0.000000000000000000 ) ) ;
#3231 = CARTESIAN_POINT ( 'NONE',  ( -3.000000000000000000, 4.500000000000000888, -6.949999999999984190 ) ) ;
#3232 = VERTEX_POINT ( 'NONE', #6742 ) ;
#3233 = EDGE_LOOP ( 'NONE', ( #3166, #486, #1602, #15 ) ) ;
#3234 = EDGE_CURVE ( 'NONE', #6313, #6033, #6045, .T. ) ;
#3235 = LINE ( 'NONE', #1049, #2394 ) ;
#3236 = CARTESIAN_POINT ( 'NONE',  ( 53.75000000000000000, 3.500000000000000444, -16.00000000000000000 ) ) ;
#3237 = EDGE_CURVE ( 'NONE', #498, #5334, #923, .T. ) ;
#3238 = DIRECTION ( 'NONE',  ( 0.000000000000000000, 0.000000000000000000, -1.000000000000000000 ) ) ;
#3239 = B_SPLINE_CURVE_WITH_KNOTS ( 'NONE', 3,
 ( #2826, #1266, #752, #3939, #233, #2316, #6439, #2245, #3345, #4491, #1696, #4421, #6510, #3417, #1192, #5998, #1808, #3903, #5519, #3791, #5378, #5930, #819, #1298, #5888, #678, #785 ),
 .UNSPECIFIED., .F., .F.,
 ( 4, 2, 1, 2, 2, 2, 1, 2, 2, 2, 1, 1, 1, 2, 2, 4 ),
 ( 0.000000000000000000, 0.1250000000001036671, 0.1875000000001487421, 0.2187500000001646461, 0.2500000000001805778, 0.3750000000002461364, 0.4375000000002720046, 0.4687500000002838840, 0.5000000000002957634, 0.6250000000003768097, 0.6875000000004162226, 0.7187500000004358736, 0.7343750000004448664, 0.7421875000004428680, 0.7500000000004408696, 1.000000000000000000 ),
 .UNSPECIFIED. ) ;
#3240 = CARTESIAN_POINT ( 'NONE',  ( 53.44999999999997442, 3.400000000000001688, -39.24999999999997158 ) ) ;
#3241 = ADVANCED_FACE ( 'NONE', ( #4652 ), #115, .F. ) ;
#3242 = DIRECTION ( 'NONE',  ( -0.000000000000000000, 0.000000000000000000, 1.000000000000000000 ) ) ;
#3243 = AXIS2_PLACEMENT_3D ( 'NONE', #3410, #6028, #5440 ) ;
#3244 = ADVANCED_FACE ( 'NONE', ( #6174 ), #2957, .T. ) ;
#3245 = VECTOR ( 'NONE', #6653, 1000.000000000000000 ) ;
#3246 = DIRECTION ( 'NONE',  ( -0.000000000000000000, 1.000000000000000000, -0.000000000000000000 ) ) ;
#3247 = LINE ( 'NONE', #3766, #1523 ) ;
#3248 = ORIENTED_EDGE ( 'NONE', *, *, #5104, .F. ) ;
#3249 = CARTESIAN_POINT ( 'NONE',  ( 55.73172798364529967, 2.899999999999999911, -24.83172798364526912 ) ) ;
#3250 = EDGE_CURVE ( 'NONE', #1923, #4099, #4561, .T. ) ;
#3251 = AXIS2_PLACEMENT_3D ( 'NONE', #3204, #4822, #5343 ) ;
#3252 = CARTESIAN_POINT ( 'NONE',  ( 68.70000000000000284, 10.00000000000000000, -32.72737740986950428 ) ) ;
#3253 = DIRECTION ( 'NONE',  ( -0.000000000000000000, 1.000000000000000000, -0.000000000000000000 ) ) ;
#3254 = AXIS2_PLACEMENT_3D ( 'NONE', #6432, #4337, #2347 ) ;
#3255 = ORIENTED_EDGE ( 'NONE', *, *, #3391, .F. ) ;
#3256 = LINE ( 'NONE', #4325, #5234 ) ;
#3257 = EDGE_LOOP ( 'NONE', ( #4873, #3747, #4290, #5072 ) ) ;
#3258 = VECTOR ( 'NONE', #1380, 1000.000000000000000 ) ;
#3259 = LINE ( 'NONE', #5362, #1565 ) ;
#3260 = VERTEX_POINT ( 'NONE', #5208 ) ;
#3261 = EDGE_CURVE ( 'NONE', #288, #5031, #4604, .T. ) ;
#3262 = CARTESIAN_POINT ( 'NONE',  ( 9.550000000000007816, 3.900000000000000799, -39.59999999999997300 ) ) ;
#3263 = PLANE ( 'NONE',  #4240 ) ;
#3264 = VERTEX_POINT ( 'NONE', #2583 ) ;
#3265 = DIRECTION ( 'NONE',  ( -1.000000000000000000, -0.000000000000000000, -4.707526393424171362E-17 ) ) ;
#3266 = CARTESIAN_POINT ( 'NONE',  ( 37.00000000000000000, 9.500000000000014211, -18.94999999999997442 ) ) ;
#3267 = ORIENTED_EDGE ( 'NONE', *, *, #1558, .F. ) ;
#3268 = EDGE_LOOP ( 'NONE', ( #3749, #6161 ) ) ;
#3269 = CARTESIAN_POINT ( 'NONE',  ( 39.46827201635471738, 3.500000000000000444, -8.568272016354686826 ) ) ;
#3270 = FACE_OUTER_BOUND ( 'NONE', #2788, .T. ) ;
#3271 = ORIENTED_EDGE ( 'NONE', *, *, #87, .T. ) ;
#3272 = VECTOR ( 'NONE', #4213, 1000.000000000000000 ) ;
#3273 = ADVANCED_FACE ( 'NONE', ( #6711 ), #2009, .T. ) ;
#3274 = ORIENTED_EDGE ( 'NONE', *, *, #4663, .F. ) ;
#3275 = LINE ( 'NONE', #3830, #795 ) ;
#3276 = VERTEX_POINT ( 'NONE', #6650 ) ;
#3277 = CARTESIAN_POINT ( 'NONE',  ( 0.000000000000000000, 2.900000000000001688, 0.000000000000000000 ) ) ;
#3278 = CARTESIAN_POINT ( 'NONE',  ( 36.50000000000000000, 10.00000000000000000, 0.000000000000000000 ) ) ;
#3279 = CARTESIAN_POINT ( 'NONE',  ( 3.500000000000003109, 0.000000000000000000, -3.500000000000000000 ) ) ;
#3280 = AXIS2_PLACEMENT_3D ( 'NONE', #3361, #4539, #2980 ) ;
#3281 = CARTESIAN_POINT ( 'NONE',  ( -3.000000000000002665, 10.00000000000000000, -32.14999999999998437 ) ) ;
#3282 = EDGE_CURVE ( 'NONE', #2061, #2452, #6142, .T. ) ;
#3283 = AXIS2_PLACEMENT_3D ( 'NONE', #3104, #3658, #2618 ) ;
#3284 = CARTESIAN_POINT ( 'NONE',  ( 59.00000000000000000, 9.500000000000014211, -22.94999999999997797 ) ) ;
#3285 = ORIENTED_EDGE ( 'NONE', *, *, #2471, .F. ) ;
#3286 = LINE ( 'NONE', #2254, #1511 ) ;
#3287 = VECTOR ( 'NONE', #6589, 1000.000000000000114 ) ;
#3288 = CARTESIAN_POINT ( 'NONE',  ( 70.19999999999998863, 10.00000000000000000, -14.94999999999997442 ) ) ;
#3289 = DIRECTION ( 'NONE',  ( 0.000000000000000000, -1.000000000000000000, 0.000000000000000000 ) ) ;
#3290 = ORIENTED_EDGE ( 'NONE', *, *, #4888, .F. ) ;
#3291 = CARTESIAN_POINT ( 'NONE',  ( -2.999999999999999112, 4.500000000000000888, -18.94999999999997442 ) ) ;
#3292 = ORIENTED_EDGE ( 'NONE', *, *, #3006, .T. ) ;
#3293 = ORIENTED_EDGE ( 'NONE', *, *, #2244, .F. ) ;
#3294 = CARTESIAN_POINT ( 'NONE',  ( 70.19999999999998863, 10.00000000000000000, -25.14999999999997726 ) ) ;
#3295 = ORIENTED_EDGE ( 'NONE', *, *, #2242, .F. ) ;
#3296 = FACE_OUTER_BOUND ( 'NONE', #1257, .T. ) ;
#3297 = CARTESIAN_POINT ( 'NONE',  ( 37.00000000000000000, 4.500000000000000888, -21.14999999999997726 ) ) ;
#3298 = EDGE_CURVE ( 'NONE', #1034, #2125, #5243, .T. ) ;
#3299 = ORIENTED_EDGE ( 'NONE', *, *, #4661, .T. ) ;
#3301 = EDGE_CURVE ( 'NONE', #2236, #4432, #2187, .T. ) ;
#3300 = DIRECTION ( 'NONE',  ( -0.000000000000000000, 1.000000000000000000, -0.000000000000000000 ) ) ;
#3302 = FACE_OUTER_BOUND ( 'NONE', #2317, .T. ) ;
#3303 = ORIENTED_EDGE ( 'NONE', *, *, #141, .T. ) ;
#3304 = ORIENTED_EDGE ( 'NONE', *, *, #3789, .T. ) ;
#3305 = CYLINDRICAL_SURFACE ( 'NONE', #1187, 3.000000000000002665 ) ;
#3306 = DIRECTION ( 'NONE',  ( -1.000000000000000000, -0.000000000000000000, -0.000000000000000000 ) ) ;
#3307 = EDGE_CURVE ( 'NONE', #570, #188, #5787, .T. ) ;
#3308 = VECTOR ( 'NONE', #6579, 1000.000000000000000 ) ;
#3309 = EDGE_LOOP ( 'NONE', ( #724, #1958, #5999, #4780 ) ) ;
#3310 = ORIENTED_EDGE ( 'NONE', *, *, #458, .F. ) ;
#3311 = DIRECTION ( 'NONE',  ( 0.000000000000000000, -1.000000000000000000, 0.000000000000000000 ) ) ;
#3312 = VECTOR ( 'NONE', #3492, 1000.000000000000000 ) ;
#3313 = ORIENTED_EDGE ( 'NONE', *, *, #5533, .T. ) ;
#3314 = DIRECTION ( 'NONE',  ( -0.000000000000000000, -0.000000000000000000, 1.000000000000000000 ) ) ;
#3315 = DIRECTION ( 'NONE',  ( 0.000000000000000000, 0.000000000000000000, -1.000000000000000000 ) ) ;
#3316 = DIRECTION ( 'NONE',  ( 0.000000000000000000, 0.000000000000000000, 1.000000000000000000 ) ) ;
#3317 = ADVANCED_FACE ( 'NONE', ( #5344 ), #1086, .F. ) ;
#3318 = AXIS2_PLACEMENT_3D ( 'NONE', #2601, #5840, #3117 ) ;
#3319 = DIRECTION ( 'NONE',  ( 0.000000000000000000, 0.000000000000000000, 1.000000000000000000 ) ) ;
#3320 = VECTOR ( 'NONE', #3217, 1000.000000000000000 ) ;
#3321 = DIRECTION ( 'NONE',  ( 1.000000000000000000, 0.000000000000000000, 0.000000000000000000 ) ) ;
#3322 = VERTEX_POINT ( 'NONE', #4755 ) ;
#3323 = DIRECTION ( 'NONE',  ( -0.000000000000000000, 1.000000000000000000, -0.000000000000000000 ) ) ;
#3324 = LINE ( 'NONE', #2839, #1150 ) ;
#3325 = CARTESIAN_POINT ( 'NONE',  ( 59.00000000000000000, 9.500000000000014211, -13.14999999999997371 ) ) ;
#3326 = ORIENTED_EDGE ( 'NONE', *, *, #6035, .F. ) ;
#3327 = LINE ( 'NONE', #5562, #3920 ) ;
#3328 = EDGE_LOOP ( 'NONE', ( #3285, #712, #842, #6732 ) ) ;
#3329 = ORIENTED_EDGE ( 'NONE', *, *, #19, .F. ) ;
#3330 = LINE ( 'NONE', #5505, #5836 ) ;
#3331 = ORIENTED_EDGE ( 'NONE', *, *, #20, .F. ) ;
#3332 = VECTOR ( 'NONE', #114, 1000.000000000000000 ) ;
#3333 = DIRECTION ( 'NONE',  ( 0.7071067811865573427, 0.7071067811865378028, 0.000000000000000000 ) ) ;
#3334 = DIRECTION ( 'NONE',  ( 0.000000000000000000, -1.000000000000000000, 0.000000000000000000 ) ) ;
#3335 = EDGE_CURVE ( 'NONE', #3790, #2205, #3725, .T. ) ;
#3336 = ORIENTED_EDGE ( 'NONE', *, *, #3975, .T. ) ;
#3337 = LINE ( 'NONE', #3821, #3530 ) ;
#3338 = CARTESIAN_POINT ( 'NONE',  ( 70.50045819792320856, 7.970382305651361854, -33.61741968241498313 ) ) ;
#3339 = ORIENTED_EDGE ( 'NONE', *, *, #2801, .T. ) ;
#3340 = DIRECTION ( 'NONE',  ( 0.000000000000000000, 0.000000000000000000, 1.000000000000000000 ) ) ;
#3341 = DIRECTION ( 'NONE',  ( -1.000000000000000000, -0.000000000000000000, -4.707526393424171362E-17 ) ) ;
#3342 = EDGE_CURVE ( 'NONE', #2706, #1490, #25, .T. ) ;
#3343 = ORIENTED_EDGE ( 'NONE', *, *, #3040, .T. ) ;
#3344 = VERTEX_POINT ( 'NONE', #127 ) ;
#3345 = CARTESIAN_POINT ( 'NONE',  ( 70.56298329950223547, 8.072377843767462480, -33.45605358888883529 ) ) ;
#3346 = ORIENTED_EDGE ( 'NONE', *, *, #6739, .F. ) ;
#3347 = CARTESIAN_POINT ( 'NONE',  ( 38.00000000000000711, 5.600000000000001421, -30.64999999999998437 ) ) ;
#3348 = LINE ( 'NONE', #3028, #2871 ) ;
#3349 = CARTESIAN_POINT ( 'NONE',  ( 37.00000000000000000, 4.500000000000000888, -17.14999999999997371 ) ) ;
#3350 = ORIENTED_EDGE ( 'NONE', *, *, #628, .F. ) ;
#3351 = EDGE_CURVE ( 'NONE', #139, #2682, #681, .T. ) ;
#3352 = CARTESIAN_POINT ( 'NONE',  ( 61.50000000000000711, 0.000000000000000000, -53.50000000000000000 ) ) ;
#3353 = DIRECTION ( 'NONE',  ( 0.000000000000000000, 1.000000000000000000, 0.000000000000000000 ) ) ;
#3354 = ORIENTED_EDGE ( 'NONE', *, *, #5079, .F. ) ;
#3355 = FACE_OUTER_BOUND ( 'NONE', #6704, .T. ) ;
#3356 = LINE ( 'NONE', #3883, #2896 ) ;
#3357 = VECTOR ( 'NONE', #1160, 1000.000000000000000 ) ;
#3358 = DIRECTION ( 'NONE',  ( 1.000000000000000000, 0.000000000000000000, 0.000000000000000000 ) ) ;
#3359 = EDGE_CURVE ( 'NONE', #3080, #3620, #2210, .T. ) ;
#3360 = ORIENTED_EDGE ( 'NONE', *, *, #1761, .F. ) ;
#3361 = CARTESIAN_POINT ( 'NONE',  ( 36.44999999999997442, 2.898999999999998689, -41.74999999999997158 ) ) ;
#3362 = VECTOR ( 'NONE', #777, 1000.000000000000114 ) ;
#3363 = VERTEX_POINT ( 'NONE', #4787 ) ;
#3364 = ORIENTED_EDGE ( 'NONE', *, *, #3058, .T. ) ;
#3365 = VECTOR ( 'NONE', #6634, 1000.000000000000000 ) ;
#3366 = CARTESIAN_POINT ( 'NONE',  ( 61.50000000000000711, 0.000000000000000000, -4.499999999999991118 ) ) ;
#3367 = ORIENTED_EDGE ( 'NONE', *, *, #2197, .F. ) ;
#3368 = DIRECTION ( 'NONE',  ( 0.000000000000000000, 0.000000000000000000, -1.000000000000000000 ) ) ;
#3369 = VECTOR ( 'NONE', #378, 1000.000000000000000 ) ;
#3370 = FACE_OUTER_BOUND ( 'NONE', #3708, .T. ) ;
#3371 = CIRCLE ( 'NONE', #417, 0.7499999999999937828 ) ;
#3372 = EDGE_CURVE ( 'NONE', #4062, #1923, #4276, .T. ) ;
#3373 = ORIENTED_EDGE ( 'NONE', *, *, #6283, .T. ) ;
#3374 = DIRECTION ( 'NONE',  ( -0.5773502691896235106, -0.5773502691896235106, -0.5773502691896302830 ) ) ;
#3375 = CARTESIAN_POINT ( 'NONE',  ( 69.88495998052442815, 8.522492933521906622, -33.62750706647809551 ) ) ;
#3376 = VERTEX_POINT ( 'NONE', #93 ) ;
#3377 = FACE_OUTER_BOUND ( 'NONE', #816, .T. ) ;
#3378 = LINE ( 'NONE', #2859, #690 ) ;
#3379 = VECTOR ( 'NONE', #5443, 1000.000000000000000 ) ;
#3380 = ORIENTED_EDGE ( 'NONE', *, *, #4199, .T. ) ;
#3381 = EDGE_CURVE ( 'NONE', #5867, #2061, #6368, .T. ) ;
#3382 = ORIENTED_EDGE ( 'NONE', *, *, #959, .T. ) ;
#3383 = EDGE_CURVE ( 'NONE', #5415, #2185, #5377, .T. ) ;
#3384 = PLANE ( 'NONE',  #4183 ) ;
#3385 = ORIENTED_EDGE ( 'NONE', *, *, #1528, .T. ) ;
#3386 = DIRECTION ( 'NONE',  ( -0.5773502691896259531, 0.5773502691896256200, 0.5773502691896256200 ) ) ;
#3387 = DIRECTION ( 'NONE',  ( 0.000000000000000000, 0.000000000000000000, 1.000000000000000000 ) ) ;
#3388 = DIRECTION ( 'NONE',  ( 0.000000000000000000, 1.000000000000000000, 7.796510004390146031E-17 ) ) ;
#3389 = VERTEX_POINT ( 'NONE', #4241 ) ;
#3390 = CARTESIAN_POINT ( 'NONE',  ( 57.00000000000000000, 3.400000000000001688, -44.75000000000001421 ) ) ;
#3391 = EDGE_CURVE ( 'NONE', #2509, #980, #164, .T. ) ;
#3392 = CARTESIAN_POINT ( 'NONE',  ( -1.999999999999985345, 8.400000000000000355, -33.75000000000000000 ) ) ;
#3393 = CC_DESIGN_DATE_AND_TIME_ASSIGNMENT ( #2797, #6311, ( #2795 ) ) ;
#3394 = ORIENTED_EDGE ( 'NONE', *, *, #6112, .F. ) ;
#3395 = DIRECTION ( 'NONE',  ( 0.000000000000000000, 0.000000000000000000, -1.000000000000000000 ) ) ;
#3396 = EDGE_CURVE ( 'NONE', #4460, #2713, #1631, .T. ) ;
#3397 = VECTOR ( 'NONE', #4981, 1000.000000000000114 ) ;
#3398 = CARTESIAN_POINT ( 'NONE',  ( 60.29999999999999716, 8.400000000000000355, -42.39999999999999147 ) ) ;
#3399 = CARTESIAN_POINT ( 'NONE',  ( 70.70000000000000284, 4.500000000000000888, -22.94999999999997797 ) ) ;
#3400 = ORIENTED_EDGE ( 'NONE', *, *, #4673, .F. ) ;
#3401 = DIRECTION ( 'NONE',  ( 0.000000000000000000, 0.000000000000000000, -1.000000000000000000 ) ) ;
#3402 = VECTOR ( 'NONE', #5381, 1000.000000000000114 ) ;
#3403 = VERTEX_POINT ( 'NONE', #1664 ) ;
#3404 = VERTEX_POINT ( 'NONE', #3763 ) ;
#3405 = CARTESIAN_POINT ( 'NONE',  ( 36.49999999999999289, 10.00000000000000000, -21.14999999999997371 ) ) ;
#3406 = ADVANCED_FACE ( 'NONE', ( #2248 ), #5856, .F. ) ;
#3407 = CARTESIAN_POINT ( 'NONE',  ( 70.70000000000000284, 4.500000000000000888, -17.14999999999997371 ) ) ;
#3408 = DIRECTION ( 'NONE',  ( 1.000000000000000000, 0.000000000000000000, 0.000000000000000000 ) ) ;
#3409 = VERTEX_POINT ( 'NONE', #2758 ) ;
#3410 = CARTESIAN_POINT ( 'NONE',  ( 70.70000000000000284, 10.00000000000000000, 0.000000000000000000 ) ) ;
#3411 = LINE ( 'NONE', #1289, #2528 ) ;
#3412 = ORIENTED_EDGE ( 'NONE', *, *, #6309, .F. ) ;
#3413 = LINE ( 'NONE', #227, #5465 ) ;
#3414 = CARTESIAN_POINT ( 'NONE',  ( -3.000000000000000000, 4.500000000000000888, -26.94999999999998153 ) ) ;
#3415 = EDGE_LOOP ( 'NONE', ( #3416, #672, #6578, #1892, #5294, #5168 ) ) ;
#3416 = ORIENTED_EDGE ( 'NONE', *, *, #5176, .T. ) ;
#3417 = CARTESIAN_POINT ( 'NONE',  ( 70.62554525590647359, 8.191155939018221588, -33.26812358332721686 ) ) ;
#3418 = ORIENTED_EDGE ( 'NONE', *, *, #3910, .F. ) ;
#3419 = CARTESIAN_POINT ( 'NONE',  ( -2.999999999999999112, 4.500000000000000888, -18.94999999999997442 ) ) ;
#3420 = AXIS2_PLACEMENT_3D ( 'NONE', #1940, #6135, #5587 ) ;
#3421 = CARTESIAN_POINT ( 'NONE',  ( 59.00000000000000000, 3.500000000000000444, -6.949999999999980638 ) ) ;
#3422 = ORIENTED_EDGE ( 'NONE', *, *, #5423, .T. ) ;
#3423 = CARTESIAN_POINT ( 'NONE',  ( 0.000000000000000000, 10.00000000000000000, 0.000000000000000000 ) ) ;
#3424 = AXIS2_PLACEMENT_3D ( 'NONE', #3414, #674, #2750 ) ;
#3425 = EDGE_CURVE ( 'NONE', #6198, #3955, #4345, .T. ) ;
#3426 = APPROVAL_ROLE ( '' ) ;
#3427 = CARTESIAN_POINT ( 'NONE',  ( 3.500000000000000000, 2.900000000000001688, -53.50000000000000000 ) ) ;
#3428 = CARTESIAN_POINT ( 'NONE',  ( 39.50000000000000711, 5.600000000000001421, -29.14999999999998082 ) ) ;
#3429 = AXIS2_PLACEMENT_3D ( 'NONE', #255, #6459, #6531 ) ;
#3430 = EDGE_CURVE ( 'NONE', #6210, #1375, #1570, .T. ) ;
#3431 = AXIS2_PLACEMENT_3D ( 'NONE', #4186, #3149, #4766 ) ;
#3432 = DIRECTION ( 'NONE',  ( 0.000000000000000000, -0.7071067811865474617, -0.7071067811865474617 ) ) ;
#3433 = CARTESIAN_POINT ( 'NONE',  ( -2.999999999999999112, 4.500000000000000888, -22.94999999999997797 ) ) ;
#3434 = ORIENTED_EDGE ( 'NONE', *, *, #5588, .T. ) ;
#3435 = AXIS2_PLACEMENT_3D ( 'NONE', #2892, #6394, #3783 ) ;
#3436 = CARTESIAN_POINT ( 'NONE',  ( 4.999999999999992895, 8.400000000000002132, -46.25000000000000000 ) ) ;
#3437 = ORIENTED_EDGE ( 'NONE', *, *, #6464, .F. ) ;
#3438 = ORIENTED_EDGE ( 'NONE', *, *, #3694, .F. ) ;
#3439 = VECTOR ( 'NONE', #2603, 1000.000000000000000 ) ;
#3440 = DIRECTION ( 'NONE',  ( 0.000000000000000000, 1.000000000000000000, 0.000000000000000000 ) ) ;
#3441 = FACE_OUTER_BOUND ( 'NONE', #3546, .T. ) ;
#3442 = DIRECTION ( 'NONE',  ( 0.000000000000000000, -1.000000000000000000, 0.000000000000000000 ) ) ;
#3443 = ORIENTED_EDGE ( 'NONE', *, *, #2554, .T. ) ;
#3444 = ADVANCED_FACE ( 'NONE', ( #2109 ), #4721, .F. ) ;
#3445 = PLANE ( 'NONE',  #1062 ) ;
#3446 = CARTESIAN_POINT ( 'NONE',  ( 70.19999999999998863, 10.00000000000000000, -25.14999999999997726 ) ) ;
#3447 = ORIENTED_EDGE ( 'NONE', *, *, #882, .T. ) ;
#3448 = CARTESIAN_POINT ( 'NONE',  ( 37.44999999999997442, 8.400000000000000355, -39.24999999999997158 ) ) ;
#3449 = CARTESIAN_POINT ( 'NONE',  ( -1.399999999999995914, 10.00000000000000000, -10.94999999999997442 ) ) ;
#3450 = CIRCLE ( 'NONE', #3453, 0.8500000000000035305 ) ;
#3451 = ORIENTED_EDGE ( 'NONE', *, *, #720, .T. ) ;
#3452 = VERTEX_POINT ( 'NONE', #3421 ) ;
#3453 = AXIS2_PLACEMENT_3D ( 'NONE', #5463, #1786, #5321 ) ;
#3454 = CARTESIAN_POINT ( 'NONE',  ( -3.000000000000000000, 0.000000000000000000, 0.000000000000000000 ) ) ;
#3455 = ORIENTED_EDGE ( 'NONE', *, *, #540, .F. ) ;
#3456 = FACE_OUTER_BOUND ( 'NONE', #3885, .T. ) ;
#3457 = PLANE ( 'NONE',  #5702 ) ;
#3458 = VERTEX_POINT ( 'NONE', #4494 ) ;
#3459 = LINE ( 'NONE', #3390, #2256 ) ;
#3460 = EDGE_CURVE ( 'NONE', #498, #3139, #5488, .T. ) ;
#3461 = ADVANCED_FACE ( 'NONE', ( #788 ), #3833, .T. ) ;
#3462 = COORDINATED_UNIVERSAL_TIME_OFFSET ( 8, 0, .AHEAD. ) ;
#3463 = CYLINDRICAL_SURFACE ( 'NONE', #5341, 1.000000000000000000 ) ;
#3464 = LINE ( 'NONE', #6622, #2419 ) ;
#3465 = FACE_OUTER_BOUND ( 'NONE', #3921, .T. ) ;
#3466 = EDGE_CURVE ( 'NONE', #4984, #868, #4425, .T. ) ;
#3467 = EDGE_CURVE ( 'NONE', #2808, #2284, #5374, .T. ) ;
#3468 = CARTESIAN_POINT ( 'NONE',  ( 2.250000000000002220, 2.900000000000001688, -36.75000000000000711 ) ) ;
#3469 = ORIENTED_EDGE ( 'NONE', *, *, #3744, .T. ) ;
#3470 = CARTESIAN_POINT ( 'NONE',  ( 0.000000000000000000, 4.500000000000000888, 0.000000000000000000 ) ) ;
#3471 = EDGE_CURVE ( 'NONE', #4998, #1452, #237, .T. ) ;
#3472 = VERTEX_POINT ( 'NONE', #2426 ) ;
#3473 = EDGE_LOOP ( 'NONE', ( #5813, #2382, #3400, #1931 ) ) ;
#3474 = CARTESIAN_POINT ( 'NONE',  ( 1.250000000000002442, 7.900000000000011013, -36.75000000000000711 ) ) ;
#3475 = VECTOR ( 'NONE', #2556, 1000.000000000000000 ) ;
#3476 = DIRECTION ( 'NONE',  ( 1.123707514802790025E-16, 0.000000000000000000, -1.000000000000000000 ) ) ;
#3477 = CARTESIAN_POINT ( 'NONE',  ( 59.35000000000001563, -5.500000000000001776, -39.59999999999997300 ) ) ;
#3478 = VECTOR ( 'NONE', #3374, 1000.000000000000000 ) ;
#3479 = ORIENTED_EDGE ( 'NONE', *, *, #5895, .F. ) ;
#3480 = VECTOR ( 'NONE', #47, 1000.000000000000000 ) ;
#3481 = CARTESIAN_POINT ( 'NONE',  ( -2.999999999999999112, 4.500000000000000888, -14.94999999999997442 ) ) ;
#3482 = LINE ( 'NONE', #3018, #1466 ) ;
#3483 = VERTEX_POINT ( 'NONE', #5038 ) ;
#3484 = CARTESIAN_POINT ( 'NONE',  ( 37.00000000000000000, 5.600000000000001421, -29.14999999999998082 ) ) ;
#3485 = EDGE_CURVE ( 'NONE', #2682, #1617, #6145, .T. ) ;
#3486 = ORIENTED_EDGE ( 'NONE', *, *, #4617, .T. ) ;
#3487 = AXIS2_PLACEMENT_3D ( 'NONE', #311, #6621, #5837 ) ;
#3488 = AXIS2_PLACEMENT_3D ( 'NONE', #5029, #6065, #4519 ) ;
#3489 = PLANE ( 'NONE',  #2000 ) ;
#3490 = ORIENTED_EDGE ( 'NONE', *, *, #5210, .T. ) ;
#3491 = DIRECTION ( 'NONE',  ( 0.000000000000000000, -1.000000000000000000, 0.000000000000000000 ) ) ;
#3492 = DIRECTION ( 'NONE',  ( -0.7071067811865573427, -0.7071067811865378028, 0.000000000000000000 ) ) ;
#3493 = AXIS2_PLACEMENT_3D ( 'NONE', #725, #2837, #3395 ) ;
#3494 = VECTOR ( 'NONE', #5148, 999.9999999999998863 ) ;
#3495 = ORIENTED_EDGE ( 'NONE', *, *, #2636, .T. ) ;
#3496 = ADVANCED_FACE ( 'NONE', ( #1811 ), #2410, .F. ) ;
#3497 = CARTESIAN_POINT ( 'NONE',  ( 67.28406102905007913, 8.400000000000000355, -33.75000000000000000 ) ) ;
#3498 = DIRECTION ( 'NONE',  ( 0.000000000000000000, -1.000000000000000000, -7.796510004390144799E-17 ) ) ;
#3499 = CARTESIAN_POINT ( 'NONE',  ( 9.850000000000006750, -5.500000000000001776, -40.34999999999998010 ) ) ;
#3500 = EDGE_CURVE ( 'NONE', #2292, #2258, #3943, .T. ) ;
#3501 = DIRECTION ( 'NONE',  ( 0.000000000000000000, 1.000000000000000000, 7.796510004390144799E-17 ) ) ;
#3502 = VERTEX_POINT ( 'NONE', #6040 ) ;
#3503 = CARTESIAN_POINT ( 'NONE',  ( -1.399999999999995914, 10.00000000000000000, -25.14999999999998082 ) ) ;
#3504 = ORIENTED_EDGE ( 'NONE', *, *, #5870, .T. ) ;
#3505 = LINE ( 'NONE', #3600, #3494 ) ;
#3506 = DIRECTION ( 'NONE',  ( -0.000000000000000000, -1.000000000000000000, -7.796510004390146031E-17 ) ) ;
#3507 = CARTESIAN_POINT ( 'NONE',  ( -2.999999999999999112, 4.500000000000000888, -21.14999999999997726 ) ) ;
#3508 = FACE_OUTER_BOUND ( 'NONE', #1673, .T. ) ;
#3509 = AXIS2_PLACEMENT_3D ( 'NONE', #4112, #1985, #4080 ) ;
#3510 = VECTOR ( 'NONE', #609, 1000.000000000000000 ) ;
#3511 = ORIENTED_EDGE ( 'NONE', *, *, #4996, .T. ) ;
#3512 = DIRECTION ( 'NONE',  ( -0.7071067811865475727, 0.7071067811865475727, 0.000000000000000000 ) ) ;
#3513 = CARTESIAN_POINT ( 'NONE',  ( 0.000000000000000000, 8.399999999999996803, 0.000000000000000000 ) ) ;
#3514 = EDGE_LOOP ( 'NONE', ( #271, #5436 ) ) ;
#3515 = VECTOR ( 'NONE', #2831, 1000.000000000000000 ) ;
#3516 = CARTESIAN_POINT ( 'NONE',  ( 10.50000000000000355, 5.600000000000000533, -40.72416573867737100 ) ) ;
#3517 = ORIENTED_EDGE ( 'NONE', *, *, #3383, .T. ) ;
#3518 = VECTOR ( 'NONE', #3321, 1000.000000000000000 ) ;
#3519 = ADVANCED_FACE ( 'NONE', ( #854 ), #200, .F. ) ;
#3520 = DIRECTION ( 'NONE',  ( 0.000000000000000000, 0.000000000000000000, -1.000000000000000000 ) ) ;
#3521 = EDGE_CURVE ( 'NONE', #4731, #5471, #4820, .T. ) ;
#3522 = ORIENTED_EDGE ( 'NONE', *, *, #3234, .F. ) ;
#3523 = DIRECTION ( 'NONE',  ( -0.7071067811865474617, -0.7071067811865474617, -3.328723835404883186E-17 ) ) ;
#3524 = PLANE ( 'NONE',  #4188 ) ;
#3525 = EDGE_LOOP ( 'NONE', ( #4204, #3517 ) ) ;
#3526 = ADVANCED_FACE ( 'NONE', ( #1231, #2867, #1374, #718, #4966, #4457 ), #3457, .T. ) ;
#3527 = CARTESIAN_POINT ( 'NONE',  ( 53.44999999999997442, 2.898999999999998689, -40.74999999999997158 ) ) ;
#3528 = CARTESIAN_POINT ( 'NONE',  ( 70.19999999999998863, 10.00000000000000000, -13.14999999999997371 ) ) ;
#3529 = FACE_OUTER_BOUND ( 'NONE', #1710, .T. ) ;
#3530 = VECTOR ( 'NONE', #5510, 1000.000000000000000 ) ;
#3531 = CARTESIAN_POINT ( 'NONE',  ( 65.20000000000000284, 8.400000000000002132, -55.00000000000000000 ) ) ;
#3532 = EDGE_LOOP ( 'NONE', ( #6478, #5028, #1399, #5658 ) ) ;
#3533 = LINE ( 'NONE', #4693, #2072 ) ;
#3534 = VECTOR ( 'NONE', #6640, 1000.000000000000000 ) ;
#3535 = ORIENTED_EDGE ( 'NONE', *, *, #353, .T. ) ;
#3536 = LINE ( 'NONE', #5636, #4138 ) ;
#3537 = LINE ( 'NONE', #1416, #5169 ) ;
#3538 = DIRECTION ( 'NONE',  ( 1.000000000000000000, 0.000000000000000000, -0.000000000000000000 ) ) ;
#3539 = VECTOR ( 'NONE', #6353, 1000.000000000000114 ) ;
#3540 = CARTESIAN_POINT ( 'NONE',  ( 3.500000000000002220, 8.400000000000000355, -35.25000000000001421 ) ) ;
#3541 = EDGE_CURVE ( 'NONE', #916, #6503, #5925, .T. ) ;
#3542 = ORIENTED_EDGE ( 'NONE', *, *, #3866, .F. ) ;
#3543 = VECTOR ( 'NONE', #3705, 1000.000000000000000 ) ;
#3544 = DIRECTION ( 'NONE',  ( 1.000000000000000000, 0.000000000000000000, 0.000000000000000000 ) ) ;
#3545 = LINE ( 'NONE', #5642, #6390 ) ;
#3546 = EDGE_LOOP ( 'NONE', ( #5838, #5593, #3326, #4628 ) ) ;
#3547 = DIRECTION ( 'NONE',  ( 0.000000000000000000, -1.000000000000000000, 0.000000000000000000 ) ) ;
#3548 = ORIENTED_EDGE ( 'NONE', *, *, #1858, .T. ) ;
#3549 = EDGE_CURVE ( 'NONE', #1976, #3665, #5559, .T. ) ;
#3550 = FACE_OUTER_BOUND ( 'NONE', #6088, .T. ) ;
#3551 = ORIENTED_EDGE ( 'NONE', *, *, #848, .F. ) ;
#3552 = EDGE_CURVE ( 'NONE', #1859, #42, #6480, .T. ) ;
#3553 = CIRCLE ( 'NONE', #596, 3.000000000000002665 ) ;
#3554 = DIRECTION ( 'NONE',  ( 0.000000000000000000, -0.000000000000000000, -1.000000000000000000 ) ) ;
#3555 = CARTESIAN_POINT ( 'NONE',  ( -3.000000000000000000, 8.399999999999996803, -14.94999999999997442 ) ) ;
#3556 = ORIENTED_EDGE ( 'NONE', *, *, #6769, .F. ) ;
#3557 = VECTOR ( 'NONE', #2365, 1000.000000000000000 ) ;
#3558 = CARTESIAN_POINT ( 'NONE',  ( 61.50000000000000711, 0.000000000000000000, -2.500000000000009326 ) ) ;
#3559 = FACE_OUTER_BOUND ( 'NONE', #4420, .T. ) ;
#3560 = FACE_OUTER_BOUND ( 'NONE', #4160, .T. ) ;
#3561 = EDGE_CURVE ( 'NONE', #3276, #153, #2904, .T. ) ;
#3562 = CARTESIAN_POINT ( 'NONE',  ( 59.00000000000000000, 9.500000000000014211, -14.94999999999997442 ) ) ;
#3563 = ORIENTED_EDGE ( 'NONE', *, *, #5926, .F. ) ;
#3564 = FACE_OUTER_BOUND ( 'NONE', #6052, .T. ) ;
#3565 = ORIENTED_EDGE ( 'NONE', *, *, #6785, .F. ) ;
#3566 = CARTESIAN_POINT ( 'NONE',  ( 36.44999999999997442, 3.899999999999987921, -41.74999999999997158 ) ) ;
#3567 = LINE ( 'NONE', #5088, #5295 ) ;
#3568 = EDGE_CURVE ( 'NONE', #4648, #1679, #3348, .T. ) ;
#3569 = CARTESIAN_POINT ( 'NONE',  ( 6.000000000000000000, 2.900000000000001688, -55.99999999999998579 ) ) ;
#3570 = PLANE ( 'NONE',  #2213 ) ;
#3571 = VERTEX_POINT ( 'NONE', #919 ) ;
#3572 = FACE_OUTER_BOUND ( 'NONE', #2842, .T. ) ;
#3573 = VERTEX_POINT ( 'NONE', #4011 ) ;
#3574 = DIRECTION ( 'NONE',  ( 0.000000000000000000, -0.000000000000000000, 1.000000000000000000 ) ) ;
#3575 = ORIENTED_EDGE ( 'NONE', *, *, #1969, .F. ) ;
#3576 = EDGE_CURVE ( 'NONE', #6072, #5850, #6138, .T. ) ;
#3577 = AXIS2_PLACEMENT_3D ( 'NONE', #2412, #1485, #6636 ) ;
#3578 = FACE_BOUND ( 'NONE', #5067, .T. ) ;
#3579 = VECTOR ( 'NONE', #6409, 1000.000000000000114 ) ;
#3580 = ORIENTED_EDGE ( 'NONE', *, *, #666, .T. ) ;
#3581 = CARTESIAN_POINT ( 'NONE',  ( 59.00000000000000000, 3.500000000000000444, -29.14999999999998082 ) ) ;
#3582 = ORIENTED_EDGE ( 'NONE', *, *, #2944, .F. ) ;
#3583 = CARTESIAN_POINT ( 'NONE',  ( -1.399999999999995914, 10.00000000000000000, -6.949999999999984190 ) ) ;
#3584 = CARTESIAN_POINT ( 'NONE',  ( 59.00000000000000000, 9.500000000000014211, -9.149999999999984368 ) ) ;
#3585 = VECTOR ( 'NONE', #6456, 1000.000000000000000 ) ;
#3586 = VERTEX_POINT ( 'NONE', #1943 ) ;
#3587 = ADVANCED_FACE ( 'NONE', ( #5591 ), #374, .F. ) ;
#3588 = VECTOR ( 'NONE', #6397, 1000.000000000000000 ) ;
#3589 = AXIS2_PLACEMENT_3D ( 'NONE', #3213, #5318, #5864 ) ;
#3590 = DIRECTION ( 'NONE',  ( -0.000000000000000000, 1.000000000000000000, -0.000000000000000000 ) ) ;
#3591 = DIRECTION ( 'NONE',  ( -0.7071067811865474617, 0.7071067811865474617, -0.000000000000000000 ) ) ;
#3592 = LINE ( 'NONE', #5690, #4505 ) ;
#3593 = VECTOR ( 'NONE', #536, 1000.000000000000000 ) ;
#3594 = EDGE_CURVE ( 'NONE', #1859, #3472, #2999, .T. ) ;
#3595 = CARTESIAN_POINT ( 'NONE',  ( 1.250000000000002442, 3.400000000000001688, -16.00000000000000000 ) ) ;
#3596 = ORIENTED_EDGE ( 'NONE', *, *, #4067, .T. ) ;
#3597 = CARTESIAN_POINT ( 'NONE',  ( 56.00000000000000000, 0.000000000000000000, -47.99999999999999289 ) ) ;
#3598 = ORIENTED_EDGE ( 'NONE', *, *, #5764, .F. ) ;
#3599 = EDGE_CURVE ( 'NONE', #5847, #2168, #1465, .T. ) ;
#3600 = CARTESIAN_POINT ( 'NONE',  ( -3.000000000000002665, 10.00000000000000000, -32.14999999999998437 ) ) ;
#3601 = FACE_OUTER_BOUND ( 'NONE', #5912, .T. ) ;
#3602 = DIRECTION ( 'NONE',  ( -0.7071067811865573427, 0.7071067811865378028, -3.328723835404928792E-17 ) ) ;
#3603 = DIRECTION ( 'NONE',  ( 0.000000000000000000, 0.000000000000000000, 1.000000000000000000 ) ) ;
#3604 = ORIENTED_EDGE ( 'NONE', *, *, #827, .F. ) ;
#3605 = FACE_OUTER_BOUND ( 'NONE', #1745, .T. ) ;
#3606 = VERTEX_POINT ( 'NONE', #4647 ) ;
#3607 = EDGE_CURVE ( 'NONE', #3653, #3899, #5715, .T. ) ;
#3608 = CARTESIAN_POINT ( 'NONE',  ( 63.00000000000000000, 7.899999999999997691, -46.25000000000000000 ) ) ;
#3609 = ORIENTED_EDGE ( 'NONE', *, *, #1839, .F. ) ;
#3610 = VECTOR ( 'NONE', #355, 1000.000000000000000 ) ;
#3611 = DIRECTION ( 'NONE',  ( 0.000000000000000000, 0.000000000000000000, 1.000000000000000000 ) ) ;
#3612 = CARTESIAN_POINT ( 'NONE',  ( 0.000000000000000000, 4.500000000000000888, 0.000000000000000000 ) ) ;
#3613 = ORIENTED_EDGE ( 'NONE', *, *, #3089, .F. ) ;
#3614 = VECTOR ( 'NONE', #6407, 1000.000000000000000 ) ;
#3615 = FACE_OUTER_BOUND ( 'NONE', #3328, .T. ) ;
#3616 = ORIENTED_EDGE ( 'NONE', *, *, #933, .T. ) ;
#3617 = DIRECTION ( 'NONE',  ( -0.000000000000000000, 1.000000000000000000, -0.000000000000000000 ) ) ;
#3618 = AXIS2_PLACEMENT_3D ( 'NONE', #2793, #2286, #2391 ) ;
#3619 = DIRECTION ( 'NONE',  ( 0.000000000000000000, 0.000000000000000000, 1.000000000000000000 ) ) ;
#3620 = VERTEX_POINT ( 'NONE', #3584 ) ;
#3621 = CARTESIAN_POINT ( 'NONE',  ( 37.00000000000000000, 9.500000000000014211, -26.94999999999998153 ) ) ;
#3622 = DIRECTION ( 'NONE',  ( 0.000000000000000000, 0.000000000000000000, 1.000000000000000000 ) ) ;
#3623 = DIRECTION ( 'NONE',  ( 0.000000000000000000, 0.000000000000000000, -1.000000000000000000 ) ) ;
#3624 = CARTESIAN_POINT ( 'NONE',  ( 0.000000000000000000, 2.900000000000001688, -56.00000000000000000 ) ) ;
#3625 = EDGE_CURVE ( 'NONE', #6320, #1581, #1494, .T. ) ;
#3626 = LINE ( 'NONE', #5277, #3475 ) ;
#3627 = VERTEX_POINT ( 'NONE', #401 ) ;
#3628 = CARTESIAN_POINT ( 'NONE',  ( 66.20000000000000284, -5.500000000000000000, -37.00000000000000711 ) ) ;
#3629 = EDGE_LOOP ( 'NONE', ( #2404, #4546, #372, #3044 ) ) ;
#3630 = DIRECTION ( 'NONE',  ( 0.000000000000000000, 0.000000000000000000, 1.000000000000000000 ) ) ;
#3631 = ADVANCED_FACE ( 'NONE', ( #5203 ), #5137, .F. ) ;
#3632 = AXIS2_PLACEMENT_3D ( 'NONE', #358, #1863, #3960 ) ;
#3633 = DIRECTION ( 'NONE',  ( -0.000000000000000000, 1.000000000000000000, -0.000000000000000000 ) ) ;
#3634 = LINE ( 'NONE', #514, #3543 ) ;
#3635 = VERTEX_POINT ( 'NONE', #3555 ) ;
#3636 = VECTOR ( 'NONE', #6470, 1000.000000000000000 ) ;
#3637 = LINE ( 'NONE', #4151, #2488 ) ;
#3638 = ORIENTED_EDGE ( 'NONE', *, *, #3576, .F. ) ;
#3639 = CARTESIAN_POINT ( 'NONE',  ( 7.200000000000004619, -5.500000000000001776, -43.24999999999999289 ) ) ;
#3640 = EDGE_LOOP ( 'NONE', ( #6042, #475, #332, #994 ) ) ;
#3641 = ADVANCED_FACE ( 'NONE', ( #1012 ), #4070, .F. ) ;
#3642 = CIRCLE ( 'NONE', #6280, 0.8500000000000035305 ) ;
#3643 = CARTESIAN_POINT ( 'NONE',  ( 55.73172798364529967, 3.500000000000000444, -24.83172798364526912 ) ) ;
#3644 = DIRECTION ( 'NONE',  ( 1.000000000000000000, -0.000000000000000000, 1.123707514802790025E-16 ) ) ;
#3646 = EDGE_CURVE ( 'NONE', #5703, #784, #6676, .T. ) ;
#3645 = AXIS2_PLACEMENT_3D ( 'NONE', #4808, #2674, #3120 ) ;
#3647 = VERTEX_POINT ( 'NONE', #1975 ) ;
#3648 = DIRECTION ( 'NONE',  ( 0.000000000000000000, -1.000000000000000000, 0.000000000000000000 ) ) ;
#3649 = VERTEX_POINT ( 'NONE', #5650 ) ;
#3650 = DIRECTION ( 'NONE',  ( 0.000000000000000000, 1.000000000000000000, 0.000000000000000000 ) ) ;
#3651 = LINE ( 'NONE', #5960, #1013 ) ;
#3652 = VECTOR ( 'NONE', #6096, 1000.000000000000000 ) ;
#3653 = VERTEX_POINT ( 'NONE', #434 ) ;
#3654 = ADVANCED_FACE ( 'NONE', ( #2037 ), #3524, .F. ) ;
#3655 = DIRECTION ( 'NONE',  ( -0.000000000000000000, 0.000000000000000000, 1.000000000000000000 ) ) ;
#3656 = DIRECTION ( 'NONE',  ( -1.000000000000000000, 0.000000000000000000, 0.000000000000000000 ) ) ;
#3657 = CARTESIAN_POINT ( 'NONE',  ( -2.999999999999999112, 10.00000000000000000, -18.94999999999997442 ) ) ;
#3658 = DIRECTION ( 'NONE',  ( -0.000000000000000000, 1.000000000000000000, 7.796510004390144799E-17 ) ) ;
#3659 = VECTOR ( 'NONE', #4026, 1000.000000000000000 ) ;
#3660 = LINE ( 'NONE', #3595, #6751 ) ;
#3661 = EDGE_CURVE ( 'NONE', #4648, #3790, #4615, .T. ) ;
#3662 = ORIENTED_EDGE ( 'NONE', *, *, #1246, .F. ) ;
#3663 = PLANE ( 'NONE',  #4818 ) ;
#3664 = DIRECTION ( 'NONE',  ( 0.000000000000000000, 0.000000000000000000, -1.000000000000000000 ) ) ;
#3665 = VERTEX_POINT ( 'NONE', #6104 ) ;
#3666 = DIRECTION ( 'NONE',  ( 0.000000000000000000, 0.000000000000000000, 1.000000000000000000 ) ) ;
#3667 = ADVANCED_FACE ( 'NONE', ( #6706 ), #5623, .F. ) ;
#3668 = EDGE_CURVE ( 'NONE', #6202, #1217, #6170, .T. ) ;
#3669 = CARTESIAN_POINT ( 'NONE',  ( 0.000000000000000000, 0.000000000000000000, -53.00000000000000000 ) ) ;
#3670 = CARTESIAN_POINT ( 'NONE',  ( 66.20000000000000284, 2.900000000000001688, -55.00000000000000000 ) ) ;
#3671 = EDGE_CURVE ( 'NONE', #3264, #1794, #4001, .T. ) ;
#3672 = ORIENTED_EDGE ( 'NONE', *, *, #2054, .T. ) ;
#3673 = DIRECTION ( 'NONE',  ( 0.000000000000000000, 1.000000000000000000, 0.000000000000000000 ) ) ;
#3674 = ORIENTED_EDGE ( 'NONE', *, *, #1771, .T. ) ;
#3675 = CARTESIAN_POINT ( 'NONE',  ( 11.50000000000000533, 2.899975000000001746, -47.99999999999998579 ) ) ;
#3676 = VERTEX_POINT ( 'NONE', #1186 ) ;
#3677 = CARTESIAN_POINT ( 'NONE',  ( 70.19999999999998863, 10.00000000000000000, 0.000000000000000000 ) ) ;
#3678 = CARTESIAN_POINT ( 'NONE',  ( 70.45470106658592613, 8.681216221666394617, -32.87565868356232102 ) ) ;
#3679 = ORIENTED_EDGE ( 'NONE', *, *, #4348, .F. ) ;
#3681 = PLANE ( 'NONE',  #3864 ) ;
#3680 = CC_DESIGN_PERSON_AND_ORGANIZATION_ASSIGNMENT ( #207, #61, ( #4867 ) ) ;
#3682 = ORIENTED_EDGE ( 'NONE', *, *, #3810, .F. ) ;
#3683 = DIRECTION ( 'NONE',  ( 0.000000000000000000, 0.000000000000000000, 1.000000000000000000 ) ) ;
#3684 = LINE ( 'NONE', #3231, #3745 ) ;
#3685 = EDGE_CURVE ( 'NONE', #3087, #5200, #1121, .T. ) ;
#3686 = ORIENTED_EDGE ( 'NONE', *, *, #2648, .F. ) ;
#3687 = AXIS2_PLACEMENT_3D ( 'NONE', #1342, #1884, #4971 ) ;
#3688 = AXIS2_PLACEMENT_3D ( 'NONE', #3857, #3930, #1323 ) ;
#3689 = LINE ( 'NONE', #5307, #5350 ) ;
#3690 = LINE ( 'NONE', #3133, #2268 ) ;
#3691 = AXIS2_PLACEMENT_3D ( 'NONE', #6126, #1358, #3998 ) ;
#3692 = DIRECTION ( 'NONE',  ( 0.000000000000000000, 1.000000000000000000, 7.796510004390146031E-17 ) ) ;
#3693 = LINE ( 'NONE', #3624, #6043 ) ;
#3694 = EDGE_CURVE ( 'NONE', #3458, #2753, #3684, .T. ) ;
#3695 = VECTOR ( 'NONE', #235, 1000.000000000000000 ) ;
#3696 = DIRECTION ( 'NONE',  ( 1.029509481291873510E-16, 0.000000000000000000, -1.000000000000000000 ) ) ;
#3697 = ORIENTED_EDGE ( 'NONE', *, *, #5859, .F. ) ;
#3698 = APPROVAL_STATUS ( 'not_yet_approved' ) ;
#3699 = CIRCLE ( 'NONE', #4246, 1.000000000000000888 ) ;
#3700 = LINE ( 'NONE', #614, #1760 ) ;
#3701 = ORIENTED_EDGE ( 'NONE', *, *, #2533, .T. ) ;
#3702 = DIRECTION ( 'NONE',  ( -1.000000000000000000, 0.000000000000000000, -1.309225264888156623E-16 ) ) ;
#3703 = ORIENTED_EDGE ( 'NONE', *, *, #6739, .T. ) ;
#3704 = CARTESIAN_POINT ( 'NONE',  ( 9.550000000000007816, 8.400000000000000355, -39.59999999999997300 ) ) ;
#3705 = DIRECTION ( 'NONE',  ( -0.000000000000000000, 1.000000000000000000, -0.000000000000000000 ) ) ;
#3706 = VERTEX_POINT ( 'NONE', #2645 ) ;
#3707 = CARTESIAN_POINT ( 'NONE',  ( -1.399999999999995914, 10.00000000000000000, -3.000000000000000000 ) ) ;
#3708 = EDGE_LOOP ( 'NONE', ( #4270, #1637, #870, #3437, #2351 ) ) ;
#3709 = CARTESIAN_POINT ( 'NONE',  ( 37.44999999999997442, 8.400000000000000355, -40.74999999999997158 ) ) ;
#3710 = EDGE_LOOP ( 'NONE', ( #4248, #601, #3122, #3616, #4747, #509 ) ) ;
#3711 = LINE ( 'NONE', #1145, #1909 ) ;
#3712 = CARTESIAN_POINT ( 'NONE',  ( 10.50000000000000178, 3.900000000000001688, -35.75000000000000711 ) ) ;
#3713 = VERTEX_POINT ( 'NONE', #54 ) ;
#3714 = DIRECTION ( 'NONE',  ( -0.7071067811865474617, 0.7071067811865474617, -3.328723835404883186E-17 ) ) ;
#3715 = ORIENTED_EDGE ( 'NONE', *, *, #6608, .T. ) ;
#3716 = CYLINDRICAL_SURFACE ( 'NONE', #4038, 1.500000000000001332 ) ;
#3717 = CARTESIAN_POINT ( 'NONE',  ( 69.89354818850101481, 8.561268166274896174, -33.58873183372511306 ) ) ;
#3718 = ADVANCED_FACE ( 'NONE', ( #3270 ), #6362, .F. ) ;
#3719 = VECTOR ( 'NONE', #5467, 1000.000000000000000 ) ;
#3720 = ORIENTED_EDGE ( 'NONE', *, *, #737, .F. ) ;
#3721 = EDGE_CURVE ( 'NONE', #197, #3322, #4816, .T. ) ;
#3722 = AXIS2_PLACEMENT_3D ( 'NONE', #1157, #3794, #3238 ) ;
#3723 = DIRECTION ( 'NONE',  ( -0.000000000000000000, 1.000000000000000000, 7.796510004390144799E-17 ) ) ;
#3724 = CARTESIAN_POINT ( 'NONE',  ( 64.00000000000000000, 8.400000000000002132, -46.25000000000000000 ) ) ;
#3725 = LINE ( 'NONE', #574, #3837 ) ;
#3726 = FACE_OUTER_BOUND ( 'NONE', #5790, .T. ) ;
#3727 = APPROVAL_PERSON_ORGANIZATION ( #5594, #2467, #3426 ) ;
#3728 = CARTESIAN_POINT ( 'NONE',  ( 3.500000000000000000, 0.000000000000000000, -52.50000000000000000 ) ) ;
#3729 = EDGE_CURVE ( 'NONE', #3620, #3409, #5816, .T. ) ;
#3730 = PERSON_AND_ORGANIZATION ( #240, #6471 ) ;
#3731 = CARTESIAN_POINT ( 'NONE',  ( -3.000000000000000000, 10.00000000000000000, -9.149999999999984368 ) ) ;
#3732 = ORIENTED_EDGE ( 'NONE', *, *, #541, .T. ) ;
#3733 = LINE ( 'NONE', #1133, #2160 ) ;
#3734 = VERTEX_POINT ( 'NONE', #3165 ) ;
#3735 = FACE_OUTER_BOUND ( 'NONE', #285, .T. ) ;
#3736 = LINE ( 'NONE', #554, #2990 ) ;
#3737 = ORIENTED_EDGE ( 'NONE', *, *, #6100, .F. ) ;
#3738 = VECTOR ( 'NONE', #6429, 1000.000000000000000 ) ;
#3739 = DIRECTION ( 'NONE',  ( 0.000000000000000000, 0.000000000000000000, -1.000000000000000000 ) ) ;
#3740 = EDGE_LOOP ( 'NONE', ( #2337, #2013, #4969, #6468, #2393, #1003 ) ) ;
#3741 = CARTESIAN_POINT ( 'NONE',  ( 70.19999999999998863, 10.00000000000000000, 0.000000000000000000 ) ) ;
#3742 = ORIENTED_EDGE ( 'NONE', *, *, #5153, .T. ) ;
#3743 = LINE ( 'NONE', #4670, #698 ) ;
#3744 = EDGE_CURVE ( 'NONE', #3713, #4616, #5625, .T. ) ;
#3745 = VECTOR ( 'NONE', #4232, 1000.000000000000000 ) ;
#3746 = CARTESIAN_POINT ( 'NONE',  ( -3.000000000000002665, 8.400000000000000355, -33.75000000000000000 ) ) ;
#3747 = ORIENTED_EDGE ( 'NONE', *, *, #3460, .F. ) ;
#3748 = CARTESIAN_POINT ( 'NONE',  ( -3.000000000000000000, 8.399999999999996803, 0.000000000000000000 ) ) ;
#3749 = ORIENTED_EDGE ( 'NONE', *, *, #4085, .F. ) ;
#3750 = CARTESIAN_POINT ( 'NONE',  ( 0.000000000000000000, 2.900000000000001688, -53.00000000000000000 ) ) ;
#3751 = DIRECTION ( 'NONE',  ( -0.6497997054929652849, -0.5374757402624151803, 0.5374757402624089631 ) ) ;
#3752 = VECTOR ( 'NONE', #5470, 1000.000000000000000 ) ;
#3753 = EDGE_CURVE ( 'NONE', #2071, #2258, #28, .T. ) ;
#3754 = EDGE_LOOP ( 'NONE', ( #2439, #3295, #1518, #1806 ) ) ;
#3755 = CIRCLE ( 'NONE', #5413, 1.000000000000000888 ) ;
#3756 = ADVANCED_FACE ( 'NONE', ( #4779 ), #2609, .F. ) ;
#3757 = CONICAL_SURFACE ( 'NONE', #3977, 1.500000000000001332, 0.7853981633974630450 ) ;
#3758 = ORIENTED_EDGE ( 'NONE', *, *, #2028, .T. ) ;
#3759 = EDGE_CURVE ( 'NONE', #4980, #3649, #84, .T. ) ;
#3760 = PLANE ( 'NONE',  #6562 ) ;
#3761 = VECTOR ( 'NONE', #2478, 1000.000000000000000 ) ;
#3762 = DIRECTION ( 'NONE',  ( 1.000000000000000000, 0.000000000000000000, -0.000000000000000000 ) ) ;
#3763 = CARTESIAN_POINT ( 'NONE',  ( 53.75000000000000000, 3.500000000000000444, -16.00000000000000000 ) ) ;
#3764 = CARTESIAN_POINT ( 'NONE',  ( 59.50000000000000000, 10.00000000000000000, -10.94999999999997442 ) ) ;
#3765 = DIRECTION ( 'NONE',  ( 1.000000000000000000, 0.000000000000000000, 0.000000000000000000 ) ) ;
#3766 = CARTESIAN_POINT ( 'NONE',  ( 53.44999999999997442, 2.900000000000001688, -39.74999999999997158 ) ) ;
#3767 = ADVANCED_FACE ( 'NONE', ( #4268 ), #1656, .F. ) ;
#3768 = EDGE_LOOP ( 'NONE', ( #900, #6005, #2151, #2300 ) ) ;
#3769 = CARTESIAN_POINT ( 'NONE',  ( 63.00000000000000000, 2.900000000000001688, -46.25000000000000000 ) ) ;
#3770 = VECTOR ( 'NONE', #3216, 1000.000000000000000 ) ;
#3771 = DIRECTION ( 'NONE',  ( 0.000000000000000000, 0.000000000000000000, -1.000000000000000000 ) ) ;
#3772 = LINE ( 'NONE', #5866, #6615 ) ;
#3773 = ORIENTED_EDGE ( 'NONE', *, *, #1339, .F. ) ;
#3774 = DIRECTION ( 'NONE',  ( 0.000000000000000000, 7.796510004390144799E-17, -1.000000000000000000 ) ) ;
#3775 = ORIENTED_EDGE ( 'NONE', *, *, #6165, .F. ) ;
#3776 = DIRECTION ( 'NONE',  ( 0.000000000000000000, -0.000000000000000000, 1.000000000000000000 ) ) ;
#3777 = EDGE_CURVE ( 'NONE', #5331, #6202, #5849, .T. ) ;
#3778 = ORIENTED_EDGE ( 'NONE', *, *, #1142, .F. ) ;
#3779 = CYLINDRICAL_SURFACE ( 'NONE', #5977, 0.8500000000000035305 ) ;
#3780 = CARTESIAN_POINT ( 'NONE',  ( 36.99999999999999289, 9.500000000000014211, -13.14999999999997371 ) ) ;
#3781 = ORIENTED_EDGE ( 'NONE', *, *, #500, .F. ) ;
#3782 = DIRECTION ( 'NONE',  ( 0.000000000000000000, -0.7071067811865378028, 0.7071067811865573427 ) ) ;
#3783 = DIRECTION ( 'NONE',  ( 0.000000000000000000, 0.000000000000000000, 1.000000000000000000 ) ) ;
#3784 = ORIENTED_EDGE ( 'NONE', *, *, #3425, .F. ) ;
#3785 = VERTEX_POINT ( 'NONE', #1562 ) ;
#3786 = CARTESIAN_POINT ( 'NONE',  ( -3.000000000000002665, 8.400000000000000355, -39.24999999999997158 ) ) ;
#3787 = CARTESIAN_POINT ( 'NONE',  ( 69.86690152163018297, 8.491571019509672524, -33.65842898049032783 ) ) ;
#3788 = EDGE_LOOP ( 'NONE', ( #4272, #6255, #4856, #6671 ) ) ;
#3789 = EDGE_CURVE ( 'NONE', #5875, #230, #3651, .T. ) ;
#3790 = VERTEX_POINT ( 'NONE', #1262 ) ;
#3791 = CARTESIAN_POINT ( 'NONE',  ( 70.67697900073241613, 8.341436450504083666, -33.03036247057830366 ) ) ;
#3792 = VERTEX_POINT ( 'NONE', #4849 ) ;
#3793 = LINE ( 'NONE', #4424, #1502 ) ;
#3794 = DIRECTION ( 'NONE',  ( 0.000000000000000000, -1.000000000000000000, 0.000000000000000000 ) ) ;
#3795 = CARTESIAN_POINT ( 'NONE',  ( 37.44999999999997442, 3.899999999999988365, -39.74999999999997158 ) ) ;
#3796 = EDGE_CURVE ( 'NONE', #3571, #4224, #3826, .T. ) ;
#3797 = CARTESIAN_POINT ( 'NONE',  ( 59.00000000000000000, 3.500000000000000444, -6.949999999999980638 ) ) ;
#3798 = VECTOR ( 'NONE', #3544, 1000.000000000000000 ) ;
#3799 = CIRCLE ( 'NONE', #6009, 0.8499999999999965361 ) ;
#3800 = PERSON_AND_ORGANIZATION ( #240, #6471 ) ;
#3801 = DIRECTION ( 'NONE',  ( -0.000000000000000000, 1.000000000000000000, -0.000000000000000000 ) ) ;
#3802 = ORIENTED_EDGE ( 'NONE', *, *, #5686, .F. ) ;
#3803 = CARTESIAN_POINT ( 'NONE',  ( 70.70000000000000284, 2.900000000000001688, -32.72737740986950428 ) ) ;
#3804 = CIRCLE ( 'NONE', #195, 1.000000000000000888 ) ;
#3805 = EDGE_CURVE ( 'NONE', #3344, #1817, #4840, .T. ) ;
#3806 = CARTESIAN_POINT ( 'NONE',  ( 9.000000000000001776, 8.400000000000002132, -50.99999999999999289 ) ) ;
#3807 = FACE_BOUND ( 'NONE', #5882, .T. ) ;
#3808 = VECTOR ( 'NONE', #3900, 1000.000000000000000 ) ;
#3809 = EDGE_LOOP ( 'NONE', ( #1573, #6500, #5212, #5869 ) ) ;
#3810 = EDGE_CURVE ( 'NONE', #4833, #5098, #6575, .T. ) ;
#3811 = LINE ( 'NONE', #3291, #3585 ) ;
#3812 = ORIENTED_EDGE ( 'NONE', *, *, #4782, .F. ) ;
#3813 = VERTEX_POINT ( 'NONE', #1729 ) ;
#3814 = VECTOR ( 'NONE', #1674, 1000.000000000000000 ) ;
#3815 = LINE ( 'NONE', #5911, #3752 ) ;
#3816 = ORIENTED_EDGE ( 'NONE', *, *, #6057, .T. ) ;
#3817 = CARTESIAN_POINT ( 'NONE',  ( -1.399999999999995914, 10.00000000000000000, -21.14999999999997726 ) ) ;
#3818 = FACE_OUTER_BOUND ( 'NONE', #5247, .T. ) ;
#3819 = ORIENTED_EDGE ( 'NONE', *, *, #5886, .T. ) ;
#3820 = EDGE_CURVE ( 'NONE', #5466, #3080, #5410, .T. ) ;
#3821 = CARTESIAN_POINT ( 'NONE',  ( 36.99999999999999289, 4.500000000000000888, -17.14999999999997371 ) ) ;
#3822 = LINE ( 'NONE', #706, #1346 ) ;
#3823 = ORIENTED_EDGE ( 'NONE', *, *, #1453, .T. ) ;
#3824 = VERTEX_POINT ( 'NONE', #5922 ) ;
#3825 = DIRECTION ( 'NONE',  ( -1.000000000000000000, -0.000000000000000000, -4.707526393424171362E-17 ) ) ;
#3826 = LINE ( 'NONE', #2786, #576 ) ;
#3827 = ORIENTED_EDGE ( 'NONE', *, *, #3086, .T. ) ;
#3828 = VECTOR ( 'NONE', #1129, 1000.000000000000000 ) ;
#3829 = ORIENTED_EDGE ( 'NONE', *, *, #6246, .T. ) ;
#3830 = CARTESIAN_POINT ( 'NONE',  ( 59.00000000000000000, 9.500000000000014211, -26.94999999999998153 ) ) ;
#3831 = ORIENTED_EDGE ( 'NONE', *, *, #236, .F. ) ;
#3832 = CARTESIAN_POINT ( 'NONE',  ( -3.000000000000000000, 4.500000000000000888, -6.949999999999984190 ) ) ;
#3833 = PLANE ( 'NONE',  #2515 ) ;
#3834 = CARTESIAN_POINT ( 'NONE',  ( 37.00000000000000000, 3.500000000000000444, -29.14999999999998082 ) ) ;
#3835 = AXIS2_PLACEMENT_3D ( 'NONE', #1351, #1412, #286 ) ;
#3836 = CARTESIAN_POINT ( 'NONE',  ( 59.00000000000000000, 4.500000000000000888, -6.949999999999980638 ) ) ;
#3837 = VECTOR ( 'NONE', #5820, 1000.000000000000000 ) ;
#3838 = LINE ( 'NONE', #5279, #886 ) ;
#3839 = AXIS2_PLACEMENT_3D ( 'NONE', #5172, #4653, #5821 ) ;
#3840 = DIRECTION ( 'NONE',  ( -0.7071067811865474617, -0.7071067811865474617, -3.328723835404883186E-17 ) ) ;
#3841 = ORIENTED_EDGE ( 'NONE', *, *, #4813, .F. ) ;
#3842 = DIRECTION ( 'NONE',  ( 1.000000000000000000, 0.000000000000000000, 0.000000000000000000 ) ) ;
#3843 = VECTOR ( 'NONE', #5351, 1000.000000000000114 ) ;
#3844 = EDGE_CURVE ( 'NONE', #1754, #6700, #299, .T. ) ;
#3845 = DIRECTION ( 'NONE',  ( -0.000000000000000000, -1.000000000000000000, -0.000000000000000000 ) ) ;
#3846 = LINE ( 'NONE', #2769, #587 ) ;
#3847 = VERTEX_POINT ( 'NONE', #4885 ) ;
#3848 = ADVANCED_FACE ( 'NONE', ( #2381 ), #5723, .F. ) ;
#3849 = CARTESIAN_POINT ( 'NONE',  ( 1.250000000000002442, 2.900000000000001688, -47.25000000000000000 ) ) ;
#3850 = ORIENTED_EDGE ( 'NONE', *, *, #2735, .T. ) ;
#3851 = ORIENTED_EDGE ( 'NONE', *, *, #848, .T. ) ;
#3852 = CARTESIAN_POINT ( 'NONE',  ( 38.00000000000000711, 3.400000000000001688, -30.64999999999998437 ) ) ;
#3853 = VERTEX_POINT ( 'NONE', #3449 ) ;
#3854 = FACE_OUTER_BOUND ( 'NONE', #1325, .T. ) ;
#3855 = DIRECTION ( 'NONE',  ( 0.000000000000000000, 1.000000000000000000, 0.000000000000000000 ) ) ;
#3856 = ORIENTED_EDGE ( 'NONE', *, *, #2511, .F. ) ;
#3857 = CARTESIAN_POINT ( 'NONE',  ( 9.850000000000006750, 3.900000000000000799, -40.34999999999998010 ) ) ;
#3858 = CARTESIAN_POINT ( 'NONE',  ( 59.50000000000000000, 10.00000000000000000, -26.94999999999998153 ) ) ;
#3859 = ORIENTED_EDGE ( 'NONE', *, *, #1165, .T. ) ;
#3860 = ORIENTED_EDGE ( 'NONE', *, *, #3753, .F. ) ;
#3861 = LINE ( 'NONE', #4884, #2387 ) ;
#3862 = CARTESIAN_POINT ( 'NONE',  ( -2.999999999999999112, 4.500000000000000888, -25.14999999999998082 ) ) ;
#3863 = EDGE_CURVE ( 'NONE', #6736, #4596, #1292, .T. ) ;
#3864 = AXIS2_PLACEMENT_3D ( 'NONE', #4162, #494, #5230 ) ;
#3865 = ORIENTED_EDGE ( 'NONE', *, *, #5431, .F. ) ;
#3866 = EDGE_CURVE ( 'NONE', #6395, #426, #5444, .T. ) ;
#3867 = ORIENTED_EDGE ( 'NONE', *, *, #1254, .F. ) ;
#3868 = PLANE ( 'NONE',  #569 ) ;
#3869 = VECTOR ( 'NONE', #266, 1000.000000000000000 ) ;
#3870 = ORIENTED_EDGE ( 'NONE', *, *, #3033, .F. ) ;
#3871 = LINE ( 'NONE', #4965, #5887 ) ;
#3872 = CARTESIAN_POINT ( 'NONE',  ( 36.99999999999999289, 4.500000000000000888, -22.94999999999997797 ) ) ;
#3873 = DIRECTION ( 'NONE',  ( 0.000000000000000000, 0.000000000000000000, -1.000000000000000000 ) ) ;
#3874 = EDGE_LOOP ( 'NONE', ( #344, #6511, #4803, #2157 ) ) ;
#3875 = ADVANCED_FACE ( 'NONE', ( #5479 ), #744, .F. ) ;
#3876 = AXIS2_PLACEMENT_3D ( 'NONE', #872, #4542, #322 ) ;
#3877 = DIRECTION ( 'NONE',  ( 0.000000000000000000, 0.000000000000000000, -1.000000000000000000 ) ) ;
#3878 = AXIS2_PLACEMENT_3D ( 'NONE', #3917, #5429, #6016 ) ;
#3879 = FACE_OUTER_BOUND ( 'NONE', #3887, .T. ) ;
#3880 = EDGE_LOOP ( 'NONE', ( #3865, #837, #2311, #6365 ) ) ;
#3881 = LINE ( 'NONE', #4356, #6128 ) ;
#3882 = ADVANCED_FACE ( 'NONE', ( #6032 ), #2276, .F. ) ;
#3883 = CARTESIAN_POINT ( 'NONE',  ( 10.50000000000000178, 3.900000000000001688, -35.75000000000000711 ) ) ;
#3884 = CARTESIAN_POINT ( 'NONE',  ( 66.20000000000000284, 2.900000000000001688, -37.00000000000000711 ) ) ;
#3885 = EDGE_LOOP ( 'NONE', ( #5003, #415, #3016, #1902, #3940, #5192, #3682, #6475, #356, #6385, #3107, #1238, #6099, #6570 ) ) ;
#3886 = AXIS2_PLACEMENT_3D ( 'NONE', #390, #1899, #5120 ) ;
#3887 = EDGE_LOOP ( 'NONE', ( #1329, #6335, #158, #818, #1821, #738, #5214, #4403 ) ) ;
#3888 = ORIENTED_EDGE ( 'NONE', *, *, #1469, .F. ) ;
#3889 = EDGE_CURVE ( 'NONE', #180, #991, #1223, .T. ) ;
#3890 = CARTESIAN_POINT ( 'NONE',  ( 0.000000000000000000, 4.500000000000000888, 0.000000000000000000 ) ) ;
#3891 = ORIENTED_EDGE ( 'NONE', *, *, #3132, .F. ) ;
#3892 = ADVANCED_FACE ( 'NONE', ( #4925 ), #228, .F. ) ;
#3893 = VECTOR ( 'NONE', #4284, 1000.000000000000000 ) ;
#3894 = CYLINDRICAL_SURFACE ( 'NONE', #5927, 1.000000000000000888 ) ;
#3895 = PLANE ( 'NONE',  #5568 ) ;
#3896 = EDGE_LOOP ( 'NONE', ( #4230, #5947, #6133, #4181, #6021, #2605 ) ) ;
#3897 = CARTESIAN_POINT ( 'NONE',  ( -2.999999999999999112, 10.00000000000000000, -25.14999999999998082 ) ) ;
#3898 = CARTESIAN_POINT ( 'NONE',  ( 69.77726504523097617, 8.316373506023904127, -33.83362649397610511 ) ) ;
#3899 = VERTEX_POINT ( 'NONE', #6505 ) ;
#3900 = DIRECTION ( 'NONE',  ( -1.000000000000000000, -0.000000000000000000, -0.000000000000000000 ) ) ;
#3901 = DIRECTION ( 'NONE',  ( -0.000000000000000000, -1.000000000000000000, -7.796510004390146031E-17 ) ) ;
#3902 = EDGE_LOOP ( 'NONE', ( #5996, #2925 ) ) ;
#3903 = CARTESIAN_POINT ( 'NONE',  ( 70.66436746991770690, 8.294989411669892121, -33.10385832678420570 ) ) ;
#3904 = ORIENTED_EDGE ( 'NONE', *, *, #4393, .T. ) ;
#3905 = LINE ( 'NONE', #4456, #3029 ) ;
#3906 = CARTESIAN_POINT ( 'NONE',  ( 3.500000000000002220, 7.900000000000011013, -35.75000000000000711 ) ) ;
#3907 = LINE ( 'NONE', #128, #3614 ) ;
#3908 = EDGE_LOOP ( 'NONE', ( #6315, #993, #1317, #4372 ) ) ;
#3909 = DIRECTION ( 'NONE',  ( 0.000000000000000000, 0.000000000000000000, -1.000000000000000000 ) ) ;
#3910 = EDGE_CURVE ( 'NONE', #5219, #2446, #3378, .T. ) ;
#3911 = CARTESIAN_POINT ( 'NONE',  ( 37.44999999999997442, 8.400000000000000355, -42.24999999999997158 ) ) ;
#3912 = ORIENTED_EDGE ( 'NONE', *, *, #6684, .F. ) ;
#3913 = CYLINDRICAL_SURFACE ( 'NONE', #3493, 1.000000000000000888 ) ;
#3914 = AXIS2_PLACEMENT_3D ( 'NONE', #3849, #3774, #1680 ) ;
#3915 = LINE ( 'NONE', #137, #3770 ) ;
#3916 = VECTOR ( 'NONE', #6308, 1000.000000000000114 ) ;
#3917 = CARTESIAN_POINT ( 'NONE',  ( 3.500000000000002220, 7.900000000000011013, -36.75000000000000711 ) ) ;
#3918 = ORIENTED_EDGE ( 'NONE', *, *, #2118, .F. ) ;
#3919 = LINE ( 'NONE', #4566, #3719 ) ;
#3920 = VECTOR ( 'NONE', #1139, 1000.000000000000000 ) ;
#3921 = EDGE_LOOP ( 'NONE', ( #3932, #5319, #3447, #1102, #4640, #6708 ) ) ;
#3922 = VERTEX_POINT ( 'NONE', #4959 ) ;
#3923 = VECTOR ( 'NONE', #3855, 1000.000000000000000 ) ;
#3924 = DIRECTION ( 'NONE',  ( -0.7071067811865378028, -0.7071067811865573427, 0.000000000000000000 ) ) ;
#3925 = CARTESIAN_POINT ( 'NONE',  ( -1.999999999999985345, 8.400000000000000355, -33.74999999999999289 ) ) ;
#3926 = VECTOR ( 'NONE', #4587, 1000.000000000000000 ) ;
#3927 = CARTESIAN_POINT ( 'NONE',  ( 9.550000000000007816, 3.900000000000000799, -41.09999999999996589 ) ) ;
#3928 = ORIENTED_EDGE ( 'NONE', *, *, #3471, .T. ) ;
#3929 = AXIS2_PLACEMENT_3D ( 'NONE', #4108, #954, #4533 ) ;
#3930 = DIRECTION ( 'NONE',  ( -0.000000000000000000, 1.000000000000000000, -0.000000000000000000 ) ) ;
#3931 = CARTESIAN_POINT ( 'NONE',  ( 70.70003395758020304, 8.416924398484871617, -32.91092342021251937 ) ) ;
#3932 = ORIENTED_EDGE ( 'NONE', *, *, #1335, .T. ) ;
#3933 = LINE ( 'NONE', #4958, #3808 ) ;
#3934 = DIRECTION ( 'NONE',  ( 0.000000000000000000, 0.000000000000000000, -1.000000000000000000 ) ) ;
#3935 = VECTOR ( 'NONE', #4009, 1000.000000000000000 ) ;
#3936 = ORIENTED_EDGE ( 'NONE', *, *, #6146, .F. ) ;
#3937 = EDGE_CURVE ( 'NONE', #3363, #5997, #5402, .T. ) ;
#3938 = ORIENTED_EDGE ( 'NONE', *, *, #4419, .F. ) ;
#3939 = CARTESIAN_POINT ( 'NONE',  ( 70.50149724730360390, 7.983715775892012978, -33.59633373429817027 ) ) ;
#3940 = ORIENTED_EDGE ( 'NONE', *, *, #640, .F. ) ;
#3941 = EDGE_CURVE ( 'NONE', #4920, #6535, #1838, .T. ) ;
#3942 = LINE ( 'NONE', #1336, #4243 ) ;
#3943 = LINE ( 'NONE', #3906, #6356 ) ;
#3944 = CARTESIAN_POINT ( 'NONE',  ( -1.399999999999995914, 10.00000000000000000, -13.14999999999997371 ) ) ;
#3945 = VERTEX_POINT ( 'NONE', #4995 ) ;
#3946 = EDGE_CURVE ( 'NONE', #1091, #2038, #3968, .T. ) ;
#3947 = PLANE ( 'NONE',  #6004 ) ;
#3948 = CARTESIAN_POINT ( 'NONE',  ( -2.999999999999999112, 10.00000000000000000, -22.94999999999997797 ) ) ;
#3949 = CARTESIAN_POINT ( 'NONE',  ( 39.46827201635471738, 2.899999999999999911, -8.568272016354686826 ) ) ;
#3950 = VECTOR ( 'NONE', #31, 1000.000000000000000 ) ;
#3951 = EDGE_CURVE ( 'NONE', #6535, #3847, #1519, .T. ) ;
#3952 = DIRECTION ( 'NONE',  ( 0.000000000000000000, 0.000000000000000000, -1.000000000000000000 ) ) ;
#3953 = LINE ( 'NONE', #1348, #261 ) ;
#3954 = AXIS2_PLACEMENT_3D ( 'NONE', #5276, #5311, #2110 ) ;
#3955 = VERTEX_POINT ( 'NONE', #4520 ) ;
#3956 = FACE_OUTER_BOUND ( 'NONE', #5557, .T. ) ;
#3957 = AXIS2_PLACEMENT_3D ( 'NONE', #439, #4592, #4620 ) ;
#3958 = ORIENTED_EDGE ( 'NONE', *, *, #1167, .F. ) ;
#3959 = EDGE_LOOP ( 'NONE', ( #6011, #1036, #2679, #4783 ) ) ;
#3960 = DIRECTION ( 'NONE',  ( 1.000000000000000000, 0.000000000000000000, 0.000000000000000000 ) ) ;
#3961 = LINE ( 'NONE', #3507, #6087 ) ;
#3962 = DIRECTION ( 'NONE',  ( 0.000000000000000000, 0.000000000000000000, -1.000000000000000000 ) ) ;
#3963 = VERTEX_POINT ( 'NONE', #2964 ) ;
#3964 = CARTESIAN_POINT ( 'NONE',  ( 3.500000000000000000, 2.900000000000001688, -51.50000000000000000 ) ) ;
#3965 = CARTESIAN_POINT ( 'NONE',  ( 57.00000000000000000, 3.900000000000001688, -44.75000000000001421 ) ) ;
#3966 = ORIENTED_EDGE ( 'NONE', *, *, #1335, .F. ) ;
#3967 = DIRECTION ( 'NONE',  ( 0.000000000000000000, -1.000000000000000000, 0.000000000000000000 ) ) ;
#3968 = LINE ( 'NONE', #4034, #6274 ) ;
#3969 = EDGE_LOOP ( 'NONE', ( #5946, #4492, #1211, #4527, #4518, #6034 ) ) ;
#3970 = EDGE_CURVE ( 'NONE', #6472, #615, #427, .T. ) ;
#3971 = ADVANCED_FACE ( 'NONE', ( #6670 ), #4094, .T. ) ;
#3972 = ORIENTED_EDGE ( 'NONE', *, *, #6618, .T. ) ;
#3973 = FACE_OUTER_BOUND ( 'NONE', #5760, .T. ) ;
#3974 = EDGE_LOOP ( 'NONE', ( #154, #2809, #1767, #253 ) ) ;
#3975 = EDGE_CURVE ( 'NONE', #5373, #1056, #5063, .T. ) ;
#3976 = CARTESIAN_POINT ( 'NONE',  ( 4.500000000000003553, 2.900000000000001688, -44.75000000000001421 ) ) ;
#3977 = AXIS2_PLACEMENT_3D ( 'NONE', #1398, #5134, #6164 ) ;
#3978 = DIRECTION ( 'NONE',  ( -0.000000000000000000, 1.000000000000000000, -0.000000000000000000 ) ) ;
#3979 = ADVANCED_FACE ( 'NONE', ( #367 ), #2508, .F. ) ;
#3980 = VERTEX_POINT ( 'NONE', #3516 ) ;
#3981 = EDGE_CURVE ( 'NONE', #697, #2499, #6132, .T. ) ;
#3982 = FACE_OUTER_BOUND ( 'NONE', #3052, .T. ) ;
#3983 = VECTOR ( 'NONE', #4717, 1000.000000000000000 ) ;
#3984 = FACE_OUTER_BOUND ( 'NONE', #219, .T. ) ;
#3985 = DIRECTION ( 'NONE',  ( 0.000000000000000000, -7.796510004390144799E-17, 1.000000000000000000 ) ) ;
#3986 = DIRECTION ( 'NONE',  ( 0.000000000000000000, -1.000000000000000000, 0.000000000000000000 ) ) ;
#3987 = VECTOR ( 'NONE', #1212, 1000.000000000000000 ) ;
#3988 = AXIS2_PLACEMENT_3D ( 'NONE', #284, #727, #4285 ) ;
#3989 = CARTESIAN_POINT ( 'NONE',  ( 54.94999999999998153, 3.400000000000001688, -40.74999999999997158 ) ) ;
#3990 = EDGE_CURVE ( 'NONE', #3847, #6064, #940, .T. ) ;
#3991 = ORIENTED_EDGE ( 'NONE', *, *, #640, .T. ) ;
#3992 = CARTESIAN_POINT ( 'NONE',  ( 2.250000000000002220, 7.900000000000011013, -35.75000000000000711 ) ) ;
#3993 = ORIENTED_EDGE ( 'NONE', *, *, #3941, .T. ) ;
#3994 = ORIENTED_EDGE ( 'NONE', *, *, #3485, .T. ) ;
#3995 = AXIS2_PLACEMENT_3D ( 'NONE', #3677, #5771, #1422 ) ;
#3996 = LINE ( 'NONE', #6183, #4410 ) ;
#3997 = LINE ( 'NONE', #4475, #5097 ) ;
#3998 = DIRECTION ( 'NONE',  ( 0.000000000000000000, 0.000000000000000000, 1.000000000000000000 ) ) ;
#3999 = ORIENTED_EDGE ( 'NONE', *, *, #1029, .T. ) ;
#4000 = CARTESIAN_POINT ( 'NONE',  ( 3.500000000000003997, 7.900000000000011013, -46.25000000000000000 ) ) ;
#4001 = B_SPLINE_CURVE_WITH_KNOTS ( 'NONE', 3,
 ( #6234, #1529, #4749, #2172, #1593, #568, #1046, #121, #17, #5233, #6398, #1694, #3717, #636, #1626, #2102, #3787, #5779, #3126, #2715, #2576 ),
 .UNSPECIFIED., .F., .F.,
 ( 4, 2, 2, 2, 2, 1, 2, 2, 2, 2, 4 ),
 ( 0.000000000000000000, 0.1249999999999973077, 0.2499999999999946154, 0.3749999999999918954, 0.4999999999999892308, 0.6249999999999865663, 0.6874999999999917843, 0.7499999999999968914, 0.8125000000000021094, 0.8750000000000073275, 1.000000000000000000 ),
 .UNSPECIFIED. ) ;
#4002 = DIRECTION ( 'NONE',  ( -0.000000000000000000, 1.000000000000000000, 0.000000000000000000 ) ) ;
#4003 = ORIENTED_EDGE ( 'NONE', *, *, #1644, .F. ) ;
#4004 = EDGE_CURVE ( 'NONE', #6431, #3653, #5672, .T. ) ;
#4005 = DIRECTION ( 'NONE',  ( -1.000000000000000000, 0.000000000000000000, 0.000000000000000000 ) ) ;
#4006 = ORIENTED_EDGE ( 'NONE', *, *, #1613, .F. ) ;
#4007 = DIRECTION ( 'NONE',  ( 1.000000000000000000, 0.000000000000000000, 0.000000000000000000 ) ) ;
#4008 = ORIENTED_EDGE ( 'NONE', *, *, #4598, .T. ) ;
#4009 = DIRECTION ( 'NONE',  ( 1.000000000000000000, 0.000000000000000000, 0.000000000000000000 ) ) ;
#4010 = ADVANCED_FACE ( 'NONE', ( #4580 ), #3053, .F. ) ;
#4011 = CARTESIAN_POINT ( 'NONE',  ( 69.80949677841987011, 8.371992743459921726, -33.77800725654007863 ) ) ;
#4012 = EDGE_LOOP ( 'NONE', ( #124, #30, #5448, #4565, #250 ) ) ;
#4013 = FACE_BOUND ( 'NONE', #4404, .T. ) ;
#4014 = LINE ( 'NONE', #2463, #5668 ) ;
#4015 = CARTESIAN_POINT ( 'NONE',  ( 59.00000000000000000, 9.500000000000014211, -6.949999999999980638 ) ) ;
#4016 = PLANE ( 'NONE',  #1849 ) ;
#4017 = DIRECTION ( 'NONE',  ( 0.000000000000000000, 0.000000000000000000, -1.000000000000000000 ) ) ;
#4018 = ORIENTED_EDGE ( 'NONE', *, *, #1047, .F. ) ;
#4019 = FACE_OUTER_BOUND ( 'NONE', #3184, .T. ) ;
#4020 = ORIENTED_EDGE ( 'NONE', *, *, #326, .T. ) ;
#4021 = VERTEX_POINT ( 'NONE', #5030 ) ;
#4022 = EDGE_CURVE ( 'NONE', #768, #1091, #2927, .T. ) ;
#4023 = CARTESIAN_POINT ( 'NONE',  ( -3.000000000000000000, 4.500000000000000888, -6.949999999999984190 ) ) ;
#4024 = AXIS2_PLACEMENT_3D ( 'NONE', #4211, #4109, #5754 ) ;
#4025 = ADVANCED_FACE ( 'NONE', ( #6160 ), #1457, .T. ) ;
#4026 = DIRECTION ( 'NONE',  ( 0.000000000000000000, 0.000000000000000000, -1.000000000000000000 ) ) ;
#4027 = LINE ( 'NONE', #4545, #193 ) ;
#4028 = VECTOR ( 'NONE', #1869, 1000.000000000000000 ) ;
#4029 = VERTEX_POINT ( 'NONE', #3020 ) ;
#4030 = VECTOR ( 'NONE', #325, 1000.000000000000000 ) ;
#4031 = PLANE ( 'NONE',  #2260 ) ;
#4032 = PLANE ( 'NONE',  #2549 ) ;
#4033 = ORIENTED_EDGE ( 'NONE', *, *, #1458, .T. ) ;
#4034 = CARTESIAN_POINT ( 'NONE',  ( 4.078236700126606242E-15, 3.400000000000001688, -31.14999999999998792 ) ) ;
#4035 = ORIENTED_EDGE ( 'NONE', *, *, #4563, .T. ) ;
#4036 = AXIS2_PLACEMENT_3D ( 'NONE', #1372, #163, #4493 ) ;
#4037 = EDGE_CURVE ( 'NONE', #2452, #1260, #5129, .T. ) ;
#4038 = AXIS2_PLACEMENT_3D ( 'NONE', #602, #2644, #2680 ) ;
#4039 = DIRECTION ( 'NONE',  ( -0.7071067811865474617, -0.7071067811865474617, 0.000000000000000000 ) ) ;
#4040 = ORIENTED_EDGE ( 'NONE', *, *, #1118, .T. ) ;
#4041 = LINE ( 'NONE', #3062, #6125 ) ;
#4042 = DIRECTION ( 'NONE',  ( 0.000000000000000000, 0.000000000000000000, 1.000000000000000000 ) ) ;
#4043 = VECTOR ( 'NONE', #3323, 1000.000000000000000 ) ;
#4044 = ORIENTED_EDGE ( 'NONE', *, *, #2530, .F. ) ;
#4045 = CARTESIAN_POINT ( 'NONE',  ( -2.999999999999999112, 4.500000000000000888, -17.14999999999997371 ) ) ;
#4046 = DIRECTION ( 'NONE',  ( 0.000000000000000000, 0.000000000000000000, 1.000000000000000000 ) ) ;
#4047 = DIRECTION ( 'NONE',  ( 1.029509481291873510E-16, 0.000000000000000000, -1.000000000000000000 ) ) ;
#4048 = DIRECTION ( 'NONE',  ( -1.368455531567204171E-48, -1.000000000000000000, -7.796510004390144799E-17 ) ) ;
#4049 = ORIENTED_EDGE ( 'NONE', *, *, #3594, .F. ) ;
#4050 = DIRECTION ( 'NONE',  ( 0.7071067811865378028, -0.7071067811865573427, 0.000000000000000000 ) ) ;
#4051 = ORIENTED_EDGE ( 'NONE', *, *, #5449, .F. ) ;
#4052 = CARTESIAN_POINT ( 'NONE',  ( -3.000000000000000000, 4.500000000000000888, -9.149999999999984368 ) ) ;
#4053 = EDGE_CURVE ( 'NONE', #2598, #1001, #6699, .T. ) ;
#4054 = DIRECTION ( 'NONE',  ( 1.000000000000000000, -0.000000000000000000, 1.123707514802790025E-16 ) ) ;
#4055 = DIRECTION ( 'NONE',  ( 0.000000000000000000, 1.000000000000000000, -0.000000000000000000 ) ) ;
#4056 = DIRECTION ( 'NONE',  ( -0.000000000000000000, 1.000000000000000000, 7.796510004390144799E-17 ) ) ;
#4057 = EDGE_CURVE ( 'NONE', #1210, #3586, #1995, .T. ) ;
#4058 = AXIS2_PLACEMENT_3D ( 'NONE', #1893, #4050, #4437 ) ;
#4059 = ORIENTED_EDGE ( 'NONE', *, *, #101, .F. ) ;
#4060 = CARTESIAN_POINT ( 'NONE',  ( 4.500000000000002665, 2.900000000000001688, -35.75000000000000711 ) ) ;
#4061 = DIRECTION ( 'NONE',  ( 0.000000000000000000, 0.000000000000000000, -1.000000000000000000 ) ) ;
#4062 = VERTEX_POINT ( 'NONE', #2026 ) ;
#4063 = VECTOR ( 'NONE', #238, 1000.000000000000000 ) ;
#4064 = CARTESIAN_POINT ( 'NONE',  ( 37.00000000000000000, 3.500000000000000444, -6.949999999999980638 ) ) ;
#4065 = VERTEX_POINT ( 'NONE', #4121 ) ;
#4067 = EDGE_CURVE ( 'NONE', #5703, #1923, #6222, .T. ) ;
#4066 = CARTESIAN_POINT ( 'NONE',  ( 70.70000000000000284, 4.500000000000000888, -9.149999999999984368 ) ) ;
#4068 = EDGE_LOOP ( 'NONE', ( #2359, #3367, #1304, #5404 ) ) ;
#4069 = LINE ( 'NONE', #2486, #3926 ) ;
#4070 = PLANE ( 'NONE',  #1352 ) ;
#4071 = ORIENTED_EDGE ( 'NONE', *, *, #666, .F. ) ;
#4072 = CIRCLE ( 'NONE', #3420, 1.000000000000000888 ) ;
#4073 = CARTESIAN_POINT ( 'NONE',  ( 70.17262666510788449, 8.119574052735814007, -33.72806419146999701 ) ) ;
#4074 = CARTESIAN_POINT ( 'NONE',  ( 59.05000000000000426, -5.500000000000001776, -39.59999999999997300 ) ) ;
#4075 = CARTESIAN_POINT ( 'NONE',  ( 70.19999999999998863, 10.00000000000000000, -6.949999999999984190 ) ) ;
#4076 = ADVANCED_FACE ( 'NONE', ( #5585 ), #1125, .F. ) ;
#4077 = VECTOR ( 'NONE', #6098, 1000.000000000000000 ) ;
#4078 = CARTESIAN_POINT ( 'NONE',  ( 70.19999999999998863, 10.00000000000000000, -18.94999999999997442 ) ) ;
#4079 = ORIENTED_EDGE ( 'NONE', *, *, #722, .F. ) ;
#4080 = DIRECTION ( 'NONE',  ( 0.000000000000000000, 0.000000000000000000, 1.000000000000000000 ) ) ;
#4081 = AXIS2_PLACEMENT_3D ( 'NONE', #1081, #5372, #2135 ) ;
#4082 = ORIENTED_EDGE ( 'NONE', *, *, #2294, .F. ) ;
#4083 = CARTESIAN_POINT ( 'NONE',  ( -3.000000000000000000, 8.399999999999996803, -32.14999999999998437 ) ) ;
#4084 = DIRECTION ( 'NONE',  ( 0.000000000000000000, 0.000000000000000000, 1.000000000000000000 ) ) ;
#4085 = EDGE_CURVE ( 'NONE', #6508, #1490, #4970, .T. ) ;
#4086 = LINE ( 'NONE', #1928, #3659 ) ;
#4087 = VECTOR ( 'NONE', #218, 1000.000000000000000 ) ;
#4088 = CARTESIAN_POINT ( 'NONE',  ( 59.00000000000000000, 9.500000000000014211, -25.14999999999997726 ) ) ;
#4089 = ORIENTED_EDGE ( 'NONE', *, *, #3729, .F. ) ;
#4090 = VECTOR ( 'NONE', #2083, 1000.000000000000000 ) ;
#4091 = EDGE_CURVE ( 'NONE', #2205, #6700, #1071, .T. ) ;
#4092 = DIRECTION ( 'NONE',  ( 0.000000000000000000, 1.000000000000000000, 7.796510004390146031E-17 ) ) ;
#4093 = EDGE_LOOP ( 'NONE', ( #729, #2224, #693, #1038 ) ) ;
#4094 = PLANE ( 'NONE',  #1460 ) ;
#4095 = EDGE_CURVE ( 'NONE', #2863, #700, #110, .T. ) ;
#4096 = ORIENTED_EDGE ( 'NONE', *, *, #5854, .T. ) ;
#4097 = ORIENTED_EDGE ( 'NONE', *, *, #1619, .F. ) ;
#4098 = LINE ( 'NONE', #5034, #1890 ) ;
#4099 = VERTEX_POINT ( 'NONE', #5737 ) ;
#4100 = VECTOR ( 'NONE', #4408, 1000.000000000000000 ) ;
#4101 = DIRECTION ( 'NONE',  ( -0.000000000000000000, 1.000000000000000000, -0.000000000000000000 ) ) ;
#4102 = DIRECTION ( 'NONE',  ( 0.000000000000000000, 0.000000000000000000, 1.000000000000000000 ) ) ;
#4103 = ADVANCED_FACE ( 'NONE', ( #1037 ), #6290, .T. ) ;
#4104 = ORIENTED_EDGE ( 'NONE', *, *, #508, .T. ) ;
#4105 = EDGE_CURVE ( 'NONE', #991, #423, #5292, .T. ) ;
#4106 = AXIS2_PLACEMENT_3D ( 'NONE', #2495, #1347, #6624 ) ;
#4107 = CARTESIAN_POINT ( 'NONE',  ( 69.86157783846357461, 8.341991262388955164, -33.76664141957132870 ) ) ;
#4108 = CARTESIAN_POINT ( 'NONE',  ( 63.00000000000000000, 2.900000000000001688, -47.25000000000000000 ) ) ;
#4109 = DIRECTION ( 'NONE',  ( 0.000000000000000000, -1.000000000000000000, 0.000000000000000000 ) ) ;
#4110 = EDGE_CURVE ( 'NONE', #980, #2979, #1105, .T. ) ;
#4111 = EDGE_LOOP ( 'NONE', ( #4829, #2632, #4406, #3831 ) ) ;
#4112 = CARTESIAN_POINT ( 'NONE',  ( 61.30000000000000426, 8.400000000000000355, -37.99999999999997868 ) ) ;
#4113 = ORIENTED_EDGE ( 'NONE', *, *, #3207, .F. ) ;
#4114 = DIRECTION ( 'NONE',  ( 0.7071067811865573427, 0.7071067811865378028, -0.000000000000000000 ) ) ;
#4115 = CARTESIAN_POINT ( 'NONE',  ( 59.00000000000000000, 4.500000000000000888, 0.000000000000000000 ) ) ;
#4116 = CARTESIAN_POINT ( 'NONE',  ( 1.250000000000002442, 7.900000000000011013, -47.25000000000000000 ) ) ;
#4117 = LINE ( 'NONE', #5058, #4030 ) ;
#4118 = ORIENTED_EDGE ( 'NONE', *, *, #4022, .F. ) ;
#4119 = DIRECTION ( 'NONE',  ( 0.000000000000000000, 0.000000000000000000, -1.000000000000000000 ) ) ;
#4120 = ORIENTED_EDGE ( 'NONE', *, *, #6402, .T. ) ;
#4121 = CARTESIAN_POINT ( 'NONE',  ( 3.500000000000000000, 8.400000000000002132, -51.50000000000000000 ) ) ;
#4122 = ORIENTED_EDGE ( 'NONE', *, *, #5481, .T. ) ;
#4123 = LINE ( 'NONE', #4262, #149 ) ;
#4124 = AXIS2_PLACEMENT_3D ( 'NONE', #5765, #6727, #41 ) ;
#4125 = CARTESIAN_POINT ( 'NONE',  ( 69.96410319975777270, 10.00000000000000000, -32.14999999999998437 ) ) ;
#4126 = VECTOR ( 'NONE', #6342, 1000.000000000000000 ) ;
#4127 = ORIENTED_EDGE ( 'NONE', *, *, #4366, .F. ) ;
#4128 = CARTESIAN_POINT ( 'NONE',  ( 66.20000000000000284, 7.899999999999997691, -37.00000000000000711 ) ) ;
#4129 = ORIENTED_EDGE ( 'NONE', *, *, #4488, .T. ) ;
#4130 = DIRECTION ( 'NONE',  ( 0.000000000000000000, 0.000000000000000000, -1.000000000000000000 ) ) ;
#4131 = CARTESIAN_POINT ( 'NONE',  ( 59.50000000000000000, 10.00000000000000000, 0.000000000000000000 ) ) ;
#4132 = VECTOR ( 'NONE', #2582, 1000.000000000000000 ) ;
#4133 = EDGE_CURVE ( 'NONE', #4814, #4150, #371, .T. ) ;
#4134 = VERTEX_POINT ( 'NONE', #2568 ) ;
#4135 = EDGE_CURVE ( 'NONE', #1976, #3322, #3154, .T. ) ;
#4136 = AXIS2_PLACEMENT_3D ( 'NONE', #3038, #351, #4562 ) ;
#4137 = CARTESIAN_POINT ( 'NONE',  ( 70.13780857914534295, 8.146997277296975426, -33.73024554131728081 ) ) ;
#4138 = VECTOR ( 'NONE', #3011, 1000.000000000000114 ) ;
#4139 = CARTESIAN_POINT ( 'NONE',  ( 65.20000000000000284, 8.400000000000000355, -33.75000000000000000 ) ) ;
#4140 = CYLINDRICAL_SURFACE ( 'NONE', #3283, 0.8499999999999965361 ) ;
#4141 = DIRECTION ( 'NONE',  ( -1.000000000000000000, -0.000000000000000000, -0.000000000000000000 ) ) ;
#4142 = ORIENTED_EDGE ( 'NONE', *, *, #3561, .F. ) ;
#4143 = DIRECTION ( 'NONE',  ( 0.000000000000000000, 0.000000000000000000, 1.000000000000000000 ) ) ;
#4144 = EDGE_LOOP ( 'NONE', ( #4035, #1755, #5744, #970 ) ) ;
#4145 = DIRECTION ( 'NONE',  ( 1.000000000000000000, 0.000000000000000000, -1.309225264888155637E-16 ) ) ;
#4146 = EDGE_CURVE ( 'NONE', #1875, #3264, #4667, .T. ) ;
#4147 = VECTOR ( 'NONE', #2798, 1000.000000000000000 ) ;
#4148 = CARTESIAN_POINT ( 'NONE',  ( -2.999999999999999112, 4.500000000000000888, -13.14999999999997371 ) ) ;
#4149 = CARTESIAN_POINT ( 'NONE',  ( 10.50000000000000355, 2.899975000000001746, -47.99999999999998579 ) ) ;
#4150 = VERTEX_POINT ( 'NONE', #5706 ) ;
#4151 = CARTESIAN_POINT ( 'NONE',  ( 0.000000000000000000, 7.400000000000002132, -56.00000000000000000 ) ) ;
#4152 = EDGE_LOOP ( 'NONE', ( #2314, #879, #5252, #1282 ) ) ;
#4153 = CARTESIAN_POINT ( 'NONE',  ( 61.50000000000000711, 0.000000000000000000, -52.50000000000000711 ) ) ;
#4154 = ADVANCED_FACE ( 'NONE', ( #5804 ), #487, .F. ) ;
#4155 = ORIENTED_EDGE ( 'NONE', *, *, #258, .F. ) ;
#4156 = AXIS2_PLACEMENT_3D ( 'NONE', #5750, #4684, #6772 ) ;
#4157 = CARTESIAN_POINT ( 'NONE',  ( 60.29999999999999716, 3.900000000000000799, -41.54999999999999716 ) ) ;
#4158 = VECTOR ( 'NONE', #5524, 1000.000000000000114 ) ;
#4159 = FACE_OUTER_BOUND ( 'NONE', #5095, .T. ) ;
#4160 = EDGE_LOOP ( 'NONE', ( #5040, #6232, #6643, #3662, #1996, #4040 ) ) ;
#4161 = VECTOR ( 'NONE', #701, 1000.000000000000000 ) ;
#4162 = CARTESIAN_POINT ( 'NONE',  ( 70.19999999999998863, 10.00000000000000000, 0.000000000000000000 ) ) ;
#4163 = VERTEX_POINT ( 'NONE', #4291 ) ;
#4164 = SECURITY_CLASSIFICATION ( '', '', #1743 ) ;
#4165 = LINE ( 'NONE', #1561, #4476 ) ;
#4166 = VECTOR ( 'NONE', #6484, 1000.000000000000000 ) ;
#4167 = CARTESIAN_POINT ( 'NONE',  ( 70.70000000000000284, 25.63015617892153131, -15.63015617892134657 ) ) ;
#4168 = ORIENTED_EDGE ( 'NONE', *, *, #2424, .F. ) ;
#4169 = EDGE_CURVE ( 'NONE', #2066, #2148, #2705, .T. ) ;
#4170 = ADVANCED_FACE ( 'NONE', ( #4704 ), #3085, .F. ) ;
#4171 = CARTESIAN_POINT ( 'NONE',  ( 37.00000000000000000, 4.500000000000000888, -13.14999999999997371 ) ) ;
#4172 = EDGE_CURVE ( 'NONE', #1260, #5572, #43, .T. ) ;
#4173 = DIRECTION ( 'NONE',  ( -0.000000000000000000, 1.000000000000000000, -0.000000000000000000 ) ) ;
#4174 = CARTESIAN_POINT ( 'NONE',  ( 60.29999999999999716, 3.900000000000000799, -43.24999999999999289 ) ) ;
#4175 = DIRECTION ( 'NONE',  ( 0.000000000000000000, 0.000000000000000000, -1.000000000000000000 ) ) ;
#4176 = ADVANCED_FACE ( 'NONE', ( #594 ), #2126, .F. ) ;
#4177 = LINE ( 'NONE', #4724, #5884 ) ;
#4178 = VERTEX_POINT ( 'NONE', #74 ) ;
#4179 = CARTESIAN_POINT ( 'NONE',  ( -2.999999999999999112, 10.00000000000000000, -21.14999999999997726 ) ) ;
#4180 = DIRECTION ( 'NONE',  ( 0.000000000000000000, 0.000000000000000000, 1.000000000000000000 ) ) ;
#4181 = ORIENTED_EDGE ( 'NONE', *, *, #5822, .F. ) ;
#4182 = CARTESIAN_POINT ( 'NONE',  ( -2.999999999999999112, 4.500000000000000888, -25.14999999999998082 ) ) ;
#4183 = AXIS2_PLACEMENT_3D ( 'NONE', #272, #2789, #4999 ) ;
#4184 = CARTESIAN_POINT ( 'NONE',  ( 66.20000000000000284, -6.821946253841377931E-16, -47.25000000000000000 ) ) ;
#4185 = EDGE_CURVE ( 'NONE', #731, #3080, #4806, .T. ) ;
#4186 = CARTESIAN_POINT ( 'NONE',  ( 2.250000000000002220, 8.400000000000000355, -46.25000000000000000 ) ) ;
#4187 = ORIENTED_EDGE ( 'NONE', *, *, #4172, .T. ) ;
#4188 = AXIS2_PLACEMENT_3D ( 'NONE', #2516, #946, #5683 ) ;
#4189 = ADVANCED_FACE ( 'NONE', ( #6259 ), #1647, .F. ) ;
#4190 = CARTESIAN_POINT ( 'NONE',  ( 37.44999999999997442, 2.898999999999998689, -40.74999999999997158 ) ) ;
#4191 = ORIENTED_EDGE ( 'NONE', *, *, #1469, .T. ) ;
#4192 = DIRECTION ( 'NONE',  ( -0.7071067811865536790, 0.7071067811865414665, 0.000000000000000000 ) ) ;
#4193 = EDGE_LOOP ( 'NONE', ( #4020, #1659, #3582, #4870 ) ) ;
#4194 = CIRCLE ( 'NONE', #2105, 1.499999999999987566 ) ;
#4195 = DIRECTION ( 'NONE',  ( 9.251858538543047953E-15, 0.000000000000000000, -1.000000000000000000 ) ) ;
#4196 = LINE ( 'NONE', #3712, #3134 ) ;
#4197 = VECTOR ( 'NONE', #5254, 1000.000000000000000 ) ;
#4198 = ORIENTED_EDGE ( 'NONE', *, *, #2244, .T. ) ;
#4199 = EDGE_CURVE ( 'NONE', #1584, #5264, #4473, .T. ) ;
#4200 = CARTESIAN_POINT ( 'NONE',  ( 0.000000000000000000, 10.00000000000000000, 0.000000000000000000 ) ) ;
#4201 = ORIENTED_EDGE ( 'NONE', *, *, #2420, .F. ) ;
#4202 = DIRECTION ( 'NONE',  ( 1.000000000000000000, -0.000000000000000000, 1.123707514802790025E-16 ) ) ;
#4203 = DIRECTION ( 'NONE',  ( 0.000000000000000000, 0.000000000000000000, -1.000000000000000000 ) ) ;
#4204 = ORIENTED_EDGE ( 'NONE', *, *, #1939, .T. ) ;
#4205 = EDGE_CURVE ( 'NONE', #1217, #3606, #4949, .T. ) ;
#4206 = DIRECTION ( 'NONE',  ( 0.000000000000000000, 1.000000000000000000, 7.796510004390146031E-17 ) ) ;
#4207 = DIRECTION ( 'NONE',  ( 0.000000000000000000, 0.000000000000000000, -1.000000000000000000 ) ) ;
#4208 = CARTESIAN_POINT ( 'NONE',  ( 7.200000000000004619, -5.500000000000001776, -42.39999999999998437 ) ) ;
#4209 = CARTESIAN_POINT ( 'NONE',  ( 9.850000000000006750, -5.500000000000001776, -39.59999999999998721 ) ) ;
#4210 = CIRCLE ( 'NONE', #2122, 1.000000000000000888 ) ;
#4211 = CARTESIAN_POINT ( 'NONE',  ( 53.44999999999996732, 3.899999999999987921, -40.74999999999997158 ) ) ;
#4212 = ORIENTED_EDGE ( 'NONE', *, *, #5068, .F. ) ;
#4213 = DIRECTION ( 'NONE',  ( -1.000000000000000000, -0.000000000000000000, -0.000000000000000000 ) ) ;
#4214 = ORIENTED_EDGE ( 'NONE', *, *, #6114, .F. ) ;
#4215 = CARTESIAN_POINT ( 'NONE',  ( 68.16229685981660680, 8.400000000000000355, -34.96601884259981574 ) ) ;
#4216 = ORIENTED_EDGE ( 'NONE', *, *, #123, .F. ) ;
#4217 = DIRECTION ( 'NONE',  ( 0.000000000000000000, 0.000000000000000000, -1.000000000000000000 ) ) ;
#4218 = CARTESIAN_POINT ( 'NONE',  ( 64.00000000000000000, 2.900000000000001688, -36.75000000000000711 ) ) ;
#4219 = ORIENTED_EDGE ( 'NONE', *, *, #3372, .T. ) ;
#4220 = EDGE_CURVE ( 'NONE', #5606, #5738, #4874, .T. ) ;
#4221 = CARTESIAN_POINT ( 'NONE',  ( 10.50000000000000355, 5.600000000000000533, -39.97583426132259632 ) ) ;
#4222 = ORIENTED_EDGE ( 'NONE', *, *, #3212, .T. ) ;
#4223 = CARTESIAN_POINT ( 'NONE',  ( 64.00000000000000000, 2.900000000000001688, -46.25000000000000000 ) ) ;
#4224 = VERTEX_POINT ( 'NONE', #4368 ) ;
#4225 = EDGE_CURVE ( 'NONE', #1994, #3087, #6421, .T. ) ;
#4226 = LINE ( 'NONE', #1554, #5733 ) ;
#4227 = CARTESIAN_POINT ( 'NONE',  ( 6.000000000000000000, -5.500000000000000000, -55.99999999999998579 ) ) ;
#4228 = VERTEX_POINT ( 'NONE', #2302 ) ;
#4229 = CYLINDRICAL_SURFACE ( 'NONE', #4417, 0.7499999999999937828 ) ;
#4230 = ORIENTED_EDGE ( 'NONE', *, *, #4842, .T. ) ;
#4231 = DIRECTION ( 'NONE',  ( 0.000000000000000000, -1.000000000000000000, 0.000000000000000000 ) ) ;
#4232 = DIRECTION ( 'NONE',  ( 1.000000000000000000, 0.000000000000000000, 0.000000000000000000 ) ) ;
#4233 = ORIENTED_EDGE ( 'NONE', *, *, #2972, .F. ) ;
#4234 = EDGE_CURVE ( 'NONE', #6352, #4814, #1997, .T. ) ;
#4235 = CIRCLE ( 'NONE', #4570, 1.000000000000000888 ) ;
#4236 = B_SPLINE_CURVE_WITH_KNOTS ( 'NONE', 3,
 ( #12, #3678, #5196, #6262 ),
 .UNSPECIFIED., .F., .F.,
 ( 4, 4 ),
 ( 0.000000000000000000, 1.000000000000000000 ),
 .UNSPECIFIED. ) ;
#4237 = VECTOR ( 'NONE', #5670, 1000.000000000000000 ) ;
#4238 = FACE_OUTER_BOUND ( 'NONE', #1643, .T. ) ;
#4239 = FACE_OUTER_BOUND ( 'NONE', #4579, .T. ) ;
#4240 = AXIS2_PLACEMENT_3D ( 'NONE', #148, #6425, #3408 ) ;
#4241 = CARTESIAN_POINT ( 'NONE',  ( 60.29999999999999716, 8.400000000000000355, -41.54999999999999716 ) ) ;
#4242 = DIRECTION ( 'NONE',  ( 0.000000000000000000, 0.000000000000000000, -1.000000000000000000 ) ) ;
#4243 = VECTOR ( 'NONE', #754, 1000.000000000000000 ) ;
#4244 = CYLINDRICAL_SURFACE ( 'NONE', #625, 1.000000000000000888 ) ;
#4245 = PERSON_AND_ORGANIZATION_ROLE ( 'classification_officer' ) ;
#4246 = AXIS2_PLACEMENT_3D ( 'NONE', #5622, #3491, #4130 ) ;
#4247 = CARTESIAN_POINT ( 'NONE',  ( 1.250000000000002442, 7.900000000000011013, -46.25000000000000000 ) ) ;
#4248 = ORIENTED_EDGE ( 'NONE', *, *, #3990, .T. ) ;
#4249 = CARTESIAN_POINT ( 'NONE',  ( 36.49999999999999289, 10.00000000000000000, -18.94999999999997442 ) ) ;
#4250 = EDGE_CURVE ( 'NONE', #2315, #2812, #1251, .T. ) ;
#4251 = ORIENTED_EDGE ( 'NONE', *, *, #2360, .F. ) ;
#4252 = DIRECTION ( 'NONE',  ( 0.000000000000000000, 0.000000000000000000, -1.000000000000000000 ) ) ;
#4253 = CARTESIAN_POINT ( 'NONE',  ( 36.99999999999999289, 4.500000000000000888, -14.94999999999997442 ) ) ;
#4254 = ORIENTED_EDGE ( 'NONE', *, *, #613, .T. ) ;
#4255 = EDGE_CURVE ( 'NONE', #1754, #2315, #145, .T. ) ;
#4256 = CYLINDRICAL_SURFACE ( 'NONE', #4124, 0.7499999999999937828 ) ;
#4257 = ORIENTED_EDGE ( 'NONE', *, *, #3866, .T. ) ;
#4258 = ADVANCED_FACE ( 'NONE', ( #2225 ), #6610, .F. ) ;
#4259 = DIRECTION ( 'NONE',  ( 0.000000000000000000, 0.000000000000000000, 1.000000000000000000 ) ) ;
#4260 = ORIENTED_EDGE ( 'NONE', *, *, #4169, .F. ) ;
#4261 = EDGE_CURVE ( 'NONE', #5872, #2847, #1793, .T. ) ;
#4262 = CARTESIAN_POINT ( 'NONE',  ( 66.20000000000000284, 2.900000000000001688, -55.00000000000000000 ) ) ;
#4263 = DIRECTION ( 'NONE',  ( 0.000000000000000000, 1.000000000000000000, 7.796510004390144799E-17 ) ) ;
#4264 = ORIENTED_EDGE ( 'NONE', *, *, #3863, .F. ) ;
#4265 = DIRECTION ( 'NONE',  ( 0.000000000000000000, 0.000000000000000000, 1.000000000000000000 ) ) ;
#4266 = ORIENTED_EDGE ( 'NONE', *, *, #1832, .F. ) ;
#4267 = CARTESIAN_POINT ( 'NONE',  ( 63.00000000000000000, 2.900000000000001688, -44.75000000000000711 ) ) ;
#4268 = FACE_OUTER_BOUND ( 'NONE', #944, .T. ) ;
#4269 = LOCAL_TIME ( 11, 23, 40.00000000000000000, #2182 ) ;
#4270 = ORIENTED_EDGE ( 'NONE', *, *, #2657, .F. ) ;
#4271 = ADVANCED_FACE ( 'NONE', ( #2371 ), #5948, .F. ) ;
#4272 = ORIENTED_EDGE ( 'NONE', *, *, #3250, .F. ) ;
#4273 = VECTOR ( 'NONE', #1302, 1000.000000000000000 ) ;
#4274 = DIRECTION ( 'NONE',  ( 0.000000000000000000, 0.000000000000000000, -1.000000000000000000 ) ) ;
#4275 = CARTESIAN_POINT ( 'NONE',  ( 0.000000000000000000, 3.400000000000001688, -32.14999999999998437 ) ) ;
#4276 = LINE ( 'NONE', #3278, #6249 ) ;
#4277 = FACE_OUTER_BOUND ( 'NONE', #1443, .T. ) ;
#4278 = PLANE ( 'NONE',  #5767 ) ;
#4279 = APPROVAL_STATUS ( 'not_yet_approved' ) ;
#4280 = EDGE_CURVE ( 'NONE', #6196, #1584, #3330, .T. ) ;
#4281 = CARTESIAN_POINT ( 'NONE',  ( -2.999999999999999112, 4.500000000000000888, -13.14999999999997371 ) ) ;
#4282 = ORIENTED_EDGE ( 'NONE', *, *, #3212, .F. ) ;
#4283 = LINE ( 'NONE', #2561, #3814 ) ;
#4284 = DIRECTION ( 'NONE',  ( 1.000000000000000000, 0.000000000000000000, 0.000000000000000000 ) ) ;
#4285 = DIRECTION ( 'NONE',  ( 1.000000000000000000, 1.020738787570084642E-32, -1.309225264888155637E-16 ) ) ;
#4286 = ORIENTED_EDGE ( 'NONE', *, *, #1539, .F. ) ;
#4287 = VECTOR ( 'NONE', #224, 1000.000000000000000 ) ;
#4288 = EDGE_CURVE ( 'NONE', #651, #5231, #1826, .T. ) ;
#4289 = DIRECTION ( 'NONE',  ( 4.707526393424171362E-17, 0.000000000000000000, -1.000000000000000000 ) ) ;
#4290 = ORIENTED_EDGE ( 'NONE', *, *, #3237, .T. ) ;
#4291 = CARTESIAN_POINT ( 'NONE',  ( 3.500000000000002220, 3.900000000000001688, -35.75000000000000711 ) ) ;
#4292 = ORIENTED_EDGE ( 'NONE', *, *, #4343, .T. ) ;
#4293 = LINE ( 'NONE', #3925, #6299 ) ;
#4294 = VECTOR ( 'NONE', #3619, 1000.000000000000000 ) ;
#4295 = FACE_OUTER_BOUND ( 'NONE', #1946, .T. ) ;
#4296 = ORIENTED_EDGE ( 'NONE', *, *, #3685, .T. ) ;
#4297 = DIRECTION ( 'NONE',  ( -0.000000000000000000, -1.000000000000000000, -0.000000000000000000 ) ) ;
#4298 = CYLINDRICAL_SURFACE ( 'NONE', #361, 0.9999999999999908962 ) ;
#4299 = ORIENTED_EDGE ( 'NONE', *, *, #4752, .F. ) ;
#4300 = EDGE_CURVE ( 'NONE', #5204, #4872, #733, .T. ) ;
#4301 = DIRECTION ( 'NONE',  ( 0.000000000000000000, -0.7071067811865512365, 0.7071067811865439090 ) ) ;
#4302 = DIRECTION ( 'NONE',  ( 1.000000000000000000, 0.000000000000000000, 0.000000000000000000 ) ) ;
#4303 = AXIS2_PLACEMENT_3D ( 'NONE', #3890, #5984, #3776 ) ;
#4304 = ORIENTED_EDGE ( 'NONE', *, *, #2612, .T. ) ;
#4305 = VECTOR ( 'NONE', #6454, 1000.000000000000000 ) ;
#4306 = VERTEX_POINT ( 'NONE', #3405 ) ;
#4307 = PLANE ( 'NONE',  #968 ) ;
#4308 = AXIS2_PLACEMENT_3D ( 'NONE', #6293, #561, #1649 ) ;
#4309 = ADVANCED_FACE ( 'NONE', ( #4405 ), #6495, .T. ) ;
#4310 = CARTESIAN_POINT ( 'NONE',  ( 0.000000000000000000, 10.00000000000000000, 0.000000000000000000 ) ) ;
#4311 = DIRECTION ( 'NONE',  ( -0.7071067811865474617, -0.7071067811865474617, 0.000000000000000000 ) ) ;
#4312 = DIRECTION ( 'NONE',  ( -0.7071067811865573427, 0.7071067811865378028, -0.000000000000000000 ) ) ;
#4313 = EDGE_CURVE ( 'NONE', #1490, #6508, #3642, .T. ) ;
#4314 = CARTESIAN_POINT ( 'NONE',  ( -3.000000000000000000, 4.500000000000000888, -29.14999999999998437 ) ) ;
#4315 = PERSON_AND_ORGANIZATION ( #240, #6471 ) ;
#4316 = CARTESIAN_POINT ( 'NONE',  ( 70.19999999999998863, 10.00000000000000000, -21.14999999999997371 ) ) ;
#4317 = ORIENTED_EDGE ( 'NONE', *, *, #2360, .T. ) ;
#4318 = LINE ( 'NONE', #5387, #2704 ) ;
#4319 = VECTOR ( 'NONE', #1513, 1000.000000000000000 ) ;
#4320 = EDGE_CURVE ( 'NONE', #1809, #1955, #1283, .T. ) ;
#4321 = CARTESIAN_POINT ( 'NONE',  ( -3.000000000000000000, 4.500000000000000888, -26.94999999999998153 ) ) ;
#4322 = CARTESIAN_POINT ( 'NONE',  ( 57.00000000000000000, 3.900000000000001688, -35.75000000000000000 ) ) ;
#4323 = VECTOR ( 'NONE', #3771, 1000.000000000000000 ) ;
#4324 = EDGE_LOOP ( 'NONE', ( #5705, #2333 ) ) ;
#4325 = CARTESIAN_POINT ( 'NONE',  ( -3.000000000000000000, 8.399999999999996803, -32.14999999999998437 ) ) ;
#4326 = ORIENTED_EDGE ( 'NONE', *, *, #3549, .T. ) ;
#4327 = ORIENTED_EDGE ( 'NONE', *, *, #2959, .F. ) ;
#4328 = DIRECTION ( 'NONE',  ( -1.000000000000000000, -0.000000000000000000, -0.000000000000000000 ) ) ;
#4329 = EDGE_LOOP ( 'NONE', ( #2574, #3373, #6494, #2261 ) ) ;
#4330 = LINE ( 'NONE', #5472, #6628 ) ;
#4331 = PLANE ( 'NONE',  #1295 ) ;
#4332 = EDGE_LOOP ( 'NONE', ( #4953, #4336, #4875, #999 ) ) ;
#4333 = CARTESIAN_POINT ( 'NONE',  ( -2.999999999999999112, 8.399999999999996803, -25.14999999999998082 ) ) ;
#4334 = LINE ( 'NONE', #811, #4287 ) ;
#4335 = ORIENTED_EDGE ( 'NONE', *, *, #1667, .T. ) ;
#4336 = ORIENTED_EDGE ( 'NONE', *, *, #2453, .F. ) ;
#4337 = DIRECTION ( 'NONE',  ( -0.000000000000000000, 0.000000000000000000, 1.000000000000000000 ) ) ;
#4338 = DIRECTION ( 'NONE',  ( 0.000000000000000000, 0.000000000000000000, -1.000000000000000000 ) ) ;
#4339 = ORIENTED_EDGE ( 'NONE', *, *, #947, .F. ) ;
#4340 = ORIENTED_EDGE ( 'NONE', *, *, #5953, .T. ) ;
#4341 = CARTESIAN_POINT ( 'NONE',  ( -3.000000000000000000, 4.500000000000000888, -29.14999999999998437 ) ) ;
#4342 = ORIENTED_EDGE ( 'NONE', *, *, #6372, .T. ) ;
#4343 = EDGE_CURVE ( 'NONE', #868, #5466, #3259, .T. ) ;
#4344 = LINE ( 'NONE', #6441, #5780 ) ;
#4345 = LINE ( 'NONE', #2721, #4508 ) ;
#4346 = LINE ( 'NONE', #2759, #2725 ) ;
#4347 = AXIS2_PLACEMENT_3D ( 'NONE', #1702, #5935, #647 ) ;
#4348 = EDGE_CURVE ( 'NONE', #2776, #1850, #3815, .T. ) ;
#4349 = LINE ( 'NONE', #129, #4666 ) ;
#4350 = AXIS2_PLACEMENT_3D ( 'NONE', #6536, #4297, #4412 ) ;
#4351 = AXIS2_PLACEMENT_3D ( 'NONE', #5473, #774, #2852 ) ;
#4352 = B_SPLINE_CURVE_WITH_KNOTS ( 'NONE', 3,
 ( #501, #2518, #2973, #985, #3003, #4686, #6679, #3102, #6741, #470, #4073, #5140, #2040, #4137, #2008, #1980, #438, #5626, #1437, #922, #5595, #4107, #5688 ),
 .UNSPECIFIED., .F., .F.,
 ( 4, 2, 1, 2, 2, 1, 1, 2, 2, 1, 1, 2, 2, 4 ),
 ( 0.000000000000000000, 0.1249999999999376055, 0.1874999999999085731, 0.2187499999998940570, 0.2499999999998795408, 0.3749999999998291367, 0.4374999999998055999, 0.4687499999997916666, 0.4999999999997777334, 0.6249999999997608580, 0.6874999999997504219, 0.7187499999997432054, 0.7499999999997361000, 1.000000000000000000 ),
 .UNSPECIFIED. ) ;
#4353 = DIRECTION ( 'NONE',  ( 1.000000000000000000, 0.000000000000000000, 0.000000000000000000 ) ) ;
#4354 = DIRECTION ( 'NONE',  ( -1.000000000000000000, 0.000000000000000000, 0.000000000000000000 ) ) ;
#4355 = ORIENTED_EDGE ( 'NONE', *, *, #3237, .F. ) ;
#4356 = CARTESIAN_POINT ( 'NONE',  ( 53.75000000000000000, 3.400000000000001688, -16.00000000000000000 ) ) ;
#4357 = VECTOR ( 'NONE', #1170, 1000.000000000000000 ) ;
#4358 = DIRECTION ( 'NONE',  ( 0.000000000000000000, 0.000000000000000000, 1.000000000000000000 ) ) ;
#4359 = CARTESIAN_POINT ( 'NONE',  ( 70.19999999999998863, 10.00000000000000000, -13.14999999999997371 ) ) ;
#4360 = AXIS2_PLACEMENT_3D ( 'NONE', #4893, #199, #2285 ) ;
#4361 = EDGE_CURVE ( 'NONE', #2784, #3627, #4194, .T. ) ;
#4362 = ORIENTED_EDGE ( 'NONE', *, *, #2952, .T. ) ;
#4363 = DIRECTION ( 'NONE',  ( 0.000000000000000000, 0.7071067811865402453, 0.7071067811865549002 ) ) ;
#4364 = VERTEX_POINT ( 'NONE', #5575 ) ;
#4365 = ORIENTED_EDGE ( 'NONE', *, *, #2035, .F. ) ;
#4366 = EDGE_CURVE ( 'NONE', #556, #1263, #2984, .T. ) ;
#4367 = VECTOR ( 'NONE', #171, 1000.000000000000000 ) ;
#4368 = CARTESIAN_POINT ( 'NONE',  ( 10.50000000000000355, 2.899999999999999911, -47.99999999999998579 ) ) ;
#4369 = ORIENTED_EDGE ( 'NONE', *, *, #2143, .T. ) ;
#4370 = CARTESIAN_POINT ( 'NONE',  ( 37.44999999999997442, 7.900000000000014566, -40.74999999999997158 ) ) ;
#4371 = CARTESIAN_POINT ( 'NONE',  ( 0.000000000000000000, 4.500000000000000888, 0.000000000000000000 ) ) ;
#4372 = ORIENTED_EDGE ( 'NONE', *, *, #2955, .T. ) ;
#4373 = CARTESIAN_POINT ( 'NONE',  ( 36.50000000000000711, 2.899975000000001746, -30.64999999999998437 ) ) ;
#4374 = CARTESIAN_POINT ( 'NONE',  ( 0.000000000000000000, 8.400000000000002132, -56.00000000000000000 ) ) ;
#4375 = VERTEX_POINT ( 'NONE', #965 ) ;
#4376 = ORIENTED_EDGE ( 'NONE', *, *, #1885, .F. ) ;
#4377 = ADVANCED_FACE ( 'NONE', ( #5018 ), #1387, .F. ) ;
#4378 = FACE_OUTER_BOUND ( 'NONE', #1778, .T. ) ;
#4379 = CARTESIAN_POINT ( 'NONE',  ( 63.00000000000000000, 8.400000000000000355, -46.25000000000000000 ) ) ;
#4380 = VERTEX_POINT ( 'NONE', #2473 ) ;
#4381 = VERTEX_POINT ( 'NONE', #4601 ) ;
#4382 = DIRECTION ( 'NONE',  ( 0.000000000000000000, -7.796510004390146031E-17, 1.000000000000000000 ) ) ;
#4383 = EDGE_LOOP ( 'NONE', ( #6629, #1801, #170, #146 ) ) ;
#4384 = LINE ( 'NONE', #5136, #6018 ) ;
#4385 = EDGE_CURVE ( 'NONE', #4427, #3627, #1448, .T. ) ;
#4386 = CARTESIAN_POINT ( 'NONE',  ( -3.000000000000000000, 7.399999999999987921, -53.00000000000000000 ) ) ;
#4387 = DIRECTION ( 'NONE',  ( 0.8106792283998801585, -4.564782960523478289E-17, 0.5854905538443596624 ) ) ;
#4388 = VERTEX_POINT ( 'NONE', #932 ) ;
#4389 = EDGE_CURVE ( 'NONE', #2071, #5064, #902, .T. ) ;
#4390 = AXIS2_PLACEMENT_3D ( 'NONE', #5634, #1444, #3108 ) ;
#4391 = DIRECTION ( 'NONE',  ( -0.000000000000000000, 1.000000000000000000, 7.796510004390144799E-17 ) ) ;
#4392 = VECTOR ( 'NONE', #5275, 1000.000000000000000 ) ;
#4393 = EDGE_CURVE ( 'NONE', #4903, #6647, #3567, .T. ) ;
#4394 = DATE_AND_TIME ( #5495, #6253 ) ;
#4395 = AXIS2_PLACEMENT_3D ( 'NONE', #4967, #1665, #3873 ) ;
#4396 = PLANE ( 'NONE',  #4495 ) ;
#4397 = ORIENTED_EDGE ( 'NONE', *, *, #4459, .T. ) ;
#4398 = DIRECTION ( 'NONE',  ( 0.000000000000000000, 0.000000000000000000, 1.000000000000000000 ) ) ;
#4399 = EDGE_CURVE ( 'NONE', #178, #6457, #4569, .T. ) ;
#4400 = CARTESIAN_POINT ( 'NONE',  ( 61.30000000000000426, 8.400000000000000355, -37.99999999999997868 ) ) ;
#4401 = DIRECTION ( 'NONE',  ( 0.000000000000000000, -1.000000000000000000, 0.000000000000000000 ) ) ;
#4402 = ORIENTED_EDGE ( 'NONE', *, *, #1441, .F. ) ;
#4403 = ORIENTED_EDGE ( 'NONE', *, *, #771, .F. ) ;
#4404 = EDGE_LOOP ( 'NONE', ( #268, #4489 ) ) ;
#4405 = FACE_OUTER_BOUND ( 'NONE', #5092, .T. ) ;
#4406 = ORIENTED_EDGE ( 'NONE', *, *, #711, .F. ) ;
#4407 = EDGE_CURVE ( 'NONE', #4029, #1994, #33, .T. ) ;
#4408 = DIRECTION ( 'NONE',  ( 0.000000000000000000, 0.000000000000000000, 1.000000000000000000 ) ) ;
#4409 = CARTESIAN_POINT ( 'NONE',  ( 70.19999999999998863, 10.00000000000000000, 0.000000000000000000 ) ) ;
#4410 = VECTOR ( 'NONE', #4054, 1000.000000000000000 ) ;
#4411 = ORIENTED_EDGE ( 'NONE', *, *, #226, .T. ) ;
#4412 = DIRECTION ( 'NONE',  ( 0.000000000000000000, 0.000000000000000000, 1.000000000000000000 ) ) ;
#4413 = CARTESIAN_POINT ( 'NONE',  ( 53.44999999999996732, 3.899999999999988365, -41.74999999999997158 ) ) ;
#4414 = ORIENTED_EDGE ( 'NONE', *, *, #3646, .T. ) ;
#4415 = CARTESIAN_POINT ( 'NONE',  ( 37.00000000000000000, 9.500000000000014211, -6.949999999999980638 ) ) ;
#4416 = DIRECTION ( 'NONE',  ( 0.000000000000000000, 0.000000000000000000, -1.000000000000000000 ) ) ;
#4417 = AXIS2_PLACEMENT_3D ( 'NONE', #1111, #4776, #81 ) ;
#4418 = ORIENTED_EDGE ( 'NONE', *, *, #2752, .T. ) ;
#4419 = EDGE_CURVE ( 'NONE', #1056, #1581, #915, .T. ) ;
#4420 = EDGE_LOOP ( 'NONE', ( #4251, #6245, #2823, #6131 ) ) ;
#4421 = CARTESIAN_POINT ( 'NONE',  ( 70.60954859104292325, 8.156606904628251442, -33.32279091908079494 ) ) ;
#4422 = VECTOR ( 'NONE', #3306, 1000.000000000000000 ) ;
#4423 = ORIENTED_EDGE ( 'NONE', *, *, #1852, .F. ) ;
#4424 = CARTESIAN_POINT ( 'NONE',  ( 9.550000000000007816, -5.500000000000001776, -41.09999999999996589 ) ) ;
#4425 = LINE ( 'NONE', #343, #4273 ) ;
#4426 = LINE ( 'NONE', #2722, #6585 ) ;
#4427 = VERTEX_POINT ( 'NONE', #5117 ) ;
#4428 = VECTOR ( 'NONE', #1318, 1000.000000000000000 ) ;
#4429 = DIRECTION ( 'NONE',  ( 0.000000000000000000, 0.000000000000000000, -1.000000000000000000 ) ) ;
#4430 = VECTOR ( 'NONE', #6217, 1000.000000000000000 ) ;
#4431 = DIRECTION ( 'NONE',  ( -0.7071067811865474617, -0.7071067811865474617, -3.328723835404883186E-17 ) ) ;
#4432 = VERTEX_POINT ( 'NONE', #5662 ) ;
#4433 = DIRECTION ( 'NONE',  ( -0.000000000000000000, 1.000000000000000000, -0.000000000000000000 ) ) ;
#4434 = CARTESIAN_POINT ( 'NONE',  ( -3.000000000000002665, 8.400000000000000355, -35.24999999999999289 ) ) ;
#4435 = DIRECTION ( 'NONE',  ( 0.000000000000000000, -0.000000000000000000, -1.000000000000000000 ) ) ;
#4436 = ORIENTED_EDGE ( 'NONE', *, *, #3129, .F. ) ;
#4437 = DIRECTION ( 'NONE',  ( 0.000000000000000000, 0.000000000000000000, -1.000000000000000000 ) ) ;
#4438 = VECTOR ( 'NONE', #5217, 1000.000000000000000 ) ;
#4439 = ORIENTED_EDGE ( 'NONE', *, *, #6506, .F. ) ;
#4440 = ORIENTED_EDGE ( 'NONE', *, *, #5358, .F. ) ;
#4441 = CARTESIAN_POINT ( 'NONE',  ( 37.00000000000000000, 9.500000000000014211, -6.949999999999980638 ) ) ;
#4442 = CIRCLE ( 'NONE', #52, 0.8499999999999965361 ) ;
#4443 = CARTESIAN_POINT ( 'NONE',  ( -2.999999999999999112, 10.00000000000000000, -17.14999999999997371 ) ) ;
#4444 = CARTESIAN_POINT ( 'NONE',  ( 37.00000000000000000, 2.899975000000001746, -29.14999999999998082 ) ) ;
#4445 = EDGE_CURVE ( 'NONE', #3458, #3139, #4511, .T. ) ;
#4446 = EDGE_LOOP ( 'NONE', ( #638, #6324, #5259, #4439 ) ) ;
#4447 = DIRECTION ( 'NONE',  ( 0.000000000000000000, 0.000000000000000000, -1.000000000000000000 ) ) ;
#4448 = CARTESIAN_POINT ( 'NONE',  ( 70.67457693047522582, 8.300932330664744896, -33.09444018979647950 ) ) ;
#4449 = VERTEX_POINT ( 'NONE', #3046 ) ;
#4450 = CARTESIAN_POINT ( 'NONE',  ( 36.44999999999997442, 7.900000000000014566, -39.74999999999997158 ) ) ;
#4451 = DIRECTION ( 'NONE',  ( -0.000000000000000000, 1.000000000000000000, -0.000000000000000000 ) ) ;
#4452 = ORIENTED_EDGE ( 'NONE', *, *, #1029, .F. ) ;
#4453 = ORIENTED_EDGE ( 'NONE', *, *, #4559, .T. ) ;
#4454 = DIRECTION ( 'NONE',  ( 1.000000000000000000, 0.000000000000000000, 0.000000000000000000 ) ) ;
#4455 = VERTEX_POINT ( 'NONE', #1989 ) ;
#4456 = CARTESIAN_POINT ( 'NONE',  ( 37.00000000000000000, 9.500000000000014211, -13.14999999999997371 ) ) ;
#4457 = FACE_OUTER_BOUND ( 'NONE', #2278, .T. ) ;
#4458 = DIRECTION ( 'NONE',  ( 1.000000000000000000, 0.000000000000000000, 0.000000000000000000 ) ) ;
#4459 = EDGE_CURVE ( 'NONE', #5366, #2369, #5825, .T. ) ;
#4460 = VERTEX_POINT ( 'NONE', #6597 ) ;
#4461 = FACE_BOUND ( 'NONE', #6719, .T. ) ;
#4462 = LINE ( 'NONE', #828, #555 ) ;
#4463 = CARTESIAN_POINT ( 'NONE',  ( -3.000000000000000000, 4.500000000000000888, -26.94999999999998153 ) ) ;
#4464 = DIRECTION ( 'NONE',  ( 0.000000000000000000, 0.000000000000000000, 1.000000000000000000 ) ) ;
#4465 = VECTOR ( 'NONE', #3106, 1000.000000000000000 ) ;
#4466 = DIRECTION ( 'NONE',  ( -0.6995103516678814470, 0.6995103516678814470, -0.1461866471978664761 ) ) ;
#4467 = ORIENTED_EDGE ( 'NONE', *, *, #6722, .T. ) ;
#4468 = DIRECTION ( 'NONE',  ( 0.000000000000000000, 0.000000000000000000, -1.000000000000000000 ) ) ;
#4469 = EDGE_CURVE ( 'NONE', #6395, #222, #3537, .T. ) ;
#4470 = CIRCLE ( 'NONE', #751, 1.500000000000001332 ) ;
#4471 = ORIENTED_EDGE ( 'NONE', *, *, #289, .T. ) ;
#4472 = ORIENTED_EDGE ( 'NONE', *, *, #675, .T. ) ;
#4473 = LINE ( 'NONE', #4441, #1015 ) ;
#4474 = EDGE_CURVE ( 'NONE', #5572, #2061, #1897, .T. ) ;
#4475 = CARTESIAN_POINT ( 'NONE',  ( 59.00000000000000000, 4.500000000000000888, -14.94999999999997442 ) ) ;
#4476 = VECTOR ( 'NONE', #4815, 1000.000000000000114 ) ;
#4477 = CARTESIAN_POINT ( 'NONE',  ( 12.00000000000000355, 3.400000000000001688, -31.14999999999998792 ) ) ;
#4478 = EDGE_CURVE ( 'NONE', #2509, #4933, #3996, .T. ) ;
#4479 = EDGE_LOOP ( 'NONE', ( #2136, #4198, #6331, #4233 ) ) ;
#4480 = VECTOR ( 'NONE', #3842, 1000.000000000000000 ) ;
#4481 = ADVANCED_FACE ( 'NONE', ( #6153 ), #5637, .F. ) ;
#4482 = DIRECTION ( 'NONE',  ( 0.000000000000000000, 0.000000000000000000, 1.000000000000000000 ) ) ;
#4483 = DIRECTION ( 'NONE',  ( 0.000000000000000000, 0.000000000000000000, 1.000000000000000000 ) ) ;
#4484 = VERTEX_POINT ( 'NONE', #839 ) ;
#4485 = FACE_OUTER_BOUND ( 'NONE', #6545, .T. ) ;
#4486 = DIRECTION ( 'NONE',  ( 0.000000000000000000, 0.000000000000000000, 1.000000000000000000 ) ) ;
#4487 = AXIS2_PLACEMENT_3D ( 'NONE', #3202, #4206, #1596 ) ;
#4488 = EDGE_CURVE ( 'NONE', #2997, #5331, #2441, .T. ) ;
#4489 = ORIENTED_EDGE ( 'NONE', *, *, #2179, .F. ) ;
#4490 = ORIENTED_EDGE ( 'NONE', *, *, #2143, .F. ) ;
#4491 = CARTESIAN_POINT ( 'NONE',  ( 70.57804259267490465, 8.097392371608645334, -33.41648246878624207 ) ) ;
#4492 = ORIENTED_EDGE ( 'NONE', *, *, #1159, .T. ) ;
#4493 = DIRECTION ( 'NONE',  ( 0.000000000000000000, 0.000000000000000000, 1.000000000000000000 ) ) ;
#4494 = CARTESIAN_POINT ( 'NONE',  ( -3.000000000000000000, 4.500000000000000888, -6.949999999999984190 ) ) ;
#4495 = AXIS2_PLACEMENT_3D ( 'NONE', #2398, #3985, #6081 ) ;
#4496 = ORIENTED_EDGE ( 'NONE', *, *, #3048, .F. ) ;
#4497 = ADVANCED_FACE ( 'NONE', ( #6632 ), #6060, .F. ) ;
#4498 = FACE_BOUND ( 'NONE', #1068, .T. ) ;
#4499 = PLANE ( 'NONE',  #860 ) ;
#4500 = DIRECTION ( 'NONE',  ( 0.000000000000000000, 0.000000000000000000, 1.000000000000000000 ) ) ;
#4501 = PLANE ( 'NONE',  #966 ) ;
#4502 = VECTOR ( 'NONE', #835, 1000.000000000000000 ) ;
#4503 = DIRECTION ( 'NONE',  ( 0.000000000000000000, 0.000000000000000000, -1.000000000000000000 ) ) ;
#4504 = EDGE_CURVE ( 'NONE', #1524, #1714, #6721, .T. ) ;
#4505 = VECTOR ( 'NONE', #6240, 1000.000000000000000 ) ;
#4506 = ORIENTED_EDGE ( 'NONE', *, *, #1246, .T. ) ;
#4507 = LINE ( 'NONE', #3436, #1533 ) ;
#4508 = VECTOR ( 'NONE', #4311, 1000.000000000000114 ) ;
#4509 = ORIENTED_EDGE ( 'NONE', *, *, #1167, .T. ) ;
#4510 = ORIENTED_EDGE ( 'NONE', *, *, #2648, .T. ) ;
#4511 = LINE ( 'NONE', #4023, #2334 ) ;
#4512 = DIRECTION ( 'NONE',  ( -0.000000000000000000, 1.000000000000000000, -0.000000000000000000 ) ) ;
#4513 = CARTESIAN_POINT ( 'NONE',  ( -3.000000000000000000, 8.399999999999996803, -6.949999999999984190 ) ) ;
#4514 = ADVANCED_FACE ( 'NONE', ( #3601 ), #996, .F. ) ;
#4515 = ORIENTED_EDGE ( 'NONE', *, *, #5687, .T. ) ;
#4516 = CARTESIAN_POINT ( 'NONE',  ( 39.46827201635471738, 3.500000000000000444, -9.418272016354686471 ) ) ;
#4517 = LINE ( 'NONE', #331, #4973 ) ;
#4518 = ORIENTED_EDGE ( 'NONE', *, *, #2801, .F. ) ;
#4519 = DIRECTION ( 'NONE',  ( 0.000000000000000000, 0.000000000000000000, 1.000000000000000000 ) ) ;
#4520 = CARTESIAN_POINT ( 'NONE',  ( -2.999999999999999112, 8.399999999999996803, -17.14999999999997371 ) ) ;
#4521 = ORIENTED_EDGE ( 'NONE', *, *, #2741, .T. ) ;
#4522 = LINE ( 'NONE', #914, #1235 ) ;
#4523 = ORIENTED_EDGE ( 'NONE', *, *, #5588, .F. ) ;
#4524 = DIRECTION ( 'NONE',  ( 0.000000000000000000, 0.7071067811865378028, 0.7071067811865573427 ) ) ;
#4525 = VECTOR ( 'NONE', #5416, 1000.000000000000000 ) ;
#4526 = CARTESIAN_POINT ( 'NONE',  ( 63.11666666666665293, 10.48333333333335560, -49.83333333333339965 ) ) ;
#4527 = ORIENTED_EDGE ( 'NONE', *, *, #3027, .T. ) ;
#4528 = FACE_BOUND ( 'NONE', #3959, .T. ) ;
#4529 = VECTOR ( 'NONE', #497, 1000.000000000000000 ) ;
#4530 = EDGE_CURVE ( 'NONE', #1908, #4980, #1509, .T. ) ;
#4531 = FACE_OUTER_BOUND ( 'NONE', #2711, .T. ) ;
#4532 = DIRECTION ( 'NONE',  ( -1.000000000000000000, 0.000000000000000000, 0.000000000000000000 ) ) ;
#4533 = DIRECTION ( 'NONE',  ( 0.000000000000000000, 0.000000000000000000, 1.000000000000000000 ) ) ;
#4534 = VECTOR ( 'NONE', #1682, 1000.000000000000114 ) ;
#4535 = EDGE_CURVE ( 'NONE', #6490, #4998, #4334, .T. ) ;
#4536 = CONICAL_SURFACE ( 'NONE', #3431, 1.499999999999987566, 0.7853981633974457255 ) ;
#4537 = CARTESIAN_POINT ( 'NONE',  ( 2.250000000000002220, 7.900000000000011013, -46.25000000000000000 ) ) ;
#4538 = ORIENTED_EDGE ( 'NONE', *, *, #5739, .T. ) ;
#4539 = DIRECTION ( 'NONE',  ( 0.000000000000000000, 7.796510004390146031E-17, -1.000000000000000000 ) ) ;
#4540 = ORIENTED_EDGE ( 'NONE', *, *, #6057, .F. ) ;
#4541 = CARTESIAN_POINT ( 'NONE',  ( 59.00000000000000000, 9.500000000000014211, -10.94999999999997442 ) ) ;
#4542 = DIRECTION ( 'NONE',  ( -0.000000000000000000, -1.000000000000000000, -7.796510004390146031E-17 ) ) ;
#4543 = ADVANCED_FACE ( 'NONE', ( #1724 ), #4298, .F. ) ;
#4544 = CARTESIAN_POINT ( 'NONE',  ( 55.73172798364529967, 2.899999999999999911, -25.68172798364527054 ) ) ;
#4545 = CARTESIAN_POINT ( 'NONE',  ( 10.50000000000000178, 5.600000000000001421, -31.14999999999998792 ) ) ;
#4546 = ORIENTED_EDGE ( 'NONE', *, *, #1441, .T. ) ;
#4547 = CARTESIAN_POINT ( 'NONE',  ( 37.00000000000000000, 9.500000000000014211, -9.149999999999984368 ) ) ;
#4548 = LINE ( 'NONE', #6637, #3761 ) ;
#4549 = EDGE_LOOP ( 'NONE', ( #6380, #3155, #4627, #6136 ) ) ;
#4550 = DIRECTION ( 'NONE',  ( -0.000000000000000000, -1.000000000000000000, -0.000000000000000000 ) ) ;
#4551 = AXIS2_PLACEMENT_3D ( 'NONE', #4544, #1388, #291 ) ;
#4552 = ORIENTED_EDGE ( 'NONE', *, *, #9, .F. ) ;
#4553 = CARTESIAN_POINT ( 'NONE',  ( 1.250000000000002442, 7.900000000000011013, -46.25000000000000000 ) ) ;
#4554 = ORIENTED_EDGE ( 'NONE', *, *, #4563, .F. ) ;
#4555 = CARTESIAN_POINT ( 'NONE',  ( -3.000000000000000000, 7.399999999999987921, -53.00000000000000000 ) ) ;
#4556 = DIRECTION ( 'NONE',  ( 0.5773502691896222894, -0.5773502691896224004, 0.5773502691896323924 ) ) ;
#4557 = B_SPLINE_CURVE_WITH_KNOTS ( 'NONE', 3,
 ( #6264, #600, #2099, #4644 ),
 .UNSPECIFIED., .F., .F.,
 ( 4, 4 ),
 ( 0.000000000000000000, 1.000000000000000000 ),
 .UNSPECIFIED. ) ;
#4558 = EDGE_LOOP ( 'NONE', ( #6105, #4335, #1783, #5391 ) ) ;
#4559 = EDGE_CURVE ( 'NONE', #4178, #5366, #2855, .T. ) ;
#4560 = FACE_OUTER_BOUND ( 'NONE', #679, .T. ) ;
#4561 = LINE ( 'NONE', #5141, #1974 ) ;
#4562 = DIRECTION ( 'NONE',  ( -1.000000000000000000, 0.000000000000000000, -1.309225264888156623E-16 ) ) ;
#4563 = EDGE_CURVE ( 'NONE', #2369, #2125, #2234, .T. ) ;
#4564 = DIRECTION ( 'NONE',  ( 0.000000000000000000, -1.000000000000000000, 0.000000000000000000 ) ) ;
#4565 = ORIENTED_EDGE ( 'NONE', *, *, #4698, .F. ) ;
#4566 = CARTESIAN_POINT ( 'NONE',  ( 70.19999999999998863, 10.00000000000000000, 0.000000000000000000 ) ) ;
#4567 = VERTEX_POINT ( 'NONE', #6537 ) ;
#4568 = DIRECTION ( 'NONE',  ( 0.000000000000000000, 0.000000000000000000, -1.000000000000000000 ) ) ;
#4569 = LINE ( 'NONE', #3012, #2986 ) ;
#4570 = AXIS2_PLACEMENT_3D ( 'NONE', #1815, #6518, #3909 ) ;
#4571 = DIRECTION ( 'NONE',  ( -0.000000000000000000, 1.000000000000000000, 7.796510004390144799E-17 ) ) ;
#4572 = EDGE_CURVE ( 'NONE', #4998, #1604, #3822, .T. ) ;
#4573 = CARTESIAN_POINT ( 'NONE',  ( 61.50000000000000711, 8.400000000000002132, -53.50000000000000000 ) ) ;
#4574 = VECTOR ( 'NONE', #5220, 1000.000000000000000 ) ;
#4575 = ORIENTED_EDGE ( 'NONE', *, *, #747, .T. ) ;
#4576 = VECTOR ( 'NONE', #6499, 1000.000000000000000 ) ;
#4577 = DIRECTION ( 'NONE',  ( 0.000000000000000000, 1.000000000000000000, 7.796510004390144799E-17 ) ) ;
#4578 = FACE_OUTER_BOUND ( 'NONE', #3229, .T. ) ;
#4579 = EDGE_LOOP ( 'NONE', ( #1790, #3434, #1350, #5180 ) ) ;
#4580 = FACE_OUTER_BOUND ( 'NONE', #1205, .T. ) ;
#4581 = ORIENTED_EDGE ( 'NONE', *, *, #4641, .T. ) ;
#4582 = VECTOR ( 'NONE', #3622, 1000.000000000000000 ) ;
#4583 = ADVANCED_FACE ( 'NONE', ( #3302 ), #263, .F. ) ;
#4584 = AXIS2_PLACEMENT_3D ( 'NONE', #5551, #846, #2615 ) ;
#4585 = LINE ( 'NONE', #370, #3076 ) ;
#4586 = EDGE_LOOP ( 'NONE', ( #399, #757, #6182, #3773, #2367, #4624, #4677, #4212 ) ) ;
#4587 = DIRECTION ( 'NONE',  ( 1.000000000000000000, -0.000000000000000000, -0.000000000000000000 ) ) ;
#4588 = DIRECTION ( 'NONE',  ( -1.000000000000000000, 0.000000000000000000, -0.000000000000000000 ) ) ;
#4589 = ORIENTED_EDGE ( 'NONE', *, *, #270, .T. ) ;
#4590 = EDGE_CURVE ( 'NONE', #1986, #4872, #5918, .T. ) ;
#4591 = PLANE ( 'NONE',  #1611 ) ;
#4592 = DIRECTION ( 'NONE',  ( -0.000000000000000000, -1.000000000000000000, -0.000000000000000000 ) ) ;
#4593 = DIRECTION ( 'NONE',  ( -0.7071067811865475727, 0.7071067811865475727, 0.000000000000000000 ) ) ;
#4594 = EDGE_CURVE ( 'NONE', #6736, #4728, #4881, .T. ) ;
#4595 = CARTESIAN_POINT ( 'NONE',  ( 63.00000000000000000, 2.900000000000001688, -47.25000000000000000 ) ) ;
#4596 = VERTEX_POINT ( 'NONE', #6466 ) ;
#4597 = LINE ( 'NONE', #5659, #3950 ) ;
#4598 = EDGE_CURVE ( 'NONE', #188, #5958, #778, .T. ) ;
#4599 = ORIENTED_EDGE ( 'NONE', *, *, #4636, .F. ) ;
#4600 = DIRECTION ( 'NONE',  ( 0.000000000000000000, 1.000000000000000000, 7.796510004390144799E-17 ) ) ;
#4601 = CARTESIAN_POINT ( 'NONE',  ( 9.850000000000006750, 3.900000000000000799, -39.59999999999997300 ) ) ;
#4602 = LINE ( 'NONE', #6568, #5972 ) ;
#4603 = CARTESIAN_POINT ( 'NONE',  ( 0.000000000000000000, 10.00000000000000000, 0.000000000000000000 ) ) ;
#4604 = CIRCLE ( 'NONE', #3957, 1.500000000000001332 ) ;
#4605 = ORIENTED_EDGE ( 'NONE', *, *, #2696, .F. ) ;
#4606 = CARTESIAN_POINT ( 'NONE',  ( -3.000000000000000000, 8.399999999999996803, 0.000000000000000000 ) ) ;
#4607 = EDGE_LOOP ( 'NONE', ( #4326, #535, #3071, #2882 ) ) ;
#4608 = CARTESIAN_POINT ( 'NONE',  ( 0.000000000000000000, 0.000000000000000000, -3.000000000000000000 ) ) ;
#4609 = CC_DESIGN_PERSON_AND_ORGANIZATION_ASSIGNMENT ( #1236, #96, ( #2795 ) ) ;
#4610 = ORIENTED_EDGE ( 'NONE', *, *, #6598, .T. ) ;
#4611 = EDGE_CURVE ( 'NONE', #5555, #5194, #186, .T. ) ;
#4612 = LINE ( 'NONE', #2422, #3308 ) ;
#4613 = VERTEX_POINT ( 'NONE', #4413 ) ;
#4614 = FACE_OUTER_BOUND ( 'NONE', #4882, .T. ) ;
#4615 = LINE ( 'NONE', #4131, #1240 ) ;
#4616 = VERTEX_POINT ( 'NONE', #4992 ) ;
#4617 = EDGE_CURVE ( 'NONE', #1253, #6202, #4956, .T. ) ;
#4618 = VECTOR ( 'NONE', #2782, 1000.000000000000000 ) ;
#4619 = CARTESIAN_POINT ( 'NONE',  ( 54.44999999999997442, 3.899999999999987921, -40.74999999999997158 ) ) ;
#4620 = DIRECTION ( 'NONE',  ( 0.000000000000000000, 0.000000000000000000, 1.000000000000000000 ) ) ;
#4621 = CARTESIAN_POINT ( 'NONE',  ( 10.50000000000000355, -5.500000000000001776, -40.72416573867737100 ) ) ;
#4622 = AXIS2_PLACEMENT_3D ( 'NONE', #2348, #4451, #6540 ) ;
#4623 = DIRECTION ( 'NONE',  ( 0.000000000000000000, 0.7071067811865414665, -0.7071067811865536790 ) ) ;
#4624 = ORIENTED_EDGE ( 'NONE', *, *, #2265, .T. ) ;
#4625 = DIRECTION ( 'NONE',  ( 0.000000000000000000, 1.000000000000000000, 0.000000000000000000 ) ) ;
#4626 = AXIS2_PLACEMENT_3D ( 'NONE', #4153, #3188, #2672 ) ;
#4627 = ORIENTED_EDGE ( 'NONE', *, *, #5107, .T. ) ;
#4628 = ORIENTED_EDGE ( 'NONE', *, *, #5891, .F. ) ;
#4629 = DIRECTION ( 'NONE',  ( -0.000000000000000000, 0.000000000000000000, 1.000000000000000000 ) ) ;
#4630 = CIRCLE ( 'NONE', #3878, 1.000000000000000888 ) ;
#4631 = CARTESIAN_POINT ( 'NONE',  ( -2.999999999999999112, 4.500000000000000888, -25.14999999999998082 ) ) ;
#4632 = VECTOR ( 'NONE', #6609, 1000.000000000000000 ) ;
#4633 = LINE ( 'NONE', #2408, #5124 ) ;
#4634 = ORIENTED_EDGE ( 'NONE', *, *, #1878, .T. ) ;
#4635 = VECTOR ( 'NONE', #2184, 1000.000000000000000 ) ;
#4636 = EDGE_CURVE ( 'NONE', #2776, #885, #1765, .T. ) ;
#4637 = PLANE ( 'NONE',  #1944 ) ;
#4638 = EDGE_LOOP ( 'NONE', ( #564, #4168, #6287, #6265 ) ) ;
#4639 = DIRECTION ( 'NONE',  ( 0.000000000000000000, 0.000000000000000000, -1.000000000000000000 ) ) ;
#4640 = ORIENTED_EDGE ( 'NONE', *, *, #2898, .F. ) ;
#4641 = EDGE_CURVE ( 'NONE', #6472, #5156, #3411, .T. ) ;
#4642 = CARTESIAN_POINT ( 'NONE',  ( 10.50000000000000178, 3.400000000000001688, -32.64999999999998437 ) ) ;
#4643 = ORIENTED_EDGE ( 'NONE', *, *, #2677, .T. ) ;
#4644 = CARTESIAN_POINT ( 'NONE',  ( 69.80949677841987011, 8.371992743459921726, -33.77800725654007863 ) ) ;
#4645 = ORIENTED_EDGE ( 'NONE', *, *, #1644, .T. ) ;
#4646 = CARTESIAN_POINT ( 'NONE',  ( 70.70000000000000284, 9.499999999999985789, -6.949999999999984190 ) ) ;
#4647 = CARTESIAN_POINT ( 'NONE',  ( 59.35000000000001563, 8.400000000000000355, -39.59999999999997300 ) ) ;
#4648 = VERTEX_POINT ( 'NONE', #3858 ) ;
#4649 = AXIS2_PLACEMENT_3D ( 'NONE', #6092, #5022, #5154 ) ;
#4650 = ADVANCED_FACE ( 'NONE', ( #5476 ), #1088, .T. ) ;
#4651 = LINE ( 'NONE', #2551, #4132 ) ;
#4652 = FACE_OUTER_BOUND ( 'NONE', #2727, .T. ) ;
#4653 = DIRECTION ( 'NONE',  ( 0.000000000000000000, 1.000000000000000000, 0.000000000000000000 ) ) ;
#4654 = DIRECTION ( 'NONE',  ( 0.000000000000000000, 1.000000000000000000, 7.796510004390144799E-17 ) ) ;
#4655 = ORIENTED_EDGE ( 'NONE', *, *, #4261, .F. ) ;
#4656 = LINE ( 'NONE', #4179, #548 ) ;
#4657 = ORIENTED_EDGE ( 'NONE', *, *, #4399, .T. ) ;
#4658 = DIRECTION ( 'NONE',  ( 0.000000000000000000, 1.000000000000000000, 0.000000000000000000 ) ) ;
#4659 = CARTESIAN_POINT ( 'NONE',  ( -3.000000000000000000, 4.500000000000000888, -9.149999999999984368 ) ) ;
#4660 = DIRECTION ( 'NONE',  ( 0.000000000000000000, 0.000000000000000000, -1.000000000000000000 ) ) ;
#4661 = EDGE_CURVE ( 'NONE', #6181, #6072, #1182, .T. ) ;
#4662 = EDGE_LOOP ( 'NONE', ( #5084, #5062, #3150, #3860 ) ) ;
#4663 = EDGE_CURVE ( 'NONE', #2125, #3785, #2354, .T. ) ;
#4664 = LINE ( 'NONE', #6351, #4237 ) ;
#4665 = ORIENTED_EDGE ( 'NONE', *, *, #5485, .T. ) ;
#4666 = VECTOR ( 'NONE', #3877, 1000.000000000000000 ) ;
#4667 = LINE ( 'NONE', #559, #1357 ) ;
#4668 = EDGE_LOOP ( 'NONE', ( #4605, #1014, #108, #3198 ) ) ;
#4669 = ADVANCED_FACE ( 'NONE', ( #6477 ), #3384, .F. ) ;
#4670 = CARTESIAN_POINT ( 'NONE',  ( 63.00000000000000000, 7.899999999999997691, -47.25000000000000000 ) ) ;
#4671 = AXIS2_PLACEMENT_3D ( 'NONE', #4000, #1933, #2923 ) ;
#4672 = CARTESIAN_POINT ( 'NONE',  ( -3.000000000000000000, 8.399999999999996803, 0.000000000000000000 ) ) ;
#4673 = EDGE_CURVE ( 'NONE', #948, #4648, #3275, .T. ) ;
#4674 = AXIS2_PLACEMENT_3D ( 'NONE', #2621, #5245, #4654 ) ;
#4675 = ORIENTED_EDGE ( 'NONE', *, *, #2666, .T. ) ;
#4676 = DIRECTION ( 'NONE',  ( 0.000000000000000000, 0.000000000000000000, 1.000000000000000000 ) ) ;
#4677 = ORIENTED_EDGE ( 'NONE', *, *, #2364, .F. ) ;
#4678 = ADVANCED_FACE ( 'NONE', ( #4928, #1228 ), #3868, .T. ) ;
#4679 = DIRECTION ( 'NONE',  ( -1.000000000000000000, -0.000000000000000000, -0.000000000000000000 ) ) ;
#4680 = CARTESIAN_POINT ( 'NONE',  ( -3.000000000000000000, 4.500000000000000888, -6.949999999999984190 ) ) ;
#4681 = VECTOR ( 'NONE', #1378, 1000.000000000000000 ) ;
#4682 = ORIENTED_EDGE ( 'NONE', *, *, #1115, .T. ) ;
#4683 = VECTOR ( 'NONE', #400, 1000.000000000000000 ) ;
#4684 = DIRECTION ( 'NONE',  ( -0.000000000000000000, 0.000000000000000000, 1.000000000000000000 ) ) ;
#4685 = VECTOR ( 'NONE', #1276, 1000.000000000000000 ) ;
#4686 = CARTESIAN_POINT ( 'NONE',  ( 70.30566594877039677, 8.009683546844167168, -33.72494341178509814 ) ) ;
#4687 = DIRECTION ( 'NONE',  ( 0.000000000000000000, 0.000000000000000000, 1.000000000000000000 ) ) ;
#4688 = DIRECTION ( 'NONE',  ( 0.7071067811865378028, -0.7071067811865573427, 0.000000000000000000 ) ) ;
#4689 = ADVANCED_FACE ( 'NONE', ( #5965 ), #4891, .F. ) ;
#4690 = ADVANCED_FACE ( 'NONE', ( #196 ), #5447, .F. ) ;
#4691 = CARTESIAN_POINT ( 'NONE',  ( 37.00000000000000000, 9.500000000000014211, -6.949999999999980638 ) ) ;
#4692 = ORIENTED_EDGE ( 'NONE', *, *, #4091, .T. ) ;
#4693 = CARTESIAN_POINT ( 'NONE',  ( 59.00000000000000000, 4.500000000000000888, -18.94999999999997442 ) ) ;
#4694 = DIRECTION ( 'NONE',  ( 0.000000000000000000, 0.000000000000000000, -1.000000000000000000 ) ) ;
#4695 = ORIENTED_EDGE ( 'NONE', *, *, #2874, .T. ) ;
#4696 = LINE ( 'NONE', #5215, #2053 ) ;
#4697 = VECTOR ( 'NONE', #4760, 1000.000000000000000 ) ;
#4698 = EDGE_CURVE ( 'NONE', #1112, #273, #3239, .T. ) ;
#4699 = DIRECTION ( 'NONE',  ( -0.000000000000000000, 1.000000000000000000, 7.796510004390144799E-17 ) ) ;
#4700 = CARTESIAN_POINT ( 'NONE',  ( 37.00000000000000000, 4.500000000000000888, -9.149999999999984368 ) ) ;
#4701 = ORIENTED_EDGE ( 'NONE', *, *, #1061, .F. ) ;
#4702 = CARTESIAN_POINT ( 'NONE',  ( 3.500000000000003997, 8.400000000000000355, -47.25000000000000000 ) ) ;
#4703 = ORIENTED_EDGE ( 'NONE', *, *, #3753, .T. ) ;
#4704 = FACE_OUTER_BOUND ( 'NONE', #3640, .T. ) ;
#4705 = EDGE_LOOP ( 'NONE', ( #2966, #3816, #3180, #4282 ) ) ;
#4706 = CIRCLE ( 'NONE', #1751, 1.000000000000000888 ) ;
#4707 = CARTESIAN_POINT ( 'NONE',  ( -3.000000000000000000, 8.399999999999996803, -13.14999999999997371 ) ) ;
#4708 = AXIS2_PLACEMENT_3D ( 'NONE', #2935, #5933, #3387 ) ;
#4709 = ADVANCED_FACE ( 'NONE', ( #4962 ), #2754, .T. ) ;
#4710 = FACE_BOUND ( 'NONE', #3514, .T. ) ;
#4711 = ORIENTED_EDGE ( 'NONE', *, *, #1804, .F. ) ;
#4712 = VECTOR ( 'NONE', #575, 1000.000000000000000 ) ;
#4713 = CARTESIAN_POINT ( 'NONE',  ( 59.00000000000000000, 9.500000000000014211, -17.14999999999997371 ) ) ;
#4714 = ORIENTED_EDGE ( 'NONE', *, *, #4057, .T. ) ;
#4715 = FACE_OUTER_BOUND ( 'NONE', #4549, .T. ) ;
#4716 = VECTOR ( 'NONE', #1308, 1000.000000000000000 ) ;
#4717 = DIRECTION ( 'NONE',  ( -0.000000000000000000, 1.000000000000000000, 7.796510004390144799E-17 ) ) ;
#4718 = ORIENTED_EDGE ( 'NONE', *, *, #4886, .T. ) ;
#4719 = CARTESIAN_POINT ( 'NONE',  ( 13.00000000000000355, 5.600000000000001421, -33.64999999999998437 ) ) ;
#4720 = CARTESIAN_POINT ( 'NONE',  ( 37.00000000000000000, 9.500000000000014211, -6.949999999999980638 ) ) ;
#4721 = CYLINDRICAL_SURFACE ( 'NONE', #5262, 0.8500000000000035305 ) ;
#4722 = LINE ( 'NONE', #4209, #3059 ) ;
#4723 = EDGE_CURVE ( 'NONE', #1726, #1382, #160, .T. ) ;
#4724 = CARTESIAN_POINT ( 'NONE',  ( -2.999999999999999112, 10.00000000000000000, -22.94999999999997797 ) ) ;
#4725 = ORIENTED_EDGE ( 'NONE', *, *, #4255, .F. ) ;
#4726 = DIRECTION ( 'NONE',  ( 1.508455196501571922E-16, 7.796510004390146031E-17, -1.000000000000000000 ) ) ;
#4727 = CARTESIAN_POINT ( 'NONE',  ( -2.999999999999999112, 10.00000000000000000, -18.94999999999997442 ) ) ;
#4728 = VERTEX_POINT ( 'NONE', #715 ) ;
#4729 = CARTESIAN_POINT ( 'NONE',  ( 59.50000000000000000, 10.00000000000000000, -22.94999999999997797 ) ) ;
#4730 = AXIS2_PLACEMENT_3D ( 'NONE', #3748, #3123, #5333 ) ;
#4731 = VERTEX_POINT ( 'NONE', #5679 ) ;
#4732 = PLANE ( 'NONE',  #1473 ) ;
#4733 = DIRECTION ( 'NONE',  ( 1.000000000000000000, -0.000000000000000000, 2.071311613106635153E-16 ) ) ;
#4734 = ORIENTED_EDGE ( 'NONE', *, *, #4133, .T. ) ;
#4735 = VECTOR ( 'NONE', #5747, 1000.000000000000000 ) ;
#4736 = CARTESIAN_POINT ( 'NONE',  ( 3.500000000000000000, 8.400000000000002132, -53.50000000000000000 ) ) ;
#4737 = ORIENTED_EDGE ( 'NONE', *, *, #523, .F. ) ;
#4738 = EDGE_CURVE ( 'NONE', #1544, #5204, #4072, .T. ) ;
#4739 = DIRECTION ( 'NONE',  ( 0.000000000000000000, 1.000000000000000000, -0.000000000000000000 ) ) ;
#4740 = ORIENTED_EDGE ( 'NONE', *, *, #4393, .F. ) ;
#4741 = AXIS2_PLACEMENT_3D ( 'NONE', #2406, #2951, #448 ) ;
#4742 = DIRECTION ( 'NONE',  ( -0.000000000000000000, -1.000000000000000000, -0.000000000000000000 ) ) ;
#4743 = DIRECTION ( 'NONE',  ( -0.7071067811865475727, 0.7071067811865475727, 0.000000000000000000 ) ) ;
#4744 = VECTOR ( 'NONE', #1749, 1000.000000000000000 ) ;
#4745 = VERTEX_POINT ( 'NONE', #4066 ) ;
#4746 = FACE_OUTER_BOUND ( 'NONE', #214, .T. ) ;
#4747 = ORIENTED_EDGE ( 'NONE', *, *, #2833, .F. ) ;
#4748 = CARTESIAN_POINT ( 'NONE',  ( 9.550000000000007816, 3.900000000000000799, -39.59999999999997300 ) ) ;
#4749 = CARTESIAN_POINT ( 'NONE',  ( 69.96340218333989469, 8.928362720342015280, -33.22163727965797619 ) ) ;
#4750 = VERTEX_POINT ( 'NONE', #338 ) ;
#4751 = VECTOR ( 'NONE', #5730, 1000.000000000000000 ) ;
#4752 = EDGE_CURVE ( 'NONE', #6467, #2962, #2544, .T. ) ;
#4753 = CARTESIAN_POINT ( 'NONE',  ( 1.250000000000002442, 7.900000000000011013, -35.75000000000000711 ) ) ;
#4754 = LINE ( 'NONE', #6305, #630 ) ;
#4755 = CARTESIAN_POINT ( 'NONE',  ( -3.000000000000001332, 2.900000000000001688, -53.00000000000000000 ) ) ;
#4756 = FACE_OUTER_BOUND ( 'NONE', #4068, .T. ) ;
#4757 = AXIS2_PLACEMENT_3D ( 'NONE', #3252, #5355, #2331 ) ;
#4758 = EDGE_CURVE ( 'NONE', #676, #798, #4612, .T. ) ;
#4759 = CARTESIAN_POINT ( 'NONE',  ( 55.73172798364529967, 3.500000000000000444, -26.53172798364527196 ) ) ;
#4760 = DIRECTION ( 'NONE',  ( 0.7071067811865573427, 0.7071067811865378028, -0.000000000000000000 ) ) ;
#4761 = ORIENTED_EDGE ( 'NONE', *, *, #329, .T. ) ;
#4762 = DIRECTION ( 'NONE',  ( 0.000000000000000000, 0.000000000000000000, 1.000000000000000000 ) ) ;
#4763 = EDGE_CURVE ( 'NONE', #461, #1877, #4522, .T. ) ;
#4764 = ORIENTED_EDGE ( 'NONE', *, *, #2717, .T. ) ;
#4765 = DIRECTION ( 'NONE',  ( 0.000000000000000000, 1.000000000000000000, -0.000000000000000000 ) ) ;
#4766 = DIRECTION ( 'NONE',  ( 0.000000000000000000, 0.000000000000000000, 1.000000000000000000 ) ) ;
#4767 = ORIENTED_EDGE ( 'NONE', *, *, #1250, .F. ) ;
#4768 = LINE ( 'NONE', #3152, #2039 ) ;
#4769 = VERTEX_POINT ( 'NONE', #6673 ) ;
#4770 = CARTESIAN_POINT ( 'NONE',  ( 0.000000000000000000, 4.500000000000000888, 0.000000000000000000 ) ) ;
#4771 = ORIENTED_EDGE ( 'NONE', *, *, #3301, .F. ) ;
#4772 = EDGE_CURVE ( 'NONE', #3792, #5919, #1970, .T. ) ;
#4773 = DIRECTION ( 'NONE',  ( -0.000000000000000000, 1.000000000000000000, -0.000000000000000000 ) ) ;
#4774 = CARTESIAN_POINT ( 'NONE',  ( -3.000000000000000000, 10.00000000000000000, -3.000000000000000000 ) ) ;
#4775 = VERTEX_POINT ( 'NONE', #431 ) ;
#4776 = DIRECTION ( 'NONE',  ( -0.000000000000000000, 1.000000000000000000, 7.796510004390144799E-17 ) ) ;
#4777 = ORIENTED_EDGE ( 'NONE', *, *, #1082, .T. ) ;
#4778 = LINE ( 'NONE', #3786, #3588 ) ;
#4779 = FACE_OUTER_BOUND ( 'NONE', #4947, .T. ) ;
#4780 = ORIENTED_EDGE ( 'NONE', *, *, #6401, .F. ) ;
#4781 = VECTOR ( 'NONE', #1126, 1000.000000000000000 ) ;
#4782 = EDGE_CURVE ( 'NONE', #2241, #3922, #4098, .T. ) ;
#4783 = ORIENTED_EDGE ( 'NONE', *, *, #2265, .F. ) ;
#4784 = VECTOR ( 'NONE', #4207, 1000.000000000000000 ) ;
#4785 = CYLINDRICAL_SURFACE ( 'NONE', #1429, 0.8500000000000035305 ) ;
#4786 = CARTESIAN_POINT ( 'NONE',  ( -1.399999999999995914, 10.00000000000000000, -14.94999999999997442 ) ) ;
#4787 = CARTESIAN_POINT ( 'NONE',  ( 37.44999999999997442, 7.900000000000014566, -41.74999999999997158 ) ) ;
#4788 = CARTESIAN_POINT ( 'NONE',  ( 70.70000000000000284, 10.00000000000000000, -1.600000000000004086 ) ) ;
#4789 = CIRCLE ( 'NONE', #5346, 0.7499999999999937828 ) ;
#4790 = CARTESIAN_POINT ( 'NONE',  ( 70.19999999999998863, 10.00000000000000000, -17.14999999999997371 ) ) ;
#4791 = CLOSED_SHELL ( 'NONE', ( #2625, #1468, #1742, #5783, #132, #1747, #4583, #6319, #3035, #6516, #3526, #4678, #323, #452, #5823, #1023, #2092, #4154, #6730, #3444, #3718, #1929, #445, #925, #584, #1053, #5354, #1531, #4977, #3175, #1813, #5734, #5981, #4954, #5462, #2866, #1867, #517, #1697, #4869, #2214, #6303, #3222, #1028, #5832, #6206, #166, #4906, #4309, #3875, #3971, #5613, #5913, #6695, #2252, #5414, #1823, #1953, #836, #3461, #4916, #3273, #5143, #6672, #1917, #995, #5718, #5019, #5182, #6692, #2384, #4543, #703, #4176, #1206, #1977, #4817, #1349, #6316, #3406, #4025, #1108, #5513, #830, #2044, #1737, #2456, #1475, #484, #1415, #421, #3141, #5312, #5417, #5216, #1582, #69, #3756, #6292, #3587, #456, #6616, #6435, #3667, #2079, #5400, #2001, #4103, #5523, #6487, #6172, #6491, #408, #4010, #1497, #2545, #6542, #4669, #2738, #5308, #335, #5592, #5293, #6630, #2791, #6295, #1948, #2434, #3654, #3114, #4689, #1419, #4690, #3519, #2229, #1032, #3244, #2480, #2023, #3496, #6577, #4170, #2385, #1386, #3882, #3979, #1495, #532, #4982, #6523, #3892, #5618, #5656, #5392, #4271, #5043, #6226, #4377, #2730, #6215, #4189, #551, #4941, #4514, #6713, #1119, #3241, #3317, #5608, #4976, #2085, #4650, #3767, #3631, #2329, #2978, #6412, #4076, #2763, #6645, #4481, #2308, #1829, #527, #4497, #3848, #4258, #6451, #6275, #2577, #172, #728, #4861, #3641, #883, #437, #5691, #4709, #389, #606, #5089, #6134, #1090, #5235, #2231 ) ) ;
#4792 = EDGE_CURVE ( 'NONE', #36, #5098, #5620, .T. ) ;
#4793 = VECTOR ( 'NONE', #4398, 1000.000000000000000 ) ;
#4794 = APPLICATION_PROTOCOL_DEFINITION ( 'international standard', 'config_control_design', 1994, #2649 ) ;
#4795 = CIRCLE ( 'NONE', #1851, 1.500000000000001332 ) ;
#4796 = CARTESIAN_POINT ( 'NONE',  ( 59.00000000000000711, 7.400000000000003908, -51.00000000000000000 ) ) ;
#4797 = ORIENTED_EDGE ( 'NONE', *, *, #2197, .T. ) ;
#4798 = CARTESIAN_POINT ( 'NONE',  ( -3.000000000000002665, 10.00000000000000000, -32.14999999999998437 ) ) ;
#4799 = ORIENTED_EDGE ( 'NONE', *, *, #6195, .T. ) ;
#4800 = DIRECTION ( 'NONE',  ( 0.000000000000000000, 0.000000000000000000, 1.000000000000000000 ) ) ;
#4801 = DIRECTION ( 'NONE',  ( -0.000000000000000000, 1.000000000000000000, 7.796510004390144799E-17 ) ) ;
#4802 = EDGE_CURVE ( 'NONE', #2016, #2034, #5100, .T. ) ;
#4803 = ORIENTED_EDGE ( 'NONE', *, *, #5173, .F. ) ;
#4804 = LINE ( 'NONE', #5907, #4357 ) ;
#4805 = VERTEX_POINT ( 'NONE', #3060 ) ;
#4806 = LINE ( 'NONE', #2161, #267 ) ;
#4807 = ORIENTED_EDGE ( 'NONE', *, *, #1667, .F. ) ;
#4808 = CARTESIAN_POINT ( 'NONE',  ( 53.44999999999997442, 8.400000000000000355, -40.74999999999997158 ) ) ;
#4809 = PLANE ( 'NONE',  #79 ) ;
#4810 = EDGE_CURVE ( 'NONE', #4449, #42, #6702, .T. ) ;
#4811 = ORIENTED_EDGE ( 'NONE', *, *, #4250, .T. ) ;
#4813 = EDGE_CURVE ( 'NONE', #2847, #4903, #5944, .T. ) ;
#4812 = CARTESIAN_POINT ( 'NONE',  ( 37.00000000000000000, 9.500000000000014211, -6.949999999999980638 ) ) ;
#4814 = VERTEX_POINT ( 'NONE', #6197 ) ;
#4815 = DIRECTION ( 'NONE',  ( -0.7071067811865549002, 0.7071067811865402453, 0.000000000000000000 ) ) ;
#4816 = LINE ( 'NONE', #5336, #912 ) ;
#4817 = ADVANCED_FACE ( 'NONE', ( #3973 ), #3489, .T. ) ;
#4818 = AXIS2_PLACEMENT_3D ( 'NONE', #444, #4625, #6779 ) ;
#4819 = VERTEX_POINT ( 'NONE', #4553 ) ;
#4820 = CIRCLE ( 'NONE', #1876, 1.000000000000000888 ) ;
#4821 = DIRECTION ( 'NONE',  ( 1.000000000000000000, -0.000000000000000000, 0.000000000000000000 ) ) ;
#4822 = DIRECTION ( 'NONE',  ( 0.000000000000000000, 1.000000000000000000, 0.000000000000000000 ) ) ;
#4823 = CARTESIAN_POINT ( 'NONE',  ( 70.70000000000000284, 4.500000000000000888, -13.14999999999997371 ) ) ;
#4824 = LINE ( 'NONE', #4895, #1435 ) ;
#4825 = EDGE_CURVE ( 'NONE', #5828, #4021, #3024, .T. ) ;
#4826 = CARTESIAN_POINT ( 'NONE',  ( 4.999999999999999112, 8.400000000000000355, -33.75000000000000000 ) ) ;
#4827 =( NAMED_UNIT ( * ) SI_UNIT ( $, .STERADIAN. ) SOLID_ANGLE_UNIT ( ) );
#4828 = LINE ( 'NONE', #5862, #2400 ) ;
#4829 = ORIENTED_EDGE ( 'NONE', *, *, #2936, .F. ) ;
#4830 = CARTESIAN_POINT ( 'NONE',  ( 54.44999999999997442, 2.900000000000001688, -40.74999999999997158 ) ) ;
#4831 = DIRECTION ( 'NONE',  ( 0.000000000000000000, 1.000000000000000000, -0.000000000000000000 ) ) ;
#4832 = CARTESIAN_POINT ( 'NONE',  ( 0.000000000000000000, 8.399999999999996803, -3.000000000000000000 ) ) ;
#4833 = VERTEX_POINT ( 'NONE', #978 ) ;
#4834 = AXIS2_PLACEMENT_3D ( 'NONE', #6642, #1461, #2454 ) ;
#4835 = PLANE ( 'NONE',  #2807 ) ;
#4836 = ORIENTED_EDGE ( 'NONE', *, *, #4851, .F. ) ;
#4837 = DIRECTION ( 'NONE',  ( 1.000000000000000000, 0.000000000000000000, 0.000000000000000000 ) ) ;
#4838 = ORIENTED_EDGE ( 'NONE', *, *, #2298, .T. ) ;
#4839 = DIRECTION ( 'NONE',  ( 0.000000000000000000, 1.000000000000000000, -0.000000000000000000 ) ) ;
#4840 = CIRCLE ( 'NONE', #2103, 1.500000000000001332 ) ;
#4841 = FACE_OUTER_BOUND ( 'NONE', #3908, .T. ) ;
#4842 = EDGE_CURVE ( 'NONE', #2452, #2352, #2484, .T. ) ;
#4843 = ORIENTED_EDGE ( 'NONE', *, *, #3521, .T. ) ;
#4844 = LINE ( 'NONE', #6501, #5009 ) ;
#4845 = DIRECTION ( 'NONE',  ( 0.7071067811865573427, -0.7071067811865378028, 0.000000000000000000 ) ) ;
#4846 = EDGE_LOOP ( 'NONE', ( #150, #4665, #337, #55, #4506, #7 ) ) ;
#4847 = ORIENTED_EDGE ( 'NONE', *, *, #1180, .T. ) ;
#4848 = FACE_OUTER_BOUND ( 'NONE', #6601, .T. ) ;
#4849 = CARTESIAN_POINT ( 'NONE',  ( -1.399999999999995914, 10.00000000000000000, -9.149999999999984368 ) ) ;
#4850 = AXIS2_PLACEMENT_3D ( 'NONE', #3741, #2193, #2775 ) ;
#4851 = EDGE_CURVE ( 'NONE', #1484, #2905, #4585, .T. ) ;
#4852 = EDGE_LOOP ( 'NONE', ( #1070, #3469, #4266, #6392 ) ) ;
#4853 = CONICAL_SURFACE ( 'NONE', #3645, 1.500000000000001332, 0.7853981633974630450 ) ;
#4854 = ORIENTED_EDGE ( 'NONE', *, *, #4234, .T. ) ;
#4855 = DIRECTION ( 'NONE',  ( 1.029509481291873510E-16, 0.000000000000000000, -1.000000000000000000 ) ) ;
#4856 = ORIENTED_EDGE ( 'NONE', *, *, #5886, .F. ) ;
#4857 = CARTESIAN_POINT ( 'NONE',  ( 36.44999999999997442, 7.900000000000014566, -39.74999999999997158 ) ) ;
#4858 = DIRECTION ( 'NONE',  ( -0.000000000000000000, 1.000000000000000000, 7.796510004390144799E-17 ) ) ;
#4859 = DIRECTION ( 'NONE',  ( 0.000000000000000000, 0.000000000000000000, 1.000000000000000000 ) ) ;
#4860 = DIRECTION ( 'NONE',  ( -0.000000000000000000, 1.000000000000000000, -0.000000000000000000 ) ) ;
#4861 = ADVANCED_FACE ( 'NONE', ( #462 ), #3757, .F. ) ;
#4862 = LINE ( 'NONE', #4247, #2065 ) ;
#4863 = ORIENTED_EDGE ( 'NONE', *, *, #5490, .T. ) ;
#4864 = LINE ( 'NONE', #2293, #4685 ) ;
#4865 = AXIS2_PLACEMENT_3D ( 'NONE', #1, #480, #4252 ) ;
#4866 = DIRECTION ( 'NONE',  ( 0.000000000000000000, 1.000000000000000000, 0.000000000000000000 ) ) ;
#4867 = PRODUCT ( '散热上壳（上）（CNC）', '散热上壳（上）（CNC）', '', ( #4900 ) ) ;
#4868 = CARTESIAN_POINT ( 'NONE',  ( 0.000000000000000000, 10.00000000000000000, -1.600000000000004086 ) ) ;
#4869 = ADVANCED_FACE ( 'NONE', ( #3550 ), #5066, .T. ) ;
#4870 = ORIENTED_EDGE ( 'NONE', *, *, #1701, .T. ) ;
#4871 = CARTESIAN_POINT ( 'NONE',  ( -2.999999999999999112, 4.500000000000000888, -21.14999999999997726 ) ) ;
#4872 = VERTEX_POINT ( 'NONE', #5647 ) ;
#4873 = ORIENTED_EDGE ( 'NONE', *, *, #2203, .F. ) ;
#4874 = LINE ( 'NONE', #179, #4534 ) ;
#4875 = ORIENTED_EDGE ( 'NONE', *, *, #3027, .F. ) ;
#4876 = DIRECTION ( 'NONE',  ( -0.000000000000000000, 1.000000000000000000, -0.000000000000000000 ) ) ;
#4877 = LINE ( 'NONE', #4409, #6654 ) ;
#4878 = EDGE_CURVE ( 'NONE', #2059, #1604, #943, .T. ) ;
#4879 = ORIENTED_EDGE ( 'NONE', *, *, #1373, .T. ) ;
#4880 = LINE ( 'NONE', #1723, #6548 ) ;
#4881 = LINE ( 'NONE', #4374, #459 ) ;
#4882 = EDGE_LOOP ( 'NONE', ( #3604, #3303, #5851, #90 ) ) ;
#4883 = ORIENTED_EDGE ( 'NONE', *, *, #2173, .T. ) ;
#4884 = CARTESIAN_POINT ( 'NONE',  ( 9.550000000000007816, 8.400000000000000355, -39.59999999999997300 ) ) ;
#4885 = CARTESIAN_POINT ( 'NONE',  ( 53.75000000000000000, 2.900000000000001688, -35.75000000000000711 ) ) ;
#4886 = EDGE_CURVE ( 'NONE', #592, #1955, #1555, .T. ) ;
#4887 = EDGE_LOOP ( 'NONE', ( #387, #802, #5624, #5370 ) ) ;
#4888 = EDGE_CURVE ( 'NONE', #2588, #6210, #530, .T. ) ;
#4889 = ORIENTED_EDGE ( 'NONE', *, *, #4300, .F. ) ;
#4890 = EDGE_CURVE ( 'NONE', #2446, #1459, #2132, .T. ) ;
#4891 = PLANE ( 'NONE',  #685 ) ;
#4892 = ORIENTED_EDGE ( 'NONE', *, *, #1311, .F. ) ;
#4893 = CARTESIAN_POINT ( 'NONE',  ( 37.44999999999997442, 3.899999999999987921, -40.74999999999997158 ) ) ;
#4894 = DIRECTION ( 'NONE',  ( 0.000000000000000000, 0.000000000000000000, 1.000000000000000000 ) ) ;
#4895 = CARTESIAN_POINT ( 'NONE',  ( 0.000000000000000000, 3.400000000000001688, -39.24999999999997158 ) ) ;
#4896 = VECTOR ( 'NONE', #4141, 1000.000000000000000 ) ;
#4897 = CARTESIAN_POINT ( 'NONE',  ( -2.999999999999999112, 4.500000000000000888, -25.14999999999998082 ) ) ;
#4898 = AXIS2_PLACEMENT_3D ( 'NONE', #5802, #3186, #5289 ) ;
#4899 = VECTOR ( 'NONE', #5507, 1000.000000000000000 ) ;
#4900 = MECHANICAL_CONTEXT ( 'NONE', #429, 'mechanical' ) ;
#4901 = CARTESIAN_POINT ( 'NONE',  ( 59.00000000000000000, 4.500000000000000888, -9.149999999999984368 ) ) ;
#4902 = EDGE_CURVE ( 'NONE', #615, #6395, #5527, .T. ) ;
#4903 = VERTEX_POINT ( 'NONE', #6765 ) ;
#4904 = LINE ( 'NONE', #5976, #206 ) ;
#4905 = AXIS2_PLACEMENT_3D ( 'NONE', #4720, #5786, #5819 ) ;
#4906 = ADVANCED_FACE ( 'NONE', ( #3228 ), #2606, .F. ) ;
#4907 = LINE ( 'NONE', #6415, #929 ) ;
#4908 = CARTESIAN_POINT ( 'NONE',  ( 36.99999999999999289, 10.00099999999999945, -16.00000000000000355 ) ) ;
#4909 = AXIS2_PLACEMENT_3D ( 'NONE', #6605, #3967, #1365 ) ;
#4910 = EDGE_LOOP ( 'NONE', ( #2427, #4402, #2703, #117 ) ) ;
#4911 = PLANE ( 'NONE',  #3914 ) ;
#4912 = ORIENTED_EDGE ( 'NONE', *, *, #4842, .F. ) ;
#4913 = VERTEX_POINT ( 'NONE', #3193 ) ;
#4914 = AXIS2_PLACEMENT_3D ( 'NONE', #5795, #1545, #4762 ) ;
#4915 = DIRECTION ( 'NONE',  ( 0.000000000000000000, 0.000000000000000000, 1.000000000000000000 ) ) ;
#4916 = ADVANCED_FACE ( 'NONE', ( #5743 ), #1078, .T. ) ;
#4917 = ORIENTED_EDGE ( 'NONE', *, *, #2530, .T. ) ;
#4918 = DIRECTION ( 'NONE',  ( 0.7071067811865573427, -0.7071067811865378028, 0.000000000000000000 ) ) ;
#4919 = CARTESIAN_POINT ( 'NONE',  ( -3.000000000000002665, 8.400000000000000355, -33.75000000000000000 ) ) ;
#4920 = VERTEX_POINT ( 'NONE', #14 ) ;
#4921 = CARTESIAN_POINT ( 'NONE',  ( 36.44999999999997442, 8.400000000000000355, -40.74999999999997158 ) ) ;
#4922 = CARTESIAN_POINT ( 'NONE',  ( 61.50000000000000711, 0.000000000000000000, -3.500000000000000000 ) ) ;
#4923 = ORIENTED_EDGE ( 'NONE', *, *, #5801, .T. ) ;
#4924 = LINE ( 'NONE', #1291, #1952 ) ;
#4925 = FACE_OUTER_BOUND ( 'NONE', #6169, .T. ) ;
#4926 = ORIENTED_EDGE ( 'NONE', *, *, #1727, .T. ) ;
#4927 = EDGE_CURVE ( 'NONE', #1309, #2307, #6330, .T. ) ;
#4928 = FACE_BOUND ( 'NONE', #2322, .T. ) ;
#4929 = ORIENTED_EDGE ( 'NONE', *, *, #6591, .F. ) ;
#4930 = DIRECTION ( 'NONE',  ( -0.000000000000000000, 1.000000000000000000, -0.000000000000000000 ) ) ;
#4931 = DIRECTION ( 'NONE',  ( 0.000000000000000000, 0.000000000000000000, 1.000000000000000000 ) ) ;
#4932 = DIRECTION ( 'NONE',  ( 0.000000000000000000, 0.000000000000000000, 1.000000000000000000 ) ) ;
#4933 = VERTEX_POINT ( 'NONE', #1623 ) ;
#4934 = VECTOR ( 'NONE', #1025, 1000.000000000000000 ) ;
#4935 = LINE ( 'NONE', #5860, #856 ) ;
#4936 = AXIS2_PLACEMENT_3D ( 'NONE', #379, #953, #4687 ) ;
#4937 = AXIS2_PLACEMENT_3D ( 'NONE', #3279, #1232, #3316 ) ;
#4938 = DIRECTION ( 'NONE',  ( 0.000000000000000000, 1.000000000000000000, 7.796510004390144799E-17 ) ) ;
#4939 = ORIENTED_EDGE ( 'NONE', *, *, #2888, .T. ) ;
#4940 = CARTESIAN_POINT ( 'NONE',  ( -3.000000000000002665, 8.400000000000002132, -47.75000000000001421 ) ) ;
#4941 = ADVANCED_FACE ( 'NONE', ( #5299 ), #3681, .F. ) ;
#4942 = DIRECTION ( 'NONE',  ( 0.000000000000000000, 0.000000000000000000, -1.000000000000000000 ) ) ;
#4943 = CARTESIAN_POINT ( 'NONE',  ( 59.50000000000000000, 10.00000000000000000, -17.14999999999997371 ) ) ;
#4944 = ORIENTED_EDGE ( 'NONE', *, *, #5237, .F. ) ;
#4945 = EDGE_CURVE ( 'NONE', #1794, #3573, #4557, .T. ) ;
#4946 = DIRECTION ( 'NONE',  ( 0.000000000000000000, -0.000000000000000000, 1.000000000000000000 ) ) ;
#4947 = EDGE_LOOP ( 'NONE', ( #812, #5949, #1044, #2673, #2747, #2911, #5885, #3438, #2947, #75 ) ) ;
#4948 = ORIENTED_EDGE ( 'NONE', *, *, #5711, .F. ) ;
#4949 = LINE ( 'NONE', #660, #6709 ) ;
#4950 = DIRECTION ( 'NONE',  ( 0.000000000000000000, -7.796510004390146031E-17, 1.000000000000000000 ) ) ;
#4951 = FACE_BOUND ( 'NONE', #1549, .T. ) ;
#4952 = VECTOR ( 'NONE', #1324, 1000.000000000000000 ) ;
#4953 = ORIENTED_EDGE ( 'NONE', *, *, #4220, .F. ) ;
#4954 = ADVANCED_FACE ( 'NONE', ( #2033 ), #5846, .F. ) ;
#4955 = DIRECTION ( 'NONE',  ( 0.000000000000000000, 0.000000000000000000, 1.000000000000000000 ) ) ;
#4956 = LINE ( 'NONE', #152, #3738 ) ;
#4957 = VERTEX_POINT ( 'NONE', #6297 ) ;
#4958 = CARTESIAN_POINT ( 'NONE',  ( -2.999999999999999112, 10.00000000000000000, -17.14999999999997371 ) ) ;
#4959 = CARTESIAN_POINT ( 'NONE',  ( -3.000000000000000000, 8.400000000000002132, -33.74999999999999289 ) ) ;
#4960 = ORIENTED_EDGE ( 'NONE', *, *, #2587, .T. ) ;
#4961 = ORIENTED_EDGE ( 'NONE', *, *, #6026, .F. ) ;
#4962 = FACE_OUTER_BOUND ( 'NONE', #3187, .T. ) ;
#4963 = AXIS2_PLACEMENT_3D ( 'NONE', #5435, #3924, #4915 ) ;
#4964 = ORIENTED_EDGE ( 'NONE', *, *, #2242, .T. ) ;
#4965 = CARTESIAN_POINT ( 'NONE',  ( 4.000000000000006217, 9.399999999999993250, -54.00000000000000000 ) ) ;
#4966 = FACE_BOUND ( 'NONE', #5573, .T. ) ;
#4967 = CARTESIAN_POINT ( 'NONE',  ( 61.50000000000000711, 2.900000000000001688, -52.50000000000000711 ) ) ;
#4968 = VECTOR ( 'NONE', #11, 1000.000000000000000 ) ;
#4969 = ORIENTED_EDGE ( 'NONE', *, *, #5099, .T. ) ;
#4970 = CIRCLE ( 'NONE', #5629, 0.8500000000000035305 ) ;
#4971 = DIRECTION ( 'NONE',  ( 0.000000000000000000, 0.000000000000000000, -1.000000000000000000 ) ) ;
#4972 = EDGE_CURVE ( 'NONE', #3573, #4380, #1252, .T. ) ;
#4973 = VECTOR ( 'NONE', #425, 1000.000000000000000 ) ;
#4974 = CARTESIAN_POINT ( 'NONE',  ( 59.50000000000000000, 10.00000000000000000, -9.149999999999984368 ) ) ;
#4975 = CARTESIAN_POINT ( 'NONE',  ( 3.500000000000000000, 0.000000000000000000, -53.50000000000000000 ) ) ;
#4976 = ADVANCED_FACE ( 'NONE', ( #4746 ), #1148, .F. ) ;
#4977 = ADVANCED_FACE ( 'NONE', ( #50 ), #4229, .F. ) ;
#4978 = DIRECTION ( 'NONE',  ( 0.000000000000000000, 0.000000000000000000, -1.000000000000000000 ) ) ;
#4979 = DIRECTION ( 'NONE',  ( -0.7071067811865573427, -0.7071067811865378028, -0.000000000000000000 ) ) ;
#4980 = VERTEX_POINT ( 'NONE', #1525 ) ;
#4981 = DIRECTION ( 'NONE',  ( 0.7071067811865474617, 0.7071067811865474617, 0.000000000000000000 ) ) ;
#4982 = ADVANCED_FACE ( 'NONE', ( #3615 ), #5712, .F. ) ;
#4983 = VECTOR ( 'NONE', #1277, 1000.000000000000000 ) ;
#4984 = VERTEX_POINT ( 'NONE', #2712 ) ;
#4985 = EDGE_LOOP ( 'NONE', ( #4540, #5386, #4222, #4362 ) ) ;
#4986 = CARTESIAN_POINT ( 'NONE',  ( 53.44999999999997442, 3.400000000000001688, -39.24999999999997158 ) ) ;
#4987 = ADVANCED_BREP_SHAPE_REPRESENTATION ( '散热上壳（上）（CNC）', ( #1979, #2723 ), #2613 ) ;
#4988 = DIRECTION ( 'NONE',  ( -0.7071067811865573427, 0.7071067811865378028, -0.000000000000000000 ) ) ;
#4989 = CARTESIAN_POINT ( 'NONE',  ( 0.000000000000000000, 7.399999999999987921, -53.00000000000000000 ) ) ;
#4990 = ORIENTED_EDGE ( 'NONE', *, *, #3100, .T. ) ;
#4991 = DIRECTION ( 'NONE',  ( 0.000000000000000000, 0.7071067811865402453, 0.7071067811865549002 ) ) ;
#4992 = CARTESIAN_POINT ( 'NONE',  ( 68.45504213673879690, 7.899999999999997691, -35.37135845679976143 ) ) ;
#4993 = VERTEX_POINT ( 'NONE', #6465 ) ;
#4994 = FACE_OUTER_BOUND ( 'NONE', #4887, .T. ) ;
#4995 = CARTESIAN_POINT ( 'NONE',  ( 3.500000000000003109, 10.00000000000000000, -2.500000000000000444 ) ) ;
#4996 = EDGE_CURVE ( 'NONE', #2890, #5680, #5917, .T. ) ;
#4997 = ORIENTED_EDGE ( 'NONE', *, *, #5598, .T. ) ;
#4998 = VERTEX_POINT ( 'NONE', #2817 ) ;
#4999 = DIRECTION ( 'NONE',  ( 0.000000000000000000, -1.000000000000000000, -7.796510004390146031E-17 ) ) ;
#5000 = ORIENTED_EDGE ( 'NONE', *, *, #6399, .F. ) ;
#5001 = DIRECTION ( 'NONE',  ( 0.000000000000000000, 0.000000000000000000, -1.000000000000000000 ) ) ;
#5002 = DIRECTION ( 'NONE',  ( -0.8106792283998801585, 4.564782960523477673E-17, -0.5854905538443596624 ) ) ;
#5003 = ORIENTED_EDGE ( 'NONE', *, *, #6195, .F. ) ;
#5004 = EDGE_CURVE ( 'NONE', #704, #4484, #3337, .T. ) ;
#5005 = CARTESIAN_POINT ( 'NONE',  ( 70.70000000000000284, 9.499999999999985789, 0.000000000000000000 ) ) ;
#5006 = CARTESIAN_POINT ( 'NONE',  ( 70.70000000000000284, 2.900000000000001688, -1.000000000000000000 ) ) ;
#5007 = CARTESIAN_POINT ( 'NONE',  ( 9.550000000000007816, -5.500000000000001776, -39.59999999999997300 ) ) ;
#5008 = EDGE_CURVE ( 'NONE', #4427, #6526, #571, .T. ) ;
#5009 = VECTOR ( 'NONE', #1799, 1000.000000000000000 ) ;
#5010 = FACE_OUTER_BOUND ( 'NONE', #2253, .T. ) ;
#5011 = VECTOR ( 'NONE', #347, 1000.000000000000000 ) ;
#5012 = DIRECTION ( 'NONE',  ( 0.000000000000000000, -1.000000000000000000, 0.000000000000000000 ) ) ;
#5013 = ORIENTED_EDGE ( 'NONE', *, *, #4385, .T. ) ;
#5014 = CARTESIAN_POINT ( 'NONE',  ( 39.46827201635471738, 2.899999999999999911, -9.418272016354686471 ) ) ;
#5015 = VECTOR ( 'NONE', #608, 1000.000000000000000 ) ;
#5016 = EDGE_LOOP ( 'NONE', ( #6551, #2282, #157, #6607 ) ) ;
#5017 = ORIENTED_EDGE ( 'NONE', *, *, #6581, .T. ) ;
#5018 = FACE_OUTER_BOUND ( 'NONE', #3233, .T. ) ;
#5019 = ADVANCED_FACE ( 'NONE', ( #1181 ), #5405, .F. ) ;
#5020 = DIRECTION ( 'NONE',  ( 0.000000000000000000, 0.000000000000000000, 1.000000000000000000 ) ) ;
#5021 = CIRCLE ( 'NONE', #420, 0.8500000000000035305 ) ;
#5022 = DIRECTION ( 'NONE',  ( 0.000000000000000000, 0.000000000000000000, -1.000000000000000000 ) ) ;
#5023 = ORIENTED_EDGE ( 'NONE', *, *, #1241, .F. ) ;
#5024 = AXIS2_PLACEMENT_3D ( 'NONE', #3499, #3005, #1889 ) ;
#5025 = VECTOR ( 'NONE', #478, 1000.000000000000000 ) ;
#5026 = CARTESIAN_POINT ( 'NONE',  ( 59.00000000000000000, 4.500000000000000888, 0.000000000000000000 ) ) ;
#5027 = CARTESIAN_POINT ( 'NONE',  ( 3.500000000000003109, 2.900000000000001688, -4.500000000000000000 ) ) ;
#5028 = ORIENTED_EDGE ( 'NONE', *, *, #2432, .T. ) ;
#5029 = CARTESIAN_POINT ( 'NONE',  ( 60.29999999999999716, -5.500000000000001776, -42.39999999999999147 ) ) ;
#5030 = CARTESIAN_POINT ( 'NONE',  ( 53.44999999999996732, 8.400000000000000355, -42.24999999999997158 ) ) ;
#5031 = VERTEX_POINT ( 'NONE', #1688 ) ;
#5032 = EDGE_CURVE ( 'NONE', #1452, #570, #1834, .T. ) ;
#5033 = VERTEX_POINT ( 'NONE', #4333 ) ;
#5034 = CARTESIAN_POINT ( 'NONE',  ( -3.000000000000000000, 8.399999999999996803, -32.14999999999998437 ) ) ;
#5035 = EDGE_CURVE ( 'NONE', #3980, #5340, #1712, .T. ) ;
#5036 = ORIENTED_EDGE ( 'NONE', *, *, #2828, .T. ) ;
#5037 = DIRECTION ( 'NONE',  ( 0.000000000000000000, 7.796510004390146031E-17, -1.000000000000000000 ) ) ;
#5038 = CARTESIAN_POINT ( 'NONE',  ( 70.19999999999998863, 10.00000000000000000, -21.14999999999997371 ) ) ;
#5039 = AXIS2_PLACEMENT_3D ( 'NONE', #2147, #6411, #4354 ) ;
#5040 = ORIENTED_EDGE ( 'NONE', *, *, #2156, .F. ) ;
#5041 = DIRECTION ( 'NONE',  ( -0.000000000000000000, -1.000000000000000000, -0.000000000000000000 ) ) ;
#5042 = DATE_AND_TIME ( #5074, #1328 ) ;
#5043 = ADVANCED_FACE ( 'NONE', ( #6393 ), #6428, .F. ) ;
#5044 = CARTESIAN_POINT ( 'NONE',  ( 70.70000000000000284, 9.499999999999985789, -31.76031235784308038 ) ) ;
#5045 = CARTESIAN_POINT ( 'NONE',  ( 10.50000000000000355, 5.600000000000001421, -47.99999999999998579 ) ) ;
#5046 = LINE ( 'NONE', #1920, #315 ) ;
#5047 = AXIS2_PLACEMENT_3D ( 'NONE', #1574, #6150, #1057 ) ;
#5048 = VECTOR ( 'NONE', #5968, 1000.000000000000000 ) ;
#5049 = CARTESIAN_POINT ( 'NONE',  ( 59.00000000000000000, 3.500000000000000444, -6.949999999999980638 ) ) ;
#5050 = CIRCLE ( 'NONE', #4395, 0.9999999999999940048 ) ;
#5051 = ORIENTED_EDGE ( 'NONE', *, *, #1969, .T. ) ;
#5052 = CARTESIAN_POINT ( 'NONE',  ( 6.000000000000000000, 7.400000000000002132, -55.99999999999998579 ) ) ;
#5053 = VECTOR ( 'NONE', #6519, 1000.000000000000000 ) ;
#5054 = EDGE_LOOP ( 'NONE', ( #3127, #2539, #1369, #6243 ) ) ;
#5055 = CARTESIAN_POINT ( 'NONE',  ( 59.00000000000000000, 3.500000000000000444, -29.14999999999998082 ) ) ;
#5056 = CARTESIAN_POINT ( 'NONE',  ( 65.20000000000000284, 2.900000000000001688, -55.00000000000000000 ) ) ;
#5057 = FACE_OUTER_BOUND ( 'NONE', #3969, .T. ) ;
#5058 = CARTESIAN_POINT ( 'NONE',  ( 59.00000000000000000, 4.500000000000000888, 0.000000000000000000 ) ) ;
#5059 = ORIENTED_EDGE ( 'NONE', *, *, #6664, .T. ) ;
#5060 = DIRECTION ( 'NONE',  ( 0.000000000000000000, 0.000000000000000000, 1.000000000000000000 ) ) ;
#5061 = DIRECTION ( 'NONE',  ( 0.000000000000000000, 0.7071067811865474617, -0.7071067811865474617 ) ) ;
#5062 = ORIENTED_EDGE ( 'NONE', *, *, #2432, .F. ) ;
#5063 = LINE ( 'NONE', #5617, #4077 ) ;
#5064 = VERTEX_POINT ( 'NONE', #262 ) ;
#5065 = EDGE_CURVE ( 'NONE', #1091, #1646, #1171, .T. ) ;
#5066 = PLANE ( 'NONE',  #4834 ) ;
#5067 = EDGE_LOOP ( 'NONE', ( #1279, #40, #2611, #1183 ) ) ;
#5068 = EDGE_CURVE ( 'NONE', #1791, #6022, #5883, .T. ) ;
#5069 = FACE_OUTER_BOUND ( 'NONE', #457, .T. ) ;
#5070 = AXIS2_PLACEMENT_3D ( 'NONE', #1844, #6036, #4855 ) ;
#5071 = CARTESIAN_POINT ( 'NONE',  ( 70.70000000000000284, 9.499999999999985789, 0.000000000000000000 ) ) ;
#5072 = ORIENTED_EDGE ( 'NONE', *, *, #2279, .F. ) ;
#5073 = AXIS2_PLACEMENT_3D ( 'NONE', #4680, #6768, #4302 ) ;
#5074 = CALENDAR_DATE ( 2025, 26, 9 ) ;
#5075 = DIRECTION ( 'NONE',  ( 0.000000000000000000, 0.000000000000000000, -1.000000000000000000 ) ) ;
#5076 = UNCERTAINTY_MEASURE_WITH_UNIT (LENGTH_MEASURE( 1.000000000000000082E-05 ), #2762, 'distance_accuracy_value', 'NONE');
#5077 = CARTESIAN_POINT ( 'NONE',  ( 36.49999999999999289, 10.00000000000000000, -17.14999999999997371 ) ) ;
#5078 = DIRECTION ( 'NONE',  ( 0.000000000000000000, 0.000000000000000000, 1.000000000000000000 ) ) ;
#5079 = EDGE_CURVE ( 'NONE', #4613, #5828, #4880, .T. ) ;
#5080 = VECTOR ( 'NONE', #8, 1000.000000000000000 ) ;
#5082 = EDGE_CURVE ( 'NONE', #776, #2116, #118, .T. ) ;
#5081 = CIRCLE ( 'NONE', #5729, 1.000000000000000888 ) ;
#5083 = CARTESIAN_POINT ( 'NONE',  ( 46.79999999999999005, 33.39999999999999147, -24.99999999999999645 ) ) ;
#5084 = ORIENTED_EDGE ( 'NONE', *, *, #4389, .T. ) ;
#5085 = LINE ( 'NONE', #5248, #984 ) ;
#5086 = ORIENTED_EDGE ( 'NONE', *, *, #6745, .F. ) ;
#5087 = EDGE_LOOP ( 'NONE', ( #5879, #1094, #3775, #6055 ) ) ;
#5088 = CARTESIAN_POINT ( 'NONE',  ( 36.50000000000000711, 5.600000000000001421, -32.14999999999998437 ) ) ;
#5089 = ADVANCED_FACE ( 'NONE', ( #2781 ), #5955, .F. ) ;
#5090 = CYLINDRICAL_SURFACE ( 'NONE', #3214, 0.8499999999999965361 ) ;
#5091 = DIRECTION ( 'NONE',  ( 1.000000000000000000, 0.000000000000000000, 0.000000000000000000 ) ) ;
#5092 = EDGE_LOOP ( 'NONE', ( #2856, #4777, #368, #6069 ) ) ;
#5093 = PLANE ( 'NONE',  #306 ) ;
#5094 = CARTESIAN_POINT ( 'NONE',  ( -2.999999999999999112, 4.500000000000000888, -21.14999999999997726 ) ) ;
#5095 = EDGE_LOOP ( 'NONE', ( #1725, #80, #1220, #1332, #6085, #2379, #1395, #4634, #2235, #1968, #451 ) ) ;
#5096 = DIRECTION ( 'NONE',  ( 0.000000000000000000, 0.000000000000000000, -1.000000000000000000 ) ) ;
#5097 = VECTOR ( 'NONE', #4055, 1000.000000000000000 ) ;
#5098 = VERTEX_POINT ( 'NONE', #740 ) ;
#5099 = EDGE_CURVE ( 'NONE', #3899, #6626, #5876, .T. ) ;
#5100 = LINE ( 'NONE', #1879, #5393 ) ;
#5101 = EDGE_LOOP ( 'NONE', ( #3057, #2496, #2869, #216, #1520, #5695, #4397, #3495, #339, #3422, #4510 ) ) ;
#5102 = LINE ( 'NONE', #433, #4683 ) ;
#5103 = DIRECTION ( 'NONE',  ( -0.7071067811865573427, 0.7071067811865378028, -3.328723835404928792E-17 ) ) ;
#5104 = EDGE_CURVE ( 'NONE', #6320, #5997, #669, .T. ) ;
#5105 = ORIENTED_EDGE ( 'NONE', *, *, #1300, .F. ) ;
#5106 =( BOUNDED_CURVE ( )  B_SPLINE_CURVE ( 3, ( #1981, #1950, #1536, #5596 ),
 .UNSPECIFIED., .F., .T. ) 
 B_SPLINE_CURVE_WITH_KNOTS ( ( 4, 4 ),
 ( 0.000000000000000000, 1.570796326794896780 ),
 .UNSPECIFIED. ) 
 CURVE ( )  GEOMETRIC_REPRESENTATION_ITEM ( )  RATIONAL_B_SPLINE_CURVE ( ( 1.000000000000000000, 0.8047378541243649375, 0.8047378541243649375, 1.000000000000000000 ) ) 
 REPRESENTATION_ITEM ( '' )  );
#5107 = EDGE_CURVE ( 'NONE', #6349, #1754, #4844, .T. ) ;
#5108 = DIRECTION ( 'NONE',  ( 0.000000000000000000, -0.000000000000000000, -1.000000000000000000 ) ) ;
#5109 = DIRECTION ( 'NONE',  ( 0.000000000000000000, 7.796510004390146031E-17, -1.000000000000000000 ) ) ;
#5110 = DIRECTION ( 'NONE',  ( 1.000000000000000000, -0.000000000000000000, 1.029509481291873510E-16 ) ) ;
#5111 = LINE ( 'NONE', #3989, #3557 ) ;
#5112 = EDGE_LOOP ( 'NONE', ( #392, #34, #2860, #6310, #1814, #308, #5051, #6364, #3993, #161 ) ) ;
#5113 = DIRECTION ( 'NONE',  ( -0.000000000000000000, 1.000000000000000000, -0.000000000000000000 ) ) ;
#5114 = ORIENTED_EDGE ( 'NONE', *, *, #1932, .F. ) ;
#5115 = EDGE_CURVE ( 'NONE', #3074, #1763, #5990, .T. ) ;
#5116 = PLANE ( 'NONE',  #6229 ) ;
#5117 = CARTESIAN_POINT ( 'NONE',  ( 1.250000000000002442, 7.900000000000011013, -36.75000000000000711 ) ) ;
#5118 = AXIS2_PLACEMENT_3D ( 'NONE', #4190, #518, #4119 ) ;
#5119 = AXIS2_PLACEMENT_3D ( 'NONE', #2939, #460, #2906 ) ;
#5120 = DIRECTION ( 'NONE',  ( 0.000000000000000000, 0.000000000000000000, 1.000000000000000000 ) ) ;
#5121 = DIRECTION ( 'NONE',  ( 0.000000000000000000, 0.000000000000000000, 1.000000000000000000 ) ) ;
#5122 = AXIS2_PLACEMENT_3D ( 'NONE', #6288, #1645, #2024 ) ;
#5123 = ORIENTED_EDGE ( 'NONE', *, *, #4572, .T. ) ;
#5124 = VECTOR ( 'NONE', #5091, 1000.000000000000000 ) ;
#5125 = LINE ( 'NONE', #6129, #192 ) ;
#5126 = DIRECTION ( 'NONE',  ( 1.000000000000000000, 0.000000000000000000, -0.000000000000000000 ) ) ;
#5127 = ORIENTED_EDGE ( 'NONE', *, *, #675, .F. ) ;
#5128 = EDGE_CURVE ( 'NONE', #5471, #6313, #151, .T. ) ;
#5129 = LINE ( 'NONE', #334, #1789 ) ;
#5130 = ORIENTED_EDGE ( 'NONE', *, *, #4559, .F. ) ;
#5131 = AXIS2_PLACEMENT_3D ( 'NONE', #4310, #5751, #6367 ) ;
#5132 = AXIS2_PLACEMENT_3D ( 'NONE', #5655, #6143, #2943 ) ;
#5133 = VECTOR ( 'NONE', #6705, 1000.000000000000000 ) ;
#5134 = DIRECTION ( 'NONE',  ( -0.000000000000000000, 1.000000000000000000, -0.000000000000000000 ) ) ;
#5135 = ORIENTED_EDGE ( 'NONE', *, *, #4110, .T. ) ;
#5136 = CARTESIAN_POINT ( 'NONE',  ( 59.00000000000000000, 3.500000000000000444, -6.949999999999980638 ) ) ;
#5137 = PLANE ( 'NONE',  #5174 ) ;
#5138 = VECTOR ( 'NONE', #1508, 1000.000000000000000 ) ;
#5139 = ORIENTED_EDGE ( 'NONE', *, *, #5485, .F. ) ;
#5140 = CARTESIAN_POINT ( 'NONE',  ( 70.15452541771742290, 8.133876549142705414, -33.72915454121412893 ) ) ;
#5141 = CARTESIAN_POINT ( 'NONE',  ( 37.00000000000000000, 9.500000000000014211, -14.94999999999997442 ) ) ;
#5142 = FACE_OUTER_BOUND ( 'NONE', #5962, .T. ) ;
#5143 = ADVANCED_FACE ( 'NONE', ( #1421 ), #3445, .T. ) ;
#5144 = LINE ( 'NONE', #1541, #4896 ) ;
#5145 = ORIENTED_EDGE ( 'NONE', *, *, #2952, .F. ) ;
#5146 = FACE_OUTER_BOUND ( 'NONE', #5112, .T. ) ;
#5147 = ORIENTED_EDGE ( 'NONE', *, *, #577, .T. ) ;
#5148 = DIRECTION ( 'NONE',  ( 0.000000000000000000, -0.7071067811865434649, -0.7071067811865516806 ) ) ;
#5149 = EDGE_CURVE ( 'NONE', #1877, #1213, #5226, .T. ) ;
#5150 = APPROVAL_PERSON_ORGANIZATION ( #4315, #6453, #5861 ) ;
#5151 = CARTESIAN_POINT ( 'NONE',  ( 70.19999999999998863, 10.00000000000000000, 0.000000000000000000 ) ) ;
#5152 = DIRECTION ( 'NONE',  ( -0.000000000000000000, 1.000000000000000000, 7.796510004390144799E-17 ) ) ;
#5153 = EDGE_CURVE ( 'NONE', #153, #4805, #5663, .T. ) ;
#5154 = DIRECTION ( 'NONE',  ( -1.000000000000000000, 0.000000000000000000, -0.000000000000000000 ) ) ;
#5155 = AXIS2_PLACEMENT_3D ( 'NONE', #1337, #1738, #275 ) ;
#5156 = VERTEX_POINT ( 'NONE', #330 ) ;
#5157 = DIRECTION ( 'NONE',  ( 1.368455531567204171E-48, 1.000000000000000000, 7.796510004390144799E-17 ) ) ;
#5158 = ORIENTED_EDGE ( 'NONE', *, *, #6363, .F. ) ;
#5159 = DIRECTION ( 'NONE',  ( -1.368455531567204171E-48, -1.000000000000000000, -7.796510004390144799E-17 ) ) ;
#5160 = ORIENTED_EDGE ( 'NONE', *, *, #362, .F. ) ;
#5161 = DIRECTION ( 'NONE',  ( 0.000000000000000000, -0.000000000000000000, -1.000000000000000000 ) ) ;
#5162 = EDGE_CURVE ( 'NONE', #5334, #5924, #6750, .T. ) ;
#5163 = ORIENTED_EDGE ( 'NONE', *, *, #49, .T. ) ;
#5164 = DIRECTION ( 'NONE',  ( -1.000000000000000000, -0.000000000000000000, -0.000000000000000000 ) ) ;
#5165 = ORIENTED_EDGE ( 'NONE', *, *, #6530, .T. ) ;
#5166 = LINE ( 'NONE', #1400, #6663 ) ;
#5167 = DIRECTION ( 'NONE',  ( 0.000000000000000000, 0.000000000000000000, -1.000000000000000000 ) ) ;
#5168 = ORIENTED_EDGE ( 'NONE', *, *, #4366, .T. ) ;
#5169 = VECTOR ( 'NONE', #5542, 999.9999999999998863 ) ;
#5170 = FACE_OUTER_BOUND ( 'NONE', #820, .T. ) ;
#5171 = PLANE ( 'NONE',  #2729 ) ;
#5172 = CARTESIAN_POINT ( 'NONE',  ( 53.44999999999997442, 3.400000000000001688, -40.74999999999997158 ) ) ;
#5173 = EDGE_CURVE ( 'NONE', #2930, #5646, #6095, .T. ) ;
#5174 = AXIS2_PLACEMENT_3D ( 'NONE', #889, #1913, #3064 ) ;
#5175 = CARTESIAN_POINT ( 'NONE',  ( 4.999999999999990230, 8.400000000000000355, -33.75000000000000000 ) ) ;
#5176 = EDGE_CURVE ( 'NONE', #1263, #6268, #1391, .T. ) ;
#5177 = ORIENTED_EDGE ( 'NONE', *, *, #809, .T. ) ;
#5178 = CARTESIAN_POINT ( 'NONE',  ( 59.00000000000000000, 4.500000000000000888, -25.14999999999998082 ) ) ;
#5179 = VECTOR ( 'NONE', #4639, 1000.000000000000000 ) ;
#5180 = ORIENTED_EDGE ( 'NONE', *, *, #5173, .T. ) ;
#5181 = ORIENTED_EDGE ( 'NONE', *, *, #4172, .F. ) ;
#5182 = ADVANCED_FACE ( 'NONE', ( #424 ), #4031, .F. ) ;
#5183 = DIRECTION ( 'NONE',  ( 1.000000000000000000, 0.000000000000000000, 0.000000000000000000 ) ) ;
#5184 = VECTOR ( 'NONE', #391, 1000.000000000000000 ) ;
#5185 = EDGE_CURVE ( 'NONE', #1309, #2713, #2991, .T. ) ;
#5186 = DIRECTION ( 'NONE',  ( 0.000000000000000000, -7.796510004390146031E-17, 1.000000000000000000 ) ) ;
#5187 = CARTESIAN_POINT ( 'NONE',  ( 4.999999999999999112, 8.400000000000002132, -50.99999999999999289 ) ) ;
#5188 = EDGE_CURVE ( 'NONE', #175, #5651, #6667, .T. ) ;
#5189 = VERTEX_POINT ( 'NONE', #3964 ) ;
#5190 = CIRCLE ( 'NONE', #6715, 1.500000000000001332 ) ;
#5191 = LINE ( 'NONE', #6, #6436 ) ;
#5192 = ORIENTED_EDGE ( 'NONE', *, *, #4792, .T. ) ;
#5193 = DIRECTION ( 'NONE',  ( 0.000000000000000000, -1.000000000000000000, -7.796510004390144799E-17 ) ) ;
#5194 = VERTEX_POINT ( 'NONE', #3481 ) ;
#5195 = CARTESIAN_POINT ( 'NONE',  ( 64.00000000000000000, 3.900000000000001688, -35.75000000000000711 ) ) ;
#5196 = CARTESIAN_POINT ( 'NONE',  ( 70.20940213317184941, 8.829497495359214909, -33.02393995725513776 ) ) ;
#5197 = ORIENTED_EDGE ( 'NONE', *, *, #1898, .T. ) ;
#5199 = EDGE_CURVE ( 'NONE', #697, #3963, #5125, .T. ) ;
#5198 = CARTESIAN_POINT ( 'NONE',  ( -2.999999999999999112, 4.500000000000000888, -22.94999999999997797 ) ) ;
#5200 = VERTEX_POINT ( 'NONE', #5641 ) ;
#5201 = VECTOR ( 'NONE', #1417, 1000.000000000000000 ) ;
#5202 = CARTESIAN_POINT ( 'NONE',  ( 60.29999999999999716, 8.400000000000000355, -43.24999999999999289 ) ) ;
#5203 = FACE_OUTER_BOUND ( 'NONE', #428, .T. ) ;
#5204 = VERTEX_POINT ( 'NONE', #1993 ) ;
#5205 = AXIS2_PLACEMENT_3D ( 'NONE', #2977, #316, #4978 ) ;
#5206 = DIRECTION ( 'NONE',  ( 0.000000000000000000, 0.7071067811865573427, -0.7071067811865378028 ) ) ;
#5207 = DIRECTION ( 'NONE',  ( 0.000000000000000000, 0.000000000000000000, -1.000000000000000000 ) ) ;
#5208 = CARTESIAN_POINT ( 'NONE',  ( 59.00000000000000000, 9.500000000000014211, -18.94999999999997442 ) ) ;
#5209 = CARTESIAN_POINT ( 'NONE',  ( 70.19999999999998863, 10.00000000000000000, -17.14999999999997371 ) ) ;
#5210 = EDGE_CURVE ( 'NONE', #6289, #1411, #950, .T. ) ;
#5211 = LINE ( 'NONE', #578, #739 ) ;
#5212 = ORIENTED_EDGE ( 'NONE', *, *, #2885, .T. ) ;
#5213 = FACE_OUTER_BOUND ( 'NONE', #48, .T. ) ;
#5214 = ORIENTED_EDGE ( 'NONE', *, *, #2459, .F. ) ;
#5215 = CARTESIAN_POINT ( 'NONE',  ( -2.999999999999999112, 4.500000000000000888, -17.14999999999997371 ) ) ;
#5216 = ADVANCED_FACE ( 'NONE', ( #364 ), #5093, .F. ) ;
#5217 = DIRECTION ( 'NONE',  ( 1.368455531567204171E-48, 1.000000000000000000, 7.796510004390144799E-17 ) ) ;
#5218 = DIRECTION ( 'NONE',  ( 0.000000000000000000, 0.000000000000000000, 1.000000000000000000 ) ) ;
#5219 = VERTEX_POINT ( 'NONE', #6062 ) ;
#5220 = DIRECTION ( 'NONE',  ( 1.000000000000000000, 0.000000000000000000, 0.000000000000000000 ) ) ;
#5221 = VERTEX_POINT ( 'NONE', #1361 ) ;
#5222 = VECTOR ( 'NONE', #4623, 1000.000000000000000 ) ;
#5223 = DIRECTION ( 'NONE',  ( 0.000000000000000000, 1.000000000000000000, 7.796510004390144799E-17 ) ) ;
#5224 = ORIENTED_EDGE ( 'NONE', *, *, #246, .T. ) ;
#5225 = LINE ( 'NONE', #2638, #1021 ) ;
#5226 = CIRCLE ( 'NONE', #6213, 0.7499999999999937828 ) ;
#5227 = DIRECTION ( 'NONE',  ( 0.000000000000000000, -1.000000000000000000, -7.796510004390146031E-17 ) ) ;
#5228 = CIRCLE ( 'NONE', #6328, 3.000000000000002665 ) ;
#5229 = ORIENTED_EDGE ( 'NONE', *, *, #4488, .F. ) ;
#5230 = DIRECTION ( 'NONE',  ( 0.000000000000000000, 0.000000000000000000, -1.000000000000000000 ) ) ;
#5231 = VERTEX_POINT ( 'NONE', #5548 ) ;
#5232 = LINE ( 'NONE', #4267, #758 ) ;
#5233 = CARTESIAN_POINT ( 'NONE',  ( 69.92297542539449751, 8.656879521487470086, -33.49312047851253027 ) ) ;
#5234 = VECTOR ( 'NONE', #6418, 1000.000000000000000 ) ;
#5235 = ADVANCED_FACE ( 'NONE', ( #3572 ), #810, .T. ) ;
#5236 = ORIENTED_EDGE ( 'NONE', *, *, #49, .F. ) ;
#5237 = EDGE_CURVE ( 'NONE', #1772, #4449, #6571, .T. ) ;
#5238 = VECTOR ( 'NONE', #3523, 1000.000000000000114 ) ;
#5239 = CARTESIAN_POINT ( 'NONE',  ( 70.70000000000000284, 4.500000000000000888, -6.949999999999984190 ) ) ;
#5240 = CIRCLE ( 'NONE', #866, 0.9999999999999908962 ) ;
#5241 = PLANE ( 'NONE',  #5131 ) ;
#5242 = AXIS2_PLACEMENT_3D ( 'NONE', #547, #6783, #3666 ) ;
#5243 = LINE ( 'NONE', #58, #3402 ) ;
#5244 = LINE ( 'NONE', #4788, #5580 ) ;
#5245 = DIRECTION ( 'NONE',  ( 0.000000000000000000, 7.796510004390144799E-17, -1.000000000000000000 ) ) ;
#5246 = EDGE_CURVE ( 'NONE', #4455, #254, #623, .T. ) ;
#5247 = EDGE_LOOP ( 'NONE', ( #519, #6584, #1718, #4599, #6717, #3575 ) ) ;
#5248 = CARTESIAN_POINT ( 'NONE',  ( 37.00000000000000000, 3.500000000000000444, -6.949999999999980638 ) ) ;
#5249 = DIRECTION ( 'NONE',  ( -0.000000000000000000, 1.000000000000000000, -0.000000000000000000 ) ) ;
#5250 = ORIENTED_EDGE ( 'NONE', *, *, #720, .F. ) ;
#5251 = CARTESIAN_POINT ( 'NONE',  ( 2.250000000000002220, 3.400000000000001688, -36.75000000000000711 ) ) ;
#5252 = ORIENTED_EDGE ( 'NONE', *, *, #917, .F. ) ;
#5253 = DIRECTION ( 'NONE',  ( 0.000000000000000000, 0.000000000000000000, 1.000000000000000000 ) ) ;
#5254 = DIRECTION ( 'NONE',  ( 0.000000000000000000, 1.000000000000000000, 0.000000000000000000 ) ) ;
#5255 = ORIENTED_EDGE ( 'NONE', *, *, #1130, .T. ) ;
#5256 = DIRECTION ( 'NONE',  ( 1.000000000000000000, 0.000000000000000000, 0.000000000000000000 ) ) ;
#5257 = ORIENTED_EDGE ( 'NONE', *, *, #1165, .F. ) ;
#5258 = DIRECTION ( 'NONE',  ( 0.000000000000000000, 1.000000000000000000, 0.000000000000000000 ) ) ;
#5259 = ORIENTED_EDGE ( 'NONE', *, *, #4385, .F. ) ;
#5260 = CIRCLE ( 'NONE', #3509, 0.8499999999999965361 ) ;
#5261 = CARTESIAN_POINT ( 'NONE',  ( 70.70000000000000284, 4.500000000000000888, -9.149999999999984368 ) ) ;
#5262 = AXIS2_PLACEMENT_3D ( 'NONE', #4208, #6306, #2830 ) ;
#5263 = PLANE ( 'NONE',  #2810 ) ;
#5264 = VERTEX_POINT ( 'NONE', #4547 ) ;
#5265 = CIRCLE ( 'NONE', #3839, 1.500000000000001332 ) ;
#5266 = DIRECTION ( 'NONE',  ( 1.000000000000000000, 0.000000000000000000, 0.000000000000000000 ) ) ;
#5267 = ORIENTED_EDGE ( 'NONE', *, *, #858, .F. ) ;
#5268 = CARTESIAN_POINT ( 'NONE',  ( -3.000000000000000000, 4.500000000000000888, -9.149999999999984368 ) ) ;
#5269 = CARTESIAN_POINT ( 'NONE',  ( 67.28406102905007913, 7.899999999999997691, -33.75000000000000000 ) ) ;
#5270 = EDGE_CURVE ( 'NONE', #5156, #4178, #3637, .T. ) ;
#5271 = ORIENTED_EDGE ( 'NONE', *, *, #2533, .F. ) ;
#5272 = EDGE_CURVE ( 'NONE', #1963, #2414, #3115, .T. ) ;
#5273 = CARTESIAN_POINT ( 'NONE',  ( -3.000000000000000000, 4.500000000000000888, -26.94999999999998153 ) ) ;
#5274 = DIRECTION ( 'NONE',  ( 0.000000000000000000, -1.000000000000000000, 0.000000000000000000 ) ) ;
#5275 = DIRECTION ( 'NONE',  ( 1.094462760868647861E-16, 0.000000000000000000, -1.000000000000000000 ) ) ;
#5276 = CARTESIAN_POINT ( 'NONE',  ( 37.44999999999997442, 3.899999999999987921, -40.74999999999997158 ) ) ;
#5277 = CARTESIAN_POINT ( 'NONE',  ( 37.44999999999997442, 8.400000000000000355, -39.24999999999997158 ) ) ;
#5278 = VECTOR ( 'NONE', #2996, 1000.000000000000000 ) ;
#5279 = CARTESIAN_POINT ( 'NONE',  ( 70.70000000000000284, 2.900000000000001688, -32.72737740986950428 ) ) ;
#5280 = CARTESIAN_POINT ( 'NONE',  ( 11.50000000000000000, 3.400000000000001688, 1.258632174998945003E-15 ) ) ;
#5281 = EDGE_CURVE ( 'NONE', #3627, #4029, #4664, .T. ) ;
#5282 = ORIENTED_EDGE ( 'NONE', *, *, #989, .F. ) ;
#5283 = CYLINDRICAL_SURFACE ( 'NONE', #5242, 0.9999999999999908962 ) ;
#5284 = EDGE_LOOP ( 'NONE', ( #4327, #6117, #2849, #1622 ) ) ;
#5285 = CARTESIAN_POINT ( 'NONE',  ( 37.44999999999997442, 3.400000000000001688, -42.24999999999997158 ) ) ;
#5286 = DIRECTION ( 'NONE',  ( 0.000000000000000000, -1.000000000000000000, 0.000000000000000000 ) ) ;
#5287 = ORIENTED_EDGE ( 'NONE', *, *, #3744, .F. ) ;
#5288 = AXIS2_PLACEMENT_3D ( 'NONE', #2239, #1327, #4338 ) ;
#5289 = DIRECTION ( 'NONE',  ( 0.000000000000000000, 0.000000000000000000, -1.000000000000000000 ) ) ;
#5290 = ORIENTED_EDGE ( 'NONE', *, *, #4698, .T. ) ;
#5291 = AXIS2_PLACEMENT_3D ( 'NONE', #4832, #4401, #1678 ) ;
#5292 = LINE ( 'NONE', #3608, #2650 ) ;
#5293 = ADVANCED_FACE ( 'NONE', ( #3083 ), #971, .F. ) ;
#5294 = ORIENTED_EDGE ( 'NONE', *, *, #6771, .T. ) ;
#5295 = VECTOR ( 'NONE', #3440, 1000.000000000000000 ) ;
#5296 = CARTESIAN_POINT ( 'NONE',  ( 59.00000000000000000, 4.500000000000000888, -13.14999999999997371 ) ) ;
#5297 = DIRECTION ( 'NONE',  ( 0.000000000000000000, -0.000000000000000000, -1.000000000000000000 ) ) ;
#5298 = ORIENTED_EDGE ( 'NONE', *, *, #3599, .T. ) ;
#5299 = FACE_OUTER_BOUND ( 'NONE', #3309, .T. ) ;
#5300 = VERTEX_POINT ( 'NONE', #4736 ) ;
#5301 = CARTESIAN_POINT ( 'NONE',  ( 4.500000000000002665, 3.900000000000001688, -35.75000000000000711 ) ) ;
#5302 = DIRECTION ( 'NONE',  ( 0.000000000000000000, 0.000000000000000000, -1.000000000000000000 ) ) ;
#5303 = ORIENTED_EDGE ( 'NONE', *, *, #2007, .T. ) ;
#5304 = EDGE_CURVE ( 'NONE', #5875, #2716, #485, .T. ) ;
#5305 = ORIENTED_EDGE ( 'NONE', *, *, #4105, .F. ) ;
#5306 = VECTOR ( 'NONE', #903, 1000.000000000000000 ) ;
#5307 = CARTESIAN_POINT ( 'NONE',  ( 10.50000000000000178, 3.900000000000001688, -44.75000000000001421 ) ) ;
#5308 = ADVANCED_FACE ( 'NONE', ( #3605 ), #1035, .F. ) ;
#5309 = DIRECTION ( 'NONE',  ( 1.508455196501571922E-16, 7.796510004390146031E-17, -1.000000000000000000 ) ) ;
#5310 = DIRECTION ( 'NONE',  ( 0.000000000000000000, -0.7071067811865549002, 0.7071067811865402453 ) ) ;
#5311 = DIRECTION ( 'NONE',  ( 0.000000000000000000, -1.000000000000000000, 0.000000000000000000 ) ) ;
#5312 = ADVANCED_FACE ( 'NONE', ( #1103 ), #557, .F. ) ;
#5313 = VECTOR ( 'NONE', #3432, 1000.000000000000114 ) ;
#5314 = DIRECTION ( 'NONE',  ( -0.000000000000000000, -0.000000000000000000, -1.000000000000000000 ) ) ;
#5315 =( NAMED_UNIT ( * ) PLANE_ANGLE_UNIT ( ) SI_UNIT ( $, .RADIAN. ) );
#5316 = CARTESIAN_POINT ( 'NONE',  ( 70.70000000000000284, 4.500000000000000888, -10.94999999999997442 ) ) ;
#5317 = VERTEX_POINT ( 'NONE', #1069 ) ;
#5318 = DIRECTION ( 'NONE',  ( -0.000000000000000000, 1.000000000000000000, -0.000000000000000000 ) ) ;
#5319 = ORIENTED_EDGE ( 'NONE', *, *, #19, .T. ) ;
#5320 = EDGE_CURVE ( 'NONE', #5204, #254, #2599, .T. ) ;
#5321 = DIRECTION ( 'NONE',  ( 0.000000000000000000, 0.000000000000000000, -1.000000000000000000 ) ) ;
#5322 = CC_DESIGN_DATE_AND_TIME_ASSIGNMENT ( #5042, #2940, ( #4164 ) ) ;
#5323 = CARTESIAN_POINT ( 'NONE',  ( 2.250000000000002220, 8.400000000000002132, -47.74999999999998579 ) ) ;
#5324 = ORIENTED_EDGE ( 'NONE', *, *, #4419, .T. ) ;
#5325 = PLANE ( 'NONE',  #1947 ) ;
#5326 = EDGE_LOOP ( 'NONE', ( #2513, #2664, #4926, #294 ) ) ;
#5327 = DIRECTION ( 'NONE',  ( 0.000000000000000000, 0.000000000000000000, -1.000000000000000000 ) ) ;
#5328 = ORIENTED_EDGE ( 'NONE', *, *, #5652, .T. ) ;
#5329 = CARTESIAN_POINT ( 'NONE',  ( 70.70000000000000284, 4.500000000000000888, -21.14999999999997371 ) ) ;
#5330 = LINE ( 'NONE', #6294, #2483 ) ;
#5331 = VERTEX_POINT ( 'NONE', #1517 ) ;
#5332 = EDGE_CURVE ( 'NONE', #5434, #2038, #6002, .T. ) ;
#5333 = DIRECTION ( 'NONE',  ( 0.000000000000000000, 0.000000000000000000, 1.000000000000000000 ) ) ;
#5334 = VERTEX_POINT ( 'NONE', #3707 ) ;
#5335 = CARTESIAN_POINT ( 'NONE',  ( 59.35000000000000853, 3.900000000000000799, -40.34999999999996589 ) ) ;
#5336 = CARTESIAN_POINT ( 'NONE',  ( -3.000000000000000000, 2.900000000000001688, -3.000000000000000000 ) ) ;
#5337 = ORIENTED_EDGE ( 'NONE', *, *, #377, .F. ) ;
#5338 = AXIS2_PLACEMENT_3D ( 'NONE', #1583, #3673, #2633 ) ;
#5339 = AXIS2_PLACEMENT_3D ( 'NONE', #3423, #5493, #5161 ) ;
#5340 = VERTEX_POINT ( 'NONE', #4221 ) ;
#5341 = AXIS2_PLACEMENT_3D ( 'NONE', #695, #5359, #3739 ) ;
#5342 = PLANE ( 'NONE',  #1514 ) ;
#5343 = DIRECTION ( 'NONE',  ( 0.000000000000000000, 0.000000000000000000, 1.000000000000000000 ) ) ;
#5344 = FACE_OUTER_BOUND ( 'NONE', #2025, .T. ) ;
#5345 = LINE ( 'NONE', #2794, #3515 ) ;
#5346 = AXIS2_PLACEMENT_3D ( 'NONE', #5335, #5815, #83 ) ;
#5347 = DIRECTION ( 'NONE',  ( -1.000000000000000000, -0.000000000000000000, -0.000000000000000000 ) ) ;
#5348 = VECTOR ( 'NONE', #510, 1000.000000000000000 ) ;
#5349 = DIRECTION ( 'NONE',  ( -0.6373639156545036766, -0.000000000000000000, -0.7705629364442327933 ) ) ;
#5350 = VECTOR ( 'NONE', #3131, 1000.000000000000000 ) ;
#5351 = DIRECTION ( 'NONE',  ( -0.7071067811865474617, 0.7071067811865474617, -3.328723835404883186E-17 ) ) ;
#5352 = EDGE_LOOP ( 'NONE', ( #5805, #6674, #5324, #4797, #1553, #3732 ) ) ;
#5353 = LINE ( 'NONE', #4463, #6446 ) ;
#5354 = ADVANCED_FACE ( 'NONE', ( #6756 ), #4256, .F. ) ;
#5355 = DIRECTION ( 'NONE',  ( 0.000000000000000000, 1.000000000000000000, 0.000000000000000000 ) ) ;
#5356 = DIRECTION ( 'NONE',  ( 0.000000000000000000, 0.000000000000000000, -1.000000000000000000 ) ) ;
#5357 = ORIENTED_EDGE ( 'NONE', *, *, #1226, .F. ) ;
#5358 = EDGE_CURVE ( 'NONE', #3483, #6457, #4768, .T. ) ;
#5359 = DIRECTION ( 'NONE',  ( 0.000000000000000000, -1.000000000000000000, 0.000000000000000000 ) ) ;
#5360 = ORIENTED_EDGE ( 'NONE', *, *, #1797, .T. ) ;
#5361 = VECTOR ( 'NONE', #5531, 1000.000000000000000 ) ;
#5362 = CARTESIAN_POINT ( 'NONE',  ( 70.19999999999998863, 10.00000000000000000, -9.149999999999984368 ) ) ;
#5363 = ORIENTED_EDGE ( 'NONE', *, *, #1654, .T. ) ;
#5364 = LINE ( 'NONE', #663, #385 ) ;
#5365 = CARTESIAN_POINT ( 'NONE',  ( 69.70000000000000284, 8.399999999999996803, 0.000000000000000000 ) ) ;
#5366 = VERTEX_POINT ( 'NONE', #453 ) ;
#5367 = DIRECTION ( 'NONE',  ( 0.000000000000000000, 0.000000000000000000, 1.000000000000000000 ) ) ;
#5368 = CARTESIAN_POINT ( 'NONE',  ( 70.70000000000000284, 4.500000000000000888, -6.949999999999984190 ) ) ;
#5369 = EDGE_LOOP ( 'NONE', ( #5363, #5716, #5305, #5766 ) ) ;
#5370 = ORIENTED_EDGE ( 'NONE', *, *, #1180, .F. ) ;
#5371 = PLANE ( 'NONE',  #6224 ) ;
#5372 = DIRECTION ( 'NONE',  ( -0.000000000000000000, 1.000000000000000000, 7.796510004390144799E-17 ) ) ;
#5373 = VERTEX_POINT ( 'NONE', #1000 ) ;
#5374 = CIRCLE ( 'NONE', #783, 0.8500000000000000888 ) ;
#5375 = EDGE_CURVE ( 'NONE', #885, #4933, #5191, .T. ) ;
#5376 = VECTOR ( 'NONE', #4458, 1000.000000000000000 ) ;
#5377 = CIRCLE ( 'NONE', #3063, 0.8499999999999965361 ) ;
#5378 = CARTESIAN_POINT ( 'NONE',  ( 70.67998348435614275, 8.354469652639879840, -33.00973950209204588 ) ) ;
#5379 = ORIENTED_EDGE ( 'NONE', *, *, #4758, .F. ) ;
#5380 = DIRECTION ( 'NONE',  ( 0.000000000000000000, -0.000000000000000000, 1.000000000000000000 ) ) ;
#5381 = DIRECTION ( 'NONE',  ( 0.7071067811865474617, -0.7071067811865474617, 0.000000000000000000 ) ) ;
#5382 = LINE ( 'NONE', #682, #988 ) ;
#5383 = EDGE_CURVE ( 'NONE', #3201, #2622, #6326, .T. ) ;
#5384 = DIRECTION ( 'NONE',  ( 0.000000000000000000, -0.7071067811865516806, 0.7071067811865434649 ) ) ;
#5385 = DIRECTION ( 'NONE',  ( 0.000000000000000000, 0.000000000000000000, 1.000000000000000000 ) ) ;
#5386 = ORIENTED_EDGE ( 'NONE', *, *, #6612, .F. ) ;
#5387 = CARTESIAN_POINT ( 'NONE',  ( 0.000000000000000000, 8.399999999999996803, 0.000000000000000000 ) ) ;
#5388 = EDGE_CURVE ( 'NONE', #4134, #4984, #591, .T. ) ;
#5389 = DIRECTION ( 'NONE',  ( 0.000000000000000000, 1.000000000000000000, 0.000000000000000000 ) ) ;
#5390 = FACE_BOUND ( 'NONE', #3525, .T. ) ;
#5391 = ORIENTED_EDGE ( 'NONE', *, *, #2988, .F. ) ;
#5392 = ADVANCED_FACE ( 'NONE', ( #2158 ), #4637, .F. ) ;
#5393 = VECTOR ( 'NONE', #6070, 1000.000000000000000 ) ;
#5394 = LINE ( 'NONE', #142, #1841 ) ;
#5395 = VERTEX_POINT ( 'NONE', #6256 ) ;
#5396 = ORIENTED_EDGE ( 'NONE', *, *, #87, .F. ) ;
#5397 = EDGE_CURVE ( 'NONE', #798, #6526, #1550, .T. ) ;
#5398 = DIRECTION ( 'NONE',  ( -0.7071067811865474617, 0.7071067811865474617, -3.328723835404883186E-17 ) ) ;
#5399 = VERTEX_POINT ( 'NONE', #5044 ) ;
#5400 = ADVANCED_FACE ( 'NONE', ( #6588 ), #2941, .F. ) ;
#5401 = DIRECTION ( 'NONE',  ( 0.000000000000000000, 0.000000000000000000, 1.000000000000000000 ) ) ;
#5402 = CIRCLE ( 'NONE', #4622, 1.000000000000000888 ) ;
#5403 = DIRECTION ( 'NONE',  ( -1.000000000000000000, 0.000000000000000000, 0.000000000000000000 ) ) ;
#5404 = ORIENTED_EDGE ( 'NONE', *, *, #5898, .F. ) ;
#5405 = PLANE ( 'NONE',  #3243 ) ;
#5406 = CARTESIAN_POINT ( 'NONE',  ( 2.250000000000002220, 2.900000000000001688, -47.25000000000000000 ) ) ;
#5407 = ORIENTED_EDGE ( 'NONE', *, *, #1628, .F. ) ;
#5408 = EDGE_LOOP ( 'NONE', ( #1713, #1287 ) ) ;
#5409 = CARTESIAN_POINT ( 'NONE',  ( 9.000000000000001776, -5.500000000000000000, -50.99999999999999289 ) ) ;
#5410 = LINE ( 'NONE', #2821, #4422 ) ;
#5411 = VECTOR ( 'NONE', #6606, 1000.000000000000000 ) ;
#5412 = ORIENTED_EDGE ( 'NONE', *, *, #2554, .F. ) ;
#5413 = AXIS2_PLACEMENT_3D ( 'NONE', #3183, #5286, #2667 ) ;
#5414 = ADVANCED_FACE ( 'NONE', ( #2191 ), #4835, .F. ) ;
#5415 = VERTEX_POINT ( 'NONE', #658 ) ;
#5416 = DIRECTION ( 'NONE',  ( 0.000000000000000000, 0.000000000000000000, 1.000000000000000000 ) ) ;
#5417 = ADVANCED_FACE ( 'NONE', ( #4531 ), #4911, .F. ) ;
#5418 = ORIENTED_EDGE ( 'NONE', *, *, #5272, .T. ) ;
#5419 = FACE_OUTER_BOUND ( 'NONE', #4705, .T. ) ;
#5420 = DIRECTION ( 'NONE',  ( -0.000000000000000000, 1.000000000000000000, -0.000000000000000000 ) ) ;
#5421 = CARTESIAN_POINT ( 'NONE',  ( 36.44999999999997442, 3.899999999999987921, -39.74999999999997158 ) ) ;
#5422 = LINE ( 'NONE', #2796, #4126 ) ;
#5423 = EDGE_CURVE ( 'NONE', #2414, #180, #6553, .T. ) ;
#5424 = CARTESIAN_POINT ( 'NONE',  ( 67.28406102905007913, -5.500000000000000000, -33.75000000000000000 ) ) ;
#5425 = ORIENTED_EDGE ( 'NONE', *, *, #2420, .T. ) ;
#5426 = DIRECTION ( 'NONE',  ( -0.000000000000000000, -1.000000000000000000, -0.000000000000000000 ) ) ;
#5427 = AXIS2_PLACEMENT_3D ( 'NONE', #934, #3014, #359 ) ;
#5428 = CARTESIAN_POINT ( 'NONE',  ( 59.00000000000000000, 4.500000000000000888, -10.94999999999997442 ) ) ;
#5429 = DIRECTION ( 'NONE',  ( -0.000000000000000000, 1.000000000000000000, -0.000000000000000000 ) ) ;
#5430 = EDGE_LOOP ( 'NONE', ( #6696, #5303, #627, #4129 ) ) ;
#5431 = EDGE_CURVE ( 'NONE', #327, #2847, #4470, .T. ) ;
#5432 = CARTESIAN_POINT ( 'NONE',  ( 0.000000000000000000, 10.00000000000000000, 0.000000000000000000 ) ) ;
#5433 = ORIENTED_EDGE ( 'NONE', *, *, #3466, .T. ) ;
#5434 = VERTEX_POINT ( 'NONE', #1247 ) ;
#5435 = CARTESIAN_POINT ( 'NONE',  ( 37.00000000000000000, 9.500000000000014211, -6.949999999999980638 ) ) ;
#5436 = ORIENTED_EDGE ( 'NONE', *, *, #2696, .T. ) ;
#5437 = CARTESIAN_POINT ( 'NONE',  ( 35.94999999999997442, 8.400000000000000355, -40.74999999999997158 ) ) ;
#5438 = DIRECTION ( 'NONE',  ( 0.000000000000000000, -1.000000000000000000, 0.000000000000000000 ) ) ;
#5439 = ORIENTED_EDGE ( 'NONE', *, *, #963, .T. ) ;
#5440 = DIRECTION ( 'NONE',  ( 0.000000000000000000, 0.000000000000000000, 1.000000000000000000 ) ) ;
#5441 = CARTESIAN_POINT ( 'NONE',  ( 70.57478361045207294, 8.077649112048760571, -33.44770757913425285 ) ) ;
#5442 = ORIENTED_EDGE ( 'NONE', *, *, #3970, .F. ) ;
#5443 = DIRECTION ( 'NONE',  ( -0.000000000000000000, -1.000000000000000000, -7.796510004390144799E-17 ) ) ;
#5444 = LINE ( 'NONE', #190, #2755 ) ;
#5445 = ORIENTED_EDGE ( 'NONE', *, *, #1396, .F. ) ;
#5446 = ORIENTED_EDGE ( 'NONE', *, *, #858, .T. ) ;
#5447 = PLANE ( 'NONE',  #1657 ) ;
#5448 = ORIENTED_EDGE ( 'NONE', *, *, #1998, .F. ) ;
#5449 = EDGE_CURVE ( 'NONE', #3713, #4805, #5394, .T. ) ;
#5450 = CARTESIAN_POINT ( 'NONE',  ( -2.999999999999999112, 4.500000000000000888, -17.14999999999997371 ) ) ;
#5451 = DIRECTION ( 'NONE',  ( 0.000000000000000000, 1.000000000000000000, 0.000000000000000000 ) ) ;
#5452 = FACE_OUTER_BOUND ( 'NONE', #2695, .T. ) ;
#5453 = VECTOR ( 'NONE', #3191, 1000.000000000000000 ) ;
#5454 = ORIENTED_EDGE ( 'NONE', *, *, #2828, .F. ) ;
#5455 = PLANE ( 'NONE',  #3128 ) ;
#5456 = VECTOR ( 'NONE', #5157, 1000.000000000000000 ) ;
#5457 = AXIS2_PLACEMENT_3D ( 'NONE', #182, #3334, #2269 ) ;
#5458 = DIRECTION ( 'NONE',  ( 0.000000000000000000, 1.000000000000000000, 0.000000000000000000 ) ) ;
#5459 = ORIENTED_EDGE ( 'NONE', *, *, #1566, .T. ) ;
#5460 = CARTESIAN_POINT ( 'NONE',  ( 37.00000000000000000, 4.500000000000000888, 0.000000000000000000 ) ) ;
#5461 = CIRCLE ( 'NONE', #515, 2.000000000000001776 ) ;
#5462 = ADVANCED_FACE ( 'NONE', ( #3984 ), #4499, .F. ) ;
#5463 = CARTESIAN_POINT ( 'NONE',  ( 6.200000000000001066, 3.900000000000000799, -37.99999999999997868 ) ) ;
#5464 = DIRECTION ( 'NONE',  ( 0.8106792283998808246, 0.000000000000000000, 0.5854905538443587742 ) ) ;
#5465 = VECTOR ( 'NONE', #3825, 1000.000000000000000 ) ;
#5466 = VERTEX_POINT ( 'NONE', #176 ) ;
#5467 = DIRECTION ( 'NONE',  ( 0.000000000000000000, 0.000000000000000000, -1.000000000000000000 ) ) ;
#5468 = ORIENTED_EDGE ( 'NONE', *, *, #2461, .T. ) ;
#5469 = ORIENTED_EDGE ( 'NONE', *, *, #1740, .T. ) ;
#5470 = DIRECTION ( 'NONE',  ( -0.000000000000000000, -1.000000000000000000, -0.000000000000000000 ) ) ;
#5471 = VERTEX_POINT ( 'NONE', #2397 ) ;
#5472 = CARTESIAN_POINT ( 'NONE',  ( 59.50000000000000000, 10.00000000000000000, 0.000000000000000000 ) ) ;
#5473 = CARTESIAN_POINT ( 'NONE',  ( 65.20000000000000284, 7.400000000000002132, -55.00000000000000000 ) ) ;
#5474 = ORIENTED_EDGE ( 'NONE', *, *, #3646, .F. ) ;
#5475 = DIRECTION ( 'NONE',  ( 0.000000000000000000, 0.000000000000000000, -1.000000000000000000 ) ) ;
#5476 = FACE_OUTER_BOUND ( 'NONE', #4012, .T. ) ;
#5477 = ORIENTED_EDGE ( 'NONE', *, *, #6187, .T. ) ;
#5478 = DIRECTION ( 'NONE',  ( 0.000000000000000000, -0.7071067811865573427, 0.7071067811865378028 ) ) ;
#5479 = FACE_OUTER_BOUND ( 'NONE', #3415, .T. ) ;
#5480 = ORIENTED_EDGE ( 'NONE', *, *, #2629, .T. ) ;
#5481 = EDGE_CURVE ( 'NONE', #2565, #4567, #3811, .T. ) ;
#5482 = ORIENTED_EDGE ( 'NONE', *, *, #213, .T. ) ;
#5483 = CARTESIAN_POINT ( 'NONE',  ( 0.000000000000000000, 7.400000000000002132, -56.00000000000000000 ) ) ;
#5484 = ORIENTED_EDGE ( 'NONE', *, *, #5104, .T. ) ;
#5485 = EDGE_CURVE ( 'NONE', #6526, #2292, #1753, .T. ) ;
#5486 = APPROVAL_PERSON_ORGANIZATION ( #3800, #1264, #1703 ) ;
#5487 = DIRECTION ( 'NONE',  ( -1.000000000000000000, -0.000000000000000000, -0.000000000000000000 ) ) ;
#5488 = LINE ( 'NONE', #2320, #2299 ) ;
#5489 = CARTESIAN_POINT ( 'NONE',  ( 35.50000000000000000, 5.600000000000001421, -31.14999999999998437 ) ) ;
#5490 = EDGE_CURVE ( 'NONE', #3853, #6196, #4804, .T. ) ;
#5491 = ORIENTED_EDGE ( 'NONE', *, *, #2898, .T. ) ;
#5492 = EDGE_CURVE ( 'NONE', #2205, #948, #3327, .T. ) ;
#5493 = DIRECTION ( 'NONE',  ( 0.000000000000000000, -1.000000000000000000, 0.000000000000000000 ) ) ;
#5494 = AXIS2_PLACEMENT_3D ( 'NONE', #6339, #5310, #1699 ) ;
#5495 = CALENDAR_DATE ( 2025, 26, 9 ) ;
#5496 = CARTESIAN_POINT ( 'NONE',  ( 7.200000000000004619, 8.400000000000000355, -42.39999999999998437 ) ) ;
#5497 = DIRECTION ( 'NONE',  ( -1.000000000000000000, 0.000000000000000000, 0.000000000000000000 ) ) ;
#5498 = CYLINDRICAL_SURFACE ( 'NONE', #1478, 0.8500000000000000888 ) ;
#5499 = LINE ( 'NONE', #4322, #4305 ) ;
#5500 = EDGE_CURVE ( 'NONE', #3955, #1452, #2223, .T. ) ;
#5501 = ORIENTED_EDGE ( 'NONE', *, *, #5099, .F. ) ;
#5502 = PLANE ( 'NONE',  #3280 ) ;
#5503 = ORIENTED_EDGE ( 'NONE', *, *, #4320, .T. ) ;
#5504 = ORIENTED_EDGE ( 'NONE', *, *, #2915, .F. ) ;
#5505 = CARTESIAN_POINT ( 'NONE',  ( 37.00000000000000000, 9.500000000000014211, -10.94999999999997442 ) ) ;
#5506 = CARTESIAN_POINT ( 'NONE',  ( -2.999999999999999112, 4.500000000000000888, -21.14999999999997726 ) ) ;
#5507 = DIRECTION ( 'NONE',  ( 0.000000000000000000, 1.000000000000000000, 0.000000000000000000 ) ) ;
#5508 = VECTOR ( 'NONE', #6567, 1000.000000000000000 ) ;
#5509 = EDGE_LOOP ( 'NONE', ( #2938, #3343, #4299, #5158 ) ) ;
#5510 = DIRECTION ( 'NONE',  ( 0.000000000000000000, 1.000000000000000000, 0.000000000000000000 ) ) ;
#5511 = DIRECTION ( 'NONE',  ( 1.000000000000000000, -0.000000000000000000, 1.156482317317871725E-15 ) ) ;
#5512 = EDGE_LOOP ( 'NONE', ( #1681, #2661, #6179, #5139 ) ) ;
#5513 = ADVANCED_FACE ( 'NONE', ( #2806 ), #3463, .T. ) ;
#5514 = PLANE ( 'NONE',  #1407 ) ;
#5515 = DIRECTION ( 'NONE',  ( 0.000000000000000000, 0.000000000000000000, -1.000000000000000000 ) ) ;
#5516 = ORIENTED_EDGE ( 'NONE', *, *, #3066, .F. ) ;
#5517 = AXIS2_PLACEMENT_3D ( 'NONE', #2994, #5159, #5096 ) ;
#5518 = ORIENTED_EDGE ( 'NONE', *, *, #6017, .T. ) ;
#5519 = CARTESIAN_POINT ( 'NONE',  ( 70.67054277977445054, 8.315919405580141088, -33.07074084686601623 ) ) ;
#5520 = VECTOR ( 'NONE', #520, 1000.000000000000000 ) ;
#5521 = ORIENTED_EDGE ( 'NONE', *, *, #5492, .T. ) ;
#5522 = DIRECTION ( 'NONE',  ( -0.000000000000000000, 0.000000000000000000, 1.000000000000000000 ) ) ;
#5523 = ADVANCED_FACE ( 'NONE', ( #3220 ), #5325, .F. ) ;
#5524 = DIRECTION ( 'NONE',  ( 0.7071067811865474617, 0.7071067811865474617, 0.000000000000000000 ) ) ;
#5525 = VECTOR ( 'NONE', #3603, 1000.000000000000000 ) ;
#5526 = ORIENTED_EDGE ( 'NONE', *, *, #4091, .F. ) ;
#5527 = CIRCLE ( 'NONE', #2319, 4.000000000000003553 ) ;
#5528 = DIRECTION ( 'NONE',  ( 0.000000000000000000, -0.000000000000000000, -1.000000000000000000 ) ) ;
#5529 = VECTOR ( 'NONE', #6355, 1000.000000000000114 ) ;
#5530 = APPROVAL_DATE_TIME ( #4394, #2467 ) ;
#5531 = DIRECTION ( 'NONE',  ( 1.000000000000000000, 0.000000000000000000, 0.000000000000000000 ) ) ;
#5532 = CARTESIAN_POINT ( 'NONE',  ( 62.49999999999998579, 8.400000000000002132, -46.25000000000000000 ) ) ;
#5533 = EDGE_CURVE ( 'NONE', #2853, #3635, #3256, .T. ) ;
#5534 = CARTESIAN_POINT ( 'NONE',  ( 0.000000000000000000, 10.00000000000000000, -3.000000000000000000 ) ) ;
#5535 = LINE ( 'NONE', #3433, #1017 ) ;
#5536 = ORIENTED_EDGE ( 'NONE', *, *, #5574, .T. ) ;
#5537 = DIRECTION ( 'NONE',  ( -0.000000000000000000, 1.000000000000000000, 7.796510004390144799E-17 ) ) ;
#5538 = AXIS2_PLACEMENT_3D ( 'NONE', #3669, #4765, #5253 ) ;
#5539 = VERTEX_POINT ( 'NONE', #4619 ) ;
#5540 = ORIENTED_EDGE ( 'NONE', *, *, #3796, .T. ) ;
#5541 = EDGE_CURVE ( 'NONE', #2718, #5471, #4651, .T. ) ;
#5542 = DIRECTION ( 'NONE',  ( 0.000000000000000000, -0.7071067811865469066, -0.7071067811865482389 ) ) ;
#5543 = CC_DESIGN_PERSON_AND_ORGANIZATION_ASSIGNMENT ( #3730, #1128, ( #1321 ) ) ;
#5544 = VECTOR ( 'NONE', #4831, 1000.000000000000000 ) ;
#5545 = DIRECTION ( 'NONE',  ( -1.000000000000000000, 0.000000000000000000, -1.123707514802790025E-16 ) ) ;
#5546 = CARTESIAN_POINT ( 'NONE',  ( -3.000000000000000000, 8.399999999999995026, -29.14999999999998437 ) ) ;
#5547 = ORIENTED_EDGE ( 'NONE', *, *, #4280, .T. ) ;
#5548 = CARTESIAN_POINT ( 'NONE',  ( 53.44999999999997442, 3.899999999999987921, -39.74999999999997158 ) ) ;
#5549 = CARTESIAN_POINT ( 'NONE',  ( 36.99999999999999289, 4.500000000000000888, -18.94999999999997442 ) ) ;
#5550 = ORIENTED_EDGE ( 'NONE', *, *, #4057, .F. ) ;
#5551 = CARTESIAN_POINT ( 'NONE',  ( 56.00000000000000000, 2.899999999999999911, -51.00000000000000000 ) ) ;
#5552 = DIRECTION ( 'NONE',  ( 0.000000000000000000, 0.000000000000000000, -1.000000000000000000 ) ) ;
#5553 = VERTEX_POINT ( 'NONE', #6238 ) ;
#5554 = EDGE_CURVE ( 'NONE', #1112, #3573, #4352, .T. ) ;
#5555 = VERTEX_POINT ( 'NONE', #4045 ) ;
#5556 = DIRECTION ( 'NONE',  ( 0.000000000000000000, 1.000000000000000000, 0.000000000000000000 ) ) ;
#5557 = EDGE_LOOP ( 'NONE', ( #4059, #5445, #3535, #3490 ) ) ;
#5558 = PLANE ( 'NONE',  #6013 ) ;
#5559 = LINE ( 'NONE', #4386, #4158 ) ;
#5560 = ORIENTED_EDGE ( 'NONE', *, *, #2521, .F. ) ;
#5561 = DIRECTION ( 'NONE',  ( -0.000000000000000000, -0.000000000000000000, -1.000000000000000000 ) ) ;
#5562 = CARTESIAN_POINT ( 'NONE',  ( 59.00000000000000000, 9.500000000000014211, -6.949999999999980638 ) ) ;
#5563 = VECTOR ( 'NONE', #6744, 1000.000000000000000 ) ;
#5564 = LINE ( 'NONE', #2872, #3287 ) ;
#5565 = CARTESIAN_POINT ( 'NONE',  ( 36.49999999999999289, 10.00000000000000000, -22.94999999999997797 ) ) ;
#5566 = VECTOR ( 'NONE', #3782, 1000.000000000000000 ) ;
#5567 = FACE_OUTER_BOUND ( 'NONE', #1987, .T. ) ;
#5568 = AXIS2_PLACEMENT_3D ( 'NONE', #5952, #5438, #2779 ) ;
#5569 = ORIENTED_EDGE ( 'NONE', *, *, #258, .T. ) ;
#5570 = LINE ( 'NONE', #6020, #3397 ) ;
#5571 = CONICAL_SURFACE ( 'NONE', #955, 1.499999999999987566, 0.7853981633974559395 ) ;
#5572 = VERTEX_POINT ( 'NONE', #3036 ) ;
#5573 = EDGE_LOOP ( 'NONE', ( #1624, #3823 ) ) ;
#5574 = EDGE_CURVE ( 'NONE', #6033, #423, #4014, .T. ) ;
#5575 = CARTESIAN_POINT ( 'NONE',  ( 9.550000000000007816, 3.900000000000000799, -41.09999999999998010 ) ) ;
#5576 = FACE_OUTER_BOUND ( 'NONE', #2476, .T. ) ;
#5577 = DIRECTION ( 'NONE',  ( 0.000000000000000000, -0.000000000000000000, -1.000000000000000000 ) ) ;
#5578 = EDGE_CURVE ( 'NONE', #5738, #941, #1535, .T. ) ;
#5579 = ORIENTED_EDGE ( 'NONE', *, *, #913, .F. ) ;
#5580 = VECTOR ( 'NONE', #2553, 1000.000000000000114 ) ;
#5581 = VECTOR ( 'NONE', #4568, 1000.000000000000000 ) ;
#5582 = DIRECTION ( 'NONE',  ( 0.000000000000000000, 1.000000000000000000, 0.000000000000000000 ) ) ;
#5583 = CARTESIAN_POINT ( 'NONE',  ( 2.250000000000002220, 8.400000000000000355, -36.75000000000000711 ) ) ;
#5584 = VERTEX_POINT ( 'NONE', #6108 ) ;
#5585 = FACE_OUTER_BOUND ( 'NONE', #3974, .T. ) ;
#5586 = ORIENTED_EDGE ( 'NONE', *, *, #3119, .F. ) ;
#5588 = EDGE_CURVE ( 'NONE', #3813, #2032, #6710, .T. ) ;
#5587 = DIRECTION ( 'NONE',  ( 0.000000000000000000, 0.000000000000000000, -1.000000000000000000 ) ) ;
#5589 = VERTEX_POINT ( 'NONE', #1018 ) ;
#5590 = CARTESIAN_POINT ( 'NONE',  ( 0.000000000000000000, 10.00000000000000000, 0.000000000000000000 ) ) ;
#5591 = FACE_OUTER_BOUND ( 'NONE', #3896, .T. ) ;
#5592 = ADVANCED_FACE ( 'NONE', ( #951 ), #1470, .F. ) ;
#5593 = ORIENTED_EDGE ( 'NONE', *, *, #6402, .F. ) ;
#5594 = PERSON_AND_ORGANIZATION ( #240, #6471 ) ;
#5595 = CARTESIAN_POINT ( 'NONE',  ( 69.91631206768744278, 8.307390816677520107, -33.75633961703535846 ) ) ;
#5596 = CARTESIAN_POINT ( 'NONE',  ( 70.70000000000000284, 9.399999999999995026, -0.9999999999999995559 ) ) ;
#5597 = FACE_OUTER_BOUND ( 'NONE', #3257, .T. ) ;
#5598 = EDGE_CURVE ( 'NONE', #6076, #592, #1404, .T. ) ;
#5599 = AXIS2_PLACEMENT_3D ( 'NONE', #6204, #1500, #4046 ) ;
#5600 = DIRECTION ( 'NONE',  ( 0.000000000000000000, 0.000000000000000000, -1.000000000000000000 ) ) ;
#5601 = VECTOR ( 'NONE', #2287, 1000.000000000000000 ) ;
#5602 = EDGE_LOOP ( 'NONE', ( #4711, #4219, #2498, #4414 ) ) ;
#5603 = CARTESIAN_POINT ( 'NONE',  ( 70.19999999999998863, 10.00000000000000000, -31.86480448354880224 ) ) ;
#5604 = CIRCLE ( 'NONE', #5910, 3.000000000000002665 ) ;
#5605 = EDGE_LOOP ( 'NONE', ( #2057, #4960, #493, #516, #1077, #3686 ) ) ;
#5606 = VERTEX_POINT ( 'NONE', #3067 ) ;
#5607 = DIRECTION ( 'NONE',  ( -0.7071067811865469066, -0.7071067811865482389, 0.000000000000000000 ) ) ;
#5608 = ADVANCED_FACE ( 'NONE', ( #5170 ), #5571, .T. ) ;
#5609 = CARTESIAN_POINT ( 'NONE',  ( 8.250000000000046185, 19.65000000000004121, -22.49999999999982947 ) ) ;
#5610 = CARTESIAN_POINT ( 'NONE',  ( 59.00000000000000000, 9.500000000000014211, -22.94999999999997797 ) ) ;
#5611 = EDGE_CURVE ( 'NONE', #570, #6198, #5653, .T. ) ;
#5612 = ORIENTED_EDGE ( 'NONE', *, *, #1241, .T. ) ;
#5613 = ADVANCED_FACE ( 'NONE', ( #4560 ), #6648, .F. ) ;
#5614 = CARTESIAN_POINT ( 'NONE',  ( 0.000000000000000000, -5.499999999999998224, 0.000000000000000000 ) ) ;
#5615 = CARTESIAN_POINT ( 'NONE',  ( 2.250000000000002220, 8.400000000000000355, -35.25000000000001421 ) ) ;
#5616 = EDGE_LOOP ( 'NONE', ( #6595, #5290, #4496, #1098, #4767 ) ) ;
#5617 = CARTESIAN_POINT ( 'NONE',  ( 37.44999999999997442, 3.899999999999987921, -41.74999999999997158 ) ) ;
#5618 = ADVANCED_FACE ( 'NONE', ( #2491 ), #4591, .F. ) ;
#5619 = ORIENTED_EDGE ( 'NONE', *, *, #3576, .T. ) ;
#5620 = LINE ( 'NONE', #3581, #5278 ) ;
#5621 = EDGE_LOOP ( 'NONE', ( #4734, #4964, #3224, #6354, #529, #4854 ) ) ;
#5622 = CARTESIAN_POINT ( 'NONE',  ( 69.70000000000000284, 2.900000000000001688, -1.000000000000000000 ) ) ;
#5623 = PLANE ( 'NONE',  #1563 ) ;
#5624 = ORIENTED_EDGE ( 'NONE', *, *, #5792, .F. ) ;
#5625 = CIRCLE ( 'NONE', #2328, 2.000000000000001776 ) ;
#5626 = CARTESIAN_POINT ( 'NONE',  ( 69.99813690797623167, 8.250855314343356284, -33.74449826191261792 ) ) ;
#5627 = DIRECTION ( 'NONE',  ( 0.000000000000000000, -0.000000000000000000, 1.000000000000000000 ) ) ;
#5628 = DIRECTION ( 'NONE',  ( 0.000000000000000000, -1.000000000000000000, -7.796510004390144799E-17 ) ) ;
#5629 = AXIS2_PLACEMENT_3D ( 'NONE', #6323, #5223, #5768 ) ;
#5630 = VECTOR ( 'NONE', #5464, 1000.000000000000114 ) ;
#5631 = CARTESIAN_POINT ( 'NONE',  ( -3.000000000000000000, 8.399999999999996803, -18.94999999999997442 ) ) ;
#5632 = EDGE_CURVE ( 'NONE', #3824, #5395, #5461, .T. ) ;
#5633 = ORIENTED_EDGE ( 'NONE', *, *, #5210, .F. ) ;
#5634 = CARTESIAN_POINT ( 'NONE',  ( 0.000000000000000000, 10.00000000000000000, 0.000000000000000000 ) ) ;
#5635 = ORIENTED_EDGE ( 'NONE', *, *, #329, .F. ) ;
#5636 = CARTESIAN_POINT ( 'NONE',  ( 9.000000000000001776, 8.400000000000002132, -46.99999999999998579 ) ) ;
#5637 = PLANE ( 'NONE',  #3632 ) ;
#5638 = CARTESIAN_POINT ( 'NONE',  ( 7.200000000000004619, 3.900000000000000799, -41.54999999999998295 ) ) ;
#5639 = CARTESIAN_POINT ( 'NONE',  ( 9.850000000000006750, 8.400000000000000355, -40.34999999999998010 ) ) ;
#5640 = ORIENTED_EDGE ( 'NONE', *, *, #4878, .T. ) ;
#5641 = CARTESIAN_POINT ( 'NONE',  ( 4.999999999999992895, 8.400000000000002132, -46.25000000000000000 ) ) ;
#5642 = CARTESIAN_POINT ( 'NONE',  ( 4.500000000000003553, 2.900000000000001688, -46.25000000000000000 ) ) ;
#5643 = ORIENTED_EDGE ( 'NONE', *, *, #4361, .F. ) ;
#5644 = DIRECTION ( 'NONE',  ( 0.000000000000000000, 0.000000000000000000, -1.000000000000000000 ) ) ;
#5645 = CONICAL_SURFACE ( 'NONE', #5205, 1.000000000000000888, 0.7853981633974482790 ) ;
#5646 = VERTEX_POINT ( 'NONE', #3277 ) ;
#5647 = CARTESIAN_POINT ( 'NONE',  ( 2.250000000000002220, 2.900000000000001688, -47.25000000000000000 ) ) ;
#5648 = ORIENTED_EDGE ( 'NONE', *, *, #6639, .F. ) ;
#5649 = LINE ( 'NONE', #6644, #5238 ) ;
#5650 = CARTESIAN_POINT ( 'NONE',  ( 6.000000000000000888, 2.900000000000001688, -50.99999999999999289 ) ) ;
#5651 = VERTEX_POINT ( 'NONE', #2757 ) ;
#5652 = EDGE_CURVE ( 'NONE', #4224, #3502, #1597, .T. ) ;
#5653 = LINE ( 'NONE', #404, #3369 ) ;
#5654 = CARTESIAN_POINT ( 'NONE',  ( 70.19999999999998863, 10.00000000000000000, -18.94999999999997442 ) ) ;
#5655 = CARTESIAN_POINT ( 'NONE',  ( 0.000000000000000000, 4.500000000000000888, 0.000000000000000000 ) ) ;
#5656 = ADVANCED_FACE ( 'NONE', ( #2139 ), #2209, .F. ) ;
#5657 = CARTESIAN_POINT ( 'NONE',  ( 10.49999999999999822, 3.400000000000001688, 1.080984955356467272E-15 ) ) ;
#5658 = ORIENTED_EDGE ( 'NONE', *, *, #1878, .F. ) ;
#5659 = CARTESIAN_POINT ( 'NONE',  ( 37.00000000000000000, 9.500000000000014211, -6.949999999999980638 ) ) ;
#5660 = ORIENTED_EDGE ( 'NONE', *, *, #1662, .T. ) ;
#5661 = DIRECTION ( 'NONE',  ( 1.000000000000000000, 0.000000000000000000, 0.000000000000000000 ) ) ;
#5662 = CARTESIAN_POINT ( 'NONE',  ( 61.50000000000000711, 8.400000000000002132, -51.50000000000001421 ) ) ;
#5663 = CIRCLE ( 'NONE', #2580, 1.499999999999987566 ) ;
#5664 = EDGE_CURVE ( 'NONE', #2565, #1941, #6271, .T. ) ;
#5665 = AXIS2_PLACEMENT_3D ( 'NONE', #3612, #825, #5528 ) ;
#5666 = CARTESIAN_POINT ( 'NONE',  ( 4.999999999999997335, 8.400000000000002132, -50.99999999999999289 ) ) ;
#5667 = LINE ( 'NONE', #1483, #6116 ) ;
#5668 = VECTOR ( 'NONE', #1918, 1000.000000000000000 ) ;
#5669 = ORIENTED_EDGE ( 'NONE', *, *, #6241, .F. ) ;
#5670 = DIRECTION ( 'NONE',  ( 0.000000000000000000, 7.796510004390146031E-17, -1.000000000000000000 ) ) ;
#5671 = VERTEX_POINT ( 'NONE', #1122 ) ;
#5672 = LINE ( 'NONE', #396, #2535 ) ;
#5673 = EDGE_LOOP ( 'NONE', ( #6746, #6277, #6573, #1179, #4472, #5360 ) ) ;
#5674 = CIRCLE ( 'NONE', #5782, 1.500000000000001332 ) ;
#5675 = PLANE ( 'NONE',  #184 ) ;
#5676 = VECTOR ( 'NONE', #3986, 1000.000000000000000 ) ;
#5677 = ORIENTED_EDGE ( 'NONE', *, *, #6769, .T. ) ;
#5678 = VECTOR ( 'NONE', #3723, 1000.000000000000000 ) ;
#5679 = CARTESIAN_POINT ( 'NONE',  ( 63.00000000000000000, 7.899999999999997691, -36.75000000000000711 ) ) ;
#5680 = VERTEX_POINT ( 'NONE', #1050 ) ;
#5681 = CARTESIAN_POINT ( 'NONE',  ( 37.44999999999997442, 2.900000000000001688, -41.74999999999997158 ) ) ;
#5682 = EDGE_CURVE ( 'NONE', #6764, #139, #2585, .T. ) ;
#5683 = DIRECTION ( 'NONE',  ( 0.000000000000000000, 0.000000000000000000, 1.000000000000000000 ) ) ;
#5684 = ORIENTED_EDGE ( 'NONE', *, *, #6422, .T. ) ;
#5685 = EDGE_CURVE ( 'NONE', #5064, #4455, #3690, .T. ) ;
#5686 = EDGE_CURVE ( 'NONE', #6268, #6431, #2075, .T. ) ;
#5687 = EDGE_CURVE ( 'NONE', #288, #4903, #2720, .T. ) ;
#5688 = CARTESIAN_POINT ( 'NONE',  ( 69.80949677841987011, 8.371992743459921726, -33.77800725654007863 ) ) ;
#5689 = DIRECTION ( 'NONE',  ( -0.000000000000000000, -0.000000000000000000, -1.000000000000000000 ) ) ;
#5690 = CARTESIAN_POINT ( 'NONE',  ( 70.70000000000000284, 4.500000000000000888, -26.94999999999998153 ) ) ;
#5691 = ADVANCED_FACE ( 'NONE', ( #2108 ), #573, .T. ) ;
#5692 = CARTESIAN_POINT ( 'NONE',  ( 10.50000000000000178, 5.600000000000001421, -31.14999999999998792 ) ) ;
#5693 = EDGE_LOOP ( 'NONE', ( #194, #6329, #2787, #2827 ) ) ;
#5694 = PLANE ( 'NONE',  #3055 ) ;
#5695 = ORIENTED_EDGE ( 'NONE', *, *, #593, .T. ) ;
#5696 = DIRECTION ( 'NONE',  ( -0.000000000000000000, 1.000000000000000000, -0.000000000000000000 ) ) ;
#5697 = CARTESIAN_POINT ( 'NONE',  ( 6.000000000000000000, 7.400000000000002132, -55.99999999999998579 ) ) ;
#5698 = LINE ( 'NONE', #4148, #6517 ) ;
#5699 = CONICAL_SURFACE ( 'NONE', #3954, 1.000000000000000888, 0.7853981633974630450 ) ;
#5700 = EDGE_CURVE ( 'NONE', #1772, #5033, #4754, .T. ) ;
#5701 = LINE ( 'NONE', #1610, #579 ) ;
#5702 = AXIS2_PLACEMENT_3D ( 'NONE', #1776, #6547, #6074 ) ;
#5703 = VERTEX_POINT ( 'NONE', #4786 ) ;
#5704 = DIRECTION ( 'NONE',  ( -1.000000000000000000, -0.000000000000000000, -4.707526393424171362E-17 ) ) ;
#5705 = ORIENTED_EDGE ( 'NONE', *, *, #1885, .T. ) ;
#5706 = CARTESIAN_POINT ( 'NONE',  ( 37.44999999999997442, 8.400000000000000355, -42.24999999999997158 ) ) ;
#5707 = ORIENTED_EDGE ( 'NONE', *, *, #1427, .T. ) ;
#5708 = DIRECTION ( 'NONE',  ( -6.308085367188388072E-15, -0.000000000000000000, -1.000000000000000000 ) ) ;
#5709 = FACE_OUTER_BOUND ( 'NONE', #2288, .T. ) ;
#5710 = ORIENTED_EDGE ( 'NONE', *, *, #1832, .T. ) ;
#5711 = EDGE_CURVE ( 'NONE', #1034, #6472, #1569, .T. ) ;
#5712 = PLANE ( 'NONE',  #2639 ) ;
#5713 = ORIENTED_EDGE ( 'NONE', *, *, #2972, .T. ) ;
#5714 = CARTESIAN_POINT ( 'NONE',  ( -3.000000000000000444, 8.399999999999995026, -9.149999999999984368 ) ) ;
#5715 = LINE ( 'NONE', #2458, #6068 ) ;
#5716 = ORIENTED_EDGE ( 'NONE', *, *, #5739, .F. ) ;
#5717 = VECTOR ( 'NONE', #4265, 1000.000000000000000 ) ;
#5718 = ADVANCED_FACE ( 'NONE', ( #4239 ), #5241, .F. ) ;
#5719 = FACE_OUTER_BOUND ( 'NONE', #5673, .T. ) ;
#5720 = CARTESIAN_POINT ( 'NONE',  ( 69.70000000000000284, 10.00000000000000000, 0.000000000000000000 ) ) ;
#5721 = CARTESIAN_POINT ( 'NONE',  ( 0.000000000000000000, 8.400000000000002132, -53.00000000000000000 ) ) ;
#5722 = DIRECTION ( 'NONE',  ( 0.000000000000000000, 7.796510004390146031E-17, -1.000000000000000000 ) ) ;
#5723 = CONICAL_SURFACE ( 'NONE', #2981, 1.000000000000000888, 0.7853981633974630450 ) ;
#5724 = LINE ( 'NONE', #5175, #505 ) ;
#5725 = ORIENTED_EDGE ( 'NONE', *, *, #5162, .T. ) ;
#5726 = CARTESIAN_POINT ( 'NONE',  ( 59.00000000000000000, 9.500000000000014211, -14.94999999999997442 ) ) ;
#5727 = VERTEX_POINT ( 'NONE', #537 ) ;
#5728 = DIRECTION ( 'NONE',  ( -0.000000000000000000, 1.000000000000000000, -0.000000000000000000 ) ) ;
#5729 = AXIS2_PLACEMENT_3D ( 'NONE', #1991, #2445, #6185 ) ;
#5730 = DIRECTION ( 'NONE',  ( 0.000000000000000000, -1.000000000000000000, -7.796510004390144799E-17 ) ) ;
#5731 = CARTESIAN_POINT ( 'NONE',  ( 4.500000000000003553, 2.900000000000001688, -44.75000000000001421 ) ) ;
#5732 = ORIENTED_EDGE ( 'NONE', *, *, #6598, .F. ) ;
#5733 = VECTOR ( 'NONE', #3611, 1000.000000000000000 ) ;
#5734 = ADVANCED_FACE ( 'NONE', ( #2616 ), #6338, .F. ) ;
#5735 = DIRECTION ( 'NONE',  ( -1.000000000000000000, 0.000000000000000000, -0.000000000000000000 ) ) ;
#5736 = ORIENTED_EDGE ( 'NONE', *, *, #5332, .T. ) ;
#5737 = CARTESIAN_POINT ( 'NONE',  ( 36.99999999999999289, 9.500000000000014211, -14.94999999999997442 ) ) ;
#5738 = VERTEX_POINT ( 'NONE', #1630 ) ;
#5739 = EDGE_CURVE ( 'NONE', #423, #6067, #6120, .T. ) ;
#5740 = CARTESIAN_POINT ( 'NONE',  ( 37.00000000000000000, 5.600000000000001421, -29.14999999999998082 ) ) ;
#5741 = CARTESIAN_POINT ( 'NONE',  ( 56.00000000000000000, 2.899999999999999911, -47.99999999999999289 ) ) ;
#5742 = ORIENTED_EDGE ( 'NONE', *, *, #6391, .F. ) ;
#5743 = FACE_OUTER_BOUND ( 'NONE', #5982, .T. ) ;
#5744 = ORIENTED_EDGE ( 'NONE', *, *, #1061, .T. ) ;
#5745 = CIRCLE ( 'NONE', #2555, 1.500000000000001332 ) ;
#5746 = DIRECTION ( 'NONE',  ( 0.000000000000000000, -0.000000000000000000, 1.000000000000000000 ) ) ;
#5747 = DIRECTION ( 'NONE',  ( 0.000000000000000000, 0.000000000000000000, -1.000000000000000000 ) ) ;
#5748 = ORIENTED_EDGE ( 'NONE', *, *, #865, .T. ) ;
#5749 = EDGE_CURVE ( 'NONE', #3404, #4769, #1698, .T. ) ;
#5750 = CARTESIAN_POINT ( 'NONE',  ( -2.999999999999999112, 4.500000000000000888, -22.94999999999997797 ) ) ;
#5751 = DIRECTION ( 'NONE',  ( 0.000000000000000000, 0.000000000000000000, -1.000000000000000000 ) ) ;
#5752 = DIRECTION ( 'NONE',  ( 0.000000000000000000, 0.000000000000000000, -1.000000000000000000 ) ) ;
#5753 = CARTESIAN_POINT ( 'NONE',  ( 59.00000000000000711, 2.899999999999999911, 0.000000000000000000 ) ) ;
#5754 = DIRECTION ( 'NONE',  ( 0.000000000000000000, 0.000000000000000000, 1.000000000000000000 ) ) ;
#5755 = ORIENTED_EDGE ( 'NONE', *, *, #4389, .F. ) ;
#5756 = DIRECTION ( 'NONE',  ( -1.000000000000000000, 0.000000000000000000, 0.000000000000000000 ) ) ;
#5757 = CARTESIAN_POINT ( 'NONE',  ( 70.19999999999998863, 10.00000000000000000, 0.000000000000000000 ) ) ;
#5758 = ORIENTED_EDGE ( 'NONE', *, *, #2511, .T. ) ;
#5759 = DIRECTION ( 'NONE',  ( 0.000000000000000000, 0.000000000000000000, -1.000000000000000000 ) ) ;
#5760 = EDGE_LOOP ( 'NONE', ( #260, #634, #2326, #1757, #6263, #2734, #264, #1299, #1937, #5163, #6221, #6434, #4509, #3313, #5271, #2600, #4096, #1413, #303, #2170, #3339, #225, #1191, #4944, #936, #2460, #5863, #1992, #1542, #5964 ) ) ;
#5761 = DIRECTION ( 'NONE',  ( 0.000000000000000000, 0.000000000000000000, 1.000000000000000000 ) ) ;
#5762 = CARTESIAN_POINT ( 'NONE',  ( 39.46827201635471738, 2.899999999999999911, -8.568272016354686826 ) ) ;
#5763 = ORIENTED_EDGE ( 'NONE', *, *, #1528, .F. ) ;
#5764 = EDGE_CURVE ( 'NONE', #4364, #1877, #3793, .T. ) ;
#5765 = CARTESIAN_POINT ( 'NONE',  ( 59.05000000000000426, -5.500000000000001776, -40.34999999999996589 ) ) ;
#5766 = ORIENTED_EDGE ( 'NONE', *, *, #6625, .F. ) ;
#5767 = AXIS2_PLACEMENT_3D ( 'NONE', #3281, #5384, #95 ) ;
#5768 = DIRECTION ( 'NONE',  ( 0.000000000000000000, 0.000000000000000000, 1.000000000000000000 ) ) ;
#5769 = ORIENTED_EDGE ( 'NONE', *, *, #27, .F. ) ;
#5770 = EDGE_CURVE ( 'NONE', #1726, #2241, #1301, .T. ) ;
#5771 = DIRECTION ( 'NONE',  ( -0.7071067811865475727, -0.7071067811865475727, -0.000000000000000000 ) ) ;
#5772 = VECTOR ( 'NONE', #1209, 1000.000000000000000 ) ;
#5773 = FACE_OUTER_BOUND ( 'NONE', #3075, .T. ) ;
#5774 = CIRCLE ( 'NONE', #3691, 1.500000000000001332 ) ;
#5775 = VERTEX_POINT ( 'NONE', #6479 ) ;
#5776 = CARTESIAN_POINT ( 'NONE',  ( 61.50000000000000711, 10.00000000000000000, -3.500000000000000000 ) ) ;
#5777 = ORIENTED_EDGE ( 'NONE', *, *, #3946, .F. ) ;
#5778 = CARTESIAN_POINT ( 'NONE',  ( 3.500000000000003997, 8.400000000000002132, -47.74999999999998579 ) ) ;
#5779 = CARTESIAN_POINT ( 'NONE',  ( 69.86150975921633233, 8.478855808180297160, -33.67114419181969964 ) ) ;
#5780 = VECTOR ( 'NONE', #2792, 1000.000000000000000 ) ;
#5781 = ORIENTED_EDGE ( 'NONE', *, *, #2294, .T. ) ;
#5782 = AXIS2_PLACEMENT_3D ( 'NONE', #2608, #1592, #3683 ) ;
#5783 = ADVANCED_FACE ( 'NONE', ( #5419 ), #6039, .F. ) ;
#5784 = DIRECTION ( 'NONE',  ( -0.000000000000000000, 1.000000000000000000, 0.000000000000000000 ) ) ;
#5785 = CIRCLE ( 'NONE', #526, 1.000000000000000888 ) ;
#5786 = DIRECTION ( 'NONE',  ( -0.7071067811865378028, -0.7071067811865573427, 0.000000000000000000 ) ) ;
#5787 = LINE ( 'NONE', #3657, #3510 ) ;
#5788 = CARTESIAN_POINT ( 'NONE',  ( 60.29999999999999716, -5.500000000000001776, -43.24999999999999289 ) ) ;
#5789 = DIRECTION ( 'NONE',  ( 0.000000000000000000, -7.796510004390144799E-17, 1.000000000000000000 ) ) ;
#5790 = EDGE_LOOP ( 'NONE', ( #6563, #3819, #1132, #4675, #3958, #1690 ) ) ;
#5791 = CALENDAR_DATE ( 2025, 26, 9 ) ;
#5792 = EDGE_CURVE ( 'NONE', #3571, #6655, #3942, .T. ) ;
#5793 = DIRECTION ( 'NONE',  ( 0.000000000000000000, 1.000000000000000000, 0.000000000000000000 ) ) ;
#5794 = ORIENTED_EDGE ( 'NONE', *, *, #4255, .T. ) ;
#5795 = CARTESIAN_POINT ( 'NONE',  ( 37.44999999999997442, 8.400000000000000355, -40.74999999999997158 ) ) ;
#5796 = ORIENTED_EDGE ( 'NONE', *, *, #4530, .F. ) ;
#5797 = CARTESIAN_POINT ( 'NONE',  ( 59.05000000000000426, 8.400000000000000355, -39.59999999999997300 ) ) ;
#5798 = FACE_OUTER_BOUND ( 'NONE', #521, .T. ) ;
#5799 = ORIENTED_EDGE ( 'NONE', *, *, #3820, .F. ) ;
#5800 = CIRCLE ( 'NONE', #6784, 2.000000000000001776 ) ;
#5801 = EDGE_CURVE ( 'NONE', #1908, #1210, #3871, .T. ) ;
#5802 = CARTESIAN_POINT ( 'NONE',  ( 60.29999999999999716, 3.900000000000000799, -42.39999999999999147 ) ) ;
#5803 = ORIENTED_EDGE ( 'NONE', *, *, #2653, .T. ) ;
#5804 = FACE_OUTER_BOUND ( 'NONE', #1658, .T. ) ;
#5805 = ORIENTED_EDGE ( 'NONE', *, *, #1224, .T. ) ;
#5806 = AXIS2_PLACEMENT_3D ( 'NONE', #3009, #5113, #4143 ) ;
#5807 = LINE ( 'NONE', #6261, #3439 ) ;
#5808 = VECTOR ( 'NONE', #4858, 1000.000000000000000 ) ;
#5809 = DIRECTION ( 'NONE',  ( -0.000000000000000000, 0.000000000000000000, 1.000000000000000000 ) ) ;
#5810 = EDGE_CURVE ( 'NONE', #2034, #3458, #5967, .T. ) ;
#5811 = ORIENTED_EDGE ( 'NONE', *, *, #3151, .T. ) ;
#5812 = DIRECTION ( 'NONE',  ( 0.8106792283998801585, -4.564782960523477673E-17, 0.5854905538443596624 ) ) ;
#5813 = ORIENTED_EDGE ( 'NONE', *, *, #3335, .F. ) ;
#5814 = EDGE_CURVE ( 'NONE', #1842, #6647, #5932, .T. ) ;
#5815 = DIRECTION ( 'NONE',  ( -0.000000000000000000, 1.000000000000000000, -0.000000000000000000 ) ) ;
#5816 = LINE ( 'NONE', #2202, #4735 ) ;
#5817 = ORIENTED_EDGE ( 'NONE', *, *, #3058, .F. ) ;
#5818 = CARTESIAN_POINT ( 'NONE',  ( 60.00000000000000000, 8.400000000000002132, -55.00000000000000000 ) ) ;
#5819 = DIRECTION ( 'NONE',  ( 0.000000000000000000, 0.000000000000000000, 1.000000000000000000 ) ) ;
#5820 = DIRECTION ( 'NONE',  ( -0.7071067811865573427, -0.7071067811865378028, -3.328723835404928792E-17 ) ) ;
#5821 = DIRECTION ( 'NONE',  ( 0.000000000000000000, 0.000000000000000000, 1.000000000000000000 ) ) ;
#5822 = EDGE_CURVE ( 'NONE', #5867, #2713, #274, .T. ) ;
#5823 = ADVANCED_FACE ( 'NONE', ( #3456 ), #5558, .F. ) ;
#5824 = LINE ( 'NONE', #4826, #6550 ) ;
#5825 = CIRCLE ( 'NONE', #1116, 1.000000000000000888 ) ;
#5826 = LINE ( 'NONE', #580, #2956 ) ;
#5827 = CARTESIAN_POINT ( 'NONE',  ( 3.500000000000003109, 10.00000000000000000, -3.500000000000000000 ) ) ;
#5828 = VERTEX_POINT ( 'NONE', #2247 ) ;
#5829 = DIRECTION ( 'NONE',  ( 0.7071067811865474617, -0.7071067811865474617, -0.000000000000000000 ) ) ;
#5830 = VECTOR ( 'NONE', #4556, 1000.000000000000114 ) ;
#5831 = EDGE_LOOP ( 'NONE', ( #5920, #1403, #5396, #3542 ) ) ;
#5832 = ADVANCED_FACE ( 'NONE', ( #6582 ), #787, .F. ) ;
#5833 = FACE_OUTER_BOUND ( 'NONE', #3768, .T. ) ;
#5834 = CARTESIAN_POINT ( 'NONE',  ( 3.500000000000002220, 7.900000000000011013, -35.75000000000000711 ) ) ;
#5835 = ORIENTED_EDGE ( 'NONE', *, *, #973, .F. ) ;
#5836 = VECTOR ( 'NONE', #2340, 1000.000000000000000 ) ;
#5837 = DIRECTION ( 'NONE',  ( 0.000000000000000000, 0.000000000000000000, -1.000000000000000000 ) ) ;
#5838 = ORIENTED_EDGE ( 'NONE', *, *, #6162, .T. ) ;
#5839 = CIRCLE ( 'NONE', #5291, 3.000000000000000000 ) ;
#5840 = DIRECTION ( 'NONE',  ( 0.000000000000000000, 1.000000000000000000, 0.000000000000000000 ) ) ;
#5841 = ORIENTED_EDGE ( 'NONE', *, *, #5128, .T. ) ;
#5842 = CARTESIAN_POINT ( 'NONE',  ( 39.46827201635471738, 2.899999999999999911, -9.418272016354686471 ) ) ;
#5843 = FACE_OUTER_BOUND ( 'NONE', #1825, .T. ) ;
#5844 = AXIS2_PLACEMENT_3D ( 'NONE', #2129, #3190, #4195 ) ;
#5845 = ORIENTED_EDGE ( 'NONE', *, *, #4185, .T. ) ;
#5846 = PLANE ( 'NONE',  #905 ) ;
#5847 = VERTEX_POINT ( 'NONE', #821 ) ;
#5848 = DIRECTION ( 'NONE',  ( -1.000000000000000000, -0.000000000000000000, -0.000000000000000000 ) ) ;
#5849 = LINE ( 'NONE', #1152, #3983 ) ;
#5850 = VERTEX_POINT ( 'NONE', #2864 ) ;
#5851 = ORIENTED_EDGE ( 'NONE', *, *, #3307, .F. ) ;
#5852 = VECTOR ( 'NONE', #1136, 1000.000000000000000 ) ;
#5853 = DIRECTION ( 'NONE',  ( -1.000000000000000000, 0.000000000000000000, -0.000000000000000000 ) ) ;
#5854 = EDGE_CURVE ( 'NONE', #5555, #3955, #2356, .T. ) ;
#5855 = DIRECTION ( 'NONE',  ( -0.000000000000000000, -1.000000000000000000, -7.796510004390146031E-17 ) ) ;
#5856 = CYLINDRICAL_SURFACE ( 'NONE', #3722, 3.000000000000002665 ) ;
#5857 = LINE ( 'NONE', #1700, #2850 ) ;
#5858 = AXIS2_PLACEMENT_3D ( 'NONE', #4537, #1442, #1891 ) ;
#5859 = EDGE_CURVE ( 'NONE', #5584, #5828, #3804, .T. ) ;
#5860 = CARTESIAN_POINT ( 'NONE',  ( 70.70000000000000284, 4.500000000000000888, -17.14999999999997371 ) ) ;
#5861 = APPROVAL_ROLE ( '' ) ;
#5862 = CARTESIAN_POINT ( 'NONE',  ( 59.35000000000001563, -5.500000000000001776, -41.09999999999996589 ) ) ;
#5863 = ORIENTED_EDGE ( 'NONE', *, *, #6771, .F. ) ;
#5864 = DIRECTION ( 'NONE',  ( 0.000000000000000000, 0.000000000000000000, -1.000000000000000000 ) ) ;
#5865 = CARTESIAN_POINT ( 'NONE',  ( 59.00000000000000000, 4.500000000000000888, -10.94999999999997442 ) ) ;
#5866 = CARTESIAN_POINT ( 'NONE',  ( 53.44999999999997442, 7.900000000000014566, -39.74999999999997158 ) ) ;
#5867 = VERTEX_POINT ( 'NONE', #1846 ) ;
#5868 = DIRECTION ( 'NONE',  ( 0.000000000000000000, 0.000000000000000000, 1.000000000000000000 ) ) ;
#5869 = ORIENTED_EDGE ( 'NONE', *, *, #4085, .T. ) ;
#5870 = EDGE_CURVE ( 'NONE', #187, #6030, #717, .T. ) ;
#5871 = DIRECTION ( 'NONE',  ( 0.000000000000000000, 1.000000000000000000, 7.796510004390144799E-17 ) ) ;
#5872 = VERTEX_POINT ( 'NONE', #3347 ) ;
#5873 = DIRECTION ( 'NONE',  ( -0.000000000000000000, 1.000000000000000000, 7.796510004390144799E-17 ) ) ;
#5874 = DIRECTION ( 'NONE',  ( 1.000000000000000000, 0.000000000000000000, 0.000000000000000000 ) ) ;
#5875 = VERTEX_POINT ( 'NONE', #304 ) ;
#5876 = LINE ( 'NONE', #3897, #2150 ) ;
#5877 = CARTESIAN_POINT ( 'NONE',  ( 69.96410319975777270, 8.977778769052040531, -33.17222123094795450 ) ) ;
#5878 = ORIENTED_EDGE ( 'NONE', *, *, #4474, .F. ) ;
#5879 = ORIENTED_EDGE ( 'NONE', *, *, #2324, .T. ) ;
#5880 = CARTESIAN_POINT ( 'NONE',  ( 0.000000000000000000, 4.500000000000000888, 0.000000000000000000 ) ) ;
#5881 = DIRECTION ( 'NONE',  ( -0.000000000000000000, -1.000000000000000000, -0.000000000000000000 ) ) ;
#5882 = EDGE_LOOP ( 'NONE', ( #5633, #3870 ) ) ;
#5883 = CIRCLE ( 'NONE', #3688, 0.7499999999999937828 ) ;
#5884 = VECTOR ( 'NONE', #29, 1000.000000000000000 ) ;
#5885 = ORIENTED_EDGE ( 'NONE', *, *, #973, .T. ) ;
#5886 = EDGE_CURVE ( 'NONE', #1984, #4062, #3905, .T. ) ;
#5887 = VECTOR ( 'NONE', #3386, 1000.000000000000114 ) ;
#5888 = CARTESIAN_POINT ( 'NONE',  ( 70.69046320926715055, 8.404240080393467593, -32.93099291306582188 ) ) ;
#5889 = EDGE_LOOP ( 'NONE', ( #1516, #5298, #3613, #3274, #1048 ) ) ;
#5890 = CARTESIAN_POINT ( 'NONE',  ( 10.49999999999999822, 2.900000000000001688, -2.999999999999999112 ) ) ;
#5891 = EDGE_CURVE ( 'NONE', #2303, #2773, #1881, .T. ) ;
#5892 = DIRECTION ( 'NONE',  ( -0.000000000000000000, 1.000000000000000000, -0.000000000000000000 ) ) ;
#5893 = FACE_OUTER_BOUND ( 'NONE', #4985, .T. ) ;
#5894 = VECTOR ( 'NONE', #6266, 1000.000000000000000 ) ;
#5895 = EDGE_CURVE ( 'NONE', #4306, #383, #4344, .T. ) ;
#5896 = FACE_OUTER_BOUND ( 'NONE', #6734, .T. ) ;
#5897 = AXIS2_PLACEMENT_3D ( 'NONE', #896, #4593, #5078 ) ;
#5898 = EDGE_CURVE ( 'NONE', #776, #6320, #637, .T. ) ;
#5899 = DIRECTION ( 'NONE',  ( 0.000000000000000000, 0.000000000000000000, 1.000000000000000000 ) ) ;
#5900 = CARTESIAN_POINT ( 'NONE',  ( 55.73172798364529967, 2.899999999999999911, -26.53172798364527196 ) ) ;
#5901 = ORIENTED_EDGE ( 'NONE', *, *, #346, .F. ) ;
#5902 = CARTESIAN_POINT ( 'NONE',  ( 37.00000000000000000, 4.500000000000000888, -25.14999999999998082 ) ) ;
#5903 = EDGE_CURVE ( 'NONE', #3452, #1714, #4384, .T. ) ;
#5904 = LINE ( 'NONE', #5978, #4983 ) ;
#5905 = CARTESIAN_POINT ( 'NONE',  ( 57.00000000000000000, 3.900000000000001688, -35.75000000000000000 ) ) ;
#5906 = ORIENTED_EDGE ( 'NONE', *, *, #826, .F. ) ;
#5907 = CARTESIAN_POINT ( 'NONE',  ( -2.999999999999999112, 10.00000000000000000, -10.94999999999997442 ) ) ;
#5908 = ORIENTED_EDGE ( 'NONE', *, *, #2179, .T. ) ;
#5909 = ORIENTED_EDGE ( 'NONE', *, *, #4169, .T. ) ;
#5910 = AXIS2_PLACEMENT_3D ( 'NONE', #2907, #1782, #792 ) ;
#5911 = CARTESIAN_POINT ( 'NONE',  ( 57.00000000000000000, 3.900000000000001688, -44.75000000000001421 ) ) ;
#5912 = EDGE_LOOP ( 'NONE', ( #1722, #5901, #2765, #5086 ) ) ;
#5913 = ADVANCED_FACE ( 'NONE', ( #5069 ), #373, .F. ) ;
#5914 = LINE ( 'NONE', #3569, #5201 ) ;
#5915 = LINE ( 'NONE', #4444, #3923 ) ;
#5916 = VERTEX_POINT ( 'NONE', #887 ) ;
#5917 = LINE ( 'NONE', #1218, #6492 ) ;
#5918 = LINE ( 'NONE', #5406, #4618 ) ;
#5919 = VERTEX_POINT ( 'NONE', #5714 ) ;
#5920 = ORIENTED_EDGE ( 'NONE', *, *, #4469, .T. ) ;
#5921 = PLANE ( 'NONE',  #3254 ) ;
#5922 = CARTESIAN_POINT ( 'NONE',  ( 67.28406102905007913, 2.900000000000001688, -35.75000000000000711 ) ) ;
#5923 = CONICAL_SURFACE ( 'NONE', #5806, 1.500000000000015099, 0.7853981633974596033 ) ;
#5924 = VERTEX_POINT ( 'NONE', #1430 ) ;
#5925 = CIRCLE ( 'NONE', #3618, 0.9999999999999940048 ) ;
#5926 = EDGE_CURVE ( 'NONE', #3124, #3813, #3699, .T. ) ;
#5927 = AXIS2_PLACEMENT_3D ( 'NONE', #2778, #4839, #5986 ) ;
#5928 = ORIENTED_EDGE ( 'NONE', *, *, #4594, .T. ) ;
#5929 = AXIS2_PLACEMENT_3D ( 'NONE', #5424, #208, #4532 ) ;
#5930 = CARTESIAN_POINT ( 'NONE',  ( 70.68122301128592255, 8.360114170628186514, -33.00080833355317367 ) ) ;
#5931 = ORIENTED_EDGE ( 'NONE', *, *, #4802, .T. ) ;
#5932 = LINE ( 'NONE', #2318, #2929 ) ;
#5933 = DIRECTION ( 'NONE',  ( 0.000000000000000000, 1.000000000000000000, 0.000000000000000000 ) ) ;
#5934 = LINE ( 'NONE', #3834, #5601 ) ;
#5935 = DIRECTION ( 'NONE',  ( 0.000000000000000000, 1.000000000000000000, 7.796510004390144799E-17 ) ) ;
#5936 = EDGE_CURVE ( 'NONE', #1375, #2241, #5649, .T. ) ;
#5937 = CALENDAR_DATE ( 2025, 26, 9 ) ;
#5938 = DIRECTION ( 'NONE',  ( -0.000000000000000000, 1.000000000000000000, -0.000000000000000000 ) ) ;
#5939 = VERTEX_POINT ( 'NONE', #6137 ) ;
#5940 = DIRECTION ( 'NONE',  ( -0.4140043409440209432, 0.7071067811865388020, 0.5732367797686390709 ) ) ;
#5941 = LINE ( 'NONE', #6452, #1807 ) ;
#5942 = LINE ( 'NONE', #3325, #2876 ) ;
#5943 = EDGE_LOOP ( 'NONE', ( #1966, #5503, #86, #1486 ) ) ;
#5944 = CIRCLE ( 'NONE', #2204, 1.500000000000001332 ) ;
#5945 = CARTESIAN_POINT ( 'NONE',  ( 39.50000000000000711, 3.400000000000001688, -30.64999999999998437 ) ) ;
#5946 = ORIENTED_EDGE ( 'NONE', *, *, #1311, .T. ) ;
#5947 = ORIENTED_EDGE ( 'NONE', *, *, #2471, .T. ) ;
#5948 = PLANE ( 'NONE',  #4963 ) ;
#5949 = ORIENTED_EDGE ( 'NONE', *, *, #648, .T. ) ;
#5950 = PLANE ( 'NONE',  #1265 ) ;
#5951 = AXIS2_PLACEMENT_3D ( 'NONE', #3196, #603, #2681 ) ;
#5952 = CARTESIAN_POINT ( 'NONE',  ( 0.000000000000000000, 10.00000000000000000, 0.000000000000000000 ) ) ;
#5953 = EDGE_CURVE ( 'NONE', #3363, #5373, #2457, .T. ) ;
#5954 = ORIENTED_EDGE ( 'NONE', *, *, #2708, .F. ) ;
#5955 = CYLINDRICAL_SURFACE ( 'NONE', #511, 1.500000000000001332 ) ;
#5956 = DIRECTION ( 'NONE',  ( 1.084202172485504434E-16, -7.796510004390146031E-17, 1.000000000000000000 ) ) ;
#5957 = ORIENTED_EDGE ( 'NONE', *, *, #893, .T. ) ;
#5958 = VERTEX_POINT ( 'NONE', #1912 ) ;
#5959 = DIRECTION ( 'NONE',  ( 1.000000000000000000, 0.000000000000000000, 0.000000000000000000 ) ) ;
#5960 = CARTESIAN_POINT ( 'NONE',  ( -2.999999999999999112, 4.500000000000000888, -10.94999999999997442 ) ) ;
#5961 = VECTOR ( 'NONE', #5607, 999.9999999999998863 ) ;
#5962 = EDGE_LOOP ( 'NONE', ( #2971, #2783, #3829, #1322 ) ) ;
#5963 = CIRCLE ( 'NONE', #6509, 1.000000000000000888 ) ;
#5964 = ORIENTED_EDGE ( 'NONE', *, *, #4782, .T. ) ;
#5965 = FACE_OUTER_BOUND ( 'NONE', #5889, .T. ) ;
#5966 = ORIENTED_EDGE ( 'NONE', *, *, #5814, .F. ) ;
#5967 = LINE ( 'NONE', #3832, #2383 ) ;
#5968 = DIRECTION ( 'NONE',  ( 0.000000000000000000, -1.000000000000000000, 0.000000000000000000 ) ) ;
#5969 = DIRECTION ( 'NONE',  ( 1.000000000000000000, 0.000000000000000000, -0.000000000000000000 ) ) ;
#5970 = EDGE_CURVE ( 'NONE', #2066, #6700, #2003, .T. ) ;
#5971 = ORIENTED_EDGE ( 'NONE', *, *, #3351, .T. ) ;
#5972 = VECTOR ( 'NONE', #1864, 1000.000000000000000 ) ;
#5973 = DIRECTION ( 'NONE',  ( -1.084202172485504434E-16, 7.796510004390146031E-17, -1.000000000000000000 ) ) ;
#5974 = CARTESIAN_POINT ( 'NONE',  ( -3.000000000000000000, 8.399999999999996803, -32.14999999999998437 ) ) ;
#5975 = ORIENTED_EDGE ( 'NONE', *, *, #963, .F. ) ;
#5976 = CARTESIAN_POINT ( 'NONE',  ( 1.250000000000002442, 2.900000000000001688, -35.75000000000000711 ) ) ;
#5977 = AXIS2_PLACEMENT_3D ( 'NONE', #1719, #5873, #1176 ) ;
#5978 = CARTESIAN_POINT ( 'NONE',  ( 36.44999999999997442, 7.900000000000014566, -41.74999999999997158 ) ) ;
#5979 = DIRECTION ( 'NONE',  ( 0.000000000000000000, -0.7071067811865475727, -0.7071067811865475727 ) ) ;
#5980 = ORIENTED_EDGE ( 'NONE', *, *, #2166, .F. ) ;
#5981 = ADVANCED_FACE ( 'NONE', ( #4614 ), #2969, .F. ) ;
#5982 = EDGE_LOOP ( 'NONE', ( #546, #6740, #3784, #2091 ) ) ;
#5983 = ORIENTED_EDGE ( 'NONE', *, *, #2959, .T. ) ;
#5984 = DIRECTION ( 'NONE',  ( 0.000000000000000000, 1.000000000000000000, 0.000000000000000000 ) ) ;
#5985 = ORIENTED_EDGE ( 'NONE', *, *, #4185, .F. ) ;
#5986 = DIRECTION ( 'NONE',  ( 0.000000000000000000, 0.000000000000000000, 1.000000000000000000 ) ) ;
#5987 = CARTESIAN_POINT ( 'NONE',  ( 36.50000000000000000, 10.00000000000000000, 0.000000000000000000 ) ) ;
#5988 = EDGE_CURVE ( 'NONE', #1763, #1976, #981, .T. ) ;
#5989 = ORIENTED_EDGE ( 'NONE', *, *, #3381, .F. ) ;
#5990 = LINE ( 'NONE', #1288, #3478 ) ;
#5991 = CARTESIAN_POINT ( 'NONE',  ( 69.83798248451242330, 8.415226126729832501, -33.73477387327015009 ) ) ;
#5992 = ORIENTED_EDGE ( 'NONE', *, *, #1331, .T. ) ;
#5993 = CARTESIAN_POINT ( 'NONE',  ( 1.250000000000002442, 3.400000000000001688, -36.75000000000000711 ) ) ;
#5994 = CARTESIAN_POINT ( 'NONE',  ( 53.44999999999997442, 8.400000000000000355, -40.74999999999997158 ) ) ;
#5995 = EDGE_CURVE ( 'NONE', #1010, #2343, #1942, .T. ) ;
#5996 = ORIENTED_EDGE ( 'NONE', *, *, #4886, .F. ) ;
#5997 = VERTEX_POINT ( 'NONE', #1493 ) ;
#5998 = CARTESIAN_POINT ( 'NONE',  ( 70.64171509981322572, 8.228989800829157986, -33.20826452758259961 ) ) ;
#5999 = ORIENTED_EDGE ( 'NONE', *, *, #204, .F. ) ;
#6000 = DIRECTION ( 'NONE',  ( -0.000000000000000000, 1.000000000000000000, 7.796510004390144799E-17 ) ) ;
#6001 = DIRECTION ( 'NONE',  ( 0.000000000000000000, 0.7071067811865500152, 0.7071067811865451302 ) ) ;
#6002 = CIRCLE ( 'NONE', #5338, 1.500000000000001332 ) ;
#6003 = LINE ( 'NONE', #789, #1100 ) ;
#6004 = AXIS2_PLACEMENT_3D ( 'NONE', #2395, #6586, #859 ) ;
#6005 = ORIENTED_EDGE ( 'NONE', *, *, #2137, .T. ) ;
#6006 = EDGE_CURVE ( 'NONE', #13, #2706, #5021, .T. ) ;
#6007 = LINE ( 'NONE', #5005, #5011 ) ;
#6008 = VECTOR ( 'NONE', #3656, 1000.000000000000000 ) ;
#6009 = AXIS2_PLACEMENT_3D ( 'NONE', #1040, #1109, #3226 ) ;
#6010 = CYLINDRICAL_SURFACE ( 'NONE', #4, 0.8500000000000035305 ) ;
#6011 = ORIENTED_EDGE ( 'NONE', *, *, #6246, .F. ) ;
#6012 = CARTESIAN_POINT ( 'NONE',  ( 70.70000000000000284, 4.500000000000000888, -14.94999999999997442 ) ) ;
#6013 = AXIS2_PLACEMENT_3D ( 'NONE', #1810, #853, #1736 ) ;
#6014 = VECTOR ( 'NONE', #5940, 1000.000000000000000 ) ;
#6015 = FACE_OUTER_BOUND ( 'NONE', #1504, .T. ) ;
#6016 = DIRECTION ( 'NONE',  ( 0.000000000000000000, 0.000000000000000000, -1.000000000000000000 ) ) ;
#6017 = EDGE_CURVE ( 'NONE', #5399, #2588, #5166, .T. ) ;
#6018 = VECTOR ( 'NONE', #3617, 1000.000000000000000 ) ;
#6019 = ORIENTED_EDGE ( 'NONE', *, *, #959, .F. ) ;
#6020 = CARTESIAN_POINT ( 'NONE',  ( -3.000000000000000000, 8.399999999999996803, -14.94999999999997442 ) ) ;
#6021 = ORIENTED_EDGE ( 'NONE', *, *, #3381, .T. ) ;
#6022 = VERTEX_POINT ( 'NONE', #6200 ) ;
#6023 = CARTESIAN_POINT ( 'NONE',  ( -3.000000000000002665, 8.400000000000002132, -47.74999999999998579 ) ) ;
#6024 = CARTESIAN_POINT ( 'NONE',  ( 61.50000000000000711, 2.900000000000001688, -53.50000000000000000 ) ) ;
#6025 = LINE ( 'NONE', #2889, #1402 ) ;
#6026 = EDGE_CURVE ( 'NONE', #4388, #4613, #4041, .T. ) ;
#6027 = EDGE_LOOP ( 'NONE', ( #1110, #3938, #2914, #489 ) ) ;
#6028 = DIRECTION ( 'NONE',  ( -1.000000000000000000, 0.000000000000000000, 0.000000000000000000 ) ) ;
#6029 = CARTESIAN_POINT ( 'NONE',  ( 69.94803450787932775, 8.745776151348529481, -33.40422384865146910 ) ) ;
#6030 = VERTEX_POINT ( 'NONE', #918 ) ;
#6031 = PLANE ( 'NONE',  #6444 ) ;
#6032 = FACE_OUTER_BOUND ( 'NONE', #3629, .T. ) ;
#6033 = VERTEX_POINT ( 'NONE', #1464 ) ;
#6034 = ORIENTED_EDGE ( 'NONE', *, *, #809, .F. ) ;
#6035 = EDGE_CURVE ( 'NONE', #2773, #5221, #2998, .T. ) ;
#6036 = DIRECTION ( 'NONE',  ( 1.000000000000000000, -0.000000000000000000, 1.029509481291873510E-16 ) ) ;
#6037 = ORIENTED_EDGE ( 'NONE', *, *, #256, .F. ) ;
#6038 = CC_DESIGN_APPROVAL ( #6453, ( #1321 ) ) ;
#6039 = CYLINDRICAL_SURFACE ( 'NONE', #4036, 0.9999999999999995559 ) ;
#6040 = CARTESIAN_POINT ( 'NONE',  ( 10.50000000000000178, 2.900000000000001688, -44.75000000000001421 ) ) ;
#6041 = LINE ( 'NONE', #6549, #5376 ) ;
#6042 = ORIENTED_EDGE ( 'NONE', *, *, #5272, .F. ) ;
#6043 = VECTOR ( 'NONE', #2656, 1000.000000000000000 ) ;
#6044 = FACE_OUTER_BOUND ( 'NONE', #82, .T. ) ;
#6045 = CIRCLE ( 'NONE', #6683, 1.500000000000015099 ) ;
#6046 = EDGE_CURVE ( 'NONE', #6757, #3647, #5102, .T. ) ;
#6047 = DIRECTION ( 'NONE',  ( 0.000000000000000000, 0.000000000000000000, 1.000000000000000000 ) ) ;
#6048 = EDGE_CURVE ( 'NONE', #3050, #2979, #4069, .T. ) ;
#6049 = LINE ( 'NONE', #4940, #4480 ) ;
#6050 = FACE_OUTER_BOUND ( 'NONE', #852, .T. ) ;
#6051 = PLANE ( 'NONE',  #144 ) ;
#6052 = EDGE_LOOP ( 'NONE', ( #5586, #4657, #4440, #1227 ) ) ;
#6053 = CYLINDRICAL_SURFACE ( 'NONE', #1096, 0.8500000000000000888 ) ;
#6054 = VERTEX_POINT ( 'NONE', #3583 ) ;
#6055 = ORIENTED_EDGE ( 'NONE', *, *, #4225, .F. ) ;
#6056 = DIRECTION ( 'NONE',  ( 0.000000000000000000, 0.000000000000000000, -1.000000000000000000 ) ) ;
#6057 = EDGE_CURVE ( 'NONE', #2836, #1354, #464, .T. ) ;
#6058 = LINE ( 'NONE', #5666, #1144 ) ;
#6059 = CARTESIAN_POINT ( 'NONE',  ( 59.00000000000000000, 4.500000000000000888, -22.94999999999997797 ) ) ;
#6060 = CONICAL_SURFACE ( 'NONE', #2865, 1.000000000000000888, 0.7853981633974630450 ) ;
#6061 = ORIENTED_EDGE ( 'NONE', *, *, #2240, .T. ) ;
#6062 = CARTESIAN_POINT ( 'NONE',  ( 59.50000000000000000, 10.00000000000000000, -18.94999999999997442 ) ) ;
#6063 = CARTESIAN_POINT ( 'NONE',  ( 1.250000000000002442, 3.400000000000001688, -16.00000000000000000 ) ) ;
#6064 = VERTEX_POINT ( 'NONE', #6167 ) ;
#6065 = DIRECTION ( 'NONE',  ( -0.000000000000000000, 1.000000000000000000, 7.796510004390144799E-17 ) ) ;
#6066 = CARTESIAN_POINT ( 'NONE',  ( -3.000000000000000000, 4.500000000000000888, -29.14999999999998437 ) ) ;
#6067 = VERTEX_POINT ( 'NONE', #2547 ) ;
#6068 = VECTOR ( 'NONE', #5103, 1000.000000000000000 ) ;
#6069 = ORIENTED_EDGE ( 'NONE', *, *, #4810, .T. ) ;
#6070 = DIRECTION ( 'NONE',  ( -1.000000000000000000, -0.000000000000000000, -0.000000000000000000 ) ) ;
#6071 = VECTOR ( 'NONE', #4005, 1000.000000000000000 ) ;
#6072 = VERTEX_POINT ( 'NONE', #4646 ) ;
#6073 = DIRECTION ( 'NONE',  ( 1.176068603069880836E-32, 1.000000000000000000, 1.321557127193244756E-48 ) ) ;
#6074 = DIRECTION ( 'NONE',  ( 0.000000000000000000, -0.000000000000000000, -1.000000000000000000 ) ) ;
#6075 = AXIS2_PLACEMENT_3D ( 'NONE', #6348, #3, #2698 ) ;
#6076 = VERTEX_POINT ( 'NONE', #1655 ) ;
#6077 = LINE ( 'NONE', #1853, #6214 ) ;
#6078 = VECTOR ( 'NONE', #4694, 1000.000000000000000 ) ;
#6079 = EDGE_CURVE ( 'NONE', #4375, #1941, #1011, .T. ) ;
#6080 = CARTESIAN_POINT ( 'NONE',  ( -3.000000000000000000, 8.399999999999996803, -32.14999999999998437 ) ) ;
#6081 = DIRECTION ( 'NONE',  ( 0.000000000000000000, -1.000000000000000000, -7.796510004390144799E-17 ) ) ;
#6082 = CARTESIAN_POINT ( 'NONE',  ( 55.73172798364529967, 3.500000000000000444, -25.68172798364527054 ) ) ;
#6083 = EDGE_CURVE ( 'NONE', #4993, #3647, #2201, .T. ) ;
#6084 = DIRECTION ( 'NONE',  ( -0.000000000000000000, 1.000000000000000000, -0.000000000000000000 ) ) ;
#6085 = ORIENTED_EDGE ( 'NONE', *, *, #1339, .T. ) ;
#6086 = LINE ( 'NONE', #1860, #4502 ) ;
#6087 = VECTOR ( 'NONE', #1450, 1000.000000000000000 ) ;
#6088 = EDGE_LOOP ( 'NONE', ( #3118, #586, #5480, #2507 ) ) ;
#6089 = ORIENTED_EDGE ( 'NONE', *, *, #5383, .F. ) ;
#6090 = DIRECTION ( 'NONE',  ( -1.000000000000000000, 0.000000000000000000, 0.000000000000000000 ) ) ;
#6091 = DIRECTION ( 'NONE',  ( -0.7071067811865472397, -0.7071067811865479058, 0.000000000000000000 ) ) ;
#6092 = CARTESIAN_POINT ( 'NONE',  ( -2.999999999999999112, 4.500000000000000888, -17.14999999999997371 ) ) ;
#6093 = EDGE_LOOP ( 'NONE', ( #4929, #3479, #2490, #4049 ) ) ;
#6094 = EDGE_CURVE ( 'NONE', #3322, #6736, #1618, .T. ) ;
#6095 = LINE ( 'NONE', #5614, #3130 ) ;
#6096 = DIRECTION ( 'NONE',  ( 0.000000000000000000, 1.000000000000000000, 0.000000000000000000 ) ) ;
#6097 = ORIENTED_EDGE ( 'NONE', *, *, #4459, .F. ) ;
#6098 = DIRECTION ( 'NONE',  ( 0.000000000000000000, -0.7071067811865378028, -0.7071067811865573427 ) ) ;
#6099 = ORIENTED_EDGE ( 'NONE', *, *, #6283, .F. ) ;
#6100 = EDGE_CURVE ( 'NONE', #1817, #6352, #4778, .T. ) ;
#6101 = DIRECTION ( 'NONE',  ( 0.000000000000000000, 0.000000000000000000, 1.000000000000000000 ) ) ;
#6102 = EDGE_LOOP ( 'NONE', ( #5928, #3674, #4201, #4264 ) ) ;
#6103 = DIRECTION ( 'NONE',  ( 0.000000000000000000, -1.000000000000000000, 0.000000000000000000 ) ) ;
#6104 = CARTESIAN_POINT ( 'NONE',  ( -1.999999999999985345, 8.400000000000002132, -53.00000000000000000 ) ) ;
#6105 = ORIENTED_EDGE ( 'NONE', *, *, #3541, .F. ) ;
#6106 = LINE ( 'NONE', #241, #3023 ) ;
#6107 = EDGE_CURVE ( 'NONE', #4745, #1524, #1625, .T. ) ;
#6108 = CARTESIAN_POINT ( 'NONE',  ( 54.44999999999997442, 7.900000000000014566, -40.74999999999997158 ) ) ;
#6109 = AXIS2_PLACEMENT_3D ( 'NONE', #1668, #1779, #167 ) ;
#6110 = CARTESIAN_POINT ( 'NONE',  ( 6.200000000000001066, -5.500000000000001776, -37.99999999999997868 ) ) ;
#6111 = CARTESIAN_POINT ( 'NONE',  ( 9.850000000000006750, 8.400000000000000355, -41.09999999999996589 ) ) ;
#6112 = EDGE_CURVE ( 'NONE', #4775, #5553, #3142, .T. ) ;
#6113 = VECTOR ( 'NONE', #6189, 1000.000000000000000 ) ;
#6114 = EDGE_CURVE ( 'NONE', #1584, #2716, #635, .T. ) ;
#6115 = DIRECTION ( 'NONE',  ( 0.000000000000000000, -1.000000000000000000, -7.796510004390144799E-17 ) ) ;
#6116 = VECTOR ( 'NONE', #2954, 1000.000000000000000 ) ;
#6117 = ORIENTED_EDGE ( 'NONE', *, *, #3910, .T. ) ;
#6118 = DIRECTION ( 'NONE',  ( 0.000000000000000000, 1.000000000000000000, 0.000000000000000000 ) ) ;
#6119 = EDGE_CURVE ( 'NONE', #930, #4381, #3125, .T. ) ;
#6120 = CIRCLE ( 'NONE', #6438, 1.500000000000015099 ) ;
#6121 = EDGE_LOOP ( 'NONE', ( #98, #3638, #336, #1271 ) ) ;
#6122 = ORIENTED_EDGE ( 'NONE', *, *, #4022, .T. ) ;
#6123 = CARTESIAN_POINT ( 'NONE',  ( 53.44999999999997442, 3.899999999999987921, -40.74999999999997158 ) ) ;
#6124 = LINE ( 'NONE', #5609, #5306 ) ;
#6125 = VECTOR ( 'NONE', #4524, 1000.000000000000000 ) ;
#6126 = CARTESIAN_POINT ( 'NONE',  ( 37.44999999999997442, 3.400000000000001688, -40.74999999999997158 ) ) ;
#6127 = ORIENTED_EDGE ( 'NONE', *, *, #683, .F. ) ;
#6128 = VECTOR ( 'NONE', #5426, 1000.000000000000000 ) ;
#6129 = CARTESIAN_POINT ( 'NONE',  ( -2.999999999999999112, 4.500000000000000888, -14.94999999999997442 ) ) ;
#6130 = LINE ( 'NONE', #5549, #4090 ) ;
#6131 = ORIENTED_EDGE ( 'NONE', *, *, #2031, .T. ) ;
#6132 = LINE ( 'NONE', #847, #800 ) ;
#6133 = ORIENTED_EDGE ( 'NONE', *, *, #3396, .T. ) ;
#6134 = ADVANCED_FACE ( 'NONE', ( #2714 ), #3716, .T. ) ;
#6135 = DIRECTION ( 'NONE',  ( -0.000000000000000000, 1.000000000000000000, -0.000000000000000000 ) ) ;
#6136 = ORIENTED_EDGE ( 'NONE', *, *, #3844, .T. ) ;
#6137 = CARTESIAN_POINT ( 'NONE',  ( 63.00000000000000000, 3.900000000000001688, -36.75000000000000711 ) ) ;
#6138 = LINE ( 'NONE', #5071, #4294 ) ;
#6139 = ORIENTED_EDGE ( 'NONE', *, *, #4902, .F. ) ;
#6140 = EDGE_CURVE ( 'NONE', #531, #2997, #4789, .T. ) ;
#6141 = DIRECTION ( 'NONE',  ( 0.000000000000000000, -1.000000000000000000, 0.000000000000000000 ) ) ;
#6142 = LINE ( 'NONE', #3528, #6473 ) ;
#6143 = DIRECTION ( 'NONE',  ( 0.000000000000000000, 1.000000000000000000, 0.000000000000000000 ) ) ;
#6144 = AXIS2_PLACEMENT_3D ( 'NONE', #5273, #3655, #2175 ) ;
#6145 = CIRCLE ( 'NONE', #4708, 0.8500000000000000888 ) ;
#6146 = EDGE_CURVE ( 'NONE', #4731, #6033, #4165, .T. ) ;
#6147 = FACE_OUTER_BOUND ( 'NONE', #6260, .T. ) ;
#6148 = AXIS2_PLACEMENT_3D ( 'NONE', #539, #1632, #1124 ) ;
#6149 = VERTEX_POINT ( 'NONE', #2171 ) ;
#6150 = DIRECTION ( 'NONE',  ( -1.000000000000000000, 0.000000000000000000, 0.000000000000000000 ) ) ;
#6151 = VERTEX_POINT ( 'NONE', #5202 ) ;
#6152 = ORIENTED_EDGE ( 'NONE', *, *, #6388, .T. ) ;
#6153 = FACE_OUTER_BOUND ( 'NONE', #5512, .T. ) ;
#6154 = DIRECTION ( 'NONE',  ( 0.7071067811865484609, -0.7071067811865465735, 0.000000000000000000 ) ) ;
#6155 = DIRECTION ( 'NONE',  ( 0.000000000000000000, -1.000000000000000000, 0.000000000000000000 ) ) ;
#6156 = EDGE_LOOP ( 'NONE', ( #4191, #1648, #6281, #4948 ) ) ;
#6157 = DIRECTION ( 'NONE',  ( 0.000000000000000000, 0.000000000000000000, -1.000000000000000000 ) ) ;
#6158 = DIRECTION ( 'NONE',  ( -1.000000000000000000, 0.000000000000000000, -0.000000000000000000 ) ) ;
#6159 = ORIENTED_EDGE ( 'NONE', *, *, #3796, .F. ) ;
#6160 = FACE_OUTER_BOUND ( 'NONE', #3874, .T. ) ;
#6161 = ORIENTED_EDGE ( 'NONE', *, *, #4313, .F. ) ;
#6162 = EDGE_CURVE ( 'NONE', #2303, #3502, #5232, .T. ) ;
#6163 = VECTOR ( 'NONE', #741, 1000.000000000000000 ) ;
#6164 = DIRECTION ( 'NONE',  ( 0.000000000000000000, 0.000000000000000000, 1.000000000000000000 ) ) ;
#6165 = EDGE_CURVE ( 'NONE', #3087, #254, #120, .T. ) ;
#6166 = ORIENTED_EDGE ( 'NONE', *, *, #468, .T. ) ;
#6167 = CARTESIAN_POINT ( 'NONE',  ( 53.75000000000000000, 2.900000000000001688, -16.00000000000000000 ) ) ;
#6168 = CARTESIAN_POINT ( 'NONE',  ( 36.44999999999997442, 3.899999999999987921, -40.74999999999997158 ) ) ;
#6169 = EDGE_LOOP ( 'NONE', ( #2846, #2913, #6430, #6580 ) ) ;
#6170 = CIRCLE ( 'NONE', #6707, 0.7499999999999937828 ) ;
#6172 = ADVANCED_FACE ( 'NONE', ( #4715 ), #1693, .T. ) ;
#6171 = AXIS2_PLACEMENT_3D ( 'NONE', #4868, #5979, #174 ) ;
#6173 = CARTESIAN_POINT ( 'NONE',  ( -1.399999999999995914, 10.00000000000000000, -3.000000000000000000 ) ) ;
#6174 = FACE_OUTER_BOUND ( 'NONE', #4607, .T. ) ;
#6175 = LINE ( 'NONE', #1472, #2937 ) ;
#6176 = AXIS2_PLACEMENT_3D ( 'NONE', #880, #6384, #6758 ) ;
#6177 = VECTOR ( 'NONE', #5061, 1000.000000000000114 ) ;
#6178 = FACE_OUTER_BOUND ( 'NONE', #2902, .T. ) ;
#6179 = ORIENTED_EDGE ( 'NONE', *, *, #3500, .F. ) ;
#6180 = LINE ( 'NONE', #6209, #1972 ) ;
#6181 = VERTEX_POINT ( 'NONE', #2134 ) ;
#6182 = ORIENTED_EDGE ( 'NONE', *, *, #1118, .F. ) ;
#6183 = CARTESIAN_POINT ( 'NONE',  ( 63.00000000000000000, 2.900000000000001688, -44.75000000000000711 ) ) ;
#6184 = CARTESIAN_POINT ( 'NONE',  ( 60.00000000000000000, 8.400000000000002132, -51.00000000000000000 ) ) ;
#6185 = DIRECTION ( 'NONE',  ( 0.000000000000000000, 0.000000000000000000, -1.000000000000000000 ) ) ;
#6186 = VECTOR ( 'NONE', #2563, 1000.000000000000000 ) ;
#6187 = EDGE_CURVE ( 'NONE', #6149, #5156, #2101, .T. ) ;
#6188 = ORIENTED_EDGE ( 'NONE', *, *, #1781, .F. ) ;
#6189 = DIRECTION ( 'NONE',  ( -0.000000000000000000, -0.000000000000000000, 1.000000000000000000 ) ) ;
#6190 = ORIENTED_EDGE ( 'NONE', *, *, #5926, .T. ) ;
#6191 = CARTESIAN_POINT ( 'NONE',  ( 35.50000000000000000, 3.400000000000001688, -31.14999999999998437 ) ) ;
#6192 = AXIS2_PLACEMENT_3D ( 'NONE', #3398, #1983, #1856 ) ;
#6193 = ORIENTED_EDGE ( 'NONE', *, *, #5079, .T. ) ;
#6194 = EDGE_CURVE ( 'NONE', #5651, #4163, #3195, .T. ) ;
#6195 = EDGE_CURVE ( 'NONE', #447, #2598, #496, .T. ) ;
#6196 = VERTEX_POINT ( 'NONE', #1045 ) ;
#6197 = CARTESIAN_POINT ( 'NONE',  ( 35.94999999999997442, 8.400000000000000355, -40.74999999999997158 ) ) ;
#6198 = VERTEX_POINT ( 'NONE', #533 ) ;
#6199 = EDGE_CURVE ( 'NONE', #6647, #5872, #5674, .T. ) ;
#6200 = CARTESIAN_POINT ( 'NONE',  ( 9.850000000000006750, 3.900000000000000799, -41.09999999999996589 ) ) ;
#6201 = DIRECTION ( 'NONE',  ( 0.000000000000000000, 1.000000000000000000, 7.796510004390144799E-17 ) ) ;
#6202 = VERTEX_POINT ( 'NONE', #6469 ) ;
#6203 = DIRECTION ( 'NONE',  ( 0.000000000000000000, -1.000000000000000000, -7.796510004390146031E-17 ) ) ;
#6204 = CARTESIAN_POINT ( 'NONE',  ( -3.000000000000000000, 8.399999999999996803, 0.000000000000000000 ) ) ;
#6205 = DIRECTION ( 'NONE',  ( 0.000000000000000000, 0.000000000000000000, 1.000000000000000000 ) ) ;
#6206 = ADVANCED_FACE ( 'NONE', ( #1768 ), #743, .T. ) ;
#6207 = CARTESIAN_POINT ( 'NONE',  ( 36.99999999999999289, 9.500000000000014211, -10.94999999999997442 ) ) ;
#6208 = ORIENTED_EDGE ( 'NONE', *, *, #3467, .F. ) ;
#6209 = CARTESIAN_POINT ( 'NONE',  ( 63.00000000000000000, 7.899999999999997691, -47.25000000000000000 ) ) ;
#6210 = VERTEX_POINT ( 'NONE', #1837 ) ;
#6211 = CARTESIAN_POINT ( 'NONE',  ( -2.999999999999999112, 10.00000000000000000, -25.14999999999998082 ) ) ;
#6212 = DIRECTION ( 'NONE',  ( 0.000000000000000000, 0.000000000000000000, -1.000000000000000000 ) ) ;
#6213 = AXIS2_PLACEMENT_3D ( 'NONE', #907, #4577, #2960 ) ;
#6214 = VECTOR ( 'NONE', #976, 1000.000000000000000 ) ;
#6215 = ADVANCED_FACE ( 'NONE', ( #4485 ), #1185, .F. ) ;
#6216 = LINE ( 'NONE', #4659, #6725 ) ;
#6217 = DIRECTION ( 'NONE',  ( 0.000000000000000000, -1.000000000000000000, 0.000000000000000000 ) ) ;
#6218 = VECTOR ( 'NONE', #730, 1000.000000000000000 ) ;
#6219 = ORIENTED_EDGE ( 'NONE', *, *, #5270, .T. ) ;
#6220 = DIRECTION ( 'NONE',  ( 0.000000000000000000, -1.000000000000000000, -7.796510004390144799E-17 ) ) ;
#6221 = ORIENTED_EDGE ( 'NONE', *, *, #3789, .F. ) ;
#6222 = LINE ( 'NONE', #2417, #5411 ) ;
#6223 = ORIENTED_EDGE ( 'NONE', *, *, #2349, .F. ) ;
#6224 = AXIS2_PLACEMENT_3D ( 'NONE', #780, #673, #1326 ) ;
#6225 = LINE ( 'NONE', #4707, #5529 ) ;
#6226 = ADVANCED_FACE ( 'NONE', ( #1728 ), #1261, .F. ) ;
#6227 = CARTESIAN_POINT ( 'NONE',  ( 57.00000000000000000, 3.400000000000001688, -44.75000000000001421 ) ) ;
#6228 = VECTOR ( 'NONE', #793, 1000.000000000000000 ) ;
#6229 = AXIS2_PLACEMENT_3D ( 'NONE', #4052, #1446, #931 ) ;
#6230 = ORIENTED_EDGE ( 'NONE', *, *, #2063, .F. ) ;
#6231 = DIRECTION ( 'NONE',  ( -0.4140043409440103406, -0.7071067811865541231, 0.5732367797686279687 ) ) ;
#6232 = ORIENTED_EDGE ( 'NONE', *, *, #1852, .T. ) ;
#6233 = CARTESIAN_POINT ( 'NONE',  ( 59.00000000000000000, 4.500000000000000888, 0.000000000000000000 ) ) ;
#6234 = CARTESIAN_POINT ( 'NONE',  ( 69.96410319975777270, 8.977778769052038754, -33.17222123094795450 ) ) ;
#6235 = EDGE_LOOP ( 'NONE', ( #6759, #962, #4961, #1371 ) ) ;
#6236 = EDGE_CURVE ( 'NONE', #599, #2446, #3933, .T. ) ;
#6237 = CIRCLE ( 'NONE', #6773, 0.8500000000000035305 ) ;
#6238 = CARTESIAN_POINT ( 'NONE',  ( 10.50000000000000178, 5.600000000000001421, -32.64999999999998437 ) ) ;
#6239 = CARTESIAN_POINT ( 'NONE',  ( 64.00000000000000000, 8.400000000000000355, -36.75000000000000711 ) ) ;
#6240 = DIRECTION ( 'NONE',  ( -0.000000000000000000, 1.000000000000000000, -0.000000000000000000 ) ) ;
#6241 = EDGE_CURVE ( 'NONE', #4427, #63, #2820, .T. ) ;
#6242 = CARTESIAN_POINT ( 'NONE',  ( 35.94999999999997442, 3.400000000000001688, -40.74999999999997158 ) ) ;
#6243 = ORIENTED_EDGE ( 'NONE', *, *, #5822, .T. ) ;
#6244 = FACE_BOUND ( 'NONE', #5352, .T. ) ;
#6245 = ORIENTED_EDGE ( 'NONE', *, *, #105, .T. ) ;
#6246 = EDGE_CURVE ( 'NONE', #1213, #4957, #3861, .T. ) ;
#6247 = CARTESIAN_POINT ( 'NONE',  ( 6.000000000000000888, 2.900000000000001688, -47.99999999999998579 ) ) ;
#6248 = VECTOR ( 'NONE', #251, 999.9999999999998863 ) ;
#6249 = VECTOR ( 'NONE', #5752, 1000.000000000000000 ) ;
#6250 = DIRECTION ( 'NONE',  ( 0.000000000000000000, 0.000000000000000000, 1.000000000000000000 ) ) ;
#6251 = VECTOR ( 'NONE', #4918, 1000.000000000000000 ) ;
#6252 = DIRECTION ( 'NONE',  ( 0.000000000000000000, 0.000000000000000000, -1.000000000000000000 ) ) ;
#6253 = LOCAL_TIME ( 11, 23, 40.00000000000000000, #1343 ) ;
#6254 = VECTOR ( 'NONE', #2216, 1000.000000000000000 ) ;
#6255 = ORIENTED_EDGE ( 'NONE', *, *, #3372, .F. ) ;
#6256 = CARTESIAN_POINT ( 'NONE',  ( 68.45504213673879690, 2.900000000000001688, -35.37135845679976853 ) ) ;
#6257 = ORIENTED_EDGE ( 'NONE', *, *, #6017, .F. ) ;
#6258 = EDGE_CURVE ( 'NONE', #5471, #3713, #4924, .T. ) ;
#6259 = FACE_OUTER_BOUND ( 'NONE', #432, .T. ) ;
#6260 = EDGE_LOOP ( 'NONE', ( #1188, #1868, #5418, #416, #4701 ) ) ;
#6261 = CARTESIAN_POINT ( 'NONE',  ( -2.999999999999999112, 4.500000000000000888, -13.14999999999997371 ) ) ;
#6262 = CARTESIAN_POINT ( 'NONE',  ( 69.96410319975777270, 8.977778769052038754, -33.17222123094795450 ) ) ;
#6263 = ORIENTED_EDGE ( 'NONE', *, *, #2021, .T. ) ;
#6264 = CARTESIAN_POINT ( 'NONE',  ( 69.82433216079965632, 8.400000000000000355, -33.75000000000000000 ) ) ;
#6265 = ORIENTED_EDGE ( 'NONE', *, *, #541, .F. ) ;
#6266 = DIRECTION ( 'NONE',  ( -0.000000000000000000, 1.000000000000000000, -0.000000000000000000 ) ) ;
#6267 = DIRECTION ( 'NONE',  ( 0.000000000000000000, 0.7071067811865434649, 0.7071067811865516806 ) ) ;
#6268 = VERTEX_POINT ( 'NONE', #189 ) ;
#6269 = AXIS2_PLACEMENT_3D ( 'NONE', #3077, #2018, #5183 ) ;
#6270 = DIRECTION ( 'NONE',  ( 0.000000000000000000, 0.000000000000000000, -1.000000000000000000 ) ) ;
#6271 = LINE ( 'NONE', #6774, #4784 ) ;
#6272 = LINE ( 'NONE', #4139, #3168 ) ;
#6273 = DIRECTION ( 'NONE',  ( 0.000000000000000000, 1.000000000000000000, 7.796510004390146031E-17 ) ) ;
#6274 = VECTOR ( 'NONE', #1424, 1000.000000000000000 ) ;
#6275 = ADVANCED_FACE ( 'NONE', ( #3377 ), #6031, .F. ) ;
#6276 = DIRECTION ( 'NONE',  ( -1.094462760868647861E-16, -0.000000000000000000, 1.000000000000000000 ) ) ;
#6277 = ORIENTED_EDGE ( 'NONE', *, *, #4890, .T. ) ;
#6278 = CARTESIAN_POINT ( 'NONE',  ( 36.50000000000000711, 5.600000000000001421, -32.14999999999998437 ) ) ;
#6279 = CARTESIAN_POINT ( 'NONE',  ( 7.200000000000004619, 3.900000000000000799, -43.24999999999999289 ) ) ;
#6280 = AXIS2_PLACEMENT_3D ( 'NONE', #2848, #5871, #1174 ) ;
#6281 = ORIENTED_EDGE ( 'NONE', *, *, #4641, .F. ) ;
#6282 = FACE_OUTER_BOUND ( 'NONE', #3740, .T. ) ;
#6283 = EDGE_CURVE ( 'NONE', #2890, #1726, #3413, .T. ) ;
#6284 = VECTOR ( 'NONE', #4056, 1000.000000000000000 ) ;
#6285 = CARTESIAN_POINT ( 'NONE',  ( 37.00000000000000000, 9.500000000000014211, -21.14999999999997371 ) ) ;
#6286 = LINE ( 'NONE', #103, #375 ) ;
#6287 = ORIENTED_EDGE ( 'NONE', *, *, #1449, .F. ) ;
#6288 = CARTESIAN_POINT ( 'NONE',  ( 55.73172798364529967, 2.899999999999999911, -25.68172798364527054 ) ) ;
#6289 = VERTEX_POINT ( 'NONE', #3269 ) ;
#6290 = PLANE ( 'NONE',  #1131 ) ;
#6291 = ORIENTED_EDGE ( 'NONE', *, *, #882, .F. ) ;
#6292 = ADVANCED_FACE ( 'NONE', ( #4848 ), #5371, .F. ) ;
#6293 = CARTESIAN_POINT ( 'NONE',  ( 7.200000000000004619, 3.900000000000000799, -42.39999999999998437 ) ) ;
#6294 = CARTESIAN_POINT ( 'NONE',  ( 4.500000000000002665, 3.900000000000001688, -35.75000000000000711 ) ) ;
#6295 = ADVANCED_FACE ( 'NONE', ( #2858 ), #5514, .F. ) ;
#6296 = ORIENTED_EDGE ( 'NONE', *, *, #1007, .T. ) ;
#6297 = CARTESIAN_POINT ( 'NONE',  ( 9.850000000000006750, 8.400000000000000355, -39.59999999999998721 ) ) ;
#6298 = ORIENTED_EDGE ( 'NONE', *, *, #346, .T. ) ;
#6299 = VECTOR ( 'NONE', #4950, 1000.000000000000000 ) ;
#6300 = DIRECTION ( 'NONE',  ( 0.000000000000000000, -1.000000000000000000, 0.000000000000000000 ) ) ;
#6301 = DIRECTION ( 'NONE',  ( -0.000000000000000000, -1.000000000000000000, -7.796510004390146031E-17 ) ) ;
#6302 = ORIENTED_EDGE ( 'NONE', *, *, #3048, .T. ) ;
#6303 = ADVANCED_FACE ( 'NONE', ( #1222 ), #5921, .F. ) ;
#6304 = CARTESIAN_POINT ( 'NONE',  ( 59.00000000000000711, 2.899999999999999911, -51.00000000000000000 ) ) ;
#6305 = CARTESIAN_POINT ( 'NONE',  ( -2.999999999999999112, 4.500000000000000888, -25.14999999999998082 ) ) ;
#6306 = DIRECTION ( 'NONE',  ( -0.000000000000000000, 1.000000000000000000, 7.796510004390144799E-17 ) ) ;
#6307 = LINE ( 'NONE', #5788, #232 ) ;
#6308 = DIRECTION ( 'NONE',  ( 0.7071067811865474617, -0.7071067811865474617, -0.000000000000000000 ) ) ;
#6309 = EDGE_CURVE ( 'NONE', #4616, #153, #813, .T. ) ;
#6310 = ORIENTED_EDGE ( 'NONE', *, *, #5687, .F. ) ;
#6311 = DATE_TIME_ROLE ( 'creation_date' ) ;
#6312 = LINE ( 'NONE', #3177, #892 ) ;
#6313 = VERTEX_POINT ( 'NONE', #2785 ) ;
#6314 = DIRECTION ( 'NONE',  ( -1.000000000000000000, -0.000000000000000000, -0.000000000000000000 ) ) ;
#6315 = ORIENTED_EDGE ( 'NONE', *, *, #3981, .F. ) ;
#6316 = ADVANCED_FACE ( 'NONE', ( #4994 ), #3305, .F. ) ;
#6317 = DIRECTION ( 'NONE',  ( -0.7071067811865410224, -0.7071067811865540120, -5.512965093693082129E-17 ) ) ;
#6318 = CARTESIAN_POINT ( 'NONE',  ( 61.50000000000000711, 8.400000000000002132, -52.50000000000000711 ) ) ;
#6319 = ADVANCED_FACE ( 'NONE', ( #4378 ), #2926, .F. ) ;
#6320 = VERTEX_POINT ( 'NONE', #333 ) ;
#6321 = DIRECTION ( 'NONE',  ( -0.000000000000000000, -1.000000000000000000, -0.000000000000000000 ) ) ;
#6322 = ORIENTED_EDGE ( 'NONE', *, *, #4890, .F. ) ;
#6323 = CARTESIAN_POINT ( 'NONE',  ( 6.200000000000001066, 8.400000000000000355, -37.99999999999997868 ) ) ;
#6324 = ORIENTED_EDGE ( 'NONE', *, *, #5281, .F. ) ;
#6325 = CARTESIAN_POINT ( 'NONE',  ( 37.00000000000000000, 5.600000000000001421, -29.64999999999998082 ) ) ;
#6326 = CIRCLE ( 'NONE', #4898, 0.8499999999999965361 ) ;
#6327 = DIRECTION ( 'NONE',  ( -0.000000000000000000, -0.000000000000000000, 1.000000000000000000 ) ) ;
#6328 = AXIS2_PLACEMENT_3D ( 'NONE', #4989, #292, #2374 ) ;
#6329 = ORIENTED_EDGE ( 'NONE', *, *, #893, .F. ) ;
#6330 = LINE ( 'NONE', #1559, #21 ) ;
#6331 = ORIENTED_EDGE ( 'NONE', *, *, #1666, .T. ) ;
#6332 = DIRECTION ( 'NONE',  ( 0.000000000000000000, 0.000000000000000000, -1.000000000000000000 ) ) ;
#6333 = CARTESIAN_POINT ( 'NONE',  ( 3.500000000000003997, 8.400000000000002132, -46.25000000000000000 ) ) ;
#6334 = VECTOR ( 'NONE', #126, 1000.000000000000000 ) ;
#6335 = ORIENTED_EDGE ( 'NONE', *, *, #6258, .T. ) ;
#6336 = VECTOR ( 'NONE', #1080, 1000.000000000000000 ) ;
#6337 = CARTESIAN_POINT ( 'NONE',  ( 59.50000000000000000, 10.00000000000000000, -21.14999999999997371 ) ) ;
#6338 = PLANE ( 'NONE',  #6657 ) ;
#6339 = CARTESIAN_POINT ( 'NONE',  ( 63.00000000000000000, 7.899999999999997691, -35.75000000000000711 ) ) ;
#6340 = DIRECTION ( 'NONE',  ( -0.000000000000000000, 1.000000000000000000, 7.796510004390144799E-17 ) ) ;
#6341 = EDGE_CURVE ( 'NONE', #5646, #197, #1073, .T. ) ;
#6342 = DIRECTION ( 'NONE',  ( 1.000000000000000000, 0.000000000000000000, 0.000000000000000000 ) ) ;
#6343 = CARTESIAN_POINT ( 'NONE',  ( 39.46827201635471738, 3.500000000000000444, -9.418272016354686471 ) ) ;
#6344 = ORIENTED_EDGE ( 'NONE', *, *, #3661, .T. ) ;
#6345 = CARTESIAN_POINT ( 'NONE',  ( -3.000000000000000000, 2.900000000000001688, -3.000000000000000000 ) ) ;
#6346 = ORIENTED_EDGE ( 'NONE', *, *, #2111, .F. ) ;
#6347 = LINE ( 'NONE', #4631, #1805 ) ;
#6348 = CARTESIAN_POINT ( 'NONE',  ( 3.500000000000002220, 8.400000000000000355, -36.75000000000000711 ) ) ;
#6349 = VERTEX_POINT ( 'NONE', #2415 ) ;
#6350 = CC_DESIGN_APPROVAL ( #1264, ( #2795 ) ) ;
#6351 = CARTESIAN_POINT ( 'NONE',  ( 0.7500000000000149880, 8.400000000000000355, -33.75000000000000000 ) ) ;
#6352 = VERTEX_POINT ( 'NONE', #3448 ) ;
#6353 = DIRECTION ( 'NONE',  ( 0.7071067811865474617, -0.7071067811865474617, -0.000000000000000000 ) ) ;
#6354 = ORIENTED_EDGE ( 'NONE', *, *, #3805, .T. ) ;
#6355 = DIRECTION ( 'NONE',  ( -0.7071067811865474617, -0.7071067811865474617, 0.000000000000000000 ) ) ;
#6356 = VECTOR ( 'NONE', #6001, 1000.000000000000114 ) ;
#6357 = LINE ( 'NONE', #2165, #5453 ) ;
#6358 = ORIENTED_EDGE ( 'NONE', *, *, #2701, .F. ) ;
#6359 = DIRECTION ( 'NONE',  ( -0.000000000000000000, 0.000000000000000000, 1.000000000000000000 ) ) ;
#6360 = ORIENTED_EDGE ( 'NONE', *, *, #6048, .T. ) ;
#6361 = CARTESIAN_POINT ( 'NONE',  ( 70.70000000000000284, 4.500000000000000888, -21.14999999999997371 ) ) ;
#6362 = CYLINDRICAL_SURFACE ( 'NONE', #4081, 0.7499999999999937828 ) ;
#6363 = EDGE_CURVE ( 'NONE', #2006, #6467, #2822, .T. ) ;
#6364 = ORIENTED_EDGE ( 'NONE', *, *, #1858, .F. ) ;
#6365 = ORIENTED_EDGE ( 'NONE', *, *, #4261, .T. ) ;
#6366 = CARTESIAN_POINT ( 'NONE',  ( 1.250000000000002442, 7.900000000000011013, -35.75000000000000711 ) ) ;
#6367 = DIRECTION ( 'NONE',  ( -1.000000000000000000, 0.000000000000000000, -0.000000000000000000 ) ) ;
#6368 = LINE ( 'NONE', #4823, #888 ) ;
#6369 = CARTESIAN_POINT ( 'NONE',  ( 37.00000000000000000, 9.500000000000014211, -9.149999999999984368 ) ) ;
#6370 = CYLINDRICAL_SURFACE ( 'NONE', #6109, 0.9999999999999940048 ) ;
#6371 = VECTOR ( 'NONE', #884, 1000.000000000000000 ) ;
#6372 = EDGE_CURVE ( 'NONE', #823, #1842, #4795, .T. ) ;
#6373 = APPROVAL_DATE_TIME ( #2146, #6453 ) ;
#6374 = CARTESIAN_POINT ( 'NONE',  ( 37.00000000000000000, 4.500000000000000888, -29.14999999999998082 ) ) ;
#6375 = VERTEX_POINT ( 'NONE', #4171 ) ;
#6376 = CARTESIAN_POINT ( 'NONE',  ( 70.19999999999998863, 10.00000000000000000, 0.000000000000000000 ) ) ;
#6377 = AXIS2_PLACEMENT_3D ( 'NONE', #4064, #1394, #2538 ) ;
#6378 = LINE ( 'NONE', #4434, #5852 ) ;
#6379 = FACE_BOUND ( 'NONE', #4324, .T. ) ;
#6380 = ORIENTED_EDGE ( 'NONE', *, *, #5970, .F. ) ;
#6381 = DIRECTION ( 'NONE',  ( -1.000000000000000000, 0.000000000000000000, -4.707526393424171362E-17 ) ) ;
#6382 = ORIENTED_EDGE ( 'NONE', *, *, #711, .T. ) ;
#6383 = CIRCLE ( 'NONE', #2542, 0.7499999999999937828 ) ;
#6384 = DIRECTION ( 'NONE',  ( -0.000000000000000000, 1.000000000000000000, -0.000000000000000000 ) ) ;
#6385 = ORIENTED_EDGE ( 'NONE', *, *, #3430, .T. ) ;
#6386 = AXIS2_PLACEMENT_3D ( 'NONE', #5776, #1590, #4676 ) ;
#6387 = DIRECTION ( 'NONE',  ( -0.000000000000000000, 1.000000000000000000, -0.000000000000000000 ) ) ;
#6388 = EDGE_CURVE ( 'NONE', #366, #42, #3235, .T. ) ;
#6389 = PLANE ( 'NONE',  #411 ) ;
#6390 = VECTOR ( 'NONE', #581, 1000.000000000000000 ) ;
#6391 = EDGE_CURVE ( 'NONE', #6181, #4745, #3169, .T. ) ;
#6392 = ORIENTED_EDGE ( 'NONE', *, *, #5632, .F. ) ;
#6393 = FACE_OUTER_BOUND ( 'NONE', #6093, .T. ) ;
#6394 = DIRECTION ( 'NONE',  ( -0.000000000000000000, 1.000000000000000000, 7.796510004390144799E-17 ) ) ;
#6395 = VERTEX_POINT ( 'NONE', #1660 ) ;
#6396 = ORIENTED_EDGE ( 'NONE', *, *, #4469, .F. ) ;
#6397 = DIRECTION ( 'NONE',  ( -1.000000000000000000, 0.000000000000000000, 0.000000000000000000 ) ) ;
#6398 = CARTESIAN_POINT ( 'NONE',  ( 69.91323133153812819, 8.621198529759594109, -33.52880147024040269 ) ) ;
#6399 = EDGE_CURVE ( 'NONE', #930, #1213, #2207, .T. ) ;
#6400 = ORIENTED_EDGE ( 'NONE', *, *, #5792, .T. ) ;
#6401 = EDGE_CURVE ( 'NONE', #2812, #1679, #3101, .T. ) ;
#6402 = EDGE_CURVE ( 'NONE', #5221, #3502, #3689, .T. ) ;
#6403 = AXIS2_PLACEMENT_3D ( 'NONE', #3806, #1242, #4942 ) ;
#6404 = CARTESIAN_POINT ( 'NONE',  ( 70.19999999999998863, 10.00000000000000000, 0.000000000000000000 ) ) ;
#6405 = DIRECTION ( 'NONE',  ( 0.000000000000000000, 0.000000000000000000, -1.000000000000000000 ) ) ;
#6406 = DIRECTION ( 'NONE',  ( -1.000000000000000000, -0.000000000000000000, -4.707526393424171362E-17 ) ) ;
#6407 = DIRECTION ( 'NONE',  ( 0.000000000000000000, -1.000000000000000000, 0.000000000000000000 ) ) ;
#6408 = AXIS2_PLACEMENT_3D ( 'NONE', #897, #6084, #3952 ) ;
#6409 = DIRECTION ( 'NONE',  ( -0.7071067811865474617, 0.7071067811865474617, -0.000000000000000000 ) ) ;
#6410 = CALENDAR_DATE ( 2025, 26, 9 ) ;
#6411 = DIRECTION ( 'NONE',  ( -0.000000000000000000, -0.7071067811865439090, -0.7071067811865512365 ) ) ;
#6412 = ADVANCED_FACE ( 'NONE', ( #643 ), #3760, .F. ) ;
#6413 = ORIENTED_EDGE ( 'NONE', *, *, #5814, .T. ) ;
#6414 = DIRECTION ( 'NONE',  ( -0.000000000000000000, -0.000000000000000000, -1.000000000000000000 ) ) ;
#6415 = CARTESIAN_POINT ( 'NONE',  ( 37.00000000000000000, 3.500000000000000444, -6.949999999999980638 ) ) ;
#6416 = CARTESIAN_POINT ( 'NONE',  ( -2.999999999999999112, 4.500000000000000888, -14.94999999999997442 ) ) ;
#6417 = ORIENTED_EDGE ( 'NONE', *, *, #5995, .T. ) ;
#6418 = DIRECTION ( 'NONE',  ( 0.000000000000000000, 0.000000000000000000, -1.000000000000000000 ) ) ;
#6419 = ORIENTED_EDGE ( 'NONE', *, *, #1715, .F. ) ;
#6420 = ORIENTED_EDGE ( 'NONE', *, *, #6372, .F. ) ;
#6421 = LINE ( 'NONE', #6023, #3987 ) ;
#6422 = EDGE_CURVE ( 'NONE', #4065, #5300, #641, .T. ) ;
#6423 = ORIENTED_EDGE ( 'NONE', *, *, #4772, .T. ) ;
#6424 = DIRECTION ( 'NONE',  ( -1.000000000000000000, -0.000000000000000000, -4.707526393424171362E-17 ) ) ;
#6425 = DIRECTION ( 'NONE',  ( 0.000000000000000000, -0.7071067811865475727, 0.7071067811865475727 ) ) ;
#6426 = ORIENTED_EDGE ( 'NONE', *, *, #5008, .F. ) ;
#6427 = VECTOR ( 'NONE', #60, 1000.000000000000000 ) ;
#6428 = PLANE ( 'NONE',  #1830 ) ;
#6429 = DIRECTION ( 'NONE',  ( -1.000000000000000000, -0.000000000000000000, -0.000000000000000000 ) ) ;
#6430 = ORIENTED_EDGE ( 'NONE', *, *, #3006, .F. ) ;
#6431 = VERTEX_POINT ( 'NONE', #3621 ) ;
#6432 = CARTESIAN_POINT ( 'NONE',  ( -2.999999999999999112, 4.500000000000000888, -14.94999999999997442 ) ) ;
#6433 = CARTESIAN_POINT ( 'NONE',  ( 37.44999999999997442, 3.899999999999987921, -40.74999999999997158 ) ) ;
#6434 = ORIENTED_EDGE ( 'NONE', *, *, #2629, .F. ) ;
#6435 = ADVANCED_FACE ( 'NONE', ( #5719 ), #5342, .F. ) ;
#6436 = VECTOR ( 'NONE', #6321, 1000.000000000000000 ) ;
#6437 = VECTOR ( 'NONE', #5403, 1000.000000000000000 ) ;
#6438 = AXIS2_PLACEMENT_3D ( 'NONE', #3724, #5855, #1156 ) ;
#6439 = CARTESIAN_POINT ( 'NONE',  ( 70.53847145890568981, 8.035201384575749728, -33.51487368393118516 ) ) ;
#6440 = ORIENTED_EDGE ( 'NONE', *, *, #4234, .F. ) ;
#6441 = CARTESIAN_POINT ( 'NONE',  ( 36.50000000000000000, 10.00000000000000000, 0.000000000000000000 ) ) ;
#6442 = CARTESIAN_POINT ( 'NONE',  ( 9.000000000000001776, 8.400000000000002132, -50.99999999999999289 ) ) ;
#6443 = CARTESIAN_POINT ( 'NONE',  ( 7.200000000000004619, 8.400000000000000355, -43.24999999999999289 ) ) ;
#6444 = AXIS2_PLACEMENT_3D ( 'NONE', #4450, #5478, #5959 ) ;
#6445 = LINE ( 'NONE', #3352, #1601 ) ;
#6446 = VECTOR ( 'NONE', #1345, 1000.000000000000000 ) ;
#6447 = COORDINATED_UNIVERSAL_TIME_OFFSET ( 8, 0, .AHEAD. ) ;
#6448 = DIRECTION ( 'NONE',  ( -0.7071067811865444641, 0.7071067811865505703, 0.000000000000000000 ) ) ;
#6449 = ORIENTED_EDGE ( 'NONE', *, *, #5004, .F. ) ;
#6450 = LINE ( 'NONE', #6012, #88 ) ;
#6451 = ADVANCED_FACE ( 'NONE', ( #4238 ), #4307, .F. ) ;
#6452 = CARTESIAN_POINT ( 'NONE',  ( 53.75000000000000000, 3.500000000000000444, -16.00000000000000000 ) ) ;
#6453 = APPROVAL ( #4279, '未指定' ) ;
#6454 = DIRECTION ( 'NONE',  ( -0.000000000000000000, -1.000000000000000000, -0.000000000000000000 ) ) ;
#6455 = ORIENTED_EDGE ( 'NONE', *, *, #1233, .T. ) ;
#6456 = DIRECTION ( 'NONE',  ( 1.000000000000000000, 0.000000000000000000, 0.000000000000000000 ) ) ;
#6457 = VERTEX_POINT ( 'NONE', #6337 ) ;
#6458 = ORIENTED_EDGE ( 'NONE', *, *, #293, .T. ) ;
#6459 = DIRECTION ( 'NONE',  ( -0.000000000000000000, -1.000000000000000000, -7.796510004390146031E-17 ) ) ;
#6460 = ORIENTED_EDGE ( 'NONE', *, *, #4288, .F. ) ;
#6461 = DIRECTION ( 'NONE',  ( -0.7071067811865475727, 0.7071067811865475727, 0.000000000000000000 ) ) ;
#6462 = LINE ( 'NONE', #3927, #6437 ) ;
#6463 = ORIENTED_EDGE ( 'NONE', *, *, #5004, .T. ) ;
#6464 = EDGE_CURVE ( 'NONE', #3706, #1112, #5800, .T. ) ;
#6465 = CARTESIAN_POINT ( 'NONE',  ( 70.70000000000000284, 4.500000000000000888, -21.14999999999997371 ) ) ;
#6466 = CARTESIAN_POINT ( 'NONE',  ( 6.000000000000000000, 2.900000000000001688, -56.00000000000000000 ) ) ;
#6467 = VERTEX_POINT ( 'NONE', #6304 ) ;
#6468 = ORIENTED_EDGE ( 'NONE', *, *, #3129, .T. ) ;
#6469 = CARTESIAN_POINT ( 'NONE',  ( 59.05000000000000426, 8.400000000000000355, -41.09999999999996589 ) ) ;
#6470 = DIRECTION ( 'NONE',  ( 0.000000000000000000, 1.000000000000000000, 7.796510004390144799E-17 ) ) ;
#6471 = ORGANIZATION ( '未指定', '未指定', '' ) ;
#6472 = VERTEX_POINT ( 'NONE', #5818 ) ;
#6473 = VECTOR ( 'NONE', #3591, 1000.000000000000114 ) ;
#6474 = AXIS2_PLACEMENT_3D ( 'NONE', #2178, #4688, #6743 ) ;
#6475 = ORIENTED_EDGE ( 'NONE', *, *, #3159, .T. ) ;
#6476 = VECTOR ( 'NONE', #3840, 1000.000000000000114 ) ;
#6477 = FACE_OUTER_BOUND ( 'NONE', #1063, .T. ) ;
#6478 = ORIENTED_EDGE ( 'NONE', *, *, #109, .F. ) ;
#6479 = CARTESIAN_POINT ( 'NONE',  ( 37.00000000000000000, 3.500000000000000444, -16.00000000000000000 ) ) ;
#6480 = LINE ( 'NONE', #3872, #5048 ) ;
#6481 = CARTESIAN_POINT ( 'NONE',  ( 59.00000000000000000, 4.500000000000000888, -14.94999999999997442 ) ) ;
#6482 = EDGE_LOOP ( 'NONE', ( #5491, #5433, #2338, #5742, #3299, #5619, #4104, #395, #2421, #6302, #1008, #5518, #1106, #6538, #1026, #769, #4725, #6543, #4917, #5, #2068, #5954, #18, #5197, #5127, #6419, #5569, #2133, #5989, #772 ) ) ;
#6483 = CARTESIAN_POINT ( 'NONE',  ( -2.999999999999999112, 4.500000000000000888, -10.94999999999997442 ) ) ;
#6484 = DIRECTION ( 'NONE',  ( 0.000000000000000000, -0.7071067811865378028, 0.7071067811865573427 ) ) ;
#6485 = EDGE_LOOP ( 'NONE', ( #1153, #1293, #2192, #2200, #1911, #4836 ) ) ;
#6486 = LINE ( 'NONE', #2218, #6014 ) ;
#6487 = ADVANCED_FACE ( 'NONE', ( #2651 ), #125, .F. ) ;
#6488 = FACE_OUTER_BOUND ( 'NONE', #4093, .T. ) ;
#6489 = CARTESIAN_POINT ( 'NONE',  ( 11.50000000000000355, 2.900000000000001688, -44.75000000000001421 ) ) ;
#6490 = VERTEX_POINT ( 'NONE', #572 ) ;
#6491 = ADVANCED_FACE ( 'NONE', ( #1567 ), #91, .F. ) ;
#6492 = VECTOR ( 'NONE', #2309, 1000.000000000000000 ) ;
#6493 = ORIENTED_EDGE ( 'NONE', *, *, #3568, .F. ) ;
#6494 = ORIENTED_EDGE ( 'NONE', *, *, #4723, .T. ) ;
#6495 = PLANE ( 'NONE',  #4303 ) ;
#6496 = ORIENTED_EDGE ( 'NONE', *, *, #3351, .F. ) ;
#6497 = CARTESIAN_POINT ( 'NONE',  ( -2.999999999999999112, 10.00000000000000000, -10.94999999999997442 ) ) ;
#6498 = VECTOR ( 'NONE', #4550, 1000.000000000000000 ) ;
#6499 = DIRECTION ( 'NONE',  ( 1.000000000000000000, 0.000000000000000000, 0.000000000000000000 ) ) ;
#6500 = ORIENTED_EDGE ( 'NONE', *, *, #6006, .F. ) ;
#6501 = CARTESIAN_POINT ( 'NONE',  ( 70.70000000000000284, 4.500000000000000888, -25.14999999999997726 ) ) ;
#6502 = CARTESIAN_POINT ( 'NONE',  ( -2.999999999999999112, 4.500000000000000888, -17.14999999999997371 ) ) ;
#6503 = VERTEX_POINT ( 'NONE', #1155 ) ;
#6504 = DIRECTION ( 'NONE',  ( 0.000000000000000000, 1.000000000000000000, 0.000000000000000000 ) ) ;
#6505 = CARTESIAN_POINT ( 'NONE',  ( 36.49999999999999289, 10.00000000000000000, -25.14999999999997726 ) ) ;
#6506 = EDGE_CURVE ( 'NONE', #4819, #4427, #607, .T. ) ;
#6507 = VECTOR ( 'NONE', #1141, 1000.000000000000000 ) ;
#6508 = VERTEX_POINT ( 'NONE', #1629 ) ;
#6509 = AXIS2_PLACEMENT_3D ( 'NONE', #2840, #692, #797 ) ;
#6510 = CARTESIAN_POINT ( 'NONE',  ( 70.61923128235109459, 8.177252558251467462, -33.29012268217134363 ) ) ;
#6511 = ORIENTED_EDGE ( 'NONE', *, *, #6341, .F. ) ;
#6512 = DIRECTION ( 'NONE',  ( 1.000000000000000000, -0.000000000000000000, -0.000000000000000000 ) ) ;
#6513 = CARTESIAN_POINT ( 'NONE',  ( -3.000000000000000000, 8.399999999999996803, 0.000000000000000000 ) ) ;
#6514 = LINE ( 'NONE', #1303, #4063 ) ;
#6515 = EDGE_LOOP ( 'NONE', ( #4764, #5550, #244, #2402 ) ) ;
#6516 = ADVANCED_FACE ( 'NONE', ( #1120 ), #4785, .F. ) ;
#6517 = VECTOR ( 'NONE', #3633, 1000.000000000000000 ) ;
#6518 = DIRECTION ( 'NONE',  ( -0.000000000000000000, 1.000000000000000000, -0.000000000000000000 ) ) ;
#6519 = DIRECTION ( 'NONE',  ( 5.276725402210828930E-16, 0.000000000000000000, -1.000000000000000000 ) ) ;
#6520 = ORIENTED_EDGE ( 'NONE', *, *, #490, .F. ) ;
#6521 = CARTESIAN_POINT ( 'NONE',  ( 37.44999999999997442, 3.899999999999987921, -40.74999999999997158 ) ) ;
#6522 = AXIS2_PLACEMENT_3D ( 'NONE', #410, #6592, #4464 ) ;
#6523 = ADVANCED_FACE ( 'NONE', ( #6656 ), #1280, .F. ) ;
#6524 = CARTESIAN_POINT ( 'NONE',  ( 37.00000000000000000, 3.500000000000000444, -6.949999999999980638 ) ) ;
#6525 = PLANE ( 'NONE',  #3988 ) ;
#6526 = VERTEX_POINT ( 'NONE', #3992 ) ;
#6527 = LINE ( 'NONE', #1956, #6248 ) ;
#6528 = ORIENTED_EDGE ( 'NONE', *, *, #3721, .T. ) ;
#6529 = VERTEX_POINT ( 'NONE', #6564 ) ;
#6530 = EDGE_CURVE ( 'NONE', #5200, #4455, #4507, .T. ) ;
#6531 = DIRECTION ( 'NONE',  ( 0.000000000000000000, 0.000000000000000000, -1.000000000000000000 ) ) ;
#6532 = EDGE_CURVE ( 'NONE', #273, #5399, #6527, .T. ) ;
#6533 = DIRECTION ( 'NONE',  ( -0.000000000000000000, 1.000000000000000000, -0.000000000000000000 ) ) ;
#6534 = CARTESIAN_POINT ( 'NONE',  ( 1.250000000000002442, 3.400000000000001688, -16.00000000000000000 ) ) ;
#6535 = VERTEX_POINT ( 'NONE', #2403 ) ;
#6536 = CARTESIAN_POINT ( 'NONE',  ( 35.50000000000000000, 3.400000000000001688, -29.64999999999998082 ) ) ;
#6537 = CARTESIAN_POINT ( 'NONE',  ( 70.70000000000001705, 4.500000000000000888, -18.94999999999997442 ) ) ;
#6538 = ORIENTED_EDGE ( 'NONE', *, *, #246, .F. ) ;
#6539 = CARTESIAN_POINT ( 'NONE',  ( 68.45504213673879690, 7.899999999999997691, -35.37135845679976143 ) ) ;
#6540 = DIRECTION ( 'NONE',  ( 0.000000000000000000, 0.000000000000000000, -1.000000000000000000 ) ) ;
#6541 = ORIENTED_EDGE ( 'NONE', *, *, #1676, .T. ) ;
#6542 = ADVANCED_FACE ( 'NONE', ( #1822 ), #5502, .F. ) ;
#6543 = ORIENTED_EDGE ( 'NONE', *, *, #5107, .F. ) ;
#6544 = DIRECTION ( 'NONE',  ( 0.7071067811865573427, 0.7071067811865378028, -0.000000000000000000 ) ) ;
#6545 = EDGE_LOOP ( 'NONE', ( #3095, #5878, #5181, #1079 ) ) ;
#6546 = DIRECTION ( 'NONE',  ( -0.000000000000000000, 1.000000000000000000, -0.000000000000000000 ) ) ;
#6547 = DIRECTION ( 'NONE',  ( 0.000000000000000000, -1.000000000000000000, 0.000000000000000000 ) ) ;
#6548 = VECTOR ( 'NONE', #185, 1000.000000000000000 ) ;
#6549 = CARTESIAN_POINT ( 'NONE',  ( -2.999999999999999112, 4.500000000000000888, -22.94999999999997797 ) ) ;
#6550 = VECTOR ( 'NONE', #5973, 1000.000000000000000 ) ;
#6551 = ORIENTED_EDGE ( 'NONE', *, *, #826, .T. ) ;
#6552 = CARTESIAN_POINT ( 'NONE',  ( 13.00000000000000533, 5.600000000000001421, -32.14999999999998437 ) ) ;
#6553 = CIRCLE ( 'NONE', #3487, 1.000000000000000888 ) ;
#6554 = EDGE_CURVE ( 'NONE', #2753, #2016, #6086, .T. ) ;
#6555 = CYLINDRICAL_SURFACE ( 'NONE', #5929, 2.000000000000001776 ) ;
#6556 = CARTESIAN_POINT ( 'NONE',  ( 70.70000000000000284, 10.00000000000000000, -1.000000000000000000 ) ) ;
#6557 = AXIS2_PLACEMENT_3D ( 'NONE', #4415, #6574, #3340 ) ;
#6558 = VECTOR ( 'NONE', #4114, 1000.000000000000000 ) ;
#6559 = AXIS2_PLACEMENT_3D ( 'NONE', #4182, #2627, #585 ) ;
#6560 = DIRECTION ( 'NONE',  ( 0.000000000000000000, 0.000000000000000000, 1.000000000000000000 ) ) ;
#6561 = CARTESIAN_POINT ( 'NONE',  ( 0.000000000000000000, 3.500000000000000444, 0.000000000000000000 ) ) ;
#6562 = AXIS2_PLACEMENT_3D ( 'NONE', #6366, #22, #2106 ) ;
#6563 = ORIENTED_EDGE ( 'NONE', *, *, #1226, .T. ) ;
#6564 = CARTESIAN_POINT ( 'NONE',  ( -2.999999999999999112, 4.500000000000000888, -13.14999999999997371 ) ) ;
#6565 = ORIENTED_EDGE ( 'NONE', *, *, #2944, .T. ) ;
#6566 = ORIENTED_EDGE ( 'NONE', *, *, #6241, .T. ) ;
#6567 = DIRECTION ( 'NONE',  ( 0.000000000000000000, 0.000000000000000000, 1.000000000000000000 ) ) ;
#6568 = CARTESIAN_POINT ( 'NONE',  ( -3.000000000000002665, 8.400000000000000355, -35.25000000000001421 ) ) ;
#6569 = LINE ( 'NONE', #1865, #4576 ) ;
#6570 = ORIENTED_EDGE ( 'NONE', *, *, #2111, .T. ) ;
#6571 = LINE ( 'NONE', #843, #4028 ) ;
#6572 = LINE ( 'NONE', #5094, #269 ) ;
#6573 = ORIENTED_EDGE ( 'NONE', *, *, #458, .T. ) ;
#6574 = DIRECTION ( 'NONE',  ( -0.7071067811865378028, -0.7071067811865573427, 0.000000000000000000 ) ) ;
#6575 = LINE ( 'NONE', #6066, #2646 ) ;
#6576 = ORIENTED_EDGE ( 'NONE', *, *, #4878, .F. ) ;
#6577 = ADVANCED_FACE ( 'NONE', ( #4019 ), #2912, .F. ) ;
#6578 = ORIENTED_EDGE ( 'NONE', *, *, #750, .T. ) ;
#6579 = DIRECTION ( 'NONE',  ( -1.000000000000000000, 0.000000000000000000, 0.000000000000000000 ) ) ;
#6580 = ORIENTED_EDGE ( 'NONE', *, *, #1331, .F. ) ;
#6581 = EDGE_CURVE ( 'NONE', #6210, #6638, #3919, .T. ) ;
#6582 = FACE_OUTER_BOUND ( 'NONE', #297, .T. ) ;
#6583 = DIRECTION ( 'NONE',  ( 0.000000000000000000, 0.000000000000000000, 1.000000000000000000 ) ) ;
#6584 = ORIENTED_EDGE ( 'NONE', *, *, #4478, .T. ) ;
#6585 = VECTOR ( 'NONE', #3388, 1000.000000000000000 ) ;
#6586 = DIRECTION ( 'NONE',  ( 0.000000000000000000, -1.000000000000000000, 0.000000000000000000 ) ) ;
#6587 = VECTOR ( 'NONE', #6406, 1000.000000000000000 ) ;
#6588 = FACE_OUTER_BOUND ( 'NONE', #1914, .T. ) ;
#6589 = DIRECTION ( 'NONE',  ( 0.7071067811865474617, 0.7071067811865474617, 0.000000000000000000 ) ) ;
#6590 = CARTESIAN_POINT ( 'NONE',  ( -2.999999999999999112, 4.500000000000000888, -10.94999999999997442 ) ) ;
#6591 = EDGE_CURVE ( 'NONE', #383, #1859, #767, .T. ) ;
#6592 = DIRECTION ( 'NONE',  ( 0.000000000000000000, 1.000000000000000000, 0.000000000000000000 ) ) ;
#6593 = ORIENTED_EDGE ( 'NONE', *, *, #2500, .T. ) ;
#6594 = DIRECTION ( 'NONE',  ( -0.7071067811865472397, -0.7071067811865477948, 2.153501989723832935E-17 ) ) ;
#6595 = ORIENTED_EDGE ( 'NONE', *, *, #6464, .T. ) ;
#6596 = CARTESIAN_POINT ( 'NONE',  ( 6.200000000000001066, 3.900000000000000799, -37.14999999999997726 ) ) ;
#6597 = CARTESIAN_POINT ( 'NONE',  ( 59.00000000000000000, 9.500000000000014211, -13.14999999999997371 ) ) ;
#6598 = EDGE_CURVE ( 'NONE', #3635, #5703, #5570, .T. ) ;
#6599 = CARTESIAN_POINT ( 'NONE',  ( -1.399999999999995914, 10.00000000000000000, -3.000000000000000000 ) ) ;
#6600 = CARTESIAN_POINT ( 'NONE',  ( -3.000000000000000000, 7.399999999999983480, 5.769417403248695318E-16 ) ) ;
#6601 = EDGE_LOOP ( 'NONE', ( #2370, #2928, #4879, #2104 ) ) ;
#6602 = CARTESIAN_POINT ( 'NONE',  ( 64.00000000000000000, 7.899999999999997691, -35.75000000000000711 ) ) ;
#6603 = CARTESIAN_POINT ( 'NONE',  ( 38.00000000000000711, 3.400000000000001688, -30.64999999999998437 ) ) ;
#6604 = ORIENTED_EDGE ( 'NONE', *, *, #827, .T. ) ;
#6605 = CARTESIAN_POINT ( 'NONE',  ( 0.000000000000000000, 2.900000000000001688, -3.000000000000000000 ) ) ;
#6606 = DIRECTION ( 'NONE',  ( 1.000000000000000000, 0.000000000000000000, 0.000000000000000000 ) ) ;
#6607 = ORIENTED_EDGE ( 'NONE', *, *, #4133, .F. ) ;
#6608 = EDGE_CURVE ( 'NONE', #4913, #4819, #899, .T. ) ;
#6609 = DIRECTION ( 'NONE',  ( 0.000000000000000000, 0.7071067811865378028, -0.7071067811865573427 ) ) ;
#6610 = CONICAL_SURFACE ( 'NONE', #469, 1.000000000000000888, 0.7853981633974630450 ) ;
#6611 = ORIENTED_EDGE ( 'NONE', *, *, #3990, .F. ) ;
#6612 = EDGE_CURVE ( 'NONE', #2450, #2836, #106, .T. ) ;
#6613 = CARTESIAN_POINT ( 'NONE',  ( 4.500000000000003553, 3.900000000000001688, -44.75000000000001421 ) ) ;
#6614 = CARTESIAN_POINT ( 'NONE',  ( 37.00000000000000000, 9.500000000000014211, -6.949999999999980638 ) ) ;
#6615 = VECTOR ( 'NONE', #765, 1000.000000000000000 ) ;
#6616 = ADVANCED_FACE ( 'NONE', ( #799 ), #2843, .T. ) ;
#6617 = ORIENTED_EDGE ( 'NONE', *, *, #2731, .F. ) ;
#6618 = EDGE_CURVE ( 'NONE', #3676, #320, #6678, .T. ) ;
#6619 = FACE_BOUND ( 'NONE', #3268, .T. ) ;
#6620 = CIRCLE ( 'NONE', #5844, 1.499999999999987566 ) ;
#6621 = DIRECTION ( 'NONE',  ( -0.000000000000000000, 1.000000000000000000, -0.000000000000000000 ) ) ;
#6622 = CARTESIAN_POINT ( 'NONE',  ( 70.70000000000000284, 10.00000000000000000, -32.72737740986950428 ) ) ;
#6623 = CYLINDRICAL_SURFACE ( 'NONE', #5024, 0.7499999999999937828 ) ;
#6624 = DIRECTION ( 'NONE',  ( 0.000000000000000000, 0.000000000000000000, 1.000000000000000000 ) ) ;
#6625 = EDGE_CURVE ( 'NONE', #1963, #991, #229, .T. ) ;
#6626 = VERTEX_POINT ( 'NONE', #3503 ) ;
#6627 = DIRECTION ( 'NONE',  ( -0.7071067811865456854, -0.7071067811865493491, 0.000000000000000000 ) ) ;
#6628 = VECTOR ( 'NONE', #5401, 1000.000000000000000 ) ;
#6629 = ORIENTED_EDGE ( 'NONE', *, *, #4280, .F. ) ;
#6630 = ADVANCED_FACE ( 'NONE', ( #3956 ), #6053, .F. ) ;
#6631 = ORIENTED_EDGE ( 'NONE', *, *, #4572, .F. ) ;
#6632 = FACE_OUTER_BOUND ( 'NONE', #4638, .T. ) ;
#6633 = LINE ( 'NONE', #6184, #1580 ) ;
#6634 = DIRECTION ( 'NONE',  ( -0.000000000000000000, 1.000000000000000000, 0.000000000000000000 ) ) ;
#6635 = ORIENTED_EDGE ( 'NONE', *, *, #6199, .F. ) ;
#6636 = DIRECTION ( 'NONE',  ( 8.881784197001252323E-16, 0.000000000000000000, -1.000000000000000000 ) ) ;
#6637 = CARTESIAN_POINT ( 'NONE',  ( 67.28406102905007913, 2.900000000000001243, -35.75000000000000711 ) ) ;
#6638 = VERTEX_POINT ( 'NONE', #5603 ) ;
#6639 = EDGE_CURVE ( 'NONE', #5775, #1316, #5085, .T. ) ;
#6640 = DIRECTION ( 'NONE',  ( 0.000000000000000000, -7.796510004390146031E-17, 1.000000000000000000 ) ) ;
#6641 = ORIENTED_EDGE ( 'NONE', *, *, #2612, .F. ) ;
#6642 = CARTESIAN_POINT ( 'NONE',  ( 0.000000000000000000, 4.500000000000000888, 0.000000000000000000 ) ) ;
#6643 = ORIENTED_EDGE ( 'NONE', *, *, #1534, .T. ) ;
#6644 = CARTESIAN_POINT ( 'NONE',  ( -2.999999999999999112, 8.399999999999996803, -29.14999999999998437 ) ) ;
#6645 = ADVANCED_FACE ( 'NONE', ( #544 ), #5694, .F. ) ;
#6646 = CARTESIAN_POINT ( 'NONE',  ( 36.44999999999997442, 7.900000000000014566, -41.74999999999997158 ) ) ;
#6647 = VERTEX_POINT ( 'NONE', #6278 ) ;
#6648 = PLANE ( 'NONE',  #2814 ) ;
#6649 = VECTOR ( 'NONE', #5347, 1000.000000000000000 ) ;
#6650 = CARTESIAN_POINT ( 'NONE',  ( 69.57823583076653051, 8.400000000000000355, -33.94339625246931291 ) ) ;
#6651 = CARTESIAN_POINT ( 'NONE',  ( 59.00000000000000000, 4.500000000000000888, -17.14999999999997371 ) ) ;
#6652 = VECTOR ( 'NONE', #2745, 1000.000000000000000 ) ;
#6653 = DIRECTION ( 'NONE',  ( 1.000000000000000000, 1.020738787570084642E-32, -1.309225264888155637E-16 ) ) ;
#6654 = VECTOR ( 'NONE', #3962, 1000.000000000000000 ) ;
#6655 = VERTEX_POINT ( 'NONE', #1505 ) ;
#6656 = FACE_OUTER_BOUND ( 'NONE', #1883, .T. ) ;
#6657 = AXIS2_PLACEMENT_3D ( 'NONE', #1085, #5274, #2654 ) ;
#6658 = ORIENTED_EDGE ( 'NONE', *, *, #1364, .F. ) ;
#6659 = CARTESIAN_POINT ( 'NONE',  ( 1.250000000000001554, 3.400000000000001688, -36.75000000000000000 ) ) ;
#6660 = EDGE_CURVE ( 'NONE', #5958, #4484, #4597, .T. ) ;
#6661 = CARTESIAN_POINT ( 'NONE',  ( 70.70000000000000284, 9.499999999999985789, 0.000000000000000000 ) ) ;
#6662 = PLANE ( 'NONE',  #3001 ) ;
#6663 = VECTOR ( 'NONE', #6675, 1000.000000000000000 ) ;
#6664 = EDGE_CURVE ( 'NONE', #222, #2006, #3140, .T. ) ;
#6665 = LINE ( 'NONE', #3477, #6284 ) ;
#6666 = EDGE_LOOP ( 'NONE', ( #4340, #2819, #6193, #6455 ) ) ;
#6667 = LINE ( 'NONE', #6697, #6113 ) ;
#6668 = PLANE ( 'NONE',  #2884 ) ;
#6669 = ORIENTED_EDGE ( 'NONE', *, *, #5481, .F. ) ;
#6670 = FACE_OUTER_BOUND ( 'NONE', #4329, .T. ) ;
#6671 = ORIENTED_EDGE ( 'NONE', *, *, #1635, .F. ) ;
#6672 = ADVANCED_FACE ( 'NONE', ( #5213 ), #1477, .F. ) ;
#6673 = CARTESIAN_POINT ( 'NONE',  ( 53.75000000000000000, 3.500000000000000444, -29.14999999999997726 ) ) ;
#6674 = ORIENTED_EDGE ( 'NONE', *, *, #655, .T. ) ;
#6675 = DIRECTION ( 'NONE',  ( 0.000000000000000000, 0.000000000000000000, 1.000000000000000000 ) ) ;
#6676 = LINE ( 'NONE', #6738, #3081 ) ;
#6677 = ORIENTED_EDGE ( 'NONE', *, *, #2349, .T. ) ;
#6678 = CIRCLE ( 'NONE', #3835, 2.000000000000001776 ) ;
#6679 = CARTESIAN_POINT ( 'NONE',  ( 70.29429872121086476, 8.019346577375648266, -33.72491273273244161 ) ) ;
#6680 = CARTESIAN_POINT ( 'NONE',  ( 70.70000000000000284, 4.500000000000000888, -29.14999999999998082 ) ) ;
#6681 = DIRECTION ( 'NONE',  ( 1.508455196501571922E-16, 0.000000000000000000, -1.000000000000000000 ) ) ;
#6682 = CC_DESIGN_SECURITY_CLASSIFICATION ( #4164, ( #1321 ) ) ;
#6683 = AXIS2_PLACEMENT_3D ( 'NONE', #6239, #2492, #3623 ) ;
#6684 = EDGE_CURVE ( 'NONE', #4306, #941, #4656, .T. ) ;
#6685 = DIRECTION ( 'NONE',  ( -0.5773502691896257311, 0.5773502691896257311, -0.5773502691896257311 ) ) ;
#6686 = ORIENTED_EDGE ( 'NONE', *, *, #101, .T. ) ;
#6687 = CARTESIAN_POINT ( 'NONE',  ( 4.500000000000002665, 7.900000000000011013, -35.75000000000000711 ) ) ;
#6688 = ORIENTED_EDGE ( 'NONE', *, *, #2461, .F. ) ;
#6689 = LINE ( 'NONE', #4083, #5581 ) ;
#6690 = EDGE_CURVE ( 'NONE', #3853, #3792, #507, .T. ) ;
#6691 = DIRECTION ( 'NONE',  ( 0.000000000000000000, 0.000000000000000000, -1.000000000000000000 ) ) ;
#6692 = ADVANCED_FACE ( 'NONE', ( #2497 ), #2082, .F. ) ;
#6693 = CARTESIAN_POINT ( 'NONE',  ( 59.00000000000000000, 9.500000000000014211, -26.94999999999998153 ) ) ;
#6694 = DIRECTION ( 'NONE',  ( 1.029509481291873510E-16, 0.000000000000000000, -1.000000000000000000 ) ) ;
#6695 = ADVANCED_FACE ( 'NONE', ( #3564 ), #2623, .F. ) ;
#6696 = ORIENTED_EDGE ( 'NONE', *, *, #831, .T. ) ;
#6697 = CARTESIAN_POINT ( 'NONE',  ( 10.50000000000000178, 3.900000000000001688, -35.75000000000000711 ) ) ;
#6698 = ORIENTED_EDGE ( 'NONE', *, *, #3671, .T. ) ;
#6699 = LINE ( 'NONE', #3484, #5179 ) ;
#6700 = VERTEX_POINT ( 'NONE', #5178 ) ;
#6701 = VECTOR ( 'NONE', #1333, 1000.000000000000000 ) ;
#6703 = EDGE_CURVE ( 'NONE', #2565, #3260, #3533, .T. ) ;
#6702 = LINE ( 'NONE', #1426, #130 ) ;
#6704 = EDGE_LOOP ( 'NONE', ( #3354, #983, #1615, #454 ) ) ;
#6705 = DIRECTION ( 'NONE',  ( -0.000000000000000000, 1.000000000000000000, -0.000000000000000000 ) ) ;
#6706 = FACE_OUTER_BOUND ( 'NONE', #2194, .T. ) ;
#6707 = AXIS2_PLACEMENT_3D ( 'NONE', #2970, #6201, #982 ) ;
#6708 = ORIENTED_EDGE ( 'NONE', *, *, #4927, .F. ) ;
#6709 = VECTOR ( 'NONE', #4837, 1000.000000000000000 ) ;
#6710 = LINE ( 'NONE', #5720, #3137 ) ;
#6711 = FACE_OUTER_BOUND ( 'NONE', #2479, .T. ) ;
#6712 = FACE_OUTER_BOUND ( 'NONE', #2949, .T. ) ;
#6713 = ADVANCED_FACE ( 'NONE', ( #928 ), #5923, .F. ) ;
#6714 = VECTOR ( 'NONE', #1042, 1000.000000000000000 ) ;
#6715 = AXIS2_PLACEMENT_3D ( 'NONE', #2924, #4002, #1058 ) ;
#6716 = PLANE ( 'NONE',  #1055 ) ;
#6717 = ORIENTED_EDGE ( 'NONE', *, *, #4348, .T. ) ;
#6718 = DIRECTION ( 'NONE',  ( -0.5854905538443596624, 0.000000000000000000, 0.8106792283998801585 ) ) ;
#6719 = EDGE_LOOP ( 'NONE', ( #1766, #4771 ) ) ;
#6720 = ORIENTED_EDGE ( 'NONE', *, *, #1676, .F. ) ;
#6721 = LINE ( 'NONE', #4115, #3185 ) ;
#6722 = EDGE_CURVE ( 'NONE', #1627, #239, #413, .T. ) ;
#6723 = DIRECTION ( 'NONE',  ( -1.000000000000000000, -0.000000000000000000, -4.707526393424171362E-17 ) ) ;
#6724 = LINE ( 'NONE', #4513, #748 ) ;
#6725 = VECTOR ( 'NONE', #3182, 1000.000000000000000 ) ;
#6726 = ORIENTED_EDGE ( 'NONE', *, *, #2459, .T. ) ;
#6727 = DIRECTION ( 'NONE',  ( -0.000000000000000000, 1.000000000000000000, 7.796510004390144799E-17 ) ) ;
#6728 = ORIENTED_EDGE ( 'NONE', *, *, #6422, .F. ) ;
#6729 = CARTESIAN_POINT ( 'NONE',  ( 60.00000000000000000, 8.400000000000000355, -33.75000000000000000 ) ) ;
#6730 = ADVANCED_FACE ( 'NONE', ( #6244, #5146 ), #3663, .F. ) ;
#6731 = CIRCLE ( 'NONE', #5858, 1.000000000000000888 ) ;
#6732 = ORIENTED_EDGE ( 'NONE', *, *, #1043, .F. ) ;
#6733 = CARTESIAN_POINT ( 'NONE',  ( 36.99999999999999289, 9.500000000000014211, -22.94999999999997797 ) ) ;
#6734 = EDGE_LOOP ( 'NONE', ( #4863, #5547, #1687, #122, #3304, #3364 ) ) ;
#6735 = CARTESIAN_POINT ( 'NONE',  ( 69.79738007916797926, 8.400000000000000355, -33.75000000000000000 ) ) ;
#6736 = VERTEX_POINT ( 'NONE', #2014 ) ;
#6737 = CARTESIAN_POINT ( 'NONE',  ( 0.000000000000000000, 10.00000000000000000, 0.000000000000000000 ) ) ;
#6738 = CARTESIAN_POINT ( 'NONE',  ( -1.399999999999995914, 10.00000000000000000, -3.000000000000000000 ) ) ;
#6739 = EDGE_CURVE ( 'NONE', #4750, #5589, #5260, .T. ) ;
#6740 = ORIENTED_EDGE ( 'NONE', *, *, #5500, .F. ) ;
#6741 = CARTESIAN_POINT ( 'NONE',  ( 70.25583225073093274, 8.051815981833879476, -33.72506766038326731 ) ) ;
#6742 = CARTESIAN_POINT ( 'NONE',  ( 11.50000000000000533, 3.400000000000001688, -44.75000000000001421 ) ) ;
#6743 = DIRECTION ( 'NONE',  ( 0.000000000000000000, 0.000000000000000000, -1.000000000000000000 ) ) ;
#6744 = DIRECTION ( 'NONE',  ( 0.000000000000000000, 1.000000000000000000, 0.000000000000000000 ) ) ;
#6745 = EDGE_CURVE ( 'NONE', #2168, #1963, #6180, .T. ) ;
#6746 = ORIENTED_EDGE ( 'NONE', *, *, #6236, .T. ) ;
#6747 = DIRECTION ( 'NONE',  ( -0.000000000000000000, -1.000000000000000000, 0.000000000000000000 ) ) ;
#6748 = ORIENTED_EDGE ( 'NONE', *, *, #1566, .F. ) ;
#6749 = CARTESIAN_POINT ( 'NONE',  ( 61.50000000000000711, 2.900000000000001688, -3.500000000000000000 ) ) ;
#6750 = CIRCLE ( 'NONE', #3577, 1.399999999999995914 ) ;
#6751 = VECTOR ( 'NONE', #990, 1000.000000000000000 ) ;
#6752 = LINE ( 'NONE', #1065, #4319 ) ;
#6753 = CARTESIAN_POINT ( 'NONE',  ( 70.70000000000000284, 4.500000000000000888, -10.94999999999997442 ) ) ;
#6754 = VECTOR ( 'NONE', #1230, 1000.000000000000000 ) ;
#6755 = ORIENTED_EDGE ( 'NONE', *, *, #4225, .T. ) ;
#6756 = FACE_OUTER_BOUND ( 'NONE', #2805, .T. ) ;
#6757 = VERTEX_POINT ( 'NONE', #992 ) ;
#6758 = DIRECTION ( 'NONE',  ( 0.000000000000000000, 0.000000000000000000, 1.000000000000000000 ) ) ;
#6759 = ORIENTED_EDGE ( 'NONE', *, *, #1449, .T. ) ;
#6760 = AXIS2_PLACEMENT_3D ( 'NONE', #5880, #6504, #2312 ) ;
#6761 = DIRECTION ( 'NONE',  ( -0.7071067811865573427, -0.7071067811865378028, -3.328723835404928792E-17 ) ) ;
#6762 = CARTESIAN_POINT ( 'NONE',  ( 63.00000000000000000, 3.400000000000001688, -44.75000000000000711 ) ) ;
#6763 = VECTOR ( 'NONE', #4145, 1000.000000000000000 ) ;
#6764 = VERTEX_POINT ( 'NONE', #3072 ) ;
#6765 = CARTESIAN_POINT ( 'NONE',  ( 36.50000000000000711, 3.400000000000001688, -32.14999999999998437 ) ) ;
#6766 = ORIENTED_EDGE ( 'NONE', *, *, #3467, .T. ) ;
#6767 = CARTESIAN_POINT ( 'NONE',  ( 59.00000000000000000, 4.500000000000000888, -21.14999999999997371 ) ) ;
#6768 = DIRECTION ( 'NONE',  ( -0.000000000000000000, 0.000000000000000000, 1.000000000000000000 ) ) ;
#6769 = EDGE_CURVE ( 'NONE', #6638, #1875, #476, .T. ) ;
#6770 = ORIENTED_EDGE ( 'NONE', *, *, #771, .T. ) ;
#6771 = EDGE_CURVE ( 'NONE', #1382, #556, #5826, .T. ) ;
#6772 = DIRECTION ( 'NONE',  ( 1.000000000000000000, 0.000000000000000000, 0.000000000000000000 ) ) ;
#6773 = AXIS2_PLACEMENT_3D ( 'NONE', #5496, #4938, #1816 ) ;
#6774 = CARTESIAN_POINT ( 'NONE',  ( 59.00000000000000000, 4.500000000000000888, 0.000000000000000000 ) ) ;
#6775 = DIRECTION ( 'NONE',  ( -0.000000000000000000, 1.000000000000000000, -0.000000000000000000 ) ) ;
#6776 = CARTESIAN_POINT ( 'NONE',  ( -1.399999999999995914, 10.00000000000000000, -18.94999999999997442 ) ) ;
#6777 = DIRECTION ( 'NONE',  ( -0.000000000000000000, -1.000000000000000000, -7.796510004390144799E-17 ) ) ;
#6778 = EDGE_LOOP ( 'NONE', ( #1244, #4122, #890, #790 ) ) ;
#6779 = DIRECTION ( 'NONE',  ( 0.000000000000000000, -0.000000000000000000, 1.000000000000000000 ) ) ;
#6780 = CARTESIAN_POINT ( 'NONE',  ( 4.500000000000003553, 3.900000000000001688, -44.75000000000001421 ) ) ;
#6781 = EDGE_CURVE ( 'NONE', #320, #3124, #3838, .T. ) ;
#6782 = ORIENTED_EDGE ( 'NONE', *, *, #6785, .T. ) ;
#6783 = DIRECTION ( 'NONE',  ( -0.000000000000000000, 1.000000000000000000, -0.000000000000000000 ) ) ;
#6784 = AXIS2_PLACEMENT_3D ( 'NONE', #2074, #2581, #1084 ) ;
#6785 = EDGE_CURVE ( 'NONE', #5189, #3109, #4706, .T. ) ;
ENDSEC;
END-ISO-10303-21;
