ISO-10303-21;
HEADER;
FILE_DESCRIPTION (( 'STEP AP203' ),
    '1' );
FILE_NAME ('散热下壳.STEP',
    '2025-09-17T14:02:39',
    ( '' ),
    ( '' ),
    'SwSTEP 2.0',
    'SolidWorks 2020',
    '' );
FILE_SCHEMA (( 'CONFIG_CONTROL_DESIGN' ));
ENDSEC;

DATA;
#1 = CARTESIAN_POINT ( 'NONE',  ( 0.000000000000000000, 4.299999999999999822, -3.000000000000000000 ) ) ;
#2 = VERTEX_POINT ( 'NONE', #4198 ) ;
#3 = CONICAL_SURFACE ( 'NONE', #1212, 1.400000000000010569, 0.7853981633974482790 ) ;
#4 = LINE ( 'NONE', #764, #2797 ) ;
#5 = EDGE_CURVE ( 'NONE', #797, #4537, #920, .T. ) ;
#6 = EDGE_CURVE ( 'NONE', #903, #4698, #1825, .T. ) ;
#7 = CIRCLE ( 'NONE', #1600, 3.000000000000002665 ) ;
#8 = DIRECTION ( 'NONE',  ( 0.000000000000000000, 0.000000000000000000, 1.000000000000000000 ) ) ;
#9 = ORIENTED_EDGE ( 'NONE', *, *, #3689, .F. ) ;
#10 = FACE_OUTER_BOUND ( 'NONE', #1523, .T. ) ;
#11 = CARTESIAN_POINT ( 'NONE',  ( -4.094614755213208849E-14, 0.000000000000000000, -17.00000000000000000 ) ) ;
#12 = CARTESIAN_POINT ( 'NONE',  ( 4.731064025391316100E-16, 1.599999999999989875, -7.000000000000020428 ) ) ;
#13 = ADVANCED_FACE ( 'NONE', ( #3840 ), #3078, .F. ) ;
#14 = ORIENTED_EDGE ( 'NONE', *, *, #2495, .T. ) ;
#15 = CARTESIAN_POINT ( 'NONE',  ( 64.50000000000000000, 4.299999999999999822, -3.500000000000003109 ) ) ;
#16 = CARTESIAN_POINT ( 'NONE',  ( -5.466714354767515161E-14, 2.500000000000000000, -13.00000000000000178 ) ) ;
#17 = DIRECTION ( 'NONE',  ( 0.000000000000000000, 0.000000000000000000, -1.000000000000000000 ) ) ;
#18 = ORIENTED_EDGE ( 'NONE', *, *, #1235, .T. ) ;
#19 = ORIENTED_EDGE ( 'NONE', *, *, #2501, .T. ) ;
#20 = LINE ( 'NONE', #3634, #2475 ) ;
#21 = CARTESIAN_POINT ( 'NONE',  ( 88.00000000000000000, 1.599999999999990319, -17.00000000000000000 ) ) ;
#22 = VECTOR ( 'NONE', #3294, 1000.000000000000000 ) ;
#23 = ORIENTED_EDGE ( 'NONE', *, *, #1087, .F. ) ;
#24 = CARTESIAN_POINT ( 'NONE',  ( 3.000000000000000000, 0.000000000000000000, -1.599999999999989431 ) ) ;
#25 = EDGE_CURVE ( 'NONE', #1198, #2261, #3005, .T. ) ;
#26 = CARTESIAN_POINT ( 'NONE',  ( 4.599999999999996092, 0.000000000000000000, -27.00000000000002132 ) ) ;
#27 = VECTOR ( 'NONE', #3815, 1000.000000000000000 ) ;
#28 = DIRECTION ( 'NONE',  ( -0.7071067811865475727, 0.7071067811865475727, 0.000000000000000000 ) ) ;
#29 = VECTOR ( 'NONE', #4263, 999.9999999999998863 ) ;
#30 = ADVANCED_FACE ( 'NONE', ( #1585 ), #460, .F. ) ;
#31 = ORIENTED_EDGE ( 'NONE', *, *, #2044, .T. ) ;
#32 = DIRECTION ( 'NONE',  ( 0.000000000000000000, 0.000000000000000000, 1.000000000000000000 ) ) ;
#33 = CARTESIAN_POINT ( 'NONE',  ( -6.860497997771531562E-14, 2.500000000000000000, -7.000000000000020428 ) ) ;
#34 = DIRECTION ( 'NONE',  ( -1.000000000000000000, -0.000000000000000000, -2.365532012695646217E-16 ) ) ;
#35 = AXIS2_PLACEMENT_3D ( 'NONE', #4109, #1574, #887 ) ;
#36 = ORIENTED_EDGE ( 'NONE', *, *, #3233, .T. ) ;
#37 = DIRECTION ( 'NONE',  ( 1.000000000000000000, 0.000000000000000000, 0.000000000000000000 ) ) ;
#38 = ADVANCED_FACE ( 'NONE', ( #2282 ), #3432, .F. ) ;
#39 = EDGE_CURVE ( 'NONE', #3644, #2004, #4123, .T. ) ;
#40 = CARTESIAN_POINT ( 'NONE',  ( 0.000000000000000000, 4.299999999999999822, -6.500000000000002665 ) ) ;
#41 = VECTOR ( 'NONE', #4224, 1000.000000000000000 ) ;
#42 = FACE_OUTER_BOUND ( 'NONE', #1142, .T. ) ;
#43 = VECTOR ( 'NONE', #942, 1000.000000000000000 ) ;
#44 = EDGE_LOOP ( 'NONE', ( #452, #3710, #890, #2017 ) ) ;
#45 = ORIENTED_EDGE ( 'NONE', *, *, #1404, .F. ) ;
#46 = ADVANCED_FACE ( 'NONE', ( #2360 ), #4530, .F. ) ;
#47 = DIRECTION ( 'NONE',  ( 0.000000000000000000, 0.000000000000000000, 1.000000000000000000 ) ) ;
#48 = VECTOR ( 'NONE', #1737, 1000.000000000000000 ) ;
#49 = ORIENTED_EDGE ( 'NONE', *, *, #2315, .F. ) ;
#50 = CARTESIAN_POINT ( 'NONE',  ( 1.666113868251525199E-13, 0.000000000000000000, -43.00000000000002132 ) ) ;
#51 = LINE ( 'NONE', #2593, #2646 ) ;
#52 = VECTOR ( 'NONE', #3500, 1000.000000000000000 ) ;
#53 = CARTESIAN_POINT ( 'NONE',  ( 2.082642335314406498E-13, 1.599999999999985656, -47.00000000000002132 ) ) ;
#54 = ORIENTED_EDGE ( 'NONE', *, *, #1633, .F. ) ;
#55 = PLANE ( 'NONE',  #640 ) ;
#56 = LINE ( 'NONE', #3663, #4396 ) ;
#57 = LINE ( 'NONE', #2641, #2887 ) ;
#58 = ORIENTED_EDGE ( 'NONE', *, *, #435, .T. ) ;
#59 = CARTESIAN_POINT ( 'NONE',  ( 88.00000000000000000, 1.599999999999990763, -29.00000000000000000 ) ) ;
#60 = CARTESIAN_POINT ( 'NONE',  ( 3.000000000000000000, 4.299999999999999822, 0.000000000000000000 ) ) ;
#61 = LINE ( 'NONE', #2209, #264 ) ;
#62 = ADVANCED_FACE ( 'NONE', ( #4101 ), #1254, .T. ) ;
#63 = ORIENTED_EDGE ( 'NONE', *, *, #2463, .F. ) ;
#64 = ORIENTED_EDGE ( 'NONE', *, *, #2159, .F. ) ;
#65 = DIRECTION ( 'NONE',  ( -1.000000000000000000, 0.000000000000000000, 0.000000000000000000 ) ) ;
#66 = EDGE_CURVE ( 'NONE', #2, #1901, #848, .T. ) ;
#67 = EDGE_LOOP ( 'NONE', ( #4614, #54, #3583, #4424, #2077, #1008, #2515 ) ) ;
#68 = CARTESIAN_POINT ( 'NONE',  ( 3.999999999999999112, 2.500000000000000000, -7.000000000000006217 ) ) ;
#69 = CARTESIAN_POINT ( 'NONE',  ( 62.00000000000000000, 0.000000000000000000, -48.99999999999999289 ) ) ;
#70 = ORIENTED_EDGE ( 'NONE', *, *, #4477, .T. ) ;
#71 = ORIENTED_EDGE ( 'NONE', *, *, #2434, .F. ) ;
#72 = DIRECTION ( 'NONE',  ( 1.334402673828314572E-16, -0.000000000000000000, 1.000000000000000000 ) ) ;
#73 = LINE ( 'NONE', #2997, #3494 ) ;
#74 = AXIS2_PLACEMENT_3D ( 'NONE', #2723, #826, #4175 ) ;
#75 = ORIENTED_EDGE ( 'NONE', *, *, #1734, .T. ) ;
#76 = DIRECTION ( 'NONE',  ( -0.000000000000000000, -1.000000000000000000, -0.000000000000000000 ) ) ;
#77 = VECTOR ( 'NONE', #1420, 1000.000000000000000 ) ;
#78 = ORIENTED_EDGE ( 'NONE', *, *, #3453, .F. ) ;
#79 = PLANE ( 'NONE',  #1397 ) ;
#80 = CARTESIAN_POINT ( 'NONE',  ( 2.899999999999999911, 8.799999999999998934, 0.000000000000000000 ) ) ;
#81 = VECTOR ( 'NONE', #1688, 1000.000000000000000 ) ;
#82 = ORIENTED_EDGE ( 'NONE', *, *, #3655, .F. ) ;
#83 = ORIENTED_EDGE ( 'NONE', *, *, #3638, .F. ) ;
#84 = CARTESIAN_POINT ( 'NONE',  ( 9.000000000000000000, 2.500000000000000000, -56.00000000000000000 ) ) ;
#85 = ADVANCED_FACE ( 'NONE', ( #897 ), #2830, .F. ) ;
#86 = ORIENTED_EDGE ( 'NONE', *, *, #4716, .F. ) ;
#87 = ORIENTED_EDGE ( 'NONE', *, *, #2342, .F. ) ;
#88 = ORIENTED_EDGE ( 'NONE', *, *, #1666, .F. ) ;
#89 = ADVANCED_FACE ( 'NONE', ( #2431 ), #2410, .F. ) ;
#90 = ADVANCED_FACE ( 'NONE', ( #629 ), #3, .T. ) ;
#91 = CARTESIAN_POINT ( 'NONE',  ( 64.50000000000000000, 4.299999999999999822, -51.20000000000000284 ) ) ;
#92 = AXIS2_PLACEMENT_3D ( 'NONE', #1937, #3050, #1226 ) ;
#93 = CARTESIAN_POINT ( 'NONE',  ( 1.499999999999998224, 2.500000000000000444, -36.40192378864669109 ) ) ;
#94 = CARTESIAN_POINT ( 'NONE',  ( 2.190714121169760127E-15, 0.000000000000000000, -33.80384757729336798 ) ) ;
#95 = AXIS2_PLACEMENT_3D ( 'NONE', #4148, #4531, #4559 ) ;
#96 = CARTESIAN_POINT ( 'NONE',  ( 88.00000000000000000, 1.599999999999990319, -3.000000000000000000 ) ) ;
#97 = CARTESIAN_POINT ( 'NONE',  ( 3.999999999999999112, 0.000000000000000000, -54.40000000000001279 ) ) ;
#98 = AXIS2_PLACEMENT_3D ( 'NONE', #437, #4522, #4097 ) ;
#99 = VERTEX_POINT ( 'NONE', #658 ) ;
#100 = DIRECTION ( 'NONE',  ( 0.000000000000000000, -0.000000000000000000, 1.000000000000000000 ) ) ;
#101 = LINE ( 'NONE', #4169, #2238 ) ;
#102 = CARTESIAN_POINT ( 'NONE',  ( 1.653350344844207509, 1.005375635146759095, -37.00000000000001421 ) ) ;
#103 = VECTOR ( 'NONE', #1763, 1000.000000000000000 ) ;
#104 = EDGE_LOOP ( 'NONE', ( #2994, #1933, #4130, #569 ) ) ;
#105 = DIRECTION ( 'NONE',  ( 0.000000000000000000, 0.000000000000000000, 1.000000000000000000 ) ) ;
#106 = DIRECTION ( 'NONE',  ( 0.000000000000000000, 1.000000000000000000, 0.000000000000000000 ) ) ;
#107 = LINE ( 'NONE', #4177, #41 ) ;
#108 = VECTOR ( 'NONE', #2996, 1000.000000000000000 ) ;
#109 = EDGE_CURVE ( 'NONE', #3424, #2012, #3865, .T. ) ;
#110 = VERTEX_POINT ( 'NONE', #2482 ) ;
#111 = EDGE_LOOP ( 'NONE', ( #2436, #2600, #4437, #1329, #472, #742 ) ) ;
#112 = VERTEX_POINT ( 'NONE', #1393 ) ;
#113 = DIRECTION ( 'NONE',  ( 0.7071067811865475727, 0.7071067811865475727, 0.000000000000000000 ) ) ;
#114 = FACE_OUTER_BOUND ( 'NONE', #3529, .T. ) ;
#115 = AXIS2_PLACEMENT_3D ( 'NONE', #3944, #3588, #3228 ) ;
#116 = EDGE_CURVE ( 'NONE', #1496, #3945, #1731, .T. ) ;
#117 = EDGE_CURVE ( 'NONE', #560, #2421, #2772, .T. ) ;
#118 = DIRECTION ( 'NONE',  ( 0.000000000000000000, 1.000000000000000000, 0.000000000000000000 ) ) ;
#119 = ORIENTED_EDGE ( 'NONE', *, *, #3286, .F. ) ;
#120 = CARTESIAN_POINT ( 'NONE',  ( 6.500000000000000000, 7.299999999999999822, -52.50000000000000711 ) ) ;
#121 = LOCAL_TIME ( 22, 2, 39.00000000000000000, #293 ) ;
#122 = CARTESIAN_POINT ( 'NONE',  ( 88.00000000000000000, 1.599999999999990319, -13.00000000000000178 ) ) ;
#123 = DIRECTION ( 'NONE',  ( 0.000000000000000000, 0.000000000000000000, 1.000000000000000000 ) ) ;
#124 = ADVANCED_FACE ( 'NONE', ( #3530 ), #4222, .F. ) ;
#125 = ORIENTED_EDGE ( 'NONE', *, *, #4239, .F. ) ;
#126 = DIRECTION ( 'NONE',  ( 0.7071067811865474617, -0.7071067811865474617, -0.000000000000000000 ) ) ;
#127 = VERTEX_POINT ( 'NONE', #2793 ) ;
#128 = DIRECTION ( 'NONE',  ( 0.7071067811865463515, 0.7071067811865487940, 1.149970062512528262E-16 ) ) ;
#129 = LINE ( 'NONE', #1558, #2091 ) ;
#130 = DIRECTION ( 'NONE',  ( -1.000000000000000000, -0.000000000000000000, -0.000000000000000000 ) ) ;
#131 = ORIENTED_EDGE ( 'NONE', *, *, #2608, .T. ) ;
#132 = DIRECTION ( 'NONE',  ( -0.000000000000000000, 0.000000000000000000, 1.000000000000000000 ) ) ;
#133 = CARTESIAN_POINT ( 'NONE',  ( 6.500000000000000000, 7.299999999999999822, -53.80000000000000426 ) ) ;
#134 = CARTESIAN_POINT ( 'NONE',  ( 9.499999999999994671, 7.299999999999999822, -52.50000000000000711 ) ) ;
#135 = ORIENTED_EDGE ( 'NONE', *, *, #4560, .F. ) ;
#136 = ORIENTED_EDGE ( 'NONE', *, *, #1690, .F. ) ;
#137 = VERTEX_POINT ( 'NONE', #3175 ) ;
#138 = DIRECTION ( 'NONE',  ( -1.626303258728256158E-16, 0.000000000000000000, 1.000000000000000000 ) ) ;
#139 = DIRECTION ( 'NONE',  ( 0.000000000000000000, 0.000000000000000000, -1.000000000000000000 ) ) ;
#140 = DIRECTION ( 'NONE',  ( 0.000000000000000000, 1.000000000000000000, 0.000000000000000000 ) ) ;
#141 = EDGE_CURVE ( 'NONE', #4537, #3108, #1016, .T. ) ;
#142 = EDGE_CURVE ( 'NONE', #127, #3851, #679, .T. ) ;
#143 = PLANE ( 'NONE',  #3557 ) ;
#144 = CALENDAR_DATE ( 2025, 17, 9 ) ;
#145 = EDGE_LOOP ( 'NONE', ( #3355, #2190, #1696, #203 ) ) ;
#146 = CARTESIAN_POINT ( 'NONE',  ( 9.000000000000000000, 2.500000000000000000, -49.00000000000000711 ) ) ;
#147 = CARTESIAN_POINT ( 'NONE',  ( -6.860497997771531562E-14, 2.500000000000000000, -7.000000000000020428 ) ) ;
#148 = EDGE_CURVE ( 'NONE', #4418, #2443, #1369, .T. ) ;
#149 = EDGE_CURVE ( 'NONE', #3001, #2905, #2840, .T. ) ;
#150 = DIRECTION ( 'NONE',  ( -0.000000000000000000, 0.000000000000000000, 1.000000000000000000 ) ) ;
#151 = CARTESIAN_POINT ( 'NONE',  ( 1.599999999999990319, 0.000000000000000000, -13.00000000000000178 ) ) ;
#152 = LINE ( 'NONE', #4172, #2777 ) ;
#153 = VERTEX_POINT ( 'NONE', #3128 ) ;
#154 = VECTOR ( 'NONE', #2860, 1000.000000000000000 ) ;
#155 = DIRECTION ( 'NONE',  ( 0.000000000000000000, 1.000000000000000000, 0.000000000000000000 ) ) ;
#156 = CARTESIAN_POINT ( 'NONE',  ( 3.999999999999999112, 2.500000000000000000, 0.000000000000000000 ) ) ;
#157 = DIRECTION ( 'NONE',  ( 0.000000000000000000, 0.000000000000000000, 1.000000000000000000 ) ) ;
#158 = VECTOR ( 'NONE', #3516, 1000.000000000000000 ) ;
#159 = ORIENTED_EDGE ( 'NONE', *, *, #4391, .T. ) ;
#160 = CARTESIAN_POINT ( 'NONE',  ( 3.000000000000000000, 1.599999999999991207, 0.000000000000000000 ) ) ;
#161 = ORIENTED_EDGE ( 'NONE', *, *, #1424, .F. ) ;
#162 = ORIENTED_EDGE ( 'NONE', *, *, #1913, .F. ) ;
#163 = DIRECTION ( 'NONE',  ( 0.000000000000000000, -1.000000000000000000, 0.000000000000000000 ) ) ;
#164 = DIRECTION ( 'NONE',  ( -2.365532012695646217E-16, 0.000000000000000000, 1.000000000000000000 ) ) ;
#165 = CARTESIAN_POINT ( 'NONE',  ( 88.00000000000008527, 1.600000000000074030, -37.00000000000000711 ) ) ;
#166 = FACE_OUTER_BOUND ( 'NONE', #1042, .T. ) ;
#167 = LINE ( 'NONE', #1954, #2717 ) ;
#168 = LINE ( 'NONE', #3853, #1567 ) ;
#169 = VECTOR ( 'NONE', #3469, 1000.000000000000000 ) ;
#170 = ORIENTED_EDGE ( 'NONE', *, *, #3792, .F. ) ;
#171 = EDGE_CURVE ( 'NONE', #3034, #925, #1370, .T. ) ;
#172 = DIRECTION ( 'NONE',  ( 0.000000000000000000, 0.000000000000000000, -1.000000000000000000 ) ) ;
#173 = VECTOR ( 'NONE', #3053, 1000.000000000000000 ) ;
#174 = CARTESIAN_POINT ( 'NONE',  ( 4.113710927954500705E-16, 2.500000000000000000, -22.19615242270663558 ) ) ;
#175 = PLANE ( 'NONE',  #1636 ) ;
#176 = FACE_OUTER_BOUND ( 'NONE', #3388, .T. ) ;
#177 = VECTOR ( 'NONE', #350, 1000.000000000000000 ) ;
#178 = ORIENTED_EDGE ( 'NONE', *, *, #3219, .F. ) ;
#179 = EDGE_CURVE ( 'NONE', #830, #3287, #1301, .T. ) ;
#180 = EDGE_CURVE ( 'NONE', #4407, #2, #4629, .T. ) ;
#181 = VERTEX_POINT ( 'NONE', #1324 ) ;
#182 = DIRECTION ( 'NONE',  ( -0.000000000000000000, -0.000000000000000000, 1.000000000000000000 ) ) ;
#183 = VECTOR ( 'NONE', #2277, 1000.000000000000000 ) ;
#184 = CARTESIAN_POINT ( 'NONE',  ( 67.00000000000000000, 1.599999999999990319, 0.000000000000000000 ) ) ;
#185 = ORIENTED_EDGE ( 'NONE', *, *, #3491, .T. ) ;
#186 = CARTESIAN_POINT ( 'NONE',  ( 1.599999999999987654, 0.000000000000000000, -53.00000000000000000 ) ) ;
#187 = ADVANCED_FACE ( 'NONE', ( #209 ), #3963, .F. ) ;
#188 = ORIENTED_EDGE ( 'NONE', *, *, #1640, .T. ) ;
#189 = ORIENTED_EDGE ( 'NONE', *, *, #235, .F. ) ;
#190 = DIRECTION ( 'NONE',  ( -1.000000000000000000, 0.000000000000000000, 0.000000000000000000 ) ) ;
#191 = CIRCLE ( 'NONE', #1328, 1.299999999999994715 ) ;
#192 = LINE ( 'NONE', #2466, #1683 ) ;
#193 = AXIS2_PLACEMENT_3D ( 'NONE', #4290, #1012, #2478 ) ;
#194 = ORIENTED_EDGE ( 'NONE', *, *, #3929, .T. ) ;
#195 = ORIENTED_EDGE ( 'NONE', *, *, #2903, .T. ) ;
#196 = CARTESIAN_POINT ( 'NONE',  ( 3.000000000000001776, 2.500000000000000000, -33.00000000000000000 ) ) ;
#197 = LINE ( 'NONE', #4259, #3256 ) ;
#198 = VECTOR ( 'NONE', #266, 1000.000000000000000 ) ;
#199 = LINE ( 'NONE', #1626, #2731 ) ;
#200 = ORIENTED_EDGE ( 'NONE', *, *, #1787, .F. ) ;
#201 = DIRECTION ( 'NONE',  ( -0.000000000000000000, -1.000000000000000000, -0.000000000000000000 ) ) ;
#202 = VECTOR ( 'NONE', #1040, 1000.000000000000000 ) ;
#203 = ORIENTED_EDGE ( 'NONE', *, *, #3077, .F. ) ;
#204 = CARTESIAN_POINT ( 'NONE',  ( 9.000000000000000000, 1.599999999999990319, -56.00000000000000000 ) ) ;
#205 = DIRECTION ( 'NONE',  ( -0.000000000000000000, -1.000000000000000000, -0.000000000000000000 ) ) ;
#206 = DIRECTION ( 'NONE',  ( -0.000000000000000000, 1.000000000000000000, 0.000000000000000000 ) ) ;
#207 = CC_DESIGN_APPROVAL ( #2334, ( #356 ) ) ;
#208 = EDGE_LOOP ( 'NONE', ( #2366, #3825, #3928, #2941 ) ) ;
#209 = FACE_OUTER_BOUND ( 'NONE', #1458, .T. ) ;
#210 = LINE ( 'NONE', #3381, #4302 ) ;
#211 = EDGE_CURVE ( 'NONE', #2862, #3729, #4281, .T. ) ;
#212 = EDGE_CURVE ( 'NONE', #2324, #938, #3909, .T. ) ;
#213 = ORIENTED_EDGE ( 'NONE', *, *, #814, .T. ) ;
#214 = DIRECTION ( 'NONE',  ( 0.000000000000000000, 0.7071067811865475727, 0.7071067811865475727 ) ) ;
#215 = ORIENTED_EDGE ( 'NONE', *, *, #2249, .T. ) ;
#216 = CARTESIAN_POINT ( 'NONE',  ( 88.00000000000015632, 2.500000000000000000, -45.00000000000000000 ) ) ;
#217 = ADVANCED_FACE ( 'NONE', ( #4347 ), #752, .F. ) ;
#218 = PLANE ( 'NONE',  #2541 ) ;
#219 = VERTEX_POINT ( 'NONE', #3648 ) ;
#220 = ORIENTED_EDGE ( 'NONE', *, *, #1868, .F. ) ;
#221 = CARTESIAN_POINT ( 'NONE',  ( 88.00000000000000000, 4.299999999999999822, -53.00000000000000000 ) ) ;
#222 = LINE ( 'NONE', #933, #3868 ) ;
#223 = LINE ( 'NONE', #1386, #154 ) ;
#224 = DIRECTION ( 'NONE',  ( -0.000000000000000000, 1.000000000000000000, -0.000000000000000000 ) ) ;
#225 = CARTESIAN_POINT ( 'NONE',  ( 3.000000000000001332, 2.500000000000000000, -27.00000000000002132 ) ) ;
#226 = LINE ( 'NONE', #558, #2802 ) ;
#227 = ORIENTED_EDGE ( 'NONE', *, *, #2989, .T. ) ;
#228 = DIRECTION ( 'NONE',  ( 0.000000000000000000, 0.000000000000000000, -1.000000000000000000 ) ) ;
#229 = CYLINDRICAL_SURFACE ( 'NONE', #2782, 3.000000000000002665 ) ;
#230 = DIRECTION ( 'NONE',  ( 0.000000000000000000, 0.000000000000000000, 1.000000000000000000 ) ) ;
#231 = VECTOR ( 'NONE', #1932, 1000.000000000000000 ) ;
#232 = EDGE_LOOP ( 'NONE', ( #3724, #3562, #4565, #1691 ) ) ;
#233 = DIRECTION ( 'NONE',  ( -1.000000000000000000, 0.000000000000000000, 0.000000000000000000 ) ) ;
#234 = ORIENTED_EDGE ( 'NONE', *, *, #1424, .T. ) ;
#235 = EDGE_CURVE ( 'NONE', #1048, #3196, #773, .T. ) ;
#236 = DIRECTION ( 'NONE',  ( 1.000000000000000000, -0.000000000000000000, -0.000000000000000000 ) ) ;
#237 = VECTOR ( 'NONE', #312, 1000.000000000000000 ) ;
#238 = CARTESIAN_POINT ( 'NONE',  ( 86.40000000000000568, 0.000000000000000000, -13.00000000000000178 ) ) ;
#239 = ADVANCED_FACE ( 'NONE', ( #1775 ), #4432, .F. ) ;
#240 = ADVANCED_FACE ( 'NONE', ( #323 ), #4030, .T. ) ;
#241 = ORIENTED_EDGE ( 'NONE', *, *, #3416, .F. ) ;
#242 = ORIENTED_EDGE ( 'NONE', *, *, #794, .T. ) ;
#243 = DIRECTION ( 'NONE',  ( -0.000000000000000000, -1.000000000000000000, -0.000000000000000000 ) ) ;
#244 = ORIENTED_EDGE ( 'NONE', *, *, #682, .T. ) ;
#245 = EDGE_CURVE ( 'NONE', #3343, #3869, #2892, .T. ) ;
#246 = DIRECTION ( 'NONE',  ( 0.000000000000000000, 1.000000000000000000, 0.000000000000000000 ) ) ;
#247 = ORIENTED_EDGE ( 'NONE', *, *, #2220, .F. ) ;
#248 = DIRECTION ( 'NONE',  ( 0.000000000000000000, 1.000000000000000000, 0.000000000000000000 ) ) ;
#249 = CARTESIAN_POINT ( 'NONE',  ( 0.000000000000000000, 1.599999999999990319, -3.000000000000000000 ) ) ;
#250 = PLANE ( 'NONE',  #2884 ) ;
#251 = AXIS2_PLACEMENT_3D ( 'NONE', #3183, #310, #4276 ) ;
#252 = ORIENTED_EDGE ( 'NONE', *, *, #4651, .F. ) ;
#253 = DIRECTION ( 'NONE',  ( -0.000000000000000000, 0.7071067811865477948, 0.7071067811865473507 ) ) ;
#254 = CARTESIAN_POINT ( 'NONE',  ( 3.000000000000000000, 1.599999999999990319, 0.000000000000000000 ) ) ;
#255 = DIRECTION ( 'NONE',  ( -1.626303258728256158E-16, 0.000000000000000000, 1.000000000000000000 ) ) ;
#256 = CIRCLE ( 'NONE', #1162, 2.999999999999995559 ) ;
#257 = VERTEX_POINT ( 'NONE', #2557 ) ;
#258 = CARTESIAN_POINT ( 'NONE',  ( 3.000000000000000000, 2.500000000000000000, -17.00000000000000000 ) ) ;
#259 = ORIENTED_EDGE ( 'NONE', *, *, #2198, .T. ) ;
#260 = VECTOR ( 'NONE', #3881, 1000.000000000000000 ) ;
#261 = FACE_OUTER_BOUND ( 'NONE', #1549, .T. ) ;
#262 = CARTESIAN_POINT ( 'NONE',  ( 64.50000000000000000, 7.299999999999999822, -51.20000000000000284 ) ) ;
#263 = AXIS2_PLACEMENT_3D ( 'NONE', #1405, #289, #2879 ) ;
#264 = VECTOR ( 'NONE', #1846, 1000.000000000000000 ) ;
#265 = VERTEX_POINT ( 'NONE', #2532 ) ;
#266 = DIRECTION ( 'NONE',  ( -0.000000000000000000, -1.000000000000000000, -0.000000000000000000 ) ) ;
#267 = EDGE_CURVE ( 'NONE', #903, #1750, #3604, .T. ) ;
#268 = AXIS2_PLACEMENT_3D ( 'NONE', #1936, #557, #2014 ) ;
#269 = ORIENTED_EDGE ( 'NONE', *, *, #440, .F. ) ;
#270 = LINE ( 'NONE', #3189, #3143 ) ;
#271 = ADVANCED_BREP_SHAPE_REPRESENTATION ( '散热下壳', ( #4287, #4251 ), #501 ) ;
#272 = VERTEX_POINT ( 'NONE', #1110 ) ;
#273 = DIRECTION ( 'NONE',  ( 0.000000000000000000, 0.000000000000000000, -1.000000000000000000 ) ) ;
#274 = CIRCLE ( 'NONE', #2414, 3.000000000000000000 ) ;
#275 = DIRECTION ( 'NONE',  ( 0.000000000000000000, 0.000000000000000000, -1.000000000000000000 ) ) ;
#276 = LINE ( 'NONE', #4701, #576 ) ;
#277 = EDGE_CURVE ( 'NONE', #2032, #1584, #1132, .T. ) ;
#278 = CIRCLE ( 'NONE', #3489, 2.999999999999999112 ) ;
#279 = ORIENTED_EDGE ( 'NONE', *, *, #2019, .T. ) ;
#280 = CARTESIAN_POINT ( 'NONE',  ( 88.00000000000000000, 1.599999999999990319, -49.00000000000000000 ) ) ;
#281 = EDGE_LOOP ( 'NONE', ( #3979, #2073, #772, #4663, #2827, #2285, #227, #19, #1668, #1999, #1533, #2748, #4275, #3338, #4226, #3789 ) ) ;
#282 = CARTESIAN_POINT ( 'NONE',  ( 84.99999999999998579, 0.000000000000000000, -3.000000000000000000 ) ) ;
#283 = LINE ( 'NONE', #1067, #1255 ) ;
#284 = VECTOR ( 'NONE', #4291, 1000.000000000000000 ) ;
#285 = VERTEX_POINT ( 'NONE', #3626 ) ;
#286 = DIRECTION ( 'NONE',  ( 1.000000000000000000, 0.000000000000000000, 0.000000000000000000 ) ) ;
#287 = ORIENTED_EDGE ( 'NONE', *, *, #3160, .F. ) ;
#288 = LINE ( 'NONE', #3157, #3000 ) ;
#289 = DIRECTION ( 'NONE',  ( 0.000000000000000000, 1.000000000000000000, 0.000000000000000000 ) ) ;
#290 = CARTESIAN_POINT ( 'NONE',  ( 0.000000000000000000, 8.799999999999998934, -49.49999999999997158 ) ) ;
#291 = ORIENTED_EDGE ( 'NONE', *, *, #2434, .T. ) ;
#292 = DIRECTION ( 'NONE',  ( 0.000000000000000000, 0.000000000000000000, 1.000000000000000000 ) ) ;
#293 = COORDINATED_UNIVERSAL_TIME_OFFSET ( 8, 0, .AHEAD. ) ;
#294 = ORIENTED_EDGE ( 'NONE', *, *, #2725, .F. ) ;
#295 = CARTESIAN_POINT ( 'NONE',  ( 84.99999999999998579, 0.000000000000000000, -3.000000000000000000 ) ) ;
#296 = ADVANCED_FACE ( 'NONE', ( #3666 ), #1065, .F. ) ;
#297 = ADVANCED_FACE ( 'NONE', ( #4010 ), #2619, .F. ) ;
#298 = PLANE ( 'NONE',  #4452 ) ;
#299 = LINE ( 'NONE', #11, #4543 ) ;
#300 = CARTESIAN_POINT ( 'NONE',  ( 3.000000000000000000, 1.599999999999990319, 0.000000000000000000 ) ) ;
#301 = ORIENTED_EDGE ( 'NONE', *, *, #1002, .T. ) ;
#302 = DIRECTION ( 'NONE',  ( -1.000000000000000000, 0.000000000000000000, -0.000000000000000000 ) ) ;
#303 = EDGE_CURVE ( 'NONE', #4174, #3677, #1490, .T. ) ;
#304 = VERTEX_POINT ( 'NONE', #349 ) ;
#305 = DIRECTION ( 'NONE',  ( 0.000000000000000000, 0.000000000000000000, -1.000000000000000000 ) ) ;
#306 = CARTESIAN_POINT ( 'NONE',  ( 84.99999999999998579, 0.000000000000000000, -3.000000000000000000 ) ) ;
#307 = ORIENTED_EDGE ( 'NONE', *, *, #2402, .F. ) ;
#308 = CARTESIAN_POINT ( 'NONE',  ( 4.186968714078523085E-14, 2.500000000000000000, -33.00000000000000000 ) ) ;
#309 = ORIENTED_EDGE ( 'NONE', *, *, #3764, .F. ) ;
#310 = DIRECTION ( 'NONE',  ( -0.000000000000000000, -1.000000000000000000, -0.000000000000000000 ) ) ;
#311 = LINE ( 'NONE', #2517, #1548 ) ;
#312 = DIRECTION ( 'NONE',  ( -0.000000000000000000, -0.000000000000000000, 1.000000000000000000 ) ) ;
#313 = VECTOR ( 'NONE', #4668, 1000.000000000000000 ) ;
#314 = ORIENTED_EDGE ( 'NONE', *, *, #1583, .T. ) ;
#315 = DIRECTION ( 'NONE',  ( -0.7071067811865475727, 0.7071067811865475727, 0.000000000000000000 ) ) ;
#316 = VECTOR ( 'NONE', #3750, 1000.000000000000000 ) ;
#317 = CYLINDRICAL_SURFACE ( 'NONE', #3146, 3.000000000000000000 ) ;
#318 = FACE_OUTER_BOUND ( 'NONE', #4108, .T. ) ;
#319 = CARTESIAN_POINT ( 'NONE',  ( 0.7639320225002119713, 8.800999999999998380, -37.00000000000000711 ) ) ;
#320 = DIRECTION ( 'NONE',  ( -0.7071067811865474617, -0.7071067811865474617, -1.672683727290953650E-16 ) ) ;
#321 = EDGE_CURVE ( 'NONE', #3034, #2947, #2229, .T. ) ;
#322 = ORIENTED_EDGE ( 'NONE', *, *, #880, .F. ) ;
#323 = FACE_OUTER_BOUND ( 'NONE', #2668, .T. ) ;
#324 = ORIENTED_EDGE ( 'NONE', *, *, #1434, .T. ) ;
#325 = DIRECTION ( 'NONE',  ( 1.000000000000000000, 0.000000000000000000, 0.000000000000000000 ) ) ;
#326 = FACE_OUTER_BOUND ( 'NONE', #2371, .T. ) ;
#327 = VECTOR ( 'NONE', #236, 1000.000000000000000 ) ;
#328 = EDGE_CURVE ( 'NONE', #2094, #1267, #1843, .T. ) ;
#329 = VERTEX_POINT ( 'NONE', #1865 ) ;
#330 = LINE ( 'NONE', #3204, #809 ) ;
#331 = VERTEX_POINT ( 'NONE', #3307 ) ;
#332 = CARTESIAN_POINT ( 'NONE',  ( -6.860497997771531562E-14, 2.500000000000000000, -7.000000000000020428 ) ) ;
#333 = AXIS2_PLACEMENT_3D ( 'NONE', #587, #3531, #305 ) ;
#334 = DIRECTION ( 'NONE',  ( -0.000000000000000000, -1.000000000000000000, -0.000000000000000000 ) ) ;
#335 = CARTESIAN_POINT ( 'NONE',  ( 67.50000000000000000, 7.299999999999999822, -56.00000000000000000 ) ) ;
#336 = EDGE_CURVE ( 'NONE', #1158, #2876, #4727, .T. ) ;
#337 = ORIENTED_EDGE ( 'NONE', *, *, #2912, .T. ) ;
#338 = AXIS2_PLACEMENT_3D ( 'NONE', #3474, #4546, #1428 ) ;
#339 = LINE ( 'NONE', #4693, #3397 ) ;
#340 = AXIS2_PLACEMENT_3D ( 'NONE', #2583, #2164, #3629 ) ;
#341 = ORIENTED_EDGE ( 'NONE', *, *, #2067, .T. ) ;
#342 = FACE_OUTER_BOUND ( 'NONE', #2655, .T. ) ;
#343 = VERTEX_POINT ( 'NONE', #59 ) ;
#344 = DIRECTION ( 'NONE',  ( 0.000000000000000000, 0.000000000000000000, -1.000000000000000000 ) ) ;
#345 = DIRECTION ( 'NONE',  ( -0.000000000000000000, -1.000000000000000000, -0.000000000000000000 ) ) ;
#346 = VECTOR ( 'NONE', #4554, 1000.000000000000000 ) ;
#347 = DIRECTION ( 'NONE',  ( 1.000000000000000000, 0.000000000000000000, 0.000000000000000000 ) ) ;
#348 = ORIENTED_EDGE ( 'NONE', *, *, #3603, .T. ) ;
#349 = CARTESIAN_POINT ( 'NONE',  ( 84.99999999999998579, 0.000000000000000000, -1.599999999999989431 ) ) ;
#350 = DIRECTION ( 'NONE',  ( -0.000000000000000000, -1.000000000000000000, -0.000000000000000000 ) ) ;
#351 = DIRECTION ( 'NONE',  ( 0.000000000000000000, 1.000000000000000000, 0.000000000000000000 ) ) ;
#352 = VECTOR ( 'NONE', #4227, 1000.000000000000000 ) ;
#353 = ORIENTED_EDGE ( 'NONE', *, *, #4417, .F. ) ;
#354 = EDGE_LOOP ( 'NONE', ( #2386, #1561, #1957, #2874, #4127, #1742, #1131 ) ) ;
#355 = CARTESIAN_POINT ( 'NONE',  ( 3.000000000000001776, 8.800999999999998380, -31.00000000000002132 ) ) ;
#356 = PRODUCT_DEFINITION_FORMATION_WITH_SPECIFIED_SOURCE ( '任何', '', #2423, .NOT_KNOWN. ) ;
#357 = EDGE_CURVE ( 'NONE', #3728, #782, #728, .T. ) ;
#358 = EDGE_CURVE ( 'NONE', #2709, #830, #2976, .T. ) ;
#359 = PLANE ( 'NONE',  #338 ) ;
#360 = LINE ( 'NONE', #4306, #1604 ) ;
#361 = VERTEX_POINT ( 'NONE', #1602 ) ;
#362 = EDGE_CURVE ( 'NONE', #3892, #1203, #4479, .T. ) ;
#363 = CARTESIAN_POINT ( 'NONE',  ( 3.000000000000000000, 1.599999999999991207, -56.00000000000000000 ) ) ;
#364 = DIRECTION ( 'NONE',  ( 0.000000000000000000, 0.000000000000000000, -1.000000000000000000 ) ) ;
#365 = ORIENTED_EDGE ( 'NONE', *, *, #2588, .F. ) ;
#366 = LINE ( 'NONE', #4699, #4610 ) ;
#367 = DIRECTION ( 'NONE',  ( 0.7071067811865474617, 0.7071067811865474617, -0.000000000000000000 ) ) ;
#368 = FACE_OUTER_BOUND ( 'NONE', #2135, .T. ) ;
#369 = ORIENTED_EDGE ( 'NONE', *, *, #4535, .T. ) ;
#370 = DIRECTION ( 'NONE',  ( 0.000000000000000000, 0.000000000000000000, -1.000000000000000000 ) ) ;
#371 = CARTESIAN_POINT ( 'NONE',  ( 87.99999999999992895, 1.599999999999921263, -9.000000000000001776 ) ) ;
#372 = FACE_OUTER_BOUND ( 'NONE', #4104, .T. ) ;
#373 = VERTEX_POINT ( 'NONE', #4551 ) ;
#374 = EDGE_LOOP ( 'NONE', ( #2454, #4478, #3238, #1363, #4605 ) ) ;
#375 = CARTESIAN_POINT ( 'NONE',  ( 1.599999999999990319, 0.000000000000000000, -3.000000000000000000 ) ) ;
#376 = PLANE ( 'NONE',  #3458 ) ;
#377 = EDGE_CURVE ( 'NONE', #4501, #1441, #2142, .T. ) ;
#378 = ORIENTED_EDGE ( 'NONE', *, *, #2943, .T. ) ;
#379 = AXIS2_PLACEMENT_3D ( 'NONE', #1752, #4268, #3197 ) ;
#380 = CARTESIAN_POINT ( 'NONE',  ( 86.40000000000000568, 0.000000000000000000, -23.00000000000000000 ) ) ;
#381 = ADVANCED_FACE ( 'NONE', ( #1272 ), #3399, .F. ) ;
#382 = VECTOR ( 'NONE', #798, 1000.000000000000000 ) ;
#383 = EDGE_CURVE ( 'NONE', #2603, #546, #1199, .T. ) ;
#384 = FACE_OUTER_BOUND ( 'NONE', #1917, .T. ) ;
#385 = ORIENTED_EDGE ( 'NONE', *, *, #1122, .F. ) ;
#386 = DIRECTION ( 'NONE',  ( -0.000000000000000000, -1.000000000000000000, -0.000000000000000000 ) ) ;
#387 = AXIS2_PLACEMENT_3D ( 'NONE', #1053, #4689, #1382 ) ;
#388 = DIRECTION ( 'NONE',  ( -0.000000000000000000, -1.000000000000000000, -0.000000000000000000 ) ) ;
#389 = LINE ( 'NONE', #12, #2340 ) ;
#390 = EDGE_CURVE ( 'NONE', #1782, #1641, #1221, .T. ) ;
#391 = ORIENTED_EDGE ( 'NONE', *, *, #3889, .F. ) ;
#392 = DIRECTION ( 'NONE',  ( 0.000000000000000000, 0.000000000000000000, -1.000000000000000000 ) ) ;
#393 = LINE ( 'NONE', #1465, #2165 ) ;
#394 = PLANE ( 'NONE',  #3702 ) ;
#395 = EDGE_LOOP ( 'NONE', ( #3214, #1064 ) ) ;
#396 = ORIENTED_EDGE ( 'NONE', *, *, #1383, .T. ) ;
#397 = LINE ( 'NONE', #4056, #2312 ) ;
#398 = CARTESIAN_POINT ( 'NONE',  ( -4.116298798662918937E-14, 2.500000000000000000, -15.00000000000001954 ) ) ;
#399 = AXIS2_PLACEMENT_3D ( 'NONE', #3060, #4512, #1286 ) ;
#400 = EDGE_LOOP ( 'NONE', ( #3657, #4025, #722, #337 ) ) ;
#401 = LINE ( 'NONE', #2521, #4242 ) ;
#402 = AXIS2_PLACEMENT_3D ( 'NONE', #3274, #4400, #2213 ) ;
#403 = PLANE ( 'NONE',  #2217 ) ;
#404 = ORIENTED_EDGE ( 'NONE', *, *, #336, .F. ) ;
#405 = EDGE_CURVE ( 'NONE', #945, #2580, #3096, .T. ) ;
#406 = EDGE_CURVE ( 'NONE', #3196, #1034, #4454, .T. ) ;
#407 = DIRECTION ( 'NONE',  ( -0.000000000000000000, -1.000000000000000000, -0.000000000000000000 ) ) ;
#408 = DIRECTION ( 'NONE',  ( -0.000000000000000000, 1.000000000000000000, -0.000000000000000000 ) ) ;
#409 = AXIS2_PLACEMENT_3D ( 'NONE', #1356, #3591, #3255 ) ;
#410 = VERTEX_POINT ( 'NONE', #3782 ) ;
#411 = DIRECTION ( 'NONE',  ( 1.000000000000000000, 0.000000000000000000, -1.334402673828314572E-16 ) ) ;
#412 = DIRECTION ( 'NONE',  ( 0.000000000000000000, 0.000000000000000000, -1.000000000000000000 ) ) ;
#413 = VECTOR ( 'NONE', #17, 1000.000000000000000 ) ;
#414 = EDGE_CURVE ( 'NONE', #410, #3581, #2666, .T. ) ;
#415 = FACE_OUTER_BOUND ( 'NONE', #232, .T. ) ;
#416 = VECTOR ( 'NONE', #581, 1000.000000000000000 ) ;
#417 = ORIENTED_EDGE ( 'NONE', *, *, #3174, .T. ) ;
#418 = ORIENTED_EDGE ( 'NONE', *, *, #913, .T. ) ;
#419 = PLANE ( 'NONE',  #2003 ) ;
#420 = DIRECTION ( 'NONE',  ( 0.000000000000000000, 0.000000000000000000, 1.000000000000000000 ) ) ;
#421 = VECTOR ( 'NONE', #1551, 1000.000000000000000 ) ;
#422 = VERTEX_POINT ( 'NONE', #2999 ) ;
#423 = VECTOR ( 'NONE', #2310, 1000.000000000000000 ) ;
#424 = ORIENTED_EDGE ( 'NONE', *, *, #1583, .F. ) ;
#425 = CARTESIAN_POINT ( 'NONE',  ( 6.500000000000000000, 2.500000000000000000, -53.80000000000000426 ) ) ;
#426 = AXIS2_PLACEMENT_3D ( 'NONE', #2688, #3476, #123 ) ;
#427 = APPROVAL ( #620, '未指定' ) ;
#428 = CARTESIAN_POINT ( 'NONE',  ( 0.7639320225002119713, 2.500000000000000444, -37.00000000000000711 ) ) ;
#429 = ORIENTED_EDGE ( 'NONE', *, *, #3577, .T. ) ;
#430 = DIRECTION ( 'NONE',  ( -0.3535533905932741749, 0.7071067811865477948, 0.6123724356957940262 ) ) ;
#431 = FACE_BOUND ( 'NONE', #3085, .T. ) ;
#432 = CARTESIAN_POINT ( 'NONE',  ( 88.00000000000011369, 2.500000000000000000, -39.00000000000000000 ) ) ;
#433 = ORIENTED_EDGE ( 'NONE', *, *, #3509, .F. ) ;
#434 = EDGE_CURVE ( 'NONE', #4731, #678, #1176, .T. ) ;
#435 = EDGE_CURVE ( 'NONE', #1817, #4607, #4520, .T. ) ;
#436 = CARTESIAN_POINT ( 'NONE',  ( 84.99999999999998579, 1.599999999999989431, -3.000000000000000000 ) ) ;
#437 = CARTESIAN_POINT ( 'NONE',  ( 0.000000000000000000, 8.799999999999998934, 0.000000000000000000 ) ) ;
#438 = CARTESIAN_POINT ( 'NONE',  ( 2.899999999999999911, 8.799999999999998934, 0.000000000000000000 ) ) ;
#439 = ORIENTED_EDGE ( 'NONE', *, *, #1665, .F. ) ;
#440 = EDGE_CURVE ( 'NONE', #2504, #4273, #2849, .T. ) ;
#441 = EDGE_CURVE ( 'NONE', #925, #3034, #2761, .T. ) ;
#442 = VERTEX_POINT ( 'NONE', #2276 ) ;
#443 = LINE ( 'NONE', #375, #22 ) ;
#444 = DIRECTION ( 'NONE',  ( -0.000000000000000000, -1.000000000000000000, -0.000000000000000000 ) ) ;
#445 = ORIENTED_EDGE ( 'NONE', *, *, #1383, .F. ) ;
#446 = FACE_BOUND ( 'NONE', #3313, .T. ) ;
#447 = CARTESIAN_POINT ( 'NONE',  ( 87.99999999999997158, 2.500000000000000000, -19.00000000000000000 ) ) ;
#448 = ORIENTED_EDGE ( 'NONE', *, *, #3894, .T. ) ;
#449 = DIRECTION ( 'NONE',  ( 0.000000000000000000, 0.000000000000000000, -1.000000000000000000 ) ) ;
#450 = CARTESIAN_POINT ( 'NONE',  ( 9.000000000000000000, 1.599999999999990319, -56.00000000000000000 ) ) ;
#451 = DIRECTION ( 'NONE',  ( -0.3535533905932736198, 0.7071067811865479058, -0.6123724356957941373 ) ) ;
#452 = ORIENTED_EDGE ( 'NONE', *, *, #4334, .T. ) ;
#453 = DIRECTION ( 'NONE',  ( -0.7071067811865474617, 0.7071067811865474617, -1.672683727290953650E-16 ) ) ;
#454 = AXIS2_PLACEMENT_3D ( 'NONE', #1340, #984, #2448 ) ;
#455 = FACE_OUTER_BOUND ( 'NONE', #2519, .T. ) ;
#456 = DIRECTION ( 'NONE',  ( 0.000000000000000000, 0.000000000000000000, -1.000000000000000000 ) ) ;
#457 = EDGE_CURVE ( 'NONE', #2603, #3373, #3733, .T. ) ;
#458 = AXIS2_PLACEMENT_3D ( 'NONE', #4406, #4697, #8 ) ;
#459 = ORIENTED_EDGE ( 'NONE', *, *, #171, .F. ) ;
#460 = PLANE ( 'NONE',  #833 ) ;
#461 = DIRECTION ( 'NONE',  ( 0.000000000000000000, 0.000000000000000000, 1.000000000000000000 ) ) ;
#462 = LINE ( 'NONE', #828, #1478 ) ;
#463 = ADVANCED_FACE ( 'NONE', ( #4139 ), #4167, .F. ) ;
#464 = ORIENTED_EDGE ( 'NONE', *, *, #235, .T. ) ;
#465 = VERTEX_POINT ( 'NONE', #3023 ) ;
#466 = ORIENTED_EDGE ( 'NONE', *, *, #4518, .F. ) ;
#467 = LINE ( 'NONE', #2733, #3234 ) ;
#468 = ADVANCED_FACE ( 'NONE', ( #891 ), #1958, .F. ) ;
#469 = DIRECTION ( 'NONE',  ( 1.000000000000000000, 0.000000000000000000, 0.000000000000000000 ) ) ;
#470 = VECTOR ( 'NONE', #2068, 1000.000000000000000 ) ;
#471 = CARTESIAN_POINT ( 'NONE',  ( 3.000000000000000000, 4.299999999999999822, -17.00000000000000000 ) ) ;
#472 = ORIENTED_EDGE ( 'NONE', *, *, #1695, .T. ) ;
#473 = CARTESIAN_POINT ( 'NONE',  ( 9.500000000000000000, 4.299999999999999822, -3.500000000000003553 ) ) ;
#474 = AXIS2_PLACEMENT_3D ( 'NONE', #537, #4124, #849 ) ;
#475 = APPLICATION_PROTOCOL_DEFINITION ( 'international standard', 'config_control_design', 1994, #3426 ) ;
#476 = CIRCLE ( 'NONE', #4532, 3.000000000000002665 ) ;
#477 = ORIENTED_EDGE ( 'NONE', *, *, #3855, .F. ) ;
#478 = DIRECTION ( 'NONE',  ( -1.000000000000000000, -0.000000000000000000, -2.365532012695646217E-16 ) ) ;
#479 = VERTEX_POINT ( 'NONE', #4114 ) ;
#480 = LINE ( 'NONE', #1934, #785 ) ;
#481 = DIRECTION ( 'NONE',  ( 0.000000000000000000, 0.000000000000000000, 1.000000000000000000 ) ) ;
#482 = VECTOR ( 'NONE', #1026, 1000.000000000000000 ) ;
#483 = PLANE ( 'NONE',  #1389 ) ;
#484 = ORIENTED_EDGE ( 'NONE', *, *, #2198, .F. ) ;
#485 = ORIENTED_EDGE ( 'NONE', *, *, #733, .F. ) ;
#486 = CARTESIAN_POINT ( 'NONE',  ( 67.50000000000000000, 4.299999999999999822, -52.50000000000000000 ) ) ;
#487 = CARTESIAN_POINT ( 'NONE',  ( 2.751221434500144447, 8.800999999999998380, -35.00000000000001421 ) ) ;
#488 = VECTOR ( 'NONE', #2294, 1000.000000000000000 ) ;
#489 = EDGE_LOOP ( 'NONE', ( #341, #2563, #4658, #3365, #2332 ) ) ;
#490 = ORIENTED_EDGE ( 'NONE', *, *, #2783, .F. ) ;
#491 = EDGE_CURVE ( 'NONE', #181, #3890, #1627, .T. ) ;
#492 = EDGE_CURVE ( 'NONE', #980, #3518, #552, .T. ) ;
#493 = ORIENTED_EDGE ( 'NONE', *, *, #1513, .T. ) ;
#494 = DIRECTION ( 'NONE',  ( 0.000000000000000000, 0.000000000000000000, -1.000000000000000000 ) ) ;
#495 = CIRCLE ( 'NONE', #3484, 3.000000000000002665 ) ;
#496 = CARTESIAN_POINT ( 'NONE',  ( 88.00000000000004263, 1.600000000000032285, -33.00000000000000000 ) ) ;
#497 = VECTOR ( 'NONE', #3391, 1000.000000000000000 ) ;
#498 = EDGE_CURVE ( 'NONE', #2108, #1482, #3831, .T. ) ;
#499 = ORIENTED_EDGE ( 'NONE', *, *, #675, .F. ) ;
#500 = DIRECTION ( 'NONE',  ( -2.365532012695646217E-16, 0.000000000000000000, 1.000000000000000000 ) ) ;
#501 =( GEOMETRIC_REPRESENTATION_CONTEXT ( 3 ) GLOBAL_UNCERTAINTY_ASSIGNED_CONTEXT ( ( #1452 ) ) GLOBAL_UNIT_ASSIGNED_CONTEXT ( ( #889, #3093, #3120 ) ) REPRESENTATION_CONTEXT ( 'NONE', 'WORKASPACE' ) );
#502 = CARTESIAN_POINT ( 'NONE',  ( -5.488398398217225250E-14, 2.500000000000000000, -11.00000000000001954 ) ) ;
#503 = PERSON_AND_ORGANIZATION ( #1125, #4333 ) ;
#504 = VERTEX_POINT ( 'NONE', #1697 ) ;
#505 = CARTESIAN_POINT ( 'NONE',  ( 62.00000000000000000, 2.500000000000000000, -7.000000000000006217 ) ) ;
#506 = CARTESIAN_POINT ( 'NONE',  ( 61.50000000000000000, 7.299999999999999822, -52.50000000000000000 ) ) ;
#507 = DIRECTION ( 'NONE',  ( -1.000000000000000000, -0.000000000000000000, -2.365532012695646217E-16 ) ) ;
#508 = CARTESIAN_POINT ( 'NONE',  ( 1.251753805533615160E-13, 1.599999999999986322, -41.00000000000000000 ) ) ;
#509 = CARTESIAN_POINT ( 'NONE',  ( 67.00000000000000000, 0.000000000000000000, -7.000000000000006217 ) ) ;
#510 = ORIENTED_EDGE ( 'NONE', *, *, #743, .F. ) ;
#511 = ORIENTED_EDGE ( 'NONE', *, *, #267, .T. ) ;
#512 = CARTESIAN_POINT ( 'NONE',  ( 88.00000000000008527, 2.500000000000000000, -35.00000000000000000 ) ) ;
#513 = DIRECTION ( 'NONE',  ( 0.000000000000000000, -1.000000000000000000, 0.000000000000000000 ) ) ;
#514 = VERTEX_POINT ( 'NONE', #1318 ) ;
#515 = LINE ( 'NONE', #901, #352 ) ;
#516 = VERTEX_POINT ( 'NONE', #1362 ) ;
#517 = ORIENTED_EDGE ( 'NONE', *, *, #766, .F. ) ;
#518 = CARTESIAN_POINT ( 'NONE',  ( 0.000000000000000000, 1.599999999999990319, -3.000000000000000000 ) ) ;
#519 = DIRECTION ( 'NONE',  ( -0.000000000000000000, -1.000000000000000000, -0.000000000000000000 ) ) ;
#520 = ADVANCED_FACE ( 'NONE', ( #2425 ), #3930, .F. ) ;
#521 = FACE_OUTER_BOUND ( 'NONE', #853, .T. ) ;
#522 = ORIENTED_EDGE ( 'NONE', *, *, #2221, .F. ) ;
#523 = CARTESIAN_POINT ( 'NONE',  ( 3.000000000000000000, 4.299999999999999822, -17.00000000000000000 ) ) ;
#524 = LINE ( 'NONE', #1980, #4467 ) ;
#525 = CARTESIAN_POINT ( 'NONE',  ( -4.094614755213208849E-14, 2.500000000000000000, -17.00000000000000000 ) ) ;
#526 = EDGE_CURVE ( 'NONE', #504, #2753, #7, .T. ) ;
#527 = EDGE_CURVE ( 'NONE', #2869, #1454, #223, .T. ) ;
#528 = ORIENTED_EDGE ( 'NONE', *, *, #2877, .F. ) ;
#529 = DIRECTION ( 'NONE',  ( 0.000000000000000000, 0.000000000000000000, 1.000000000000000000 ) ) ;
#530 = ORIENTED_EDGE ( 'NONE', *, *, #1093, .T. ) ;
#531 = CARTESIAN_POINT ( 'NONE',  ( 64.50000000000000000, 2.500000000000000000, -51.20000000000000284 ) ) ;
#532 = DIRECTION ( 'NONE',  ( 0.7071067811865463515, 0.7071067811865487940, 1.149970062512528262E-16 ) ) ;
#533 = DIRECTION ( 'NONE',  ( -1.000000000000000000, 0.000000000000000000, -0.000000000000000000 ) ) ;
#534 = EDGE_CURVE ( 'NONE', #3431, #1826, #3879, .T. ) ;
#535 = ORIENTED_EDGE ( 'NONE', *, *, #794, .F. ) ;
#536 = DIRECTION ( 'NONE',  ( 0.000000000000000000, -0.000000000000000000, 1.000000000000000000 ) ) ;
#537 = CARTESIAN_POINT ( 'NONE',  ( 6.500000000000000000, 4.299999999999999822, -52.50000000000000711 ) ) ;
#538 = DIRECTION ( 'NONE',  ( 0.000000000000000000, 1.000000000000000000, 0.000000000000000000 ) ) ;
#539 = VECTOR ( 'NONE', #3417, 1000.000000000000114 ) ;
#540 = ORIENTED_EDGE ( 'NONE', *, *, #3077, .T. ) ;
#541 = LINE ( 'NONE', #1997, #1266 ) ;
#542 = ORIENTED_EDGE ( 'NONE', *, *, #993, .F. ) ;
#543 = ORIENTED_EDGE ( 'NONE', *, *, #1807, .T. ) ;
#544 = DIRECTION ( 'NONE',  ( 0.000000000000000000, 0.000000000000000000, 1.000000000000000000 ) ) ;
#545 = FACE_OUTER_BOUND ( 'NONE', #281, .T. ) ;
#546 = VERTEX_POINT ( 'NONE', #2011 ) ;
#547 = EDGE_LOOP ( 'NONE', ( #1573, #593, #657, #1421, #918, #3721, #1849 ) ) ;
#548 = CARTESIAN_POINT ( 'NONE',  ( 1.462556278957012346, 1.100772668090376882, -19.00000000000002132 ) ) ;
#549 = DIRECTION ( 'NONE',  ( 0.7071067811865474617, 0.7071067811865474617, -0.000000000000000000 ) ) ;
#550 = AXIS2_PLACEMENT_3D ( 'NONE', #518, #113, #4156 ) ;
#551 = ORIENTED_EDGE ( 'NONE', *, *, #321, .F. ) ;
#552 = LINE ( 'NONE', #4574, #1146 ) ;
#553 = AXIS2_PLACEMENT_3D ( 'NONE', #282, #4223, #2088 ) ;
#554 = EDGE_CURVE ( 'NONE', #1873, #110, #3896, .T. ) ;
#555 = ORIENTED_EDGE ( 'NONE', *, *, #3276, .T. ) ;
#556 = CARTESIAN_POINT ( 'NONE',  ( 88.00000000000000000, 4.299999999999999822, -3.000000000000000000 ) ) ;
#557 = DIRECTION ( 'NONE',  ( -0.000000000000000000, -1.000000000000000000, -0.000000000000000000 ) ) ;
#558 = CARTESIAN_POINT ( 'NONE',  ( 87.99999999999994316, 2.500000000000000000, -11.00000000000000000 ) ) ;
#559 = AXIS2_PLACEMENT_3D ( 'NONE', #3694, #1511, #4706 ) ;
#560 = VERTEX_POINT ( 'NONE', #4262 ) ;
#561 = CARTESIAN_POINT ( 'NONE',  ( 0.000000000000000000, 1.599999999999990319, -3.000000000000000000 ) ) ;
#562 = ADVANCED_FACE ( 'NONE', ( #3549 ), #4596, .F. ) ;
#563 = LINE ( 'NONE', #486, #173 ) ;
#564 = AXIS2_PLACEMENT_3D ( 'NONE', #2132, #1459, #2526 ) ;
#565 = DIRECTION ( 'NONE',  ( -0.000000000000000000, -1.000000000000000000, -0.000000000000000000 ) ) ;
#566 = VECTOR ( 'NONE', #513, 1000.000000000000000 ) ;
#567 = ORIENTED_EDGE ( 'NONE', *, *, #4261, .T. ) ;
#568 = CARTESIAN_POINT ( 'NONE',  ( 67.50000000000000000, 7.299999999999999822, -52.50000000000000000 ) ) ;
#569 = ORIENTED_EDGE ( 'NONE', *, *, #3771, .F. ) ;
#570 = CARTESIAN_POINT ( 'NONE',  ( 84.99999999999998579, 1.599999999999989431, -56.00000000000000000 ) ) ;
#571 = AXIS2_PLACEMENT_3D ( 'NONE', #4099, #456, #3403 ) ;
#572 = DIRECTION ( 'NONE',  ( -0.7071067811865487940, 0.7071067811865463515, -1.672683727290956608E-16 ) ) ;
#573 = ORIENTED_EDGE ( 'NONE', *, *, #3679, .T. ) ;
#574 = EDGE_LOOP ( 'NONE', ( #630, #4399, #3493, #2024 ) ) ;
#575 = DIRECTION ( 'NONE',  ( 1.626303258728256158E-16, 0.000000000000000000, -1.000000000000000000 ) ) ;
#576 = VECTOR ( 'NONE', #2507, 1000.000000000000000 ) ;
#577 = CARTESIAN_POINT ( 'NONE',  ( 3.308263848429647602, 0.000000000000000000, -19.00000000000002132 ) ) ;
#578 = AXIS2_PLACEMENT_3D ( 'NONE', #1307, #3870, #4128 ) ;
#579 = ORIENTED_EDGE ( 'NONE', *, *, #2464, .F. ) ;
#580 = LINE ( 'NONE', #3503, #3927 ) ;
#581 = DIRECTION ( 'NONE',  ( 1.000000000000000000, 0.000000000000000000, -6.672013369141565463E-17 ) ) ;
#582 = DIRECTION ( 'NONE',  ( 0.000000000000000000, -1.000000000000000000, 0.000000000000000000 ) ) ;
#583 = AXIS2_PLACEMENT_3D ( 'NONE', #4028, #793, #1839 ) ;
#584 = ADVANCED_FACE ( 'NONE', ( #1294 ), #2035, .F. ) ;
#585 = ORIENTED_EDGE ( 'NONE', *, *, #4272, .T. ) ;
#586 = CARTESIAN_POINT ( 'NONE',  ( 2.084810739659377507E-13, 2.500000000000000000, -49.00000000000000000 ) ) ;
#587 = CARTESIAN_POINT ( 'NONE',  ( 88.00000000000000000, 1.599999999999990319, -3.000000000000000000 ) ) ;
#588 = CARTESIAN_POINT ( 'NONE',  ( 88.00000000000000000, 1.599999999999989431, -3.000000000000000000 ) ) ;
#589 = EDGE_CURVE ( 'NONE', #4065, #3497, #4237, .T. ) ;
#590 = EDGE_CURVE ( 'NONE', #1469, #1538, #1652, .T. ) ;
#591 = ORIENTED_EDGE ( 'NONE', *, *, #66, .F. ) ;
#592 = LINE ( 'NONE', #951, #4168 ) ;
#593 = ORIENTED_EDGE ( 'NONE', *, *, #1434, .F. ) ;
#594 = DIRECTION ( 'NONE',  ( 0.000000000000000000, 0.000000000000000000, -1.000000000000000000 ) ) ;
#595 = CARTESIAN_POINT ( 'NONE',  ( 88.00000000000015632, 2.500000000000000000, -45.00000000000000000 ) ) ;
#596 = VERTEX_POINT ( 'NONE', #2831 ) ;
#597 = DIRECTION ( 'NONE',  ( -1.626303258728256158E-16, 0.000000000000000000, 1.000000000000000000 ) ) ;
#598 = ORIENTED_EDGE ( 'NONE', *, *, #2464, .T. ) ;
#599 = CARTESIAN_POINT ( 'NONE',  ( 87.99999999999995737, 2.500000000000000000, -15.00000000000000000 ) ) ;
#600 = EDGE_LOOP ( 'NONE', ( #2400, #1169, #2298, #3943, #195, #131 ) ) ;
#601 = CARTESIAN_POINT ( 'NONE',  ( 3.999999999999999112, 1.599999999999990763, -56.00000000000000000 ) ) ;
#602 = FACE_OUTER_BOUND ( 'NONE', #2266, .T. ) ;
#603 = CARTESIAN_POINT ( 'NONE',  ( 9.500000000000000000, 4.299999999999999822, -4.336808689942017736E-16 ) ) ;
#604 = ORIENTED_EDGE ( 'NONE', *, *, #2660, .T. ) ;
#605 = DIRECTION ( 'NONE',  ( 0.000000000000000000, 0.000000000000000000, -1.000000000000000000 ) ) ;
#606 = PLANE ( 'NONE',  #3237 ) ;
#607 = CARTESIAN_POINT ( 'NONE',  ( 88.00000000000000000, 2.500000000000000000, -27.00000000000000000 ) ) ;
#608 = AXIS2_PLACEMENT_3D ( 'NONE', #2114, #1658, #971 ) ;
#609 = VERTEX_POINT ( 'NONE', #914 ) ;
#610 = FACE_OUTER_BOUND ( 'NONE', #3506, .T. ) ;
#611 = ORIENTED_EDGE ( 'NONE', *, *, #846, .F. ) ;
#612 = DIRECTION ( 'NONE',  ( 0.000000000000000000, 1.000000000000000000, -0.000000000000000000 ) ) ;
#613 = CIRCLE ( 'NONE', #4588, 1.300000000000000044 ) ;
#614 = EDGE_CURVE ( 'NONE', #1117, #329, #1521, .T. ) ;
#615 = CARTESIAN_POINT ( 'NONE',  ( 88.00000000000000000, 1.599999999999990319, -41.00000000000000000 ) ) ;
#616 = ORIENTED_EDGE ( 'NONE', *, *, #2430, .F. ) ;
#617 = ORIENTED_EDGE ( 'NONE', *, *, #2816, .T. ) ;
#618 = EDGE_CURVE ( 'NONE', #968, #1621, #3697, .T. ) ;
#619 = LINE ( 'NONE', #1693, #4019 ) ;
#620 = APPROVAL_STATUS ( 'not_yet_approved' ) ;
#621 = ORIENTED_EDGE ( 'NONE', *, *, #1811, .F. ) ;
#622 = DIRECTION ( 'NONE',  ( -0.000000000000000000, -1.000000000000000000, -0.000000000000000000 ) ) ;
#623 = ORIENTED_EDGE ( 'NONE', *, *, #3137, .F. ) ;
#624 = FACE_OUTER_BOUND ( 'NONE', #4519, .T. ) ;
#625 = LINE ( 'NONE', #1039, #1712 ) ;
#626 = DIRECTION ( 'NONE',  ( -0.000000000000000000, -1.000000000000000000, -0.000000000000000000 ) ) ;
#627 = VECTOR ( 'NONE', #1764, 1000.000000000000000 ) ;
#628 = VERTEX_POINT ( 'NONE', #4286 ) ;
#629 = FACE_OUTER_BOUND ( 'NONE', #3813, .T. ) ;
#630 = ORIENTED_EDGE ( 'NONE', *, *, #1841, .T. ) ;
#631 = LINE ( 'NONE', #681, #1095 ) ;
#632 = DIRECTION ( 'NONE',  ( 0.000000000000000000, 0.000000000000000000, 1.000000000000000000 ) ) ;
#633 = ORIENTED_EDGE ( 'NONE', *, *, #1513, .F. ) ;
#634 = LINE ( 'NONE', #2093, #48 ) ;
#635 = ORIENTED_EDGE ( 'NONE', *, *, #590, .F. ) ;
#636 = CIRCLE ( 'NONE', #1779, 3.000000000000002665 ) ;
#637 = CARTESIAN_POINT ( 'NONE',  ( 1.251753805533615160E-13, 2.500000000000000000, -41.00000000000000000 ) ) ;
#638 = CARTESIAN_POINT ( 'NONE',  ( 6.500000000000000000, 7.299999999999999822, -2.200000000000003286 ) ) ;
#639 = DIRECTION ( 'NONE',  ( 1.000000000000000000, 0.000000000000000000, 0.000000000000000000 ) ) ;
#640 = AXIS2_PLACEMENT_3D ( 'NONE', #1506, #1082, #4045 ) ;
#641 = ADVANCED_FACE ( 'NONE', ( #3145, #2055 ), #4620, .T. ) ;
#642 = EDGE_CURVE ( 'NONE', #1724, #4016, #270, .T. ) ;
#643 = ORIENTED_EDGE ( 'NONE', *, *, #4463, .T. ) ;
#644 = AXIS2_PLACEMENT_3D ( 'NONE', #1587, #3765, #3408 ) ;
#645 = ORIENTED_EDGE ( 'NONE', *, *, #4062, .T. ) ;
#646 = CARTESIAN_POINT ( 'NONE',  ( 4.113710927954500705E-16, 4.299999999999999822, -22.19615242270663558 ) ) ;
#647 = AXIS2_PLACEMENT_3D ( 'NONE', #1861, #1838, #1129 ) ;
#648 = EDGE_CURVE ( 'NONE', #1282, #2286, #3682, .T. ) ;
#649 = ADVANCED_FACE ( 'NONE', ( #1816 ), #3262, .F. ) ;
#650 = EDGE_LOOP ( 'NONE', ( #259, #3185, #633, #1323, #643, #808 ) ) ;
#651 = CARTESIAN_POINT ( 'NONE',  ( 64.50000000000000000, 4.299999999999999822, -3.500000000000003109 ) ) ;
#652 = CARTESIAN_POINT ( 'NONE',  ( 3.000000000000000000, 1.599999999999989431, -3.000000000000000000 ) ) ;
#653 = AXIS2_PLACEMENT_3D ( 'NONE', #2219, #315, #2126 ) ;
#654 = DIRECTION ( 'NONE',  ( 1.000000000000000000, 0.000000000000000000, 0.000000000000000000 ) ) ;
#655 = LINE ( 'NONE', #2813, #4021 ) ;
#656 = VECTOR ( 'NONE', #286, 1000.000000000000000 ) ;
#657 = ORIENTED_EDGE ( 'NONE', *, *, #4057, .F. ) ;
#658 = CARTESIAN_POINT ( 'NONE',  ( 88.00000000000000000, 2.500000000000000000, -27.00000000000000000 ) ) ;
#659 = ORIENTED_EDGE ( 'NONE', *, *, #743, .T. ) ;
#660 = CARTESIAN_POINT ( 'NONE',  ( 64.50000000000000000, 7.299999999999999822, -6.500000000000005329 ) ) ;
#661 = DIRECTION ( 'NONE',  ( 0.000000000000000000, 1.000000000000000000, 0.000000000000000000 ) ) ;
#662 = ORIENTED_EDGE ( 'NONE', *, *, #2967, .T. ) ;
#663 = DIRECTION ( 'NONE',  ( 0.000000000000000000, 0.000000000000000000, -1.000000000000000000 ) ) ;
#664 = ORIENTED_EDGE ( 'NONE', *, *, #4650, .T. ) ;
#665 = FACE_OUTER_BOUND ( 'NONE', #2701, .T. ) ;
#666 = CARTESIAN_POINT ( 'NONE',  ( 88.00000000000008527, 1.599999999999990319, -35.00000000000000000 ) ) ;
#667 = EDGE_LOOP ( 'NONE', ( #4246, #2703, #950, #1447, #579, #2145 ) ) ;
#668 = ADVANCED_FACE ( 'NONE', ( #342 ), #1768, .F. ) ;
#669 = PLANE ( 'NONE',  #653 ) ;
#670 = PERSON_AND_ORGANIZATION ( #1125, #4333 ) ;
#671 = ORIENTED_EDGE ( 'NONE', *, *, #907, .F. ) ;
#672 = FACE_OUTER_BOUND ( 'NONE', #2461, .T. ) ;
#673 = ORIENTED_EDGE ( 'NONE', *, *, #1063, .F. ) ;
#674 = CARTESIAN_POINT ( 'NONE',  ( -5.488398398217225250E-14, 2.500000000000000000, -11.00000000000001954 ) ) ;
#675 = EDGE_CURVE ( 'NONE', #1993, #3876, #1079, .T. ) ;
#676 = CARTESIAN_POINT ( 'NONE',  ( 1.599999999999990319, 0.000000000000000000, -3.000000000000000000 ) ) ;
#677 = DIRECTION ( 'NONE',  ( 0.000000000000000000, 1.000000000000000000, 0.000000000000000000 ) ) ;
#678 = VERTEX_POINT ( 'NONE', #53 ) ;
#679 = LINE ( 'NONE', #2868, #2446 ) ;
#680 = ORIENTED_EDGE ( 'NONE', *, *, #4335, .F. ) ;
#681 = CARTESIAN_POINT ( 'NONE',  ( 64.50000000000000000, 4.299999999999999822, -2.200000000000008171 ) ) ;
#682 = EDGE_CURVE ( 'NONE', #2508, #3205, #3443, .T. ) ;
#683 = DIRECTION ( 'NONE',  ( -0.000000000000000000, -1.000000000000000000, -0.000000000000000000 ) ) ;
#684 = ORIENTED_EDGE ( 'NONE', *, *, #4528, .T. ) ;
#685 = DIRECTION ( 'NONE',  ( 0.000000000000000000, 0.000000000000000000, -1.000000000000000000 ) ) ;
#686 = ORIENTED_EDGE ( 'NONE', *, *, #441, .T. ) ;
#687 = DIRECTION ( 'NONE',  ( 0.7071067811865474617, 0.7071067811865474617, -0.000000000000000000 ) ) ;
#688 = CARTESIAN_POINT ( 'NONE',  ( -6.860497997771531562E-14, 0.000000000000000000, -7.000000000000020428 ) ) ;
#689 = AXIS2_PLACEMENT_3D ( 'NONE', #871, #155, #536 ) ;
#690 = DIRECTION ( 'NONE',  ( -0.000000000000000000, -1.000000000000000000, -0.000000000000000000 ) ) ;
#691 = AXIS2_PLACEMENT_3D ( 'NONE', #864, #1555, #100 ) ;
#692 = EDGE_LOOP ( 'NONE', ( #4612, #3247, #1916, #3051 ) ) ;
#693 = CARTESIAN_POINT ( 'NONE',  ( 3.000000000000000888, 2.500000000000000000, -29.00000000000000000 ) ) ;
#694 = DATE_TIME_ROLE ( 'classification_date' ) ;
#695 = VECTOR ( 'NONE', #1310, 1000.000000000000000 ) ;
#696 = VERTEX_POINT ( 'NONE', #4383 ) ;
#697 = EDGE_CURVE ( 'NONE', #2980, #4203, #4363, .T. ) ;
#698 = LINE ( 'NONE', #2153, #539 ) ;
#699 = ORIENTED_EDGE ( 'NONE', *, *, #1088, .F. ) ;
#700 = PLANE ( 'NONE',  #4311 ) ;
#701 = DIRECTION ( 'NONE',  ( -1.000000000000000000, 0.000000000000000000, 0.000000000000000000 ) ) ;
#702 = LINE ( 'NONE', #3623, #2579 ) ;
#703 = EDGE_LOOP ( 'NONE', ( #1976, #3915, #2143, #1968 ) ) ;
#704 = ADVANCED_FACE ( 'NONE', ( #672 ), #403, .F. ) ;
#705 = ADVANCED_FACE ( 'NONE', ( #2547 ), #317, .T. ) ;
#706 = DIRECTION ( 'NONE',  ( -0.000000000000000000, -1.000000000000000000, -0.000000000000000000 ) ) ;
#707 = DIRECTION ( 'NONE',  ( -1.626303258728256158E-16, 0.000000000000000000, 1.000000000000000000 ) ) ;
#708 = FACE_OUTER_BOUND ( 'NONE', #2665, .T. ) ;
#709 = AXIS2_PLACEMENT_3D ( 'NONE', #895, #3812, #533 ) ;
#710 = ORIENTED_EDGE ( 'NONE', *, *, #913, .F. ) ;
#711 = EDGE_CURVE ( 'NONE', #4258, #3424, #2886, .T. ) ;
#712 = EDGE_LOOP ( 'NONE', ( #3292, #3296, #3754, #294 ) ) ;
#713 = DIRECTION ( 'NONE',  ( -0.000000000000000000, -1.000000000000000000, -0.000000000000000000 ) ) ;
#714 = VECTOR ( 'NONE', #325, 1000.000000000000000 ) ;
#715 = LINE ( 'NONE', #4305, #482 ) ;
#716 = CARTESIAN_POINT ( 'NONE',  ( -6.860497997771531562E-14, 2.500000000000000000, -7.000000000000020428 ) ) ;
#717 = VECTOR ( 'NONE', #3757, 1000.000000000000000 ) ;
#718 = ORIENTED_EDGE ( 'NONE', *, *, #383, .F. ) ;
#719 = VECTOR ( 'NONE', #3231, 1000.000000000000000 ) ;
#720 = DIRECTION ( 'NONE',  ( -0.000000000000000000, 1.000000000000000000, -0.000000000000000000 ) ) ;
#721 = DIRECTION ( 'NONE',  ( -0.000000000000000000, -1.000000000000000000, -0.000000000000000000 ) ) ;
#722 = ORIENTED_EDGE ( 'NONE', *, *, #4266, .F. ) ;
#723 = FACE_OUTER_BOUND ( 'NONE', #667, .T. ) ;
#724 = DIRECTION ( 'NONE',  ( -2.365532012695646217E-16, 0.000000000000000000, 1.000000000000000000 ) ) ;
#725 = CIRCLE ( 'NONE', #4015, 2.999999999999999112 ) ;
#726 = DIRECTION ( 'NONE',  ( 0.000000000000000000, 0.000000000000000000, 1.000000000000000000 ) ) ;
#727 = ORIENTED_EDGE ( 'NONE', *, *, #4711, .F. ) ;
#728 = LINE ( 'NONE', #2914, #1756 ) ;
#729 = VECTOR ( 'NONE', #4092, 999.9999999999998863 ) ;
#730 = ORIENTED_EDGE ( 'NONE', *, *, #4008, .T. ) ;
#731 = CARTESIAN_POINT ( 'NONE',  ( 3.000000000000000000, 0.000000000000000000, -17.00000000000000000 ) ) ;
#732 = DIRECTION ( 'NONE',  ( 0.000000000000000000, 0.000000000000000000, -1.000000000000000000 ) ) ;
#733 = EDGE_CURVE ( 'NONE', #3095, #4340, #4001, .T. ) ;
#734 = VECTOR ( 'NONE', #2847, 1000.000000000000000 ) ;
#735 = ORIENTED_EDGE ( 'NONE', *, *, #1460, .F. ) ;
#736 = ORIENTED_EDGE ( 'NONE', *, *, #760, .F. ) ;
#737 = DIRECTION ( 'NONE',  ( 1.084202172485514788E-16, 0.000000000000000000, -1.000000000000000000 ) ) ;
#738 = CARTESIAN_POINT ( 'NONE',  ( 6.500000000000000000, 7.299999999999999822, -3.500000000000003109 ) ) ;
#739 = ADVANCED_FACE ( 'NONE', ( #384 ), #769, .F. ) ;
#740 = ADVANCED_FACE ( 'NONE', ( #767 ), #2594, .F. ) ;
#741 = LINE ( 'NONE', #1, #1694 ) ;
#742 = ORIENTED_EDGE ( 'NONE', *, *, #941, .F. ) ;
#743 = EDGE_CURVE ( 'NONE', #3892, #1970, #3298, .T. ) ;
#744 = DIRECTION ( 'NONE',  ( 0.000000000000000000, -1.000000000000000000, 0.000000000000000000 ) ) ;
#745 = B_SPLINE_CURVE_WITH_KNOTS ( 'NONE', 3,
 ( #3826, #548, #2005, #2825 ),
 .UNSPECIFIED., .F., .F.,
 ( 4, 4 ),
 ( 0.002208199448704862428, 0.003491638918609226479 ),
 .UNSPECIFIED. ) ;
#746 = DIRECTION ( 'NONE',  ( 0.000000000000000000, 0.000000000000000000, -1.000000000000000000 ) ) ;
#747 = EDGE_LOOP ( 'NONE', ( #3117, #2975, #671, #1730, #3555 ) ) ;
#748 = DIRECTION ( 'NONE',  ( 0.000000000000000000, -0.000000000000000000, 1.000000000000000000 ) ) ;
#749 = DIRECTION ( 'NONE',  ( -1.000000000000000000, -0.000000000000000000, -2.365532012695646217E-16 ) ) ;
#750 = DIRECTION ( 'NONE',  ( 0.000000000000000000, 0.000000000000000000, 1.000000000000000000 ) ) ;
#751 = ORIENTED_EDGE ( 'NONE', *, *, #2881, .F. ) ;
#752 = PLANE ( 'NONE',  #3360 ) ;
#753 = CARTESIAN_POINT ( 'NONE',  ( 87.99999999999998579, 2.500000000000000000, -23.00000000000000000 ) ) ;
#754 = FACE_OUTER_BOUND ( 'NONE', #1214, .T. ) ;
#755 = ORIENTED_EDGE ( 'NONE', *, *, #1690, .T. ) ;
#756 = ORIENTED_EDGE ( 'NONE', *, *, #1404, .T. ) ;
#757 = CARTESIAN_POINT ( 'NONE',  ( 3.000000000000000000, 2.500000000000000444, -39.00000000000000711 ) ) ;
#758 = DIRECTION ( 'NONE',  ( -0.000000000000000000, 0.7071067811865477948, 0.7071067811865473507 ) ) ;
#759 = DIRECTION ( 'NONE',  ( -1.000000000000000000, -0.000000000000000000, -2.365532012695646217E-16 ) ) ;
#760 = EDGE_CURVE ( 'NONE', #4675, #2100, #1059, .T. ) ;
#761 = ADVANCED_FACE ( 'NONE', ( #1857 ), #3325, .F. ) ;
#762 = ORIENTED_EDGE ( 'NONE', *, *, #2881, .T. ) ;
#763 = VECTOR ( 'NONE', #2086, 1000.000000000000000 ) ;
#764 = CARTESIAN_POINT ( 'NONE',  ( 86.40000000000000568, 0.000000000000000000, -3.000000000000000000 ) ) ;
#765 = AXIS2_PLACEMENT_3D ( 'NONE', #1043, #2509, #4603 ) ;
#766 = EDGE_CURVE ( 'NONE', #2339, #3967, #698, .T. ) ;
#767 = FACE_OUTER_BOUND ( 'NONE', #2343, .T. ) ;
#768 = ORIENTED_EDGE ( 'NONE', *, *, #1063, .T. ) ;
#769 = CONICAL_SURFACE ( 'NONE', #2919, 4.599999999999989875, 0.7853981633974480570 ) ;
#770 = CARTESIAN_POINT ( 'NONE',  ( 8.352253384707336082E-14, 2.500000000000000000, -37.00000000000000711 ) ) ;
#771 = CARTESIAN_POINT ( 'NONE',  ( 0.000000000000000000, 8.799999999999998934, 0.000000000000000000 ) ) ;
#772 = ORIENTED_EDGE ( 'NONE', *, *, #3771, .T. ) ;
#773 = LINE ( 'NONE', #2162, #3441 ) ;
#774 = CARTESIAN_POINT ( 'NONE',  ( 88.00000000000000000, 1.599999999999990319, -3.000000000000000000 ) ) ;
#775 = CYLINDRICAL_SURFACE ( 'NONE', #2790, 1.300000000000000044 ) ;
#776 = VERTEX_POINT ( 'NONE', #2659 ) ;
#777 = ORIENTED_EDGE ( 'NONE', *, *, #2500, .T. ) ;
#778 = DIRECTION ( 'NONE',  ( -0.7071067811865474617, -0.7071067811865474617, -1.672683727290953650E-16 ) ) ;
#779 = AXIS2_PLACEMENT_3D ( 'NONE', #3514, #612, #4301 ) ;
#780 = ORIENTED_EDGE ( 'NONE', *, *, #2382, .T. ) ;
#781 = AXIS2_PLACEMENT_3D ( 'NONE', #1994, #106, #4176 ) ;
#782 = VERTEX_POINT ( 'NONE', #1878 ) ;
#783 = LINE ( 'NONE', #1477, #2001 ) ;
#784 = DIRECTION ( 'NONE',  ( -0.000000000000000000, 1.000000000000000000, -0.000000000000000000 ) ) ;
#785 = VECTOR ( 'NONE', #3046, 1000.000000000000114 ) ;
#786 = EDGE_CURVE ( 'NONE', #4228, #4501, #834, .T. ) ;
#787 = ADVANCED_FACE ( 'NONE', ( #4471 ), #813, .T. ) ;
#788 = DIRECTION ( 'NONE',  ( -0.000000000000000000, -1.000000000000000000, -0.000000000000000000 ) ) ;
#789 = VECTOR ( 'NONE', #4343, 1000.000000000000000 ) ;
#790 = VERTEX_POINT ( 'NONE', #4107 ) ;
#791 = DIRECTION ( 'NONE',  ( 1.000000000000000000, 0.000000000000000000, 0.000000000000000000 ) ) ;
#792 = CARTESIAN_POINT ( 'NONE',  ( 2.082642335314406498E-13, 2.500000000000000000, -47.00000000000002132 ) ) ;
#793 = DIRECTION ( 'NONE',  ( 0.000000000000000000, 0.000000000000000000, -1.000000000000000000 ) ) ;
#794 = EDGE_CURVE ( 'NONE', #4294, #2032, #3801, .T. ) ;
#795 = ADVANCED_FACE ( 'NONE', ( #521 ), #1240, .F. ) ;
#796 = VECTOR ( 'NONE', #386, 1000.000000000000000 ) ;
#797 = VERTEX_POINT ( 'NONE', #69 ) ;
#798 = DIRECTION ( 'NONE',  ( -0.000000000000000000, -1.000000000000000000, -0.000000000000000000 ) ) ;
#799 = DIRECTION ( 'NONE',  ( 0.000000000000000000, 0.000000000000000000, -1.000000000000000000 ) ) ;
#800 = AXIS2_PLACEMENT_3D ( 'NONE', #4350, #1755, #632 ) ;
#801 = CARTESIAN_POINT ( 'NONE',  ( 62.00000000000000000, 2.500000000000000000, -56.00000000000000000 ) ) ;
#802 = AXIS2_PLACEMENT_3D ( 'NONE', #1676, #4217, #275 ) ;
#803 = VERTEX_POINT ( 'NONE', #1147 ) ;
#804 = VERTEX_POINT ( 'NONE', #428 ) ;
#805 = CARTESIAN_POINT ( 'NONE',  ( 6.500000000000000000, 7.299999999999999822, -52.50000000000000711 ) ) ;
#806 = LINE ( 'NONE', #2565, #4152 ) ;
#807 = VECTOR ( 'NONE', #1904, 1000.000000000000114 ) ;
#808 = ORIENTED_EDGE ( 'NONE', *, *, #3864, .T. ) ;
#809 = VECTOR ( 'NONE', #2119, 1000.000000000000000 ) ;
#810 = ORIENTED_EDGE ( 'NONE', *, *, #3461, .T. ) ;
#811 = LINE ( 'NONE', #832, #1794 ) ;
#812 = VECTOR ( 'NONE', #3713, 1000.000000000000000 ) ;
#813 = CYLINDRICAL_SURFACE ( 'NONE', #3522, 2.999999999999999112 ) ;
#814 = EDGE_CURVE ( 'NONE', #3698, #2270, #2684, .T. ) ;
#815 = ORIENTED_EDGE ( 'NONE', *, *, #3855, .T. ) ;
#816 = CARTESIAN_POINT ( 'NONE',  ( 88.00000000000011369, 2.500000000000000000, -39.00000000000000000 ) ) ;
#817 = CARTESIAN_POINT ( 'NONE',  ( 62.00000000000000000, 2.500000000000000000, -7.000000000000006217 ) ) ;
#818 = LINE ( 'NONE', #3664, #3569 ) ;
#819 = ORIENTED_EDGE ( 'NONE', *, *, #970, .F. ) ;
#820 = CARTESIAN_POINT ( 'NONE',  ( 2.843441481152910288, 0.3342945725224039100, -37.00000000000000711 ) ) ;
#821 = EDGE_CURVE ( 'NONE', #2937, #968, #1453, .T. ) ;
#822 = EDGE_CURVE ( 'NONE', #3293, #1876, #1975, .T. ) ;
#823 = CARTESIAN_POINT ( 'NONE',  ( 88.00000000000000000, 1.599999999999990319, -3.000000000000000000 ) ) ;
#824 = CARTESIAN_POINT ( 'NONE',  ( 3.999999999999999112, 0.000000000000000000, -1.599999999999991207 ) ) ;
#825 = ORIENTED_EDGE ( 'NONE', *, *, #109, .F. ) ;
#826 = DIRECTION ( 'NONE',  ( -0.000000000000000000, -1.000000000000000000, -0.000000000000000000 ) ) ;
#827 = CARTESIAN_POINT ( 'NONE',  ( 2.751221434500148888, 1.599999999999990319, -21.00000000000000000 ) ) ;
#828 = CARTESIAN_POINT ( 'NONE',  ( 6.500000000000000000, 4.299999999999999822, -4.800000000000003375 ) ) ;
#829 = VERTEX_POINT ( 'NONE', #165 ) ;
#830 = VERTEX_POINT ( 'NONE', #3065 ) ;
#831 = ORIENTED_EDGE ( 'NONE', *, *, #1689, .F. ) ;
#832 = CARTESIAN_POINT ( 'NONE',  ( 3.000000000000000000, 1.599999999999990319, -56.00000000000000000 ) ) ;
#833 = AXIS2_PLACEMENT_3D ( 'NONE', #3486, #4483, #4459 ) ;
#834 = LINE ( 'NONE', #2291, #316 ) ;
#835 = ORIENTED_EDGE ( 'NONE', *, *, #2071, .T. ) ;
#836 = DIRECTION ( 'NONE',  ( 0.000000000000000000, 1.000000000000000000, 0.000000000000000000 ) ) ;
#837 = DIRECTION ( 'NONE',  ( 3.717264591378876642E-16, 0.000000000000000000, 1.000000000000000000 ) ) ;
#838 = FACE_OUTER_BOUND ( 'NONE', #4453, .T. ) ;
#839 = VECTOR ( 'NONE', #2297, 1000.000000000000000 ) ;
#840 = VERTEX_POINT ( 'NONE', #93 ) ;
#841 = CARTESIAN_POINT ( 'NONE',  ( 6.500000000000000000, 7.299999999999999822, -6.500000000000004441 ) ) ;
#842 = AXIS2_PLACEMENT_3D ( 'NONE', #3643, #1457, #746 ) ;
#843 = LINE ( 'NONE', #823, #183 ) ;
#844 = DIRECTION ( 'NONE',  ( 0.7071067811865475727, 0.7071067811865475727, 0.000000000000000000 ) ) ;
#845 = EDGE_CURVE ( 'NONE', #3973, #2100, #1572, .T. ) ;
#846 = EDGE_CURVE ( 'NONE', #4166, #219, #1547, .T. ) ;
#847 = ORIENTED_EDGE ( 'NONE', *, *, #3491, .F. ) ;
#848 = LINE ( 'NONE', #2304, #1594 ) ;
#849 = DIRECTION ( 'NONE',  ( 0.000000000000000000, 0.000000000000000000, -1.000000000000000000 ) ) ;
#850 = LINE ( 'NONE', #899, #1707 ) ;
#851 = EDGE_CURVE ( 'NONE', #1267, #514, #2992, .T. ) ;
#852 = ORIENTED_EDGE ( 'NONE', *, *, #3961, .T. ) ;
#853 = EDGE_LOOP ( 'NONE', ( #3398, #877, #2924, #1661 ) ) ;
#854 = ORIENTED_EDGE ( 'NONE', *, *, #1144, .F. ) ;
#855 = CARTESIAN_POINT ( 'NONE',  ( 86.40000000000000568, 0.000000000000000000, -3.000000000000000000 ) ) ;
#856 = PLANE ( 'NONE',  #1943 ) ;
#857 = CIRCLE ( 'NONE', #3838, 1.400000000000009681 ) ;
#858 = LINE ( 'NONE', #1899, #3823 ) ;
#859 = CARTESIAN_POINT ( 'NONE',  ( 87.99999999999998579, 2.500000000000000000, -25.00000000000000000 ) ) ;
#860 = VECTOR ( 'NONE', #2965, 1000.000000000000114 ) ;
#861 = LINE ( 'NONE', #2663, #4160 ) ;
#862 = AXIS2_PLACEMENT_3D ( 'NONE', #1319, #248, #1698 ) ;
#863 = ORIENTED_EDGE ( 'NONE', *, *, #3233, .F. ) ;
#864 = CARTESIAN_POINT ( 'NONE',  ( 84.99999999999998579, 0.000000000000000000, -3.000000000000000000 ) ) ;
#865 = PLANE ( 'NONE',  #3763 ) ;
#866 = CARTESIAN_POINT ( 'NONE',  ( 1.499999999999999556, 4.299999999999999822, -19.59807621135331601 ) ) ;
#867 = CIRCLE ( 'NONE', #2169, 4.599999999999989875 ) ;
#868 = CARTESIAN_POINT ( 'NONE',  ( 88.00000000000000000, 2.500000000000000000, -29.00000000000000000 ) ) ;
#869 = DIRECTION ( 'NONE',  ( 0.000000000000000000, 0.7071067811865473507, -0.7071067811865477948 ) ) ;
#870 = ORIENTED_EDGE ( 'NONE', *, *, #25, .F. ) ;
#871 = CARTESIAN_POINT ( 'NONE',  ( 84.99999999999998579, 0.000000000000000000, -3.000000000000000000 ) ) ;
#872 = VECTOR ( 'NONE', #3003, 1000.000000000000000 ) ;
#873 = CARTESIAN_POINT ( 'NONE',  ( 86.40000000000000568, 0.000000000000000000, -17.00000000000000000 ) ) ;
#874 = EDGE_CURVE ( 'NONE', #4155, #4166, #1213, .T. ) ;
#875 = EDGE_LOOP ( 'NONE', ( #3044, #2476, #2792, #510 ) ) ;
#876 = ORIENTED_EDGE ( 'NONE', *, *, #2845, .T. ) ;
#877 = ORIENTED_EDGE ( 'NONE', *, *, #1858, .F. ) ;
#878 = FACE_OUTER_BOUND ( 'NONE', #2207, .T. ) ;
#879 = VECTOR ( 'NONE', #932, 1000.000000000000000 ) ;
#880 = EDGE_CURVE ( 'NONE', #4017, #2709, #613, .T. ) ;
#881 = EDGE_CURVE ( 'NONE', #4340, #1876, #1167, .T. ) ;
#882 = CARTESIAN_POINT ( 'NONE',  ( -5.466714354767515161E-14, 2.500000000000000000, -13.00000000000000178 ) ) ;
#883 = AXIS2_PLACEMENT_3D ( 'NONE', #4513, #2706, #2729 ) ;
#884 = DIRECTION ( 'NONE',  ( -0.000000000000000000, -1.000000000000000000, -0.000000000000000000 ) ) ;
#885 = ORIENTED_EDGE ( 'NONE', *, *, #116, .T. ) ;
#886 = EDGE_CURVE ( 'NONE', #4412, #1198, #858, .T. ) ;
#887 = DIRECTION ( 'NONE',  ( 0.000000000000000000, 0.000000000000000000, -1.000000000000000000 ) ) ;
#888 = CIRCLE ( 'NONE', #3873, 1.299999999999994715 ) ;
#889 =( LENGTH_UNIT ( ) NAMED_UNIT ( * ) SI_UNIT ( .MILLI., .METRE. ) );
#890 = ORIENTED_EDGE ( 'NONE', *, *, #267, .F. ) ;
#891 = FACE_OUTER_BOUND ( 'NONE', #2072, .T. ) ;
#892 = LINE ( 'NONE', #3352, #3696 ) ;
#893 = CARTESIAN_POINT ( 'NONE',  ( 1.109779529959894040, 1.348521575889980006, -37.00000000000000711 ) ) ;
#894 = CARTESIAN_POINT ( 'NONE',  ( 64.50000000000000000, 2.500000000000000000, -52.50000000000000000 ) ) ;
#895 = CARTESIAN_POINT ( 'NONE',  ( 2.084810739659377507E-13, 2.500000000000000000, -49.00000000000000000 ) ) ;
#896 = VERTEX_POINT ( 'NONE', #1951 ) ;
#897 = FACE_OUTER_BOUND ( 'NONE', #3550, .T. ) ;
#898 = CARTESIAN_POINT ( 'NONE',  ( 4.113710927954500705E-16, 0.000000000000000000, -22.19615242270663558 ) ) ;
#899 = CARTESIAN_POINT ( 'NONE',  ( 86.40000000000000568, 0.000000000000000000, -3.000000000000000000 ) ) ;
#900 = ORIENTED_EDGE ( 'NONE', *, *, #1571, .F. ) ;
#901 = CARTESIAN_POINT ( 'NONE',  ( 3.000000000000000000, 4.299999999999999822, 0.000000000000000000 ) ) ;
#902 = ORIENTED_EDGE ( 'NONE', *, *, #1949, .F. ) ;
#903 = VERTEX_POINT ( 'NONE', #2368 ) ;
#904 = DIRECTION ( 'NONE',  ( 0.000000000000000000, 0.000000000000000000, 1.000000000000000000 ) ) ;
#905 = DIRECTION ( 'NONE',  ( -0.000000000000000000, -1.000000000000000000, -0.000000000000000000 ) ) ;
#906 = EDGE_CURVE ( 'NONE', #2261, #504, #3470, .T. ) ;
#907 = EDGE_CURVE ( 'NONE', #1034, #2363, #2050, .T. ) ;
#908 = ORIENTED_EDGE ( 'NONE', *, *, #2983, .T. ) ;
#909 = VERTEX_POINT ( 'NONE', #238 ) ;
#910 = LINE ( 'NONE', #3567, #719 ) ;
#911 = LINE ( 'NONE', #502, #3321 ) ;
#912 = PERSON_AND_ORGANIZATION_ROLE ( 'creator' ) ;
#913 = EDGE_CURVE ( 'NONE', #782, #2916, #1647, .T. ) ;
#914 = CARTESIAN_POINT ( 'NONE',  ( 3.000000000000001776, 2.500000000000000000, -31.00000000000002132 ) ) ;
#915 = CARTESIAN_POINT ( 'NONE',  ( 0.000000000000000000, 8.799999999999998934, -6.500000000000002665 ) ) ;
#916 = CARTESIAN_POINT ( 'NONE',  ( 0.000000000000000000, 1.599999999999990319, -49.00000000000000000 ) ) ;
#917 = LINE ( 'NONE', #4143, #3566 ) ;
#918 = ORIENTED_EDGE ( 'NONE', *, *, #3259, .T. ) ;
#919 = AXIS2_PLACEMENT_3D ( 'NONE', #2206, #3246, #2581 ) ;
#920 = LINE ( 'NONE', #3104, #4116 ) ;
#921 = LINE ( 'NONE', #2385, #27 ) ;
#922 = DIRECTION ( 'NONE',  ( -1.000000000000000000, -0.000000000000000000, -2.365532012695646217E-16 ) ) ;
#923 = VECTOR ( 'NONE', #884, 1000.000000000000000 ) ;
#924 = ORIENTED_EDGE ( 'NONE', *, *, #3190, .F. ) ;
#925 = VERTEX_POINT ( 'NONE', #262 ) ;
#926 = ORIENTED_EDGE ( 'NONE', *, *, #1787, .T. ) ;
#927 = CARTESIAN_POINT ( 'NONE',  ( 6.500000000000000000, 2.500000000000000000, -51.20000000000000284 ) ) ;
#928 = DIRECTION ( 'NONE',  ( 1.000000000000000000, 0.000000000000000000, 0.000000000000000000 ) ) ;
#929 = ORIENTED_EDGE ( 'NONE', *, *, #3585, .T. ) ;
#930 = ORIENTED_EDGE ( 'NONE', *, *, #1134, .T. ) ;
#931 = EDGE_CURVE ( 'NONE', #257, #3095, #2069, .T. ) ;
#932 = DIRECTION ( 'NONE',  ( -0.000000000000000000, -0.000000000000000000, 1.000000000000000000 ) ) ;
#933 = CARTESIAN_POINT ( 'NONE',  ( 64.50000000000000000, 7.299999999999999822, -6.500000000000005329 ) ) ;
#934 = CIRCLE ( 'NONE', #779, 3.000000000000000000 ) ;
#935 = ORIENTED_EDGE ( 'NONE', *, *, #3799, .T. ) ;
#936 = DIRECTION ( 'NONE',  ( -0.000000000000000000, -1.000000000000000000, -0.000000000000000000 ) ) ;
#937 = VECTOR ( 'NONE', #2116, 1000.000000000000000 ) ;
#938 = VERTEX_POINT ( 'NONE', #290 ) ;
#939 = LINE ( 'NONE', #1295, #2396 ) ;
#940 = EDGE_CURVE ( 'NONE', #1400, #1832, #2418, .T. ) ;
#941 = EDGE_CURVE ( 'NONE', #4582, #1031, #3159, .T. ) ;
#942 = DIRECTION ( 'NONE',  ( 0.000000000000000000, -1.000000000000000000, 0.000000000000000000 ) ) ;
#943 = DIRECTION ( 'NONE',  ( -0.000000000000000000, -1.000000000000000000, -0.000000000000000000 ) ) ;
#944 = DIRECTION ( 'NONE',  ( 0.000000000000000000, 1.000000000000000000, 0.000000000000000000 ) ) ;
#945 = VERTEX_POINT ( 'NONE', #3538 ) ;
#946 = DIRECTION ( 'NONE',  ( -0.000000000000000000, -1.000000000000000000, -0.000000000000000000 ) ) ;
#947 = CARTESIAN_POINT ( 'NONE',  ( 6.500000000000000000, 4.299999999999999822, -52.50000000000000711 ) ) ;
#948 = VECTOR ( 'NONE', #1770, 1000.000000000000000 ) ;
#949 = CARTESIAN_POINT ( 'NONE',  ( -5.488398398217225250E-14, 2.500000000000000000, -11.00000000000001954 ) ) ;
#950 = ORIENTED_EDGE ( 'NONE', *, *, #1430, .T. ) ;
#951 = CARTESIAN_POINT ( 'NONE',  ( 88.00000000000011369, 2.500000000000000000, -41.00000000000000000 ) ) ;
#952 = ORIENTED_EDGE ( 'NONE', *, *, #2166, .T. ) ;
#953 = LINE ( 'NONE', #2027, #4680 ) ;
#954 = VECTOR ( 'NONE', #388, 1000.000000000000000 ) ;
#955 = CARTESIAN_POINT ( 'NONE',  ( 0.000000000000000000, 1.599999999999990319, -3.000000000000000000 ) ) ;
#956 = AXIS2_PLACEMENT_3D ( 'NONE', #4664, #744, #3642 ) ;
#957 = ORIENTED_EDGE ( 'NONE', *, *, #3387, .F. ) ;
#958 = ORIENTED_EDGE ( 'NONE', *, *, #2067, .F. ) ;
#959 = CARTESIAN_POINT ( 'NONE',  ( 0.000000000000000000, 1.599999999999990319, -39.00000000000000711 ) ) ;
#960 = VECTOR ( 'NONE', #3456, 1000.000000000000114 ) ;
#961 = CARTESIAN_POINT ( 'NONE',  ( 1.599999999999990319, 0.000000000000000000, -47.00000000000002132 ) ) ;
#962 = ORIENTED_EDGE ( 'NONE', *, *, #357, .F. ) ;
#963 = EDGE_CURVE ( 'NONE', #2313, #1469, #979, .T. ) ;
#964 = AXIS2_PLACEMENT_3D ( 'NONE', #3285, #4388, #750 ) ;
#965 = DIRECTION ( 'NONE',  ( 0.000000000000000000, 1.000000000000000000, 0.000000000000000000 ) ) ;
#966 = CARTESIAN_POINT ( 'NONE',  ( 3.000000000000001776, 1.599999999999990319, -31.00000000000002132 ) ) ;
#967 = CARTESIAN_POINT ( 'NONE',  ( 3.999999999999999112, 2.500000000000000000, 0.000000000000000000 ) ) ;
#968 = VERTEX_POINT ( 'NONE', #4279 ) ;
#969 = ADVANCED_FACE ( 'NONE', ( #1334, #2440, #3568 ), #218, .F. ) ;
#970 = EDGE_CURVE ( 'NONE', #4081, #272, #3822, .T. ) ;
#971 = DIRECTION ( 'NONE',  ( 0.000000000000000000, -0.000000000000000000, 1.000000000000000000 ) ) ;
#972 = CARTESIAN_POINT ( 'NONE',  ( 64.50000000000000000, 7.299999999999999822, -3.500000000000003109 ) ) ;
#973 = CARTESIAN_POINT ( 'NONE',  ( 64.50000000000000000, 2.500000000000000000, -53.79999999999999716 ) ) ;
#974 = ORIENTED_EDGE ( 'NONE', *, *, #117, .T. ) ;
#975 = PLANE ( 'NONE',  #3947 ) ;
#976 = EDGE_CURVE ( 'NONE', #3056, #3869, #4661, .T. ) ;
#977 = ORIENTED_EDGE ( 'NONE', *, *, #4589, .T. ) ;
#978 = LINE ( 'NONE', #2121, #4220 ) ;
#979 = LINE ( 'NONE', #4609, #3602 ) ;
#980 = VERTEX_POINT ( 'NONE', #3920 ) ;
#981 = CARTESIAN_POINT ( 'NONE',  ( 67.50000000000000000, 7.299999999999999822, -52.50000000000000000 ) ) ;
#982 = APPROVAL_ROLE ( '' ) ;
#983 = ORIENTED_EDGE ( 'NONE', *, *, #2520, .T. ) ;
#984 = DIRECTION ( 'NONE',  ( 0.000000000000000000, 1.000000000000000000, 0.000000000000000000 ) ) ;
#985 = CARTESIAN_POINT ( 'NONE',  ( 2.899999999999992806, 8.799999999999998934, -49.50000000000000000 ) ) ;
#986 = FACE_OUTER_BOUND ( 'NONE', #3587, .T. ) ;
#987 = CARTESIAN_POINT ( 'NONE',  ( 0.000000000000000000, 1.599999999999990319, -45.00000000000000000 ) ) ;
#988 = VERTEX_POINT ( 'NONE', #1004 ) ;
#989 = DIRECTION ( 'NONE',  ( 0.7071067811865474617, 0.7071067811865474617, -0.000000000000000000 ) ) ;
#990 = VECTOR ( 'NONE', #1680, 1000.000000000000114 ) ;
#991 = FACE_OUTER_BOUND ( 'NONE', #2124, .T. ) ;
#992 = CARTESIAN_POINT ( 'NONE',  ( 84.99999999999998579, 0.000000000000000000, -3.000000000000000000 ) ) ;
#993 = EDGE_CURVE ( 'NONE', #3518, #4351, #4586, .T. ) ;
#994 = EDGE_CURVE ( 'NONE', #2531, #1282, #2826, .T. ) ;
#995 = VECTOR ( 'NONE', #76, 1000.000000000000000 ) ;
#996 = EDGE_LOOP ( 'NONE', ( #322, #3356 ) ) ;
#997 = CARTESIAN_POINT ( 'NONE',  ( 9.499999999999994671, 7.299999999999999822, -52.50000000000000711 ) ) ;
#998 = ORIENTED_EDGE ( 'NONE', *, *, #614, .T. ) ;
#999 = CARTESIAN_POINT ( 'NONE',  ( 87.99999999999995737, 1.599999999999990319, -15.00000000000000000 ) ) ;
#1000 = AXIS2_PLACEMENT_3D ( 'NONE', #2348, #118, #3708 ) ;
#1001 = CARTESIAN_POINT ( 'NONE',  ( 1.249585401188644151E-13, 2.500000000000000000, -39.00000000000002132 ) ) ;
#1002 = EDGE_CURVE ( 'NONE', #3796, #3884, #192, .T. ) ;
#1003 = EDGE_CURVE ( 'NONE', #4273, #3665, #1357, .T. ) ;
#1004 = CARTESIAN_POINT ( 'NONE',  ( 3.999999999999999112, 0.000000000000000000, -7.000000000000006217 ) ) ;
#1005 = ORIENTED_EDGE ( 'NONE', *, *, #2904, .F. ) ;
#1006 = EDGE_LOOP ( 'NONE', ( #3250, #3180, #4059, #1615, #863, #4029, #4385, #3406, #3466, #3187, #2958, #2548, #3468, #4100, #3413, #1359, #3306, #1959 ) ) ;
#1007 = DIRECTION ( 'NONE',  ( -0.000000000000000000, -1.000000000000000000, -0.000000000000000000 ) ) ;
#1008 = ORIENTED_EDGE ( 'NONE', *, *, #4589, .F. ) ;
#1009 = DIRECTION ( 'NONE',  ( 0.000000000000000000, 1.000000000000000000, 0.000000000000000000 ) ) ;
#1010 = CARTESIAN_POINT ( 'NONE',  ( 87.99999999999995737, 2.500000000000000000, -17.00000000000000000 ) ) ;
#1011 = AXIS2_PLACEMENT_3D ( 'NONE', #1687, #4329, #1025 ) ;
#1012 = DIRECTION ( 'NONE',  ( 0.000000000000000000, 0.000000000000000000, -1.000000000000000000 ) ) ;
#1013 = CARTESIAN_POINT ( 'NONE',  ( 3.000000000000000000, 1.599999999999990319, -17.00000000000000000 ) ) ;
#1014 = CIRCLE ( 'NONE', #4297, 1.300000000000002487 ) ;
#1015 = ORIENTED_EDGE ( 'NONE', *, *, #1430, .F. ) ;
#1016 = LINE ( 'NONE', #2041, #990 ) ;
#1017 = ORIENTED_EDGE ( 'NONE', *, *, #3310, .T. ) ;
#1018 = DIRECTION ( 'NONE',  ( 0.000000000000000000, 1.000000000000000000, 0.000000000000000000 ) ) ;
#1019 = CARTESIAN_POINT ( 'NONE',  ( 67.00000000000000000, 0.000000000000000000, -1.599999999999991207 ) ) ;
#1020 = ORIENTED_EDGE ( 'NONE', *, *, #1288, .F. ) ;
#1021 = CARTESIAN_POINT ( 'NONE',  ( 3.308263848429631615, 0.000000000000000000, -37.00000000000000711 ) ) ;
#1022 = ORIENTED_EDGE ( 'NONE', *, *, #1949, .T. ) ;
#1023 = VECTOR ( 'NONE', #1089, 1000.000000000000000 ) ;
#1024 = ADVANCED_FACE ( 'NONE', ( #545 ), #2002, .F. ) ;
#1025 = DIRECTION ( 'NONE',  ( 0.000000000000000000, 0.000000000000000000, -1.000000000000000000 ) ) ;
#1026 = DIRECTION ( 'NONE',  ( -1.000000000000000000, 0.000000000000000000, 1.334402673828314572E-16 ) ) ;
#1027 = CARTESIAN_POINT ( 'NONE',  ( 87.99999999999997158, 2.500000000000000000, -19.00000000000000000 ) ) ;
#1028 = VECTOR ( 'NONE', #157, 1000.000000000000000 ) ;
#1029 = EDGE_CURVE ( 'NONE', #4203, #3341, #3848, .T. ) ;
#1030 = EDGE_CURVE ( 'NONE', #2313, #1566, #2029, .T. ) ;
#1031 = VERTEX_POINT ( 'NONE', #3996 ) ;
#1032 = AXIS2_PLACEMENT_3D ( 'NONE', #1494, #1444, #1090 ) ;
#1033 = CARTESIAN_POINT ( 'NONE',  ( 64.50000000000000000, 7.299999999999999822, -52.50000000000000000 ) ) ;
#1034 = VERTEX_POINT ( 'NONE', #2900 ) ;
#1035 = DIRECTION ( 'NONE',  ( -1.000000000000000000, 0.000000000000000000, 0.000000000000000000 ) ) ;
#1036 = ORIENTED_EDGE ( 'NONE', *, *, #4398, .F. ) ;
#1037 = LINE ( 'NONE', #2427, #260 ) ;
#1038 = VECTOR ( 'NONE', #519, 1000.000000000000000 ) ;
#1039 = CARTESIAN_POINT ( 'NONE',  ( 0.000000000000000000, 1.599999999999990319, -3.000000000000000000 ) ) ;
#1040 = DIRECTION ( 'NONE',  ( -0.000000000000000000, -0.000000000000000000, 1.000000000000000000 ) ) ;
#1041 = VECTOR ( 'NONE', #726, 1000.000000000000000 ) ;
#1042 = EDGE_LOOP ( 'NONE', ( #2586, #4539, #215, #4288 ) ) ;
#1043 = CARTESIAN_POINT ( 'NONE',  ( 6.500000000000000000, 2.500000000000000000, -3.500000000000003109 ) ) ;
#1044 = ORIENTED_EDGE ( 'NONE', *, *, #4518, .T. ) ;
#1045 = CARTESIAN_POINT ( 'NONE',  ( 67.00000000000000000, 2.500000000000000000, -56.00000000000000000 ) ) ;
#1046 = CARTESIAN_POINT ( 'NONE',  ( 64.50000000000000000, 7.299999999999999822, -53.79999999999999716 ) ) ;
#1047 = AXIS2_PLACEMENT_3D ( 'NONE', #3020, #2974, #2252 ) ;
#1048 = VERTEX_POINT ( 'NONE', #2880 ) ;
#1049 = CARTESIAN_POINT ( 'NONE',  ( 4.599999999999996980, 0.000000000000000000, -31.00000000000002132 ) ) ;
#1050 = EDGE_LOOP ( 'NONE', ( #852, #591, #2823, #777, #2758 ) ) ;
#1051 = LINE ( 'NONE', #2146, #2307 ) ;
#1052 = DIRECTION ( 'NONE',  ( -0.000000000000000000, -0.000000000000000000, 1.000000000000000000 ) ) ;
#1053 = CARTESIAN_POINT ( 'NONE',  ( 84.99999999999998579, 4.299999999999999822, -3.000000000000000000 ) ) ;
#1054 = ORIENTED_EDGE ( 'NONE', *, *, #303, .F. ) ;
#1055 = CARTESIAN_POINT ( 'NONE',  ( 1.668282272596496208E-13, 0.000000000000000000, -45.00000000000000000 ) ) ;
#1056 = EDGE_CURVE ( 'NONE', #4228, #2253, #1903, .T. ) ;
#1057 = EDGE_CURVE ( 'NONE', #3876, #596, #3654, .T. ) ;
#1058 = ORIENTED_EDGE ( 'NONE', *, *, #1542, .T. ) ;
#1059 = LINE ( 'NONE', #3596, #4436 ) ;
#1060 = CARTESIAN_POINT ( 'NONE',  ( 67.00000000000000000, 0.000000000000000000, -48.99999999999999289 ) ) ;
#1061 = PLANE ( 'NONE',  #3017 ) ;
#1062 = FACE_BOUND ( 'NONE', #1112, .T. ) ;
#1063 = EDGE_CURVE ( 'NONE', #2980, #2876, #1072, .T. ) ;
#1064 = ORIENTED_EDGE ( 'NONE', *, *, #1786, .F. ) ;
#1065 = CYLINDRICAL_SURFACE ( 'NONE', #4205, 1.299999999999994715 ) ;
#1066 = CARTESIAN_POINT ( 'NONE',  ( 86.40000000000000568, 0.000000000000000000, -47.00000000000000000 ) ) ;
#1067 = CARTESIAN_POINT ( 'NONE',  ( 3.000000000000000000, 4.299999999999999822, -56.00000000000000000 ) ) ;
#1068 = ORIENTED_EDGE ( 'NONE', *, *, #682, .F. ) ;
#1069 = ORIENTED_EDGE ( 'NONE', *, *, #1893, .T. ) ;
#1070 = DIRECTION ( 'NONE',  ( 0.000000000000000000, 0.000000000000000000, -1.000000000000000000 ) ) ;
#1071 = LINE ( 'NONE', #2372, #3383 ) ;
#1072 = LINE ( 'NONE', #1474, #3063 ) ;
#1073 = AXIS2_PLACEMENT_3D ( 'NONE', #4024, #3956, #2200 ) ;
#1074 = VERTEX_POINT ( 'NONE', #335 ) ;
#1075 = EDGE_CURVE ( 'NONE', #1757, #1566, #3295, .T. ) ;
#1076 = CARTESIAN_POINT ( 'NONE',  ( 67.00000000000000000, 2.500000000000000000, -7.000000000000006217 ) ) ;
#1077 = VECTOR ( 'NONE', #1836, 1000.000000000000000 ) ;
#1078 = ORIENTED_EDGE ( 'NONE', *, *, #1057, .T. ) ;
#1079 = LINE ( 'NONE', #2906, #1679 ) ;
#1080 = EDGE_CURVE ( 'NONE', #803, #331, #2946, .T. ) ;
#1081 = ORIENTED_EDGE ( 'NONE', *, *, #4643, .F. ) ;
#1082 = DIRECTION ( 'NONE',  ( -2.365532012695646217E-16, 0.000000000000000000, 1.000000000000000000 ) ) ;
#1083 = FACE_OUTER_BOUND ( 'NONE', #1185, .T. ) ;
#1084 = CARTESIAN_POINT ( 'NONE',  ( 61.50000000000000000, 7.299999999999999822, 0.000000000000000000 ) ) ;
#1085 = ORIENTED_EDGE ( 'NONE', *, *, #1317, .F. ) ;
#1086 = CARTESIAN_POINT ( 'NONE',  ( 2.082642335314406498E-13, 2.500000000000000000, -47.00000000000002132 ) ) ;
#1087 = EDGE_CURVE ( 'NONE', #110, #4412, #360, .T. ) ;
#1088 = EDGE_CURVE ( 'NONE', #3728, #4294, #4038, .T. ) ;
#1089 = DIRECTION ( 'NONE',  ( 0.000000000000000000, 0.000000000000000000, -1.000000000000000000 ) ) ;
#1090 = DIRECTION ( 'NONE',  ( 0.000000000000000000, -0.000000000000000000, 1.000000000000000000 ) ) ;
#1091 = VECTOR ( 'NONE', #130, 1000.000000000000000 ) ;
#1092 = ORIENTED_EDGE ( 'NONE', *, *, #648, .T. ) ;
#1093 = EDGE_CURVE ( 'NONE', #2443, #4431, #1810, .T. ) ;
#1094 = CARTESIAN_POINT ( 'NONE',  ( 0.000000000000000000, 2.500000000000000000, -27.00000000000002132 ) ) ;
#1095 = VECTOR ( 'NONE', #2042, 1000.000000000000000 ) ;
#1096 = DIRECTION ( 'NONE',  ( -0.000000000000000000, -1.000000000000000000, -0.000000000000000000 ) ) ;
#1097 = DIRECTION ( 'NONE',  ( 1.000000000000000000, 0.000000000000000000, 0.000000000000000000 ) ) ;
#1098 = AXIS2_PLACEMENT_3D ( 'NONE', #174, #4553, #3097 ) ;
#1099 = EDGE_LOOP ( 'NONE', ( #4312, #125, #4389, #1769, #2060, #4446 ) ) ;
#1100 = VECTOR ( 'NONE', #4714, 1000.000000000000000 ) ;
#1101 = DIRECTION ( 'NONE',  ( -0.7071067811865474617, -0.7071067811865474617, -1.115122484860635602E-16 ) ) ;
#1102 = VECTOR ( 'NONE', #2536, 1000.000000000000000 ) ;
#1103 = CARTESIAN_POINT ( 'NONE',  ( 86.40000000000000568, 0.000000000000000000, -3.000000000000000000 ) ) ;
#1104 = ORIENTED_EDGE ( 'NONE', *, *, #1283, .F. ) ;
#1105 = CARTESIAN_POINT ( 'NONE',  ( 0.000000000000000000, 2.500000000000000000, 0.000000000000000000 ) ) ;
#1106 = DIRECTION ( 'NONE',  ( 0.000000000000000000, -1.000000000000000000, 0.000000000000000000 ) ) ;
#1107 = AXIS2_PLACEMENT_3D ( 'NONE', #1461, #1106, #1151 ) ;
#1108 = CARTESIAN_POINT ( 'NONE',  ( 61.50000000000000000, 4.299999999999999822, -3.500000000000003109 ) ) ;
#1109 = VERTEX_POINT ( 'NONE', #4332 ) ;
#1110 = CARTESIAN_POINT ( 'NONE',  ( 88.00000000000011369, 1.600000000000115552, -41.00000000000000000 ) ) ;
#1111 = VECTOR ( 'NONE', #2857, 1000.000000000000000 ) ;
#1112 = EDGE_LOOP ( 'NONE', ( #1036, #1801 ) ) ;
#1113 = PLANE ( 'NONE',  #1852 ) ;
#1114 = DIRECTION ( 'NONE',  ( 0.000000000000000000, -0.000000000000000000, 1.000000000000000000 ) ) ;
#1115 = AXIS2_PLACEMENT_3D ( 'NONE', #894, #582, #3505 ) ;
#1116 = ADVANCED_FACE ( 'NONE', ( #2518 ), #2854, .F. ) ;
#1117 = VERTEX_POINT ( 'NONE', #3275 ) ;
#1118 = ORIENTED_EDGE ( 'NONE', *, *, #3974, .F. ) ;
#1119 = LINE ( 'NONE', #1941, #1472 ) ;
#1120 = CC_DESIGN_APPROVAL ( #427, ( #4633 ) ) ;
#1121 = DIRECTION ( 'NONE',  ( 0.000000000000000000, 0.000000000000000000, -1.000000000000000000 ) ) ;
#1122 = EDGE_CURVE ( 'NONE', #1188, #4086, #741, .T. ) ;
#1123 = EDGE_LOOP ( 'NONE', ( #2614, #4529, #3535, #3589, #3004, #424, #2814, #1996, #2920, #2167, #3312, #4634, #3703, #3251, #2442, #2751, #2131, #1313 ) ) ;
#1124 = DIRECTION ( 'NONE',  ( 0.000000000000000000, 0.000000000000000000, 1.000000000000000000 ) ) ;
#1125 = PERSON ( '未指定', '未指定', '未指定', ('未指定'), ('未指定'), ('未指定') ) ;
#1126 = CARTESIAN_POINT ( 'NONE',  ( 86.40000000000000568, 0.000000000000000000, -3.000000000000000000 ) ) ;
#1127 = VERTEX_POINT ( 'NONE', #2123 ) ;
#1128 = CARTESIAN_POINT ( 'NONE',  ( 2.899999999999999467, 7.299999999999999822, -3.000000000000000000 ) ) ;
#1129 = DIRECTION ( 'NONE',  ( 0.000000000000000000, -0.000000000000000000, 1.000000000000000000 ) ) ;
#1130 = PLANE ( 'NONE',  #2653 ) ;
#1131 = ORIENTED_EDGE ( 'NONE', *, *, #4261, .F. ) ;
#1132 = LINE ( 'NONE', #1154, #2214 ) ;
#1133 = DIRECTION ( 'NONE',  ( 0.000000000000000000, -1.000000000000000000, 0.000000000000000000 ) ) ;
#1134 = EDGE_CURVE ( 'NONE', #304, #3001, #2195, .T. ) ;
#1135 = CARTESIAN_POINT ( 'NONE',  ( 1.599999999999990319, 0.000000000000000000, -43.00000000000002132 ) ) ;
#1136 = ORIENTED_EDGE ( 'NONE', *, *, #760, .T. ) ;
#1137 = ORIENTED_EDGE ( 'NONE', *, *, #2045, .T. ) ;
#1138 = FACE_OUTER_BOUND ( 'NONE', #3133, .T. ) ;
#1139 = ADVANCED_FACE ( 'NONE', ( #1451 ), #376, .F. ) ;
#1140 = EDGE_CURVE ( 'NONE', #776, #3796, #4715, .T. ) ;
#1141 = FACE_OUTER_BOUND ( 'NONE', #1894, .T. ) ;
#1142 = EDGE_LOOP ( 'NONE', ( #2447, #2591, #2988, #3633 ) ) ;
#1143 = EDGE_CURVE ( 'NONE', #1584, #1757, #3592, .T. ) ;
#1144 = EDGE_CURVE ( 'NONE', #4087, #2644, #4379, .T. ) ;
#1145 = CARTESIAN_POINT ( 'NONE',  ( 88.00000000000000000, 1.599999999999992983, -35.00000000000000000 ) ) ;
#1146 = VECTOR ( 'NONE', #936, 1000.000000000000000 ) ;
#1147 = CARTESIAN_POINT ( 'NONE',  ( 1.599999999999990319, 0.000000000000000000, -2.999999999999999556 ) ) ;
#1148 = EDGE_LOOP ( 'NONE', ( #2449, #4055, #1219, #1054, #1431, #1515 ) ) ;
#1149 = LINE ( 'NONE', #3919, #1100 ) ;
#1150 = VECTOR ( 'NONE', #1595, 1000.000000000000000 ) ;
#1151 = DIRECTION ( 'NONE',  ( 0.000000000000000000, 0.000000000000000000, -1.000000000000000000 ) ) ;
#1152 = DIRECTION ( 'NONE',  ( 0.000000000000000000, 0.000000000000000000, 1.000000000000000000 ) ) ;
#1153 = VERTEX_POINT ( 'NONE', #666 ) ;
#1154 = CARTESIAN_POINT ( 'NONE',  ( 88.00000000000000000, 1.599999999999992317, -19.00000000000000000 ) ) ;
#1155 = DIRECTION ( 'NONE',  ( -0.000000000000000000, -1.000000000000000000, -0.000000000000000000 ) ) ;
#1156 = CARTESIAN_POINT ( 'NONE',  ( -1.350415556104596224E-14, 0.000000000000000000, -25.00000000000000000 ) ) ;
#1157 = ORIENTED_EDGE ( 'NONE', *, *, #4643, .T. ) ;
#1158 = VERTEX_POINT ( 'NONE', #2215 ) ;
#1159 = DIRECTION ( 'NONE',  ( -0.000000000000000000, -1.000000000000000000, -0.000000000000000000 ) ) ;
#1160 = ADVANCED_FACE ( 'NONE', ( #3675 ), #3232, .F. ) ;
#1161 = ORIENTED_EDGE ( 'NONE', *, *, #3978, .F. ) ;
#1162 = AXIS2_PLACEMENT_3D ( 'NONE', #947, #1018, #2457 ) ;
#1163 = ORIENTED_EDGE ( 'NONE', *, *, #4527, .F. ) ;
#1164 = LINE ( 'NONE', #91, #497 ) ;
#1165 = AXIS2_PLACEMENT_3D ( 'NONE', #2767, #4314, #2037 ) ;
#1166 = ADVANCED_FACE ( 'NONE', ( #2966 ), #483, .F. ) ;
#1167 = LINE ( 'NONE', #4085, #1222 ) ;
#1168 = VECTOR ( 'NONE', #3958, 1000.000000000000000 ) ;
#1169 = ORIENTED_EDGE ( 'NONE', *, *, #3792, .T. ) ;
#1170 = FACE_OUTER_BOUND ( 'NONE', #3412, .T. ) ;
#1171 = CARTESIAN_POINT ( 'NONE',  ( 1.666113868251525199E-13, 1.599999999999985878, -43.00000000000002132 ) ) ;
#1172 = DIRECTION ( 'NONE',  ( -0.7071067811865472397, 0.7071067811865479058, 0.000000000000000000 ) ) ;
#1173 = VECTOR ( 'NONE', #683, 1000.000000000000000 ) ;
#1174 = EDGE_CURVE ( 'NONE', #1591, #4146, #2330, .T. ) ;
#1175 = EDGE_LOOP ( 'NONE', ( #4717, #2771, #1568, #14, #1875 ) ) ;
#1176 = LINE ( 'NONE', #1530, #1450 ) ;
#1177 = DIRECTION ( 'NONE',  ( -0.000000000000000000, -1.000000000000000000, -0.000000000000000000 ) ) ;
#1178 = DIRECTION ( 'NONE',  ( 0.7071067811865474617, -0.7071067811865476838, 0.000000000000000000 ) ) ;
#1179 = VECTOR ( 'NONE', #3520, 1000.000000000000000 ) ;
#1180 = ORIENTED_EDGE ( 'NONE', *, *, #3302, .F. ) ;
#1181 = ORIENTED_EDGE ( 'NONE', *, *, #3680, .F. ) ;
#1182 = CARTESIAN_POINT ( 'NONE',  ( 0.000000000000000000, 1.599999999999990319, -3.000000000000000000 ) ) ;
#1183 = DIRECTION ( 'NONE',  ( 0.000000000000000000, 1.000000000000000000, 0.000000000000000000 ) ) ;
#1184 = AXIS2_PLACEMENT_3D ( 'NONE', #300, #3646, #4672 ) ;
#1185 = EDGE_LOOP ( 'NONE', ( #2656, #4730, #4564, #4380 ) ) ;
#1186 = ORIENTED_EDGE ( 'NONE', *, *, #3738, .T. ) ;
#1187 = VECTOR ( 'NONE', #3449, 1000.000000000000000 ) ;
#1188 = VERTEX_POINT ( 'NONE', #1276 ) ;
#1189 = CARTESIAN_POINT ( 'NONE',  ( 61.50000000000000000, 4.299999999999999822, 0.000000000000000000 ) ) ;
#1190 = CARTESIAN_POINT ( 'NONE',  ( 6.500000000000000000, 7.299999999999999822, -4.800000000000003375 ) ) ;
#1191 = VECTOR ( 'NONE', #320, 1000.000000000000114 ) ;
#1192 = ORIENTED_EDGE ( 'NONE', *, *, #3107, .F. ) ;
#1193 = CARTESIAN_POINT ( 'NONE',  ( 3.999999999999999112, 2.500000000000000000, -56.00000000000000000 ) ) ;
#1194 = ADVANCED_FACE ( 'NONE', ( #1141 ), #2671, .F. ) ;
#1195 = ADVANCED_FACE ( 'NONE', ( #3862 ), #2770, .T. ) ;
#1196 = DIRECTION ( 'NONE',  ( -0.000000000000000000, -1.000000000000000000, -0.000000000000000000 ) ) ;
#1197 = CARTESIAN_POINT ( 'NONE',  ( 64.50000000000000000, 2.500000000000000000, -3.500000000000003109 ) ) ;
#1198 = VERTEX_POINT ( 'NONE', #3074 ) ;
#1199 = LINE ( 'NONE', #2743, #2451 ) ;
#1200 = DIRECTION ( 'NONE',  ( 0.000000000000000000, 0.000000000000000000, 1.000000000000000000 ) ) ;
#1201 = ADVANCED_FACE ( 'NONE', ( #4525 ), #4144, .F. ) ;
#1202 = LINE ( 'NONE', #2718, #4618 ) ;
#1203 = VERTEX_POINT ( 'NONE', #509 ) ;
#1204 = ORIENTED_EDGE ( 'NONE', *, *, #4496, .F. ) ;
#1205 = CARTESIAN_POINT ( 'NONE',  ( 4.441758591104761678, 0.000000000000000000, -21.00000000000000000 ) ) ;
#1206 = DIRECTION ( 'NONE',  ( 0.000000000000000000, 0.000000000000000000, 1.000000000000000000 ) ) ;
#1207 = ORIENTED_EDGE ( 'NONE', *, *, #4594, .T. ) ;
#1208 = EDGE_LOOP ( 'NONE', ( #1616, #3446, #75, #3192, #136 ) ) ;
#1209 = VERTEX_POINT ( 'NONE', #1963 ) ;
#1210 = CARTESIAN_POINT ( 'NONE',  ( 86.40000000000000568, 0.000000000000000000, -45.00000000000000000 ) ) ;
#1211 = DIRECTION ( 'NONE',  ( 0.000000000000000000, 0.000000000000000000, -1.000000000000000000 ) ) ;
#1212 = AXIS2_PLACEMENT_3D ( 'NONE', #2061, #4674, #3507 ) ;
#1213 = LINE ( 'NONE', #3776, #3364 ) ;
#1214 = EDGE_LOOP ( 'NONE', ( #3964, #279, #1331, #3112 ) ) ;
#1215 = PLANE ( 'NONE',  #35 ) ;
#1216 = DIRECTION ( 'NONE',  ( 0.000000000000000000, -0.000000000000000000, 1.000000000000000000 ) ) ;
#1217 = APPROVAL_ROLE ( '' ) ;
#1218 = AXIS2_PLACEMENT_3D ( 'NONE', #3374, #1246, #529 ) ;
#1219 = ORIENTED_EDGE ( 'NONE', *, *, #4358, .T. ) ;
#1220 = EDGE_CURVE ( 'NONE', #4039, #4537, #152, .T. ) ;
#1221 = LINE ( 'NONE', #3808, #231 ) ;
#1222 = VECTOR ( 'NONE', #3727, 1000.000000000000000 ) ;
#1223 = DIRECTION ( 'NONE',  ( -2.365532012695646217E-16, 0.000000000000000000, 1.000000000000000000 ) ) ;
#1224 = LINE ( 'NONE', #4117, #3176 ) ;
#1225 = CARTESIAN_POINT ( 'NONE',  ( 1.419319207617390097E-15, 1.599999999999988765, -15.00000000000001954 ) ) ;
#1226 = DIRECTION ( 'NONE',  ( 0.000000000000000000, 0.000000000000000000, -1.000000000000000000 ) ) ;
#1227 = ORIENTED_EDGE ( 'NONE', *, *, #1140, .F. ) ;
#1228 = ADVANCED_FACE ( 'NONE', ( #2720 ), #4219, .F. ) ;
#1229 = EDGE_CURVE ( 'NONE', #4407, #2637, #1991, .T. ) ;
#1230 = VERTEX_POINT ( 'NONE', #2408 ) ;
#1231 = LINE ( 'NONE', #2283, #4382 ) ;
#1232 = CARTESIAN_POINT ( 'NONE',  ( 3.883463400251708553, 0.5390896652921803867, -35.00000000000001421 ) ) ;
#1233 = ORIENTED_EDGE ( 'NONE', *, *, #526, .T. ) ;
#1234 = CARTESIAN_POINT ( 'NONE',  ( 67.50000000000000000, 7.299999999999999822, -52.50000000000000000 ) ) ;
#1235 = EDGE_CURVE ( 'NONE', #2363, #4597, #3320, .T. ) ;
#1236 = ORIENTED_EDGE ( 'NONE', *, *, #963, .T. ) ;
#1237 = ORIENTED_EDGE ( 'NONE', *, *, #1956, .F. ) ;
#1238 = CARTESIAN_POINT ( 'NONE',  ( 67.00000000000000000, 0.000000000000000000, -54.40000000000001279 ) ) ;
#1239 = AXIS2_PLACEMENT_3D ( 'NONE', #398, #1851, #3317 ) ;
#1240 = PLANE ( 'NONE',  #4126 ) ;
#1241 = FACE_OUTER_BOUND ( 'NONE', #400, .T. ) ;
#1242 = VECTOR ( 'NONE', #3790, 1000.000000000000000 ) ;
#1243 = CARTESIAN_POINT ( 'NONE',  ( 2.751221434500144891, 1.599999999999990097, -35.00000000000001421 ) ) ;
#1244 = CIRCLE ( 'NONE', #3008, 3.000000000000000000 ) ;
#1245 = VERTEX_POINT ( 'NONE', #24 ) ;
#1246 = DIRECTION ( 'NONE',  ( 0.000000000000000000, 1.000000000000000000, 0.000000000000000000 ) ) ;
#1247 = LINE ( 'NONE', #2716, #4070 ) ;
#1248 = LINE ( 'NONE', #866, #3392 ) ;
#1249 = VECTOR ( 'NONE', #1473, 1000.000000000000000 ) ;
#1250 = DIRECTION ( 'NONE',  ( -0.000000000000000000, -1.000000000000000000, -0.000000000000000000 ) ) ;
#1251 = EDGE_CURVE ( 'NONE', #2867, #2363, #4060, .T. ) ;
#1252 = DIRECTION ( 'NONE',  ( 1.000000000000000000, 0.000000000000000000, 0.000000000000000000 ) ) ;
#1253 = ORIENTED_EDGE ( 'NONE', *, *, #1143, .F. ) ;
#1254 = CYLINDRICAL_SURFACE ( 'NONE', #74, 3.000000000000002665 ) ;
#1255 = VECTOR ( 'NONE', #3178, 1000.000000000000000 ) ;
#1256 = CARTESIAN_POINT ( 'NONE',  ( 2.899999999999999911, 7.299999999999999822, -0.001667129887009902861 ) ) ;
#1257 = DIRECTION ( 'NONE',  ( 0.000000000000000000, -0.000000000000000000, 1.000000000000000000 ) ) ;
#1258 = EDGE_CURVE ( 'NONE', #3497, #1437, #783, .T. ) ;
#1259 = CIRCLE ( 'NONE', #1107, 1.299999999999995604 ) ;
#1260 = VERTEX_POINT ( 'NONE', #1189 ) ;
#1261 = ORIENTED_EDGE ( 'NONE', *, *, #4181, .T. ) ;
#1262 = EDGE_LOOP ( 'NONE', ( #2365, #4511, #2065, #2118, #3931 ) ) ;
#1263 = PLANE ( 'NONE',  #1618 ) ;
#1264 = EDGE_CURVE ( 'NONE', #2154, #3110, #2948, .T. ) ;
#1265 = DIRECTION ( 'NONE',  ( -0.000000000000000000, -1.000000000000000000, -0.000000000000000000 ) ) ;
#1266 = VECTOR ( 'NONE', #3465, 1000.000000000000000 ) ;
#1267 = VERTEX_POINT ( 'NONE', #4105 ) ;
#1268 = EDGE_LOOP ( 'NONE', ( #244, #2838 ) ) ;
#1269 = DIRECTION ( 'NONE',  ( 0.000000000000000000, 1.000000000000000000, 0.000000000000000000 ) ) ;
#1270 = PLANE ( 'NONE',  #3780 ) ;
#1271 = ORIENTED_EDGE ( 'NONE', *, *, #2756, .T. ) ;
#1272 = FACE_OUTER_BOUND ( 'NONE', #4667, .T. ) ;
#1273 = CARTESIAN_POINT ( 'NONE',  ( 1.599999999999990319, 0.000000000000000000, -3.000000000000000000 ) ) ;
#1274 = CARTESIAN_POINT ( 'NONE',  ( -1.372099599554306312E-14, 0.000000000000000000, -23.00000000000002132 ) ) ;
#1275 = DIRECTION ( 'NONE',  ( 0.000000000000000000, -0.000000000000000000, 1.000000000000000000 ) ) ;
#1276 = CARTESIAN_POINT ( 'NONE',  ( 0.000000000000000000, 4.299999999999999822, -49.49999999999998579 ) ) ;
#1277 = ORIENTED_EDGE ( 'NONE', *, *, #2667, .F. ) ;
#1278 = VERTEX_POINT ( 'NONE', #1210 ) ;
#1279 = EDGE_CURVE ( 'NONE', #3729, #2468, #3113, .T. ) ;
#1280 = CARTESIAN_POINT ( 'NONE',  ( 6.500000000000000000, 4.299999999999999822, -49.50000000000000000 ) ) ;
#1281 = ORIENTED_EDGE ( 'NONE', *, *, #2010, .F. ) ;
#1282 = VERTEX_POINT ( 'NONE', #4230 ) ;
#1283 = EDGE_CURVE ( 'NONE', #3212, #1245, #2705, .T. ) ;
#1284 = ADVANCED_FACE ( 'NONE', ( #2681 ), #4204, .F. ) ;
#1285 = VERTEX_POINT ( 'NONE', #927 ) ;
#1286 = DIRECTION ( 'NONE',  ( 1.000000000000000000, 0.000000000000000000, 1.577021341797097560E-16 ) ) ;
#1287 = CARTESIAN_POINT ( 'NONE',  ( 3.000000000000000000, 8.800999999999998380, -20.00000000000000000 ) ) ;
#1288 = EDGE_CURVE ( 'NONE', #2, #1952, #2776, .T. ) ;
#1289 = EDGE_CURVE ( 'NONE', #361, #3665, #1972, .T. ) ;
#1290 = ORIENTED_EDGE ( 'NONE', *, *, #3888, .T. ) ;
#1291 = ORIENTED_EDGE ( 'NONE', *, *, #2469, .T. ) ;
#1292 = LINE ( 'NONE', #3952, #2178 ) ;
#1293 = EDGE_LOOP ( 'NONE', ( #908, #751, #2629, #2473 ) ) ;
#1294 = FACE_OUTER_BOUND ( 'NONE', #2085, .T. ) ;
#1295 = CARTESIAN_POINT ( 'NONE',  ( -4.116298798662918937E-14, 2.500000000000000000, -15.00000000000001954 ) ) ;
#1296 = AXIS2_PLACEMENT_3D ( 'NONE', #1911, #3380, #1534 ) ;
#1297 = LINE ( 'NONE', #3527, #1638 ) ;
#1298 = DIRECTION ( 'NONE',  ( -0.000000000000000000, -1.000000000000000000, -0.000000000000000000 ) ) ;
#1299 = DIRECTION ( 'NONE',  ( 0.000000000000000000, -0.000000000000000000, 1.000000000000000000 ) ) ;
#1300 = VERTEX_POINT ( 'NONE', #1238 ) ;
#1301 = CIRCLE ( 'NONE', #765, 1.300000000000000044 ) ;
#1302 = CARTESIAN_POINT ( 'NONE',  ( 2.190714121169760127E-15, 0.000000000000000000, -33.80384757729336798 ) ) ;
#1303 = DIRECTION ( 'NONE',  ( 1.000000000000000000, 0.000000000000000000, 0.000000000000000000 ) ) ;
#1304 = FACE_OUTER_BOUND ( 'NONE', #3227, .T. ) ;
#1305 = VECTOR ( 'NONE', #639, 1000.000000000000000 ) ;
#1306 = EDGE_LOOP ( 'NONE', ( #730, #2752, #621, #1186 ) ) ;
#1307 = CARTESIAN_POINT ( 'NONE',  ( 1.666113868251525199E-13, 2.500000000000000000, -43.00000000000002132 ) ) ;
#1308 = ORIENTED_EDGE ( 'NONE', *, *, #2341, .T. ) ;
#1309 = CARTESIAN_POINT ( 'NONE',  ( 84.99999999999998579, 0.000000000000000000, -1.599999999999989431 ) ) ;
#1310 = DIRECTION ( 'NONE',  ( 1.000000000000000000, 0.000000000000000000, 0.000000000000000000 ) ) ;
#1311 = EDGE_CURVE ( 'NONE', #1267, #3431, #953, .T. ) ;
#1312 = ORIENTED_EDGE ( 'NONE', *, *, #2990, .T. ) ;
#1313 = ORIENTED_EDGE ( 'NONE', *, *, #3921, .T. ) ;
#1314 = DIRECTION ( 'NONE',  ( 0.7071067811865474617, -0.7071067811865474617, -0.000000000000000000 ) ) ;
#1315 = VECTOR ( 'NONE', #2000, 999.9999999999998863 ) ;
#1316 = EDGE_CURVE ( 'NONE', #361, #2270, #3440, .T. ) ;
#1317 = EDGE_CURVE ( 'NONE', #4294, #3272, #4488, .T. ) ;
#1318 = CARTESIAN_POINT ( 'NONE',  ( 2.899999999999999023, 7.299999999999999822, -6.500000000000003553 ) ) ;
#1319 = CARTESIAN_POINT ( 'NONE',  ( 84.99999999999998579, 0.000000000000000000, -3.000000000000000000 ) ) ;
#1320 = CARTESIAN_POINT ( 'NONE',  ( 88.00000000000000000, 1.599999999999990319, -3.000000000000000000 ) ) ;
#1321 = LINE ( 'NONE', #1225, #960 ) ;
#1322 = CIRCLE ( 'NONE', #1924, 1.300000000000002487 ) ;
#1323 = ORIENTED_EDGE ( 'NONE', *, *, #142, .T. ) ;
#1324 = CARTESIAN_POINT ( 'NONE',  ( 6.500000000000000000, 7.299999999999999822, -6.500000000000004441 ) ) ;
#1325 = LINE ( 'NONE', #2842, #1545 ) ;
#1326 = VECTOR ( 'NONE', #4686, 1000.000000000000000 ) ;
#1327 = DIRECTION ( 'NONE',  ( -1.626303258728256158E-16, 0.000000000000000000, 1.000000000000000000 ) ) ;
#1328 = AXIS2_PLACEMENT_3D ( 'NONE', #2750, #538, #2023 ) ;
#1329 = ORIENTED_EDGE ( 'NONE', *, *, #1978, .T. ) ;
#1330 = CARTESIAN_POINT ( 'NONE',  ( 88.00000000000004263, 2.500000000000000000, -33.00000000000000000 ) ) ;
#1331 = ORIENTED_EDGE ( 'NONE', *, *, #2783, .T. ) ;
#1332 = CARTESIAN_POINT ( 'NONE',  ( 88.00000000000000000, 1.599999999999990319, -3.000000000000000000 ) ) ;
#1333 = VECTOR ( 'NONE', #3171, 1000.000000000000000 ) ;
#1334 = FACE_OUTER_BOUND ( 'NONE', #3439, .T. ) ;
#1335 = VECTOR ( 'NONE', #784, 1000.000000000000000 ) ;
#1336 = ORIENTED_EDGE ( 'NONE', *, *, #874, .F. ) ;
#1337 = ORIENTED_EDGE ( 'NONE', *, *, #1987, .F. ) ;
#1338 = DIRECTION ( 'NONE',  ( 0.000000000000000000, 0.000000000000000000, 1.000000000000000000 ) ) ;
#1339 = AXIS2_PLACEMENT_3D ( 'NONE', #4345, #2184, #1700 ) ;
#1340 = CARTESIAN_POINT ( 'NONE',  ( 3.000000000000000000, 7.299999999999999822, -3.000000000000000000 ) ) ;
#1341 = CC_DESIGN_SECURITY_CLASSIFICATION ( #4633, ( #356 ) ) ;
#1342 = ADVANCED_FACE ( 'NONE', ( #3748 ), #2314, .F. ) ;
#1343 = EDGE_CURVE ( 'NONE', #329, #4362, #467, .T. ) ;
#1344 = DIRECTION ( 'NONE',  ( 0.000000000000000000, 0.000000000000000000, -1.000000000000000000 ) ) ;
#1345 = FACE_OUTER_BOUND ( 'NONE', #3511, .T. ) ;
#1346 = LINE ( 'NONE', #3218, #4552 ) ;
#1347 = EDGE_LOOP ( 'NONE', ( #3362, #3052, #1361, #3519 ) ) ;
#1348 = DIRECTION ( 'NONE',  ( 0.000000000000000000, 0.000000000000000000, 1.000000000000000000 ) ) ;
#1349 = ADVANCED_FACE ( 'NONE', ( #3770 ), #1263, .F. ) ;
#1350 = CARTESIAN_POINT ( 'NONE',  ( 61.50000000000000000, 4.299999999999999822, -52.50000000000000000 ) ) ;
#1351 = PLANE ( 'NONE',  #2244 ) ;
#1352 = EDGE_LOOP ( 'NONE', ( #680, #2722, #485, #4557 ) ) ;
#1353 = DIRECTION ( 'NONE',  ( 0.000000000000000000, 0.000000000000000000, 1.000000000000000000 ) ) ;
#1354 = ORIENTED_EDGE ( 'NONE', *, *, #4181, .F. ) ;
#1355 = CYLINDRICAL_SURFACE ( 'NONE', #1011, 2.999999999999999112 ) ;
#1356 = CARTESIAN_POINT ( 'NONE',  ( 0.000000000000000000, 2.500000000000000000, 0.000000000000000000 ) ) ;
#1357 = LINE ( 'NONE', #4231, #1305 ) ;
#1358 = ORIENTED_EDGE ( 'NONE', *, *, #4528, .F. ) ;
#1359 = ORIENTED_EDGE ( 'NONE', *, *, #874, .T. ) ;
#1360 = DIRECTION ( 'NONE',  ( 0.000000000000000000, 0.000000000000000000, -1.000000000000000000 ) ) ;
#1361 = ORIENTED_EDGE ( 'NONE', *, *, #4463, .F. ) ;
#1362 = CARTESIAN_POINT ( 'NONE',  ( -6.838813954321821474E-14, 2.500000000000000000, -9.000000000000001776 ) ) ;
#1363 = ORIENTED_EDGE ( 'NONE', *, *, #3577, .F. ) ;
#1364 = PLANE ( 'NONE',  #2084 ) ;
#1365 = DIRECTION ( 'NONE',  ( 0.000000000000000000, 0.000000000000000000, 1.000000000000000000 ) ) ;
#1366 = DIRECTION ( 'NONE',  ( -0.000000000000000000, -1.000000000000000000, -0.000000000000000000 ) ) ;
#1367 = ADVANCED_FACE ( 'NONE', ( #3035 ), #1947, .F. ) ;
#1368 = EDGE_LOOP ( 'NONE', ( #555, #2223, #3993, #2891 ) ) ;
#1369 = LINE ( 'NONE', #2817, #3435 ) ;
#1370 = CIRCLE ( 'NONE', #2915, 1.299999999999995604 ) ;
#1371 = ORIENTED_EDGE ( 'NONE', *, *, #39, .F. ) ;
#1372 = DIRECTION ( 'NONE',  ( -0.000000000000000000, -1.000000000000000000, -0.000000000000000000 ) ) ;
#1373 = DIRECTION ( 'NONE',  ( 0.000000000000000000, 1.000000000000000000, 0.000000000000000000 ) ) ;
#1374 = ADVANCED_FACE ( 'NONE', ( #878 ), #2344, .F. ) ;
#1375 = AXIS2_PLACEMENT_3D ( 'NONE', #1086, #3288, #2934 ) ;
#1376 = VERTEX_POINT ( 'NONE', #3820 ) ;
#1377 = CARTESIAN_POINT ( 'NONE',  ( 67.00000000000000000, 0.000000000000000000, -7.000000000000006217 ) ) ;
#1378 = ORIENTED_EDGE ( 'NONE', *, *, #618, .F. ) ;
#1379 = LINE ( 'NONE', #2878, #4601 ) ;
#1380 = VECTOR ( 'NONE', #1504, 1000.000000000000114 ) ;
#1381 = DIRECTION ( 'NONE',  ( 0.000000000000000000, 0.000000000000000000, -1.000000000000000000 ) ) ;
#1382 = DIRECTION ( 'NONE',  ( 0.000000000000000000, 0.000000000000000000, 1.000000000000000000 ) ) ;
#1383 = EDGE_CURVE ( 'NONE', #1245, #803, #857, .T. ) ;
#1384 = ORIENTED_EDGE ( 'NONE', *, *, #3310, .F. ) ;
#1385 = LINE ( 'NONE', #4310, #3102 ) ;
#1386 = CARTESIAN_POINT ( 'NONE',  ( 2.082642335314406498E-13, 2.500000000000000000, -47.00000000000002132 ) ) ;
#1387 = ORIENTED_EDGE ( 'NONE', *, *, #3482, .F. ) ;
#1388 = DIRECTION ( 'NONE',  ( -0.7071067811865475727, 0.7071067811865475727, 0.000000000000000000 ) ) ;
#1389 = AXIS2_PLACEMENT_3D ( 'NONE', #2358, #4578, #2302 ) ;
#1390 = DIRECTION ( 'NONE',  ( -0.000000000000000000, -0.7071067811865477948, -0.7071067811865473507 ) ) ;
#1391 = CARTESIAN_POINT ( 'NONE',  ( 61.50000000000000000, 4.299999999999999822, -3.500000000000003109 ) ) ;
#1392 = ORIENTED_EDGE ( 'NONE', *, *, #1541, .T. ) ;
#1393 = CARTESIAN_POINT ( 'NONE',  ( 9.000000000000000000, 0.000000000000000000, -7.000000000000006217 ) ) ;
#1394 = ORIENTED_EDGE ( 'NONE', *, *, #358, .F. ) ;
#1395 = CARTESIAN_POINT ( 'NONE',  ( 4.599999999999997868, 0.000000000000000000, -33.80384757729336798 ) ) ;
#1396 = CARTESIAN_POINT ( 'NONE',  ( 1.499999999999998668, 2.500000000000000000, -19.59807621135331601 ) ) ;
#1397 = AXIS2_PLACEMENT_3D ( 'NONE', #4194, #1531, #1200 ) ;
#1398 = ORIENTED_EDGE ( 'NONE', *, *, #141, .T. ) ;
#1399 = CARTESIAN_POINT ( 'NONE',  ( 5.694607616035191489E-15, 7.299999999999999822, -6.500000000000003553 ) ) ;
#1400 = VERTEX_POINT ( 'NONE', #216 ) ;
#1401 = VECTOR ( 'NONE', #2181, 1000.000000000000114 ) ;
#1402 = DIRECTION ( 'NONE',  ( 1.000000000000000000, 0.000000000000000000, 0.000000000000000000 ) ) ;
#1403 = EDGE_CURVE ( 'NONE', #2009, #1724, #1014, .T. ) ;
#1404 = EDGE_CURVE ( 'NONE', #3902, #2231, #3998, .T. ) ;
#1405 = CARTESIAN_POINT ( 'NONE',  ( 6.500000000000000000, 7.299999999999999822, -52.50000000000000711 ) ) ;
#1406 = DIRECTION ( 'NONE',  ( 0.000000000000000000, 0.000000000000000000, 1.000000000000000000 ) ) ;
#1407 = AXIS2_PLACEMENT_3D ( 'NONE', #306, #3249, #3224 ) ;
#1408 = ORIENTED_EDGE ( 'NONE', *, *, #4113, .T. ) ;
#1409 = VECTOR ( 'NONE', #3941, 1000.000000000000000 ) ;
#1410 = EDGE_CURVE ( 'NONE', #2867, #2531, #1379, .T. ) ;
#1411 = FACE_OUTER_BOUND ( 'NONE', #1805, .T. ) ;
#1412 = VECTOR ( 'NONE', #3882, 1000.000000000000114 ) ;
#1413 = CARTESIAN_POINT ( 'NONE',  ( 3.000000000000000000, 4.299999999999999822, -3.000000000000000000 ) ) ;
#1414 = ORIENTED_EDGE ( 'NONE', *, *, #4721, .T. ) ;
#1415 = CARTESIAN_POINT ( 'NONE',  ( -6.838813954321821474E-14, 2.500000000000000000, -9.000000000000001776 ) ) ;
#1416 = VECTOR ( 'NONE', #2969, 1000.000000000000000 ) ;
#1417 = CARTESIAN_POINT ( 'NONE',  ( 64.50000000000000000, 7.299999999999999822, -2.200000000000008171 ) ) ;
#1418 = LINE ( 'NONE', #1440, #284 ) ;
#1419 = EDGE_LOOP ( 'NONE', ( #3605, #1277, #353, #2438 ) ) ;
#1420 = DIRECTION ( 'NONE',  ( -0.000000000000000000, -1.000000000000000000, -0.000000000000000000 ) ) ;
#1421 = ORIENTED_EDGE ( 'NONE', *, *, #3361, .T. ) ;
#1422 = DIRECTION ( 'NONE',  ( -0.000000000000000000, -0.000000000000000000, 1.000000000000000000 ) ) ;
#1423 = CARTESIAN_POINT ( 'NONE',  ( 3.000000000000000000, 4.299999999999999822, -20.00000000000000000 ) ) ;
#1424 = EDGE_CURVE ( 'NONE', #1939, #422, #4443, .T. ) ;
#1425 = ORIENTED_EDGE ( 'NONE', *, *, #3016, .T. ) ;
#1426 = ORIENTED_EDGE ( 'NONE', *, *, #3709, .T. ) ;
#1427 = CARTESIAN_POINT ( 'NONE',  ( 86.40000000000000568, 0.000000000000000000, -27.00000000000000000 ) ) ;
#1428 = DIRECTION ( 'NONE',  ( -1.334402673828313339E-16, 0.000000000000000000, -1.000000000000000000 ) ) ;
#1429 = DIRECTION ( 'NONE',  ( 0.7071067811865487940, -0.7071067811865463515, -0.000000000000000000 ) ) ;
#1430 = EDGE_CURVE ( 'NONE', #2287, #2066, #2898, .T. ) ;
#1431 = ORIENTED_EDGE ( 'NONE', *, *, #3929, .F. ) ;
#1432 = FACE_OUTER_BOUND ( 'NONE', #3240, .T. ) ;
#1433 = EDGE_CURVE ( 'NONE', #4482, #4582, #4353, .T. ) ;
#1434 = EDGE_CURVE ( 'NONE', #3436, #829, #288, .T. ) ;
#1435 = EDGE_LOOP ( 'NONE', ( #755, #2271, #1663, #1880, #2780, #1554 ) ) ;
#1436 = CARTESIAN_POINT ( 'NONE',  ( 88.00000000000000000, 1.599999999999990319, -3.000000000000000000 ) ) ;
#1437 = VERTEX_POINT ( 'NONE', #2850 ) ;
#1438 = LINE ( 'NONE', #3241, #1168 ) ;
#1439 = DIRECTION ( 'NONE',  ( 0.7071067811865475727, 0.7071067811865475727, 0.000000000000000000 ) ) ;
#1440 = CARTESIAN_POINT ( 'NONE',  ( 88.00000000000000000, 4.299999999999999822, -3.000000000000000000 ) ) ;
#1441 = VERTEX_POINT ( 'NONE', #1332 ) ;
#1442 = CARTESIAN_POINT ( 'NONE',  ( 2.168404344971008868E-16, 0.000000000000000000, -29.00000000000000000 ) ) ;
#1443 = DIRECTION ( 'NONE',  ( 0.000000000000000000, 0.000000000000000000, -1.000000000000000000 ) ) ;
#1444 = DIRECTION ( 'NONE',  ( 0.000000000000000000, 1.000000000000000000, 0.000000000000000000 ) ) ;
#1445 = ORIENTED_EDGE ( 'NONE', *, *, #4560, .T. ) ;
#1446 = AXIS2_PLACEMENT_3D ( 'NONE', #1302, #3885, #605 ) ;
#1447 = ORIENTED_EDGE ( 'NONE', *, *, #4391, .F. ) ;
#1448 = DIRECTION ( 'NONE',  ( -0.000000000000000000, -1.000000000000000000, -0.000000000000000000 ) ) ;
#1449 = CARTESIAN_POINT ( 'NONE',  ( 9.000000000000000000, 1.599999999999990319, 0.000000000000000000 ) ) ;
#1450 = VECTOR ( 'NONE', #453, 1000.000000000000114 ) ;
#1451 = FACE_OUTER_BOUND ( 'NONE', #1208, .T. ) ;
#1452 = UNCERTAINTY_MEASURE_WITH_UNIT (LENGTH_MEASURE( 1.000000000000000082E-05 ), #889, 'distance_accuracy_value', 'NONE');
#1453 = CIRCLE ( 'NONE', #1000, 4.599999999999989875 ) ;
#1454 = VERTEX_POINT ( 'NONE', #2801 ) ;
#1455 = ADVANCED_FACE ( 'NONE', ( #2516 ), #1739, .F. ) ;
#1456 = DIRECTION ( 'NONE',  ( 0.000000000000000000, 0.000000000000000000, 1.000000000000000000 ) ) ;
#1457 = DIRECTION ( 'NONE',  ( -0.000000000000000000, -1.000000000000000000, -0.000000000000000000 ) ) ;
#1458 = EDGE_LOOP ( 'NONE', ( #930, #1940, #3832, #659, #762 ) ) ;
#1459 = DIRECTION ( 'NONE',  ( -0.7071067811865475727, 0.7071067811865475727, 0.000000000000000000 ) ) ;
#1460 = EDGE_CURVE ( 'NONE', #3902, #465, #3874, .T. ) ;
#1461 = CARTESIAN_POINT ( 'NONE',  ( 64.50000000000000000, 2.500000000000000000, -52.50000000000000000 ) ) ;
#1462 = CARTESIAN_POINT ( 'NONE',  ( 6.500000000000000000, 7.299999999999999822, -49.50000000000000711 ) ) ;
#1463 = ORIENTED_EDGE ( 'NONE', *, *, #4631, .F. ) ;
#1464 = DIRECTION ( 'NONE',  ( 1.000000000000000000, 0.000000000000000000, 2.365532012695646217E-16 ) ) ;
#1465 = CARTESIAN_POINT ( 'NONE',  ( 3.000000000000000000, 2.500000000000000444, -20.00000000000000000 ) ) ;
#1466 = EDGE_CURVE ( 'NONE', #3849, #3431, #934, .T. ) ;
#1467 = DIRECTION ( 'NONE',  ( 1.000000000000000000, 0.000000000000000000, 0.000000000000000000 ) ) ;
#1468 = VECTOR ( 'NONE', #1761, 1000.000000000000000 ) ;
#1469 = VERTEX_POINT ( 'NONE', #2439 ) ;
#1470 = EDGE_LOOP ( 'NONE', ( #3839, #1964, #4591, #3600, #3464 ) ) ;
#1471 = DIRECTION ( 'NONE',  ( -0.000000000000000000, -1.000000000000000000, -0.000000000000000000 ) ) ;
#1472 = VECTOR ( 'NONE', #2697, 1000.000000000000000 ) ;
#1473 = DIRECTION ( 'NONE',  ( -1.000000000000000000, -0.000000000000000000, -2.365532012695646217E-16 ) ) ;
#1474 = CARTESIAN_POINT ( 'NONE',  ( 86.40000000000000568, 0.000000000000000000, -3.000000000000000000 ) ) ;
#1475 = CONICAL_SURFACE ( 'NONE', #4149, 3.000000000000000000, 0.7853981633974485010 ) ;
#1476 = ORIENTED_EDGE ( 'NONE', *, *, #3689, .T. ) ;
#1477 = CARTESIAN_POINT ( 'NONE',  ( 88.00000000000000000, 1.599999999999991207, -11.00000000000000000 ) ) ;
#1478 = VECTOR ( 'NONE', #1096, 1000.000000000000000 ) ;
#1479 = LINE ( 'NONE', #1767, #1416 ) ;
#1480 = VECTOR ( 'NONE', #3991, 1000.000000000000000 ) ;
#1481 = DIRECTION ( 'NONE',  ( -1.000000000000000000, -0.000000000000000000, -2.365532012695646217E-16 ) ) ;
#1482 = VERTEX_POINT ( 'NONE', #4637 ) ;
#1483 = LINE ( 'NONE', #4408, #3244 ) ;
#1484 = CARTESIAN_POINT ( 'NONE',  ( 88.00000000000000000, 2.500000000000000000, -29.00000000000000000 ) ) ;
#1485 = VECTOR ( 'NONE', #549, 1000.000000000000114 ) ;
#1486 = FACE_OUTER_BOUND ( 'NONE', #2672, .T. ) ;
#1487 = ORIENTED_EDGE ( 'NONE', *, *, #4687, .F. ) ;
#1488 = ADVANCED_FACE ( 'NONE', ( #3206 ), #1355, .F. ) ;
#1489 = EDGE_CURVE ( 'NONE', #4348, #797, #978, .T. ) ;
#1490 = LINE ( 'NONE', #3335, #3517 ) ;
#1491 = CIRCLE ( 'NONE', #956, 1.300000000000002487 ) ;
#1492 = ORIENTED_EDGE ( 'NONE', *, *, #2904, .T. ) ;
#1493 = CARTESIAN_POINT ( 'NONE',  ( 3.000000000000000444, 4.299999999999999822, -22.19615242270663558 ) ) ;
#1494 = CARTESIAN_POINT ( 'NONE',  ( 84.99999999999998579, 0.000000000000000000, -3.000000000000000000 ) ) ;
#1495 = VECTOR ( 'NONE', #663, 1000.000000000000000 ) ;
#1496 = VERTEX_POINT ( 'NONE', #1427 ) ;
#1497 = EDGE_CURVE ( 'NONE', #2395, #1376, #3611, .T. ) ;
#1498 = EDGE_CURVE ( 'NONE', #3558, #1127, #2824, .T. ) ;
#1499 = EDGE_LOOP ( 'NONE', ( #4336, #1058, #4655, #4201, #2113, #1092, #926, #2303, #1078, #3116, #835, #2964 ) ) ;
#1500 = CYLINDRICAL_SURFACE ( 'NONE', #1918, 2.999999999999995559 ) ;
#1501 = VECTOR ( 'NONE', #2890, 1000.000000000000000 ) ;
#1502 = ORIENTED_EDGE ( 'NONE', *, *, #3430, .T. ) ;
#1503 = CARTESIAN_POINT ( 'NONE',  ( 62.00000000000000000, 2.500000000000000000, -56.00000000000000000 ) ) ;
#1504 = DIRECTION ( 'NONE',  ( 0.7071067811865474617, -0.7071067811865474617, -0.000000000000000000 ) ) ;
#1505 = VERTEX_POINT ( 'NONE', #3946 ) ;
#1506 = CARTESIAN_POINT ( 'NONE',  ( -1.372099599554306312E-14, 2.500000000000000000, -23.00000000000002132 ) ) ;
#1507 = DIRECTION ( 'NONE',  ( -0.000000000000000000, 0.000000000000000000, 1.000000000000000000 ) ) ;
#1508 = PLANE ( 'NONE',  #1047 ) ;
#1509 = ORIENTED_EDGE ( 'NONE', *, *, #116, .F. ) ;
#1510 = DIRECTION ( 'NONE',  ( -0.000000000000000000, -1.000000000000000000, -0.000000000000000000 ) ) ;
#1511 = DIRECTION ( 'NONE',  ( 1.000000000000000000, -0.000000000000000000, 0.000000000000000000 ) ) ;
#1512 = CARTESIAN_POINT ( 'NONE',  ( 88.00000000000000000, 4.299999999999999822, -3.000000000000000000 ) ) ;
#1513 = EDGE_CURVE ( 'NONE', #127, #1400, #3565, .T. ) ;
#1514 = EDGE_LOOP ( 'NONE', ( #2913, #962, #2963, #4447, #1853, #1136 ) ) ;
#1515 = ORIENTED_EDGE ( 'NONE', *, *, #1665, .T. ) ;
#1516 = CARTESIAN_POINT ( 'NONE',  ( 86.40000000000000568, 0.000000000000000000, -19.00000000000000000 ) ) ;
#1517 = EDGE_CURVE ( 'NONE', #840, #1117, #3590, .T. ) ;
#1518 = ORIENTED_EDGE ( 'NONE', *, *, #906, .F. ) ;
#1519 = ORIENTED_EDGE ( 'NONE', *, *, #3137, .T. ) ;
#1520 = ADVANCED_FACE ( 'NONE', ( #261 ), #2095, .T. ) ;
#1521 = CIRCLE ( 'NONE', #4585, 2.999999999999999112 ) ;
#1522 = DIRECTION ( 'NONE',  ( 0.000000000000000000, 0.000000000000000000, -1.000000000000000000 ) ) ;
#1523 = EDGE_LOOP ( 'NONE', ( #3992, #543, #4282, #1281 ) ) ;
#1524 = ORIENTED_EDGE ( 'NONE', *, *, #1666, .T. ) ;
#1525 = CARTESIAN_POINT ( 'NONE',  ( 87.99999999999992895, 2.500000000000000000, -6.999999999999999112 ) ) ;
#1526 = VECTOR ( 'NONE', #4514, 1000.000000000000000 ) ;
#1527 = DIRECTION ( 'NONE',  ( 1.000000000000000000, 0.000000000000000000, -1.334402673828314572E-16 ) ) ;
#1528 = CARTESIAN_POINT ( 'NONE',  ( 2.751221434500148888, 4.299999999999999822, -21.00000000000000000 ) ) ;
#1529 = ORIENTED_EDGE ( 'NONE', *, *, #149, .T. ) ;
#1530 = CARTESIAN_POINT ( 'NONE',  ( 5.204170427930424439E-15, 1.599999999999985212, -47.00000000000002132 ) ) ;
#1531 = DIRECTION ( 'NONE',  ( -1.000000000000000000, 0.000000000000000000, 0.000000000000000000 ) ) ;
#1532 = FACE_OUTER_BOUND ( 'NONE', #692, .T. ) ;
#1533 = ORIENTED_EDGE ( 'NONE', *, *, #1812, .T. ) ;
#1534 = DIRECTION ( 'NONE',  ( -0.000000000000000000, 0.000000000000000000, 1.000000000000000000 ) ) ;
#1535 = LINE ( 'NONE', #4420, #3539 ) ;
#1536 = LINE ( 'NONE', #1449, #2942 ) ;
#1537 = VECTOR ( 'NONE', #1784, 1000.000000000000114 ) ;
#1538 = VERTEX_POINT ( 'NONE', #999 ) ;
#1539 = ORIENTED_EDGE ( 'NONE', *, *, #2674, .T. ) ;
#1540 = CONICAL_SURFACE ( 'NONE', #4225, 1.400000000000012346, 0.7853981633974482790 ) ;
#1541 = EDGE_CURVE ( 'NONE', #1109, #2421, #1051, .T. ) ;
#1542 = EDGE_CURVE ( 'NONE', #1454, #1048, #2462, .T. ) ;
#1543 = ORIENTED_EDGE ( 'NONE', *, *, #3987, .F. ) ;
#1544 = CARTESIAN_POINT ( 'NONE',  ( 87.99999999999994316, 2.500000000000000000, -11.00000000000000000 ) ) ;
#1545 = VECTOR ( 'NONE', #4249, 999.9999999999998863 ) ;
#1546 = EDGE_CURVE ( 'NONE', #609, #3341, #4732, .T. ) ;
#1547 = LINE ( 'NONE', #4064, #1150 ) ;
#1548 = VECTOR ( 'NONE', #4189, 1000.000000000000114 ) ;
#1549 = EDGE_LOOP ( 'NONE', ( #234, #2467, #3699, #1746 ) ) ;
#1550 = DIRECTION ( 'NONE',  ( 0.000000000000000000, 1.000000000000000000, 0.000000000000000000 ) ) ;
#1551 = DIRECTION ( 'NONE',  ( 0.000000000000000000, 0.000000000000000000, -1.000000000000000000 ) ) ;
#1552 = DIRECTION ( 'NONE',  ( 0.000000000000000000, 0.000000000000000000, 1.000000000000000000 ) ) ;
#1553 = AXIS2_PLACEMENT_3D ( 'NONE', #4729, #1870, #3311 ) ;
#1554 = ORIENTED_EDGE ( 'NONE', *, *, #1517, .F. ) ;
#1555 = DIRECTION ( 'NONE',  ( 0.000000000000000000, 1.000000000000000000, 0.000000000000000000 ) ) ;
#1556 = DIRECTION ( 'NONE',  ( -0.7071067811865474617, -0.7071067811865474617, -1.672683727290953650E-16 ) ) ;
#1557 = AXIS2_PLACEMENT_3D ( 'NONE', #770, #3982, #2157 ) ;
#1558 = CARTESIAN_POINT ( 'NONE',  ( 2.082642335314406498E-13, 0.000000000000000000, -47.00000000000002132 ) ) ;
#1559 = VECTOR ( 'NONE', #575, 1000.000000000000000 ) ;
#1560 = ORIENTED_EDGE ( 'NONE', *, *, #2822, .T. ) ;
#1561 = ORIENTED_EDGE ( 'NONE', *, *, #4496, .T. ) ;
#1562 = LINE ( 'NONE', #1912, #4449 ) ;
#1563 = CARTESIAN_POINT ( 'NONE',  ( 88.00000000000019895, 2.500000000000000000, -47.00000000000000000 ) ) ;
#1564 = AXIS2_PLACEMENT_3D ( 'NONE', #1631, #1656, #3883 ) ;
#1565 = ORIENTED_EDGE ( 'NONE', *, *, #180, .T. ) ;
#1566 = VERTEX_POINT ( 'NONE', #2587 ) ;
#1567 = VECTOR ( 'NONE', #4549, 1000.000000000000000 ) ;
#1568 = ORIENTED_EDGE ( 'NONE', *, *, #1093, .F. ) ;
#1569 = DIRECTION ( 'NONE',  ( -1.000000000000000000, 0.000000000000000000, -0.000000000000000000 ) ) ;
#1570 = CARTESIAN_POINT ( 'NONE',  ( -2.744199199108612625E-14, 0.000000000000000000, -19.00000000000002132 ) ) ;
#1571 = EDGE_CURVE ( 'NONE', #4619, #2339, #443, .T. ) ;
#1572 = LINE ( 'NONE', #2269, #4666 ) ;
#1573 = ORIENTED_EDGE ( 'NONE', *, *, #4036, .T. ) ;
#1574 = DIRECTION ( 'NONE',  ( -0.7071067811865475727, 0.7071067811865475727, 0.000000000000000000 ) ) ;
#1575 = LINE ( 'NONE', #4190, #1862 ) ;
#1576 = EDGE_CURVE ( 'NONE', #4174, #127, #1850, .T. ) ;
#1577 = ADVANCED_FACE ( 'NONE', ( #2605 ), #1500, .T. ) ;
#1578 = ORIENTED_EDGE ( 'NONE', *, *, #3609, .F. ) ;
#1579 = CARTESIAN_POINT ( 'NONE',  ( 87.99999999999994316, 2.500000000000000000, -13.00000000000000178 ) ) ;
#1580 = CARTESIAN_POINT ( 'NONE',  ( 61.50000000000000000, 7.299999999999999822, -56.00000000000000000 ) ) ;
#1581 = CARTESIAN_POINT ( 'NONE',  ( -2.722515155658902536E-14, 2.500000000000000000, -21.00000000000000000 ) ) ;
#1582 = CARTESIAN_POINT ( 'NONE',  ( 84.99999999999998579, 0.000000000000000000, -3.000000000000000000 ) ) ;
#1583 = EDGE_CURVE ( 'NONE', #1282, #2240, #3357, .T. ) ;
#1584 = VERTEX_POINT ( 'NONE', #1516 ) ;
#1585 = FACE_OUTER_BOUND ( 'NONE', #111, .T. ) ;
#1586 = CARTESIAN_POINT ( 'NONE',  ( 2.899999999999992806, 7.299999999999999822, -55.99833287011299632 ) ) ;
#1587 = CARTESIAN_POINT ( 'NONE',  ( 6.500000000000000000, 7.299999999999999822, -3.500000000000003109 ) ) ;
#1588 = ORIENTED_EDGE ( 'NONE', *, *, #3047, .F. ) ;
#1589 = CARTESIAN_POINT ( 'NONE',  ( 2.999999999999999556, 7.299999999999999822, 0.000000000000000000 ) ) ;
#1590 = ORIENTED_EDGE ( 'NONE', *, *, #2138, .F. ) ;
#1591 = VERTEX_POINT ( 'NONE', #4035 ) ;
#1592 = CARTESIAN_POINT ( 'NONE',  ( 4.186968714078523085E-14, 2.500000000000000000, -33.00000000000000000 ) ) ;
#1593 = CARTESIAN_POINT ( 'NONE',  ( 88.00000000000004263, 2.500000000000000000, -31.00000000000000000 ) ) ;
#1594 = VECTOR ( 'NONE', #3761, 1000.000000000000000 ) ;
#1595 = DIRECTION ( 'NONE',  ( 1.000000000000000000, 0.000000000000000000, 0.000000000000000000 ) ) ;
#1596 = ORIENTED_EDGE ( 'NONE', *, *, #1251, .T. ) ;
#1597 = DIRECTION ( 'NONE',  ( 0.000000000000000000, 0.000000000000000000, 1.000000000000000000 ) ) ;
#1598 = CARTESIAN_POINT ( 'NONE',  ( 0.000000000000000000, 4.299999999999999822, -16.99999999999999645 ) ) ;
#1599 = DIRECTION ( 'NONE',  ( 0.7071067811865474617, 0.7071067811865474617, -0.000000000000000000 ) ) ;
#1600 = AXIS2_PLACEMENT_3D ( 'NONE', #2474, #246, #3903 ) ;
#1601 = ORIENTED_EDGE ( 'NONE', *, *, #697, .T. ) ;
#1602 = CARTESIAN_POINT ( 'NONE',  ( 86.40000000000000568, 0.000000000000000000, -39.00000000000000000 ) ) ;
#1603 = EDGE_CURVE ( 'NONE', #2876, #343, #2170, .T. ) ;
#1604 = VECTOR ( 'NONE', #1406, 1000.000000000000000 ) ;
#1605 = EDGE_CURVE ( 'NONE', #1158, #4203, #2192, .T. ) ;
#1606 = DIRECTION ( 'NONE',  ( -0.000000000000000000, -0.000000000000000000, 1.000000000000000000 ) ) ;
#1607 = DIRECTION ( 'NONE',  ( -1.000000000000000000, -0.000000000000000000, -2.365532012695646217E-16 ) ) ;
#1608 = CYLINDRICAL_SURFACE ( 'NONE', #3328, 3.000000000000002665 ) ;
#1609 = ORIENTED_EDGE ( 'NONE', *, *, #245, .T. ) ;
#1610 = CARTESIAN_POINT ( 'NONE',  ( 0.000000000000000000, 4.299999999999999822, -3.000000000000000000 ) ) ;
#1611 = EDGE_CURVE ( 'NONE', #2531, #2296, #20, .T. ) ;
#1612 = LINE ( 'NONE', #2335, #4526 ) ;
#1613 = ORIENTED_EDGE ( 'NONE', *, *, #1603, .T. ) ;
#1614 = CARTESIAN_POINT ( 'NONE',  ( 1.666113868251525199E-13, 2.500000000000000000, -43.00000000000002132 ) ) ;
#1615 = ORIENTED_EDGE ( 'NONE', *, *, #492, .F. ) ;
#1616 = ORIENTED_EDGE ( 'NONE', *, *, #1633, .T. ) ;
#1617 = DIRECTION ( 'NONE',  ( 0.000000000000000000, 0.000000000000000000, 1.000000000000000000 ) ) ;
#1618 = AXIS2_PLACEMENT_3D ( 'NONE', #1592, #494, #1569 ) ;
#1619 = LINE ( 'NONE', #3036, #2572 ) ;
#1620 = CONICAL_SURFACE ( 'NONE', #2234, 4.599999999999989875, 0.7853981633974480570 ) ;
#1621 = VERTEX_POINT ( 'NONE', #3674 ) ;
#1622 = EDGE_LOOP ( 'NONE', ( #2394, #4154, #1774, #1539, #617, #1085, #242 ) ) ;
#1623 = DIRECTION ( 'NONE',  ( -0.000000000000000000, -1.000000000000000000, -0.000000000000000000 ) ) ;
#1624 = VECTOR ( 'NONE', #2564, 1000.000000000000000 ) ;
#1625 = LINE ( 'NONE', #122, #1485 ) ;
#1626 = CARTESIAN_POINT ( 'NONE',  ( -5.488398398217225250E-14, 2.500000000000000000, -11.00000000000001954 ) ) ;
#1627 = LINE ( 'NONE', #841, #839 ) ;
#1628 = FACE_OUTER_BOUND ( 'NONE', #67, .T. ) ;
#1629 = CARTESIAN_POINT ( 'NONE',  ( 1.468370980922790947, 1.115417436501050519, -37.00000000000000711 ) ) ;
#1630 = AXIS2_PLACEMENT_3D ( 'NONE', #2171, #334, #1381 ) ;
#1631 = CARTESIAN_POINT ( 'NONE',  ( 84.99999999999998579, 4.299999999999999822, -3.000000000000000000 ) ) ;
#1632 = EDGE_CURVE ( 'NONE', #1074, #4146, #1535, .T. ) ;
#1633 = EDGE_CURVE ( 'NONE', #840, #804, #2858, .T. ) ;
#1634 = EDGE_LOOP ( 'NONE', ( #1790, #645, #3245, #3132, #4318 ) ) ;
#1635 = ORIENTED_EDGE ( 'NONE', *, *, #3806, .T. ) ;
#1636 = AXIS2_PLACEMENT_3D ( 'NONE', #1581, #4481, #3427 ) ;
#1637 = LINE ( 'NONE', #3105, #714 ) ;
#1638 = VECTOR ( 'NONE', #1365, 1000.000000000000000 ) ;
#1639 = ADVANCED_FACE ( 'NONE', ( #1138 ), #2263, .F. ) ;
#1640 = EDGE_CURVE ( 'NONE', #2916, #3973, #397, .T. ) ;
#1641 = VERTEX_POINT ( 'NONE', #2237 ) ;
#1642 = DIRECTION ( 'NONE',  ( 1.084202172485514788E-16, 0.000000000000000000, -1.000000000000000000 ) ) ;
#1643 = ORIENTED_EDGE ( 'NONE', *, *, #2248, .F. ) ;
#1644 = ORIENTED_EDGE ( 'NONE', *, *, #1220, .T. ) ;
#1645 = CARTESIAN_POINT ( 'NONE',  ( 6.500000000000000000, 7.299999999999999822, -52.50000000000000711 ) ) ;
#1646 = CONICAL_SURFACE ( 'NONE', #4548, 3.000000000000002665, 0.7853981633974485010 ) ;
#1647 = LINE ( 'NONE', #2803, #158 ) ;
#1648 = VECTOR ( 'NONE', #4179, 1000.000000000000000 ) ;
#1649 = ORIENTED_EDGE ( 'NONE', *, *, #1978, .F. ) ;
#1650 = CARTESIAN_POINT ( 'NONE',  ( 84.99999999999998579, 0.000000000000000000, -1.599999999999989431 ) ) ;
#1651 = DIRECTION ( 'NONE',  ( 1.000000000000000000, 0.000000000000000000, 0.000000000000000000 ) ) ;
#1652 = LINE ( 'NONE', #599, #313 ) ;
#1653 = EDGE_LOOP ( 'NONE', ( #3277, #3258, #3863, #396, #2180 ) ) ;
#1654 = CARTESIAN_POINT ( 'NONE',  ( 64.50000000000000000, 4.299999999999999822, -3.500000000000003109 ) ) ;
#1655 = CARTESIAN_POINT ( 'NONE',  ( 3.000000000000000000, 4.299999999999999822, -39.00000000000000711 ) ) ;
#1656 = DIRECTION ( 'NONE',  ( -0.000000000000000000, -1.000000000000000000, -0.000000000000000000 ) ) ;
#1657 = ORIENTED_EDGE ( 'NONE', *, *, #1279, .F. ) ;
#1658 = DIRECTION ( 'NONE',  ( 0.000000000000000000, 1.000000000000000000, 0.000000000000000000 ) ) ;
#1659 = LINE ( 'NONE', #3487, #4307 ) ;
#1660 = ADVANCED_FACE ( 'NONE', ( #2540 ), #4439, .F. ) ;
#1661 = ORIENTED_EDGE ( 'NONE', *, *, #498, .T. ) ;
#1662 = CARTESIAN_POINT ( 'NONE',  ( 67.50000000000000000, 4.299999999999999822, -56.00000000000000000 ) ) ;
#1663 = ORIENTED_EDGE ( 'NONE', *, *, #3190, .T. ) ;
#1664 = DIRECTION ( 'NONE',  ( -0.000000000000000000, 1.000000000000000000, -0.000000000000000000 ) ) ;
#1665 = EDGE_CURVE ( 'NONE', #1209, #2806, #3701, .T. ) ;
#1666 = EDGE_CURVE ( 'NONE', #99, #3343, #4378, .T. ) ;
#1667 = CARTESIAN_POINT ( 'NONE',  ( 3.000000000000002220, 1.599999999999989875, -31.00000000000002132 ) ) ;
#1668 = ORIENTED_EDGE ( 'NONE', *, *, #414, .T. ) ;
#1669 = ORIENTED_EDGE ( 'NONE', *, *, #1134, .F. ) ;
#1670 = ADVANCED_FACE ( 'NONE', ( #3653 ), #419, .F. ) ;
#1671 = DIRECTION ( 'NONE',  ( 0.7071067811865463515, 0.7071067811865487940, 1.149970062512528262E-16 ) ) ;
#1672 = AXIS2_PLACEMENT_3D ( 'NONE', #1965, #2673, #105 ) ;
#1673 = CARTESIAN_POINT ( 'NONE',  ( 2.358481034675919297, 0.6528102902309239619, -19.00000000000002132 ) ) ;
#1674 = DIRECTION ( 'NONE',  ( -0.000000000000000000, -0.000000000000000000, 1.000000000000000000 ) ) ;
#1675 = VECTOR ( 'NONE', #1795, 1000.000000000000000 ) ;
#1676 = CARTESIAN_POINT ( 'NONE',  ( 6.500000000000000000, 4.299999999999999822, -3.500000000000003109 ) ) ;
#1677 = FACE_OUTER_BOUND ( 'NONE', #2680, .T. ) ;
#1678 = ORIENTED_EDGE ( 'NONE', *, *, #1316, .T. ) ;
#1679 = VECTOR ( 'NONE', #3281, 1000.000000000000000 ) ;
#1680 = DIRECTION ( 'NONE',  ( -0.000000000000000000, 0.7071067811865474617, -0.7071067811865474617 ) ) ;
#1681 = DIRECTION ( 'NONE',  ( 0.000000000000000000, 1.000000000000000000, 0.000000000000000000 ) ) ;
#1682 = CARTESIAN_POINT ( 'NONE',  ( 87.99999999999998579, 1.599999999999990319, -23.00000000000000000 ) ) ;
#1683 = VECTOR ( 'NONE', #4638, 1000.000000000000000 ) ;
#1684 = EDGE_LOOP ( 'NONE', ( #477, #2759 ) ) ;
#1685 = CARTESIAN_POINT ( 'NONE',  ( 88.00000000000019895, 1.599999999999990319, -47.00000000000000000 ) ) ;
#1686 = ORIENTED_EDGE ( 'NONE', *, *, #1727, .F. ) ;
#1687 = CARTESIAN_POINT ( 'NONE',  ( 4.113710927954500705E-16, 4.299999999999999822, -22.19615242270663558 ) ) ;
#1688 = DIRECTION ( 'NONE',  ( -0.000000000000000000, -1.000000000000000000, -0.000000000000000000 ) ) ;
#1689 = EDGE_CURVE ( 'NONE', #3846, #2862, #1119, .T. ) ;
#1690 = EDGE_CURVE ( 'NONE', #840, #2561, #4685, .T. ) ;
#1691 = ORIENTED_EDGE ( 'NONE', *, *, #4120, .T. ) ;
#1692 = ORIENTED_EDGE ( 'NONE', *, *, #3546, .F. ) ;
#1693 = CARTESIAN_POINT ( 'NONE',  ( 88.00000000000000000, 2.500000000000000000, -27.00000000000000000 ) ) ;
#1694 = VECTOR ( 'NONE', #3949, 1000.000000000000000 ) ;
#1695 = EDGE_CURVE ( 'NONE', #1188, #1031, #3407, .T. ) ;
#1696 = ORIENTED_EDGE ( 'NONE', *, *, #2787, .T. ) ;
#1697 = CARTESIAN_POINT ( 'NONE',  ( 67.50000000000000000, 4.299999999999999822, -3.500000000000003553 ) ) ;
#1698 = DIRECTION ( 'NONE',  ( 0.000000000000000000, -0.000000000000000000, 1.000000000000000000 ) ) ;
#1699 = CARTESIAN_POINT ( 'NONE',  ( 2.999999999999999556, 7.299999999999999822, 0.000000000000000000 ) ) ;
#1700 = DIRECTION ( 'NONE',  ( -1.000000000000000000, 0.000000000000000000, -0.000000000000000000 ) ) ;
#1701 = VECTOR ( 'NONE', #3479, 1000.000000000000000 ) ;
#1702 = ORIENTED_EDGE ( 'NONE', *, *, #4271, .T. ) ;
#1703 = CARTESIAN_POINT ( 'NONE',  ( 64.50000000000000000, 7.299999999999999822, -52.50000000000000000 ) ) ;
#1704 = CARTESIAN_POINT ( 'NONE',  ( 84.99999999999998579, 4.299999999999999822, -53.00000000000000000 ) ) ;
#1705 = AXIS2_PLACEMENT_3D ( 'NONE', #1105, #4026, #748 ) ;
#1706 = FACE_OUTER_BOUND ( 'NONE', #1050, .T. ) ;
#1707 = VECTOR ( 'NONE', #3488, 1000.000000000000000 ) ;
#1708 = EDGE_LOOP ( 'NONE', ( #2241, #1889, #3647, #2848, #1565, #3492 ) ) ;
#1709 = LINE ( 'NONE', #1399, #4089 ) ;
#1710 = ORIENTED_EDGE ( 'NONE', *, *, #358, .T. ) ;
#1711 = DIRECTION ( 'NONE',  ( -0.000000000000000000, 1.000000000000000000, -0.000000000000000000 ) ) ;
#1712 = VECTOR ( 'NONE', #2864, 1000.000000000000000 ) ;
#1713 = CC_DESIGN_PERSON_AND_ORGANIZATION_ASSIGNMENT ( #670, #3211, ( #4633 ) ) ;
#1714 = DIRECTION ( 'NONE',  ( 0.7071067811865474617, 0.7071067811865474617, -0.000000000000000000 ) ) ;
#1715 = VECTOR ( 'NONE', #2444, 1000.000000000000000 ) ;
#1716 = ORIENTED_EDGE ( 'NONE', *, *, #3452, .F. ) ;
#1717 = ORIENTED_EDGE ( 'NONE', *, *, #2983, .F. ) ;
#1718 = ADVANCED_FACE ( 'NONE', ( #4505 ), #1620, .F. ) ;
#1719 = LINE ( 'NONE', #2760, #879 ) ;
#1720 = AXIS2_PLACEMENT_3D ( 'NONE', #3914, #3968, #685 ) ;
#1721 = VERTEX_POINT ( 'NONE', #512 ) ;
#1722 = CARTESIAN_POINT ( 'NONE',  ( 84.99999999999998579, 0.000000000000000000, -3.000000000000000000 ) ) ;
#1723 = VECTOR ( 'NONE', #1599, 1000.000000000000114 ) ;
#1724 = VERTEX_POINT ( 'NONE', #133 ) ;
#1725 = PLANE ( 'NONE',  #1165 ) ;
#1726 = EDGE_CURVE ( 'NONE', #678, #3851, #2724, .T. ) ;
#1727 = EDGE_CURVE ( 'NONE', #410, #4364, #921, .T. ) ;
#1728 = CARTESIAN_POINT ( 'NONE',  ( 62.00000000000000000, 0.000000000000000000, -7.000000000000006217 ) ) ;
#1729 = CARTESIAN_POINT ( 'NONE',  ( 2.899999999999992806, 7.299999999999999822, -49.50000000000000000 ) ) ;
#1730 = ORIENTED_EDGE ( 'NONE', *, *, #2194, .T. ) ;
#1731 = LINE ( 'NONE', #4293, #763 ) ;
#1732 = VERTEX_POINT ( 'NONE', #3762 ) ;
#1733 = DIRECTION ( 'NONE',  ( 0.000000000000000000, 0.000000000000000000, -1.000000000000000000 ) ) ;
#1734 = EDGE_CURVE ( 'NONE', #3436, #1721, #1562, .T. ) ;
#1735 = CARTESIAN_POINT ( 'NONE',  ( 3.000000000000000000, 1.599999999999990319, -20.00000000000000000 ) ) ;
#1736 = EDGE_LOOP ( 'NONE', ( #4131, #83, #4640, #2828, #3747, #1445 ) ) ;
#1737 = DIRECTION ( 'NONE',  ( -0.000000000000000000, -1.000000000000000000, -0.000000000000000000 ) ) ;
#1738 = ORIENTED_EDGE ( 'NONE', *, *, #2341, .F. ) ;
#1739 = PLANE ( 'NONE',  #2230 ) ;
#1740 = DIRECTION ( 'NONE',  ( 0.000000000000000000, 0.000000000000000000, 1.000000000000000000 ) ) ;
#1741 = CARTESIAN_POINT ( 'NONE',  ( 3.000000000000001332, 8.800999999999998380, -29.00000000000000000 ) ) ;
#1742 = ORIENTED_EDGE ( 'NONE', *, *, #3226, .T. ) ;
#1743 = DIRECTION ( 'NONE',  ( 0.000000000000000000, 0.000000000000000000, 1.000000000000000000 ) ) ;
#1744 = ORIENTED_EDGE ( 'NONE', *, *, #5, .T. ) ;
#1745 = CARTESIAN_POINT ( 'NONE',  ( 2.899999999999999911, 8.799999999999998934, -0.001667129887011203904 ) ) ;
#1746 = ORIENTED_EDGE ( 'NONE', *, *, #1858, .T. ) ;
#1747 = CARTESIAN_POINT ( 'NONE',  ( 1.599999999999990541, 0.000000000000000000, -39.00000000000000711 ) ) ;
#1748 = CARTESIAN_POINT ( 'NONE',  ( 1.249585401188644151E-13, 2.500000000000000000, -39.00000000000002132 ) ) ;
#1749 = LINE ( 'NONE', #987, #4330 ) ;
#1750 = VERTEX_POINT ( 'NONE', #1586 ) ;
#1751 = EDGE_CURVE ( 'NONE', #2389, #4675, #3267, .T. ) ;
#1752 = CARTESIAN_POINT ( 'NONE',  ( 67.00000000000000000, 2.500000000000000000, -48.99999999999999289 ) ) ;
#1753 = ORIENTED_EDGE ( 'NONE', *, *, #1689, .T. ) ;
#1754 = DIRECTION ( 'NONE',  ( 0.000000000000000000, 1.000000000000000000, -0.000000000000000000 ) ) ;
#1755 = DIRECTION ( 'NONE',  ( 0.000000000000000000, 1.000000000000000000, 0.000000000000000000 ) ) ;
#1756 = VECTOR ( 'NONE', #1510, 1000.000000000000000 ) ;
#1757 = VERTEX_POINT ( 'NONE', #873 ) ;
#1758 = CARTESIAN_POINT ( 'NONE',  ( 84.99999999999998579, 4.299999999999999822, 0.000000000000000000 ) ) ;
#1759 = EDGE_CURVE ( 'NONE', #153, #257, #210, .T. ) ;
#1760 = VERTEX_POINT ( 'NONE', #4102 ) ;
#1761 = DIRECTION ( 'NONE',  ( -0.000000000000000000, -1.000000000000000000, -0.000000000000000000 ) ) ;
#1762 = VECTOR ( 'NONE', #3875, 1000.000000000000000 ) ;
#1763 = DIRECTION ( 'NONE',  ( -0.000000000000000000, -1.000000000000000000, -0.000000000000000000 ) ) ;
#1764 = DIRECTION ( 'NONE',  ( -1.000000000000000000, 0.000000000000000000, 0.000000000000000000 ) ) ;
#1765 = ORIENTED_EDGE ( 'NONE', *, *, #3921, .F. ) ;
#1766 = B_SPLINE_CURVE_WITH_KNOTS ( 'NONE', 3,
 ( #4506, #1232, #2698, #3463 ),
 .UNSPECIFIED., .F., .F.,
 ( 4, 4 ),
 ( 0.002994264511456783996, 0.005321364053859520445 ),
 .UNSPECIFIED. ) ;
#1767 = CARTESIAN_POINT ( 'NONE',  ( 9.499999999999994671, 4.299999999999999822, -52.50000000000000711 ) ) ;
#1768 = PLANE ( 'NONE',  #3743 ) ;
#1769 = ORIENTED_EDGE ( 'NONE', *, *, #851, .T. ) ;
#1770 = DIRECTION ( 'NONE',  ( -0.000000000000000000, -0.000000000000000000, -1.000000000000000000 ) ) ;
#1771 = VECTOR ( 'NONE', #190, 1000.000000000000000 ) ;
#1772 = CARTESIAN_POINT ( 'NONE',  ( -6.860497997771531562E-14, 2.500000000000000000, -7.000000000000020428 ) ) ;
#1773 = PLANE ( 'NONE',  #1184 ) ;
#1774 = ORIENTED_EDGE ( 'NONE', *, *, #618, .T. ) ;
#1775 = FACE_OUTER_BOUND ( 'NONE', #2175, .T. ) ;
#1776 = ORIENTED_EDGE ( 'NONE', *, *, #648, .F. ) ;
#1777 = LINE ( 'NONE', #753, #3382 ) ;
#1778 = LINE ( 'NONE', #3153, #3477 ) ;
#1779 = AXIS2_PLACEMENT_3D ( 'NONE', #3290, #3627, #1822 ) ;
#1780 = EDGE_CURVE ( 'NONE', #422, #4146, #563, .T. ) ;
#1781 = ORIENTED_EDGE ( 'NONE', *, *, #3226, .F. ) ;
#1782 = VERTEX_POINT ( 'NONE', #156 ) ;
#1783 = AXIS2_PLACEMENT_3D ( 'NONE', #4136, #4066, #449 ) ;
#1784 = DIRECTION ( 'NONE',  ( 0.000000000000000000, -0.7071067811865474617, 0.7071067811865474617 ) ) ;
#1785 = LINE ( 'NONE', #2739, #2485 ) ;
#1786 = EDGE_CURVE ( 'NONE', #3459, #3962, #3690, .T. ) ;
#1787 = EDGE_CURVE ( 'NONE', #2286, #1993, #1612, .T. ) ;
#1788 = CARTESIAN_POINT ( 'NONE',  ( 84.99999999999998579, 0.000000000000000000, -1.599999999999989431 ) ) ;
#1789 = CIRCLE ( 'NONE', #1930, 1.300000000000000044 ) ;
#1790 = ORIENTED_EDGE ( 'NONE', *, *, #3430, .F. ) ;
#1791 = VECTOR ( 'NONE', #4367, 1000.000000000000000 ) ;
#1792 = LINE ( 'NONE', #3260, #4708 ) ;
#1793 = PERSON_AND_ORGANIZATION ( #1125, #4333 ) ;
#1794 = VECTOR ( 'NONE', #3087, 1000.000000000000000 ) ;
#1795 = DIRECTION ( 'NONE',  ( -0.000000000000000000, -0.000000000000000000, 1.000000000000000000 ) ) ;
#1796 = EDGE_LOOP ( 'NONE', ( #3308, #2236, #1643, #2730, #448, #4722 ) ) ;
#1797 = DIRECTION ( 'NONE',  ( -1.000000000000000000, 0.000000000000000000, 0.000000000000000000 ) ) ;
#1798 = VECTOR ( 'NONE', #1298, 1000.000000000000000 ) ;
#1799 = FACE_OUTER_BOUND ( 'NONE', #1945, .T. ) ;
#1800 = LINE ( 'NONE', #3554, #2499 ) ;
#1801 = ORIENTED_EDGE ( 'NONE', *, *, #3445, .F. ) ;
#1802 = CARTESIAN_POINT ( 'NONE',  ( 64.50000000000000000, 4.299999999999999822, -53.79999999999999716 ) ) ;
#1803 = CARTESIAN_POINT ( 'NONE',  ( 88.00000000000019895, 1.600000000000198819, -49.00000000000000000 ) ) ;
#1804 = LINE ( 'NONE', #4032, #3014 ) ;
#1805 = EDGE_LOOP ( 'NONE', ( #3781, #2685, #1015, #3564 ) ) ;
#1806 = ORIENTED_EDGE ( 'NONE', *, *, #390, .T. ) ;
#1807 = EDGE_CURVE ( 'NONE', #4252, #4087, #1659, .T. ) ;
#1808 = CARTESIAN_POINT ( 'NONE',  ( 4.599999999999992539, 0.000000000000000000, -3.000000000000012879 ) ) ;
#1809 = CARTESIAN_POINT ( 'NONE',  ( 3.000000000000000000, 1.599999999999990319, 0.000000000000000000 ) ) ;
#1810 = LINE ( 'NONE', #716, #4285 ) ;
#1811 = EDGE_CURVE ( 'NONE', #3033, #373, #4461, .T. ) ;
#1812 = EDGE_CURVE ( 'NONE', #1732, #2574, #1231, .T. ) ;
#1813 = EDGE_LOOP ( 'NONE', ( #3872, #291, #3615, #3088, #1069 ) ) ;
#1814 = LINE ( 'NONE', #1145, #3636 ) ;
#1815 = ADVANCED_FACE ( 'NONE', ( #3741 ), #2675, .F. ) ;
#1816 = FACE_OUTER_BOUND ( 'NONE', #4464, .T. ) ;
#1817 = VERTEX_POINT ( 'NONE', #2305 ) ;
#1818 = CARTESIAN_POINT ( 'NONE',  ( 88.00000000000000000, 1.599999999999996536, -43.00000000000000000 ) ) ;
#1819 = PLANE ( 'NONE',  #1557 ) ;
#1820 = ORIENTED_EDGE ( 'NONE', *, *, #4411, .F. ) ;
#1821 = CARTESIAN_POINT ( 'NONE',  ( 2.168404344971008868E-16, 2.500000000000000000, -29.00000000000000000 ) ) ;
#1822 = DIRECTION ( 'NONE',  ( 0.000000000000000000, 0.000000000000000000, 1.000000000000000000 ) ) ;
#1823 = LINE ( 'NONE', #1512, #413 ) ;
#1824 = VERTEX_POINT ( 'NONE', #3079 ) ;
#1825 = CIRCLE ( 'NONE', #1672, 3.000000000000002665 ) ;
#1826 = VERTEX_POINT ( 'NONE', #1256 ) ;
#1827 = DIRECTION ( 'NONE',  ( 0.000000000000000000, 0.000000000000000000, 1.000000000000000000 ) ) ;
#1828 = DIRECTION ( 'NONE',  ( 0.000000000000000000, 0.000000000000000000, 1.000000000000000000 ) ) ;
#1829 = VECTOR ( 'NONE', #2254, 1000.000000000000000 ) ;
#1830 = CARTESIAN_POINT ( 'NONE',  ( 88.00000000000004263, 2.500000000000000000, -31.00000000000000000 ) ) ;
#1831 = VECTOR ( 'NONE', #1714, 1000.000000000000114 ) ;
#1832 = VERTEX_POINT ( 'NONE', #3462 ) ;
#1833 = LINE ( 'NONE', #1055, #4164 ) ;
#1834 = EDGE_CURVE ( 'NONE', #1300, #2468, #1637, .T. ) ;
#1835 = ADVANCED_FACE ( 'NONE', ( #3201 ), #3559, .F. ) ;
#1836 = DIRECTION ( 'NONE',  ( 0.000000000000000000, 0.000000000000000000, 1.000000000000000000 ) ) ;
#1837 = ORIENTED_EDGE ( 'NONE', *, *, #1571, .T. ) ;
#1838 = DIRECTION ( 'NONE',  ( 0.000000000000000000, 1.000000000000000000, 0.000000000000000000 ) ) ;
#1839 = DIRECTION ( 'NONE',  ( -1.000000000000000000, 0.000000000000000000, -0.000000000000000000 ) ) ;
#1840 = ADVANCED_FACE ( 'NONE', ( #3177 ), #606, .F. ) ;
#1841 = EDGE_CURVE ( 'NONE', #1031, #1230, #256, .T. ) ;
#1842 = ORIENTED_EDGE ( 'NONE', *, *, #845, .F. ) ;
#1843 = LINE ( 'NONE', #3269, #4365 ) ;
#1844 = ORIENTED_EDGE ( 'NONE', *, *, #1056, .T. ) ;
#1845 = PLANE ( 'NONE',  #2560 ) ;
#1846 = DIRECTION ( 'NONE',  ( -0.000000000000000000, -1.000000000000000000, 0.000000000000000000 ) ) ;
#1847 = VECTOR ( 'NONE', #1891, 1000.000000000000000 ) ;
#1848 = ORIENTED_EDGE ( 'NONE', *, *, #4440, .F. ) ;
#1849 = ORIENTED_EDGE ( 'NONE', *, *, #1003, .T. ) ;
#1850 = LINE ( 'NONE', #3006, #1847 ) ;
#1851 = DIRECTION ( 'NONE',  ( -2.365532012695646217E-16, 0.000000000000000000, 1.000000000000000000 ) ) ;
#1852 = AXIS2_PLACEMENT_3D ( 'NONE', #16, #412, #2163 ) ;
#1853 = ORIENTED_EDGE ( 'NONE', *, *, #1751, .T. ) ;
#1854 = AXIS2_PLACEMENT_3D ( 'NONE', #1927, #3751, #3778 ) ;
#1855 = DIRECTION ( 'NONE',  ( -0.000000000000000000, -1.000000000000000000, -0.000000000000000000 ) ) ;
#1856 = CIRCLE ( 'NONE', #2406, 1.400000000000011013 ) ;
#1857 = FACE_OUTER_BOUND ( 'NONE', #3923, .T. ) ;
#1858 = EDGE_CURVE ( 'NONE', #2105, #1939, #3940, .T. ) ;
#1859 = ORIENTED_EDGE ( 'NONE', *, *, #1695, .F. ) ;
#1860 = CARTESIAN_POINT ( 'NONE',  ( 0.7639320225002274034, 1.599999999999990763, -19.00000000000002132 ) ) ;
#1861 = CARTESIAN_POINT ( 'NONE',  ( 64.50000000000000000, 7.299999999999999822, -52.50000000000000000 ) ) ;
#1862 = VECTOR ( 'NONE', #1196, 1000.000000000000000 ) ;
#1863 = DIRECTION ( 'NONE',  ( -0.7071067811865474617, 0.7071067811865474617, -1.672683727290953650E-16 ) ) ;
#1864 = ORIENTED_EDGE ( 'NONE', *, *, #142, .F. ) ;
#1865 = CARTESIAN_POINT ( 'NONE',  ( 3.000000000000002220, 4.299999999999999822, -33.80384757729336798 ) ) ;
#1866 = VECTOR ( 'NONE', #3015, 1000.000000000000114 ) ;
#1867 = ADVANCED_FACE ( 'NONE', ( #4630 ), #2818, .F. ) ;
#1868 = EDGE_CURVE ( 'NONE', #2905, #4501, #2140, .T. ) ;
#1869 = DIRECTION ( 'NONE',  ( 1.000000000000000000, 0.000000000000000000, 0.000000000000000000 ) ) ;
#1870 = DIRECTION ( 'NONE',  ( -1.000000000000000000, 0.000000000000000000, 0.000000000000000000 ) ) ;
#1871 = VECTOR ( 'NONE', #3786, 1000.000000000000114 ) ;
#1872 = ORIENTED_EDGE ( 'NONE', *, *, #642, .T. ) ;
#1873 = VERTEX_POINT ( 'NONE', #660 ) ;
#1874 = DIRECTION ( 'NONE',  ( 0.000000000000000000, 0.000000000000000000, -1.000000000000000000 ) ) ;
#1875 = ORIENTED_EDGE ( 'NONE', *, *, #3717, .T. ) ;
#1876 = VERTEX_POINT ( 'NONE', #4581 ) ;
#1877 = DIRECTION ( 'NONE',  ( -0.7071067811865475727, 0.7071067811865475727, 0.000000000000000000 ) ) ;
#1878 = CARTESIAN_POINT ( 'NONE',  ( 87.99999999999997158, 1.599999999999963007, -21.00000000000000000 ) ) ;
#1879 = ORIENTED_EDGE ( 'NONE', *, *, #2612, .T. ) ;
#1880 = ORIENTED_EDGE ( 'NONE', *, *, #1343, .F. ) ;
#1881 = DIRECTION ( 'NONE',  ( 1.000000000000000000, 0.000000000000000000, 2.365532012695646217E-16 ) ) ;
#1882 = CARTESIAN_POINT ( 'NONE',  ( 62.00000000000000000, 1.599999999999990319, 0.000000000000000000 ) ) ;
#1883 = LINE ( 'NONE', #2931, #2107 ) ;
#1884 = ORIENTED_EDGE ( 'NONE', *, *, #211, .T. ) ;
#1885 = CARTESIAN_POINT ( 'NONE',  ( 0.000000000000000000, 1.599999999999990319, -49.00000000000000000 ) ) ;
#1886 = CARTESIAN_POINT ( 'NONE',  ( 67.00000000000000000, 2.500000000000000000, 0.000000000000000000 ) ) ;
#1887 = LINE ( 'NONE', #80, #1480 ) ;
#1888 = ADVANCED_FACE ( 'NONE', ( #991 ), #1540, .T. ) ;
#1889 = ORIENTED_EDGE ( 'NONE', *, *, #2376, .F. ) ;
#1890 = ORIENTED_EDGE ( 'NONE', *, *, #3259, .F. ) ;
#1891 = DIRECTION ( 'NONE',  ( 1.084202172485518486E-16, 0.000000000000000000, -1.000000000000000000 ) ) ;
#1892 = LINE ( 'NONE', #3358, #1249 ) ;
#1893 = EDGE_CURVE ( 'NONE', #596, #896, #4322, .T. ) ;
#1894 = EDGE_LOOP ( 'NONE', ( #301, #1192, #885, #623 ) ) ;
#1895 = ORIENTED_EDGE ( 'NONE', *, *, #821, .F. ) ;
#1896 = CARTESIAN_POINT ( 'NONE',  ( 3.999999999999999112, 2.500000000000000000, -49.00000000000000711 ) ) ;
#1897 = CARTESIAN_POINT ( 'NONE',  ( 3.000000000000000000, 7.299999999999999822, -53.00000000000000000 ) ) ;
#1898 = AXIS2_PLACEMENT_3D ( 'NONE', #3451, #2690, #3070 ) ;
#1899 = CARTESIAN_POINT ( 'NONE',  ( 61.50000000000000000, 7.299999999999999822, 0.000000000000000000 ) ) ;
#1900 = ORIENTED_EDGE ( 'NONE', *, *, #3134, .T. ) ;
#1901 = VERTEX_POINT ( 'NONE', #3911 ) ;
#1902 = PLANE ( 'NONE',  #1854 ) ;
#1903 = CIRCLE ( 'NONE', #387, 3.000000000000001332 ) ;
#1904 = DIRECTION ( 'NONE',  ( -0.000000000000000000, -0.7071067811865474617, 0.7071067811865474617 ) ) ;
#1905 = LINE ( 'NONE', #1528, #2419 ) ;
#1906 = ORIENTED_EDGE ( 'NONE', *, *, #1734, .F. ) ;
#1907 = DIRECTION ( 'NONE',  ( -0.000000000000000000, -1.000000000000000000, -0.000000000000000000 ) ) ;
#1908 = FACE_OUTER_BOUND ( 'NONE', #703, .T. ) ;
#1909 = LINE ( 'NONE', #3099, #346 ) ;
#1910 = ORIENTED_EDGE ( 'NONE', *, *, #1466, .F. ) ;
#1911 = CARTESIAN_POINT ( 'NONE',  ( 0.000000000000000000, 1.599999999999990319, -3.000000000000000000 ) ) ;
#1912 = CARTESIAN_POINT ( 'NONE',  ( 88.00000000000008527, 2.500000000000000000, -35.00000000000000000 ) ) ;
#1913 = EDGE_CURVE ( 'NONE', #3846, #1591, #2160, .T. ) ;
#1914 = CARTESIAN_POINT ( 'NONE',  ( 84.99999999999998579, 0.000000000000000000, -54.40000000000001279 ) ) ;
#1915 = VECTOR ( 'NONE', #690, 1000.000000000000000 ) ;
#1916 = ORIENTED_EDGE ( 'NONE', *, *, #851, .F. ) ;
#1917 = EDGE_LOOP ( 'NONE', ( #1378, #1895, #1157 ) ) ;
#1918 = AXIS2_PLACEMENT_3D ( 'NONE', #805, #3723, #1874 ) ;
#1919 = ORIENTED_EDGE ( 'NONE', *, *, #2738, .F. ) ;
#1920 = CARTESIAN_POINT ( 'NONE',  ( -2.744199199108612625E-14, 2.500000000000000000, -19.00000000000002132 ) ) ;
#1921 = EDGE_CURVE ( 'NONE', #1952, #4362, #2511, .T. ) ;
#1922 = EDGE_CURVE ( 'NONE', #1441, #4257, #2870, .T. ) ;
#1923 = DIRECTION ( 'NONE',  ( -1.000000000000000000, -0.000000000000000000, -2.365532012695646217E-16 ) ) ;
#1924 = AXIS2_PLACEMENT_3D ( 'NONE', #2621, #1133, #799 ) ;
#1925 = CARTESIAN_POINT ( 'NONE',  ( 3.000000000000000000, 0.000000000000000000, -39.00000000000000711 ) ) ;
#1926 = VECTOR ( 'NONE', #1623, 1000.000000000000000 ) ;
#1927 = CARTESIAN_POINT ( 'NONE',  ( 9.499999999999994671, 7.299999999999999822, -52.50000000000000711 ) ) ;
#1928 = CARTESIAN_POINT ( 'NONE',  ( 6.500000000000000000, 4.299999999999999822, -6.500000000000004441 ) ) ;
#1929 = PERSON_AND_ORGANIZATION ( #1125, #4333 ) ;
#1930 = AXIS2_PLACEMENT_3D ( 'NONE', #2512, #3966, #4074 ) ;
#1931 = ORIENTED_EDGE ( 'NONE', *, *, #2734, .F. ) ;
#1932 = DIRECTION ( 'NONE',  ( -0.000000000000000000, -0.000000000000000000, -1.000000000000000000 ) ) ;
#1933 = ORIENTED_EDGE ( 'NONE', *, *, #1605, .F. ) ;
#1934 = CARTESIAN_POINT ( 'NONE',  ( 88.00000000000000000, 1.599999999999990319, -45.00000000000000000 ) ) ;
#1935 = AXIS2_PLACEMENT_3D ( 'NONE', #1772, #3552, #2038 ) ;
#1936 = CARTESIAN_POINT ( 'NONE',  ( 84.99999999999998579, 0.000000000000000000, -53.00000000000000000 ) ) ;
#1937 = CARTESIAN_POINT ( 'NONE',  ( 6.500000000000000000, 7.299999999999999822, -3.500000000000003109 ) ) ;
#1938 = VECTOR ( 'NONE', #1265, 1000.000000000000000 ) ;
#1939 = VERTEX_POINT ( 'NONE', #1350 ) ;
#1940 = ORIENTED_EDGE ( 'NONE', *, *, #4272, .F. ) ;
#1941 = CARTESIAN_POINT ( 'NONE',  ( 88.00000000000000000, 4.299999999999999822, -53.00000000000000000 ) ) ;
#1942 = LINE ( 'NONE', #3816, #2567 ) ;
#1943 = AXIS2_PLACEMENT_3D ( 'NONE', #1897, #3774, #1948 ) ;
#1944 = ORIENTED_EDGE ( 'NONE', *, *, #405, .F. ) ;
#1945 = EDGE_LOOP ( 'NONE', ( #1879, #2161, #4458, #1596, #18 ) ) ;
#1946 = VERTEX_POINT ( 'NONE', #3866 ) ;
#1947 = PLANE ( 'NONE',  #399 ) ;
#1948 = DIRECTION ( 'NONE',  ( 0.000000000000000000, -0.000000000000000000, 1.000000000000000000 ) ) ;
#1949 = EDGE_CURVE ( 'NONE', #3459, #3205, #631, .T. ) ;
#1950 = ADVANCED_FACE ( 'NONE', ( #4269 ), #229, .T. ) ;
#1951 = CARTESIAN_POINT ( 'NONE',  ( 67.00000000000000000, 1.599999999999990319, -56.00000000000000000 ) ) ;
#1952 = VERTEX_POINT ( 'NONE', #3152 ) ;
#1953 = CARTESIAN_POINT ( 'NONE',  ( 2.751221434500144447, 2.500000000000000444, -35.00000000000001421 ) ) ;
#1954 = CARTESIAN_POINT ( 'NONE',  ( 0.000000000000000000, 8.799999999999998934, 0.000000000000000000 ) ) ;
#1955 = COORDINATED_UNIVERSAL_TIME_OFFSET ( 8, 0, .AHEAD. ) ;
#1956 = EDGE_CURVE ( 'NONE', #1245, #4166, #1325, .T. ) ;
#1957 = ORIENTED_EDGE ( 'NONE', *, *, #117, .F. ) ;
#1958 = PLANE ( 'NONE',  #3981 ) ;
#1959 = ORIENTED_EDGE ( 'NONE', *, *, #4303, .F. ) ;
#1960 = LINE ( 'NONE', #147, #1701 ) ;
#1961 = DIRECTION ( 'NONE',  ( -1.626303258728256158E-16, 0.000000000000000000, 1.000000000000000000 ) ) ;
#1962 = FACE_OUTER_BOUND ( 'NONE', #2832, .T. ) ;
#1963 = CARTESIAN_POINT ( 'NONE',  ( 88.00000000000015632, 2.500000000000000000, -43.00000000000000000 ) ) ;
#1964 = ORIENTED_EDGE ( 'NONE', *, *, #4037, .F. ) ;
#1965 = CARTESIAN_POINT ( 'NONE',  ( 3.000000000000002665, 8.799999999999998934, -53.00000000000000000 ) ) ;
#1966 = DIRECTION ( 'NONE',  ( -0.000000000000000000, -1.000000000000000000, -0.000000000000000000 ) ) ;
#1967 = LINE ( 'NONE', #3434, #4613 ) ;
#1968 = ORIENTED_EDGE ( 'NONE', *, *, #328, .F. ) ;
#1969 = LINE ( 'NONE', #568, #2727 ) ;
#1970 = VERTEX_POINT ( 'NONE', #2432 ) ;
#1971 = ORIENTED_EDGE ( 'NONE', *, *, #4390, .T. ) ;
#1972 = LINE ( 'NONE', #855, #3301 ) ;
#1973 = CC_DESIGN_PERSON_AND_ORGANIZATION_ASSIGNMENT ( #503, #912, ( #2424 ) ) ;
#1974 = LINE ( 'NONE', #4489, #1866 ) ;
#1975 = LINE ( 'NONE', #3444, #1526 ) ;
#1976 = ORIENTED_EDGE ( 'NONE', *, *, #2301, .T. ) ;
#1977 = CYLINDRICAL_SURFACE ( 'NONE', #2318, 3.000000000000002665 ) ;
#1978 = EDGE_CURVE ( 'NONE', #938, #1188, #4295, .T. ) ;
#1979 = EDGE_CURVE ( 'NONE', #2897, #4228, #4393, .T. ) ;
#1980 = CARTESIAN_POINT ( 'NONE',  ( -2.722515155658902536E-14, 2.500000000000000000, -21.00000000000000000 ) ) ;
#1981 = LINE ( 'NONE', #525, #52 ) ;
#1982 = AXIS2_PLACEMENT_3D ( 'NONE', #436, #3045, #4193 ) ;
#1983 = DIRECTION ( 'NONE',  ( 1.000000000000000000, -0.000000000000000000, 0.000000000000000000 ) ) ;
#1984 = AXIS2_PLACEMENT_3D ( 'NONE', #2524, #1035, #3977 ) ;
#1985 = EDGE_LOOP ( 'NONE', ( #3319, #4292, #2092, #213, #2262 ) ) ;
#1986 = DIRECTION ( 'NONE',  ( 0.000000000000000000, -1.000000000000000000, 0.000000000000000000 ) ) ;
#1987 = EDGE_CURVE ( 'NONE', #1109, #2937, #4229, .T. ) ;
#1988 = ADVANCED_FACE ( 'NONE', ( #4073 ), #1113, .F. ) ;
#1989 = LINE ( 'NONE', #3759, #2635 ) ;
#1990 = CARTESIAN_POINT ( 'NONE',  ( 2.899999999999992806, 8.799999999999998934, -49.50000000000000000 ) ) ;
#1991 = LINE ( 'NONE', #3457, #3537 ) ;
#1992 = ORIENTED_EDGE ( 'NONE', *, *, #3101, .T. ) ;
#1993 = VERTEX_POINT ( 'NONE', #4434 ) ;
#1994 = CARTESIAN_POINT ( 'NONE',  ( 64.50000000000000000, 7.299999999999999822, -3.500000000000003109 ) ) ;
#1995 = LINE ( 'NONE', #487, #566 ) ;
#1996 = ORIENTED_EDGE ( 'NONE', *, *, #1611, .T. ) ;
#1997 = CARTESIAN_POINT ( 'NONE',  ( 61.50000000000000000, 7.299999999999999822, 0.000000000000000000 ) ) ;
#1998 = EDGE_LOOP ( 'NONE', ( #902, #2595, #1702, #3010 ) ) ;
#1999 = ORIENTED_EDGE ( 'NONE', *, *, #3737, .T. ) ;
#2000 = DIRECTION ( 'NONE',  ( 0.000000000000000000, -0.7071067811865473507, 0.7071067811865477948 ) ) ;
#2001 = VECTOR ( 'NONE', #4466, 1000.000000000000114 ) ;
#2002 = PLANE ( 'NONE',  #3985 ) ;
#2003 = AXIS2_PLACEMENT_3D ( 'NONE', #3342, #65, #1827 ) ;
#2004 = VERTEX_POINT ( 'NONE', #40 ) ;
#2005 = CARTESIAN_POINT ( 'NONE',  ( 1.108584445550241826, 1.343111251150042929, -19.00000000000002132 ) ) ;
#2006 = VECTOR ( 'NONE', #1155, 1000.000000000000000 ) ;
#2007 = PLANE ( 'NONE',  #2255 ) ;
#2008 = AXIS2_PLACEMENT_3D ( 'NONE', #94, #1550, #2247 ) ;
#2009 = VERTEX_POINT ( 'NONE', #2257 ) ;
#2010 = EDGE_CURVE ( 'NONE', #2637, #609, #393, .T. ) ;
#2011 = CARTESIAN_POINT ( 'NONE',  ( 9.000000000000000000, 2.500000000000000000, -7.000000000000006217 ) ) ;
#2012 = VERTEX_POINT ( 'NONE', #1803 ) ;
#2013 = DIRECTION ( 'NONE',  ( -0.000000000000000000, 1.000000000000000000, -0.000000000000000000 ) ) ;
#2014 = DIRECTION ( 'NONE',  ( 0.000000000000000000, 0.000000000000000000, 1.000000000000000000 ) ) ;
#2015 = AXIS2_PLACEMENT_3D ( 'NONE', #4533, #4150, #1257 ) ;
#2016 = CARTESIAN_POINT ( 'NONE',  ( 6.308085367188392016E-15, 1.599999999999984102, -43.00000000000002132 ) ) ;
#2017 = ORIENTED_EDGE ( 'NONE', *, *, #3160, .T. ) ;
#2018 = ADVANCED_FACE ( 'NONE', ( #3719 ), #1845, .F. ) ;
#2019 = EDGE_CURVE ( 'NONE', #4364, #2715, #1777, .T. ) ;
#2020 = DIRECTION ( 'NONE',  ( 0.7071067811865475727, 0.7071067811865475727, 0.000000000000000000 ) ) ;
#2021 = AXIS2_PLACEMENT_3D ( 'NONE', #4046, #701, #3712 ) ;
#2022 = DIRECTION ( 'NONE',  ( 1.000000000000000000, 0.000000000000000000, 0.000000000000000000 ) ) ;
#2023 = DIRECTION ( 'NONE',  ( 0.000000000000000000, 0.000000000000000000, 1.000000000000000000 ) ) ;
#2024 = ORIENTED_EDGE ( 'NONE', *, *, #941, .T. ) ;
#2025 = EDGE_CURVE ( 'NONE', #1285, #4016, #1322, .T. ) ;
#2026 = ORIENTED_EDGE ( 'NONE', *, *, #1460, .T. ) ;
#2027 = CARTESIAN_POINT ( 'NONE',  ( 2.899999999999999911, 8.799999999999998934, 0.000000000000000000 ) ) ;
#2028 = AXIS2_PLACEMENT_3D ( 'NONE', #1076, #2545, #4404 ) ;
#2029 = LINE ( 'NONE', #3496, #2455 ) ;
#2030 = CONICAL_SURFACE ( 'NONE', #4713, 4.599999999999992539, 0.7853981633974482790 ) ;
#2031 = ORIENTED_EDGE ( 'NONE', *, *, #1812, .F. ) ;
#2032 = VERTEX_POINT ( 'NONE', #2208 ) ;
#2033 = FACE_OUTER_BOUND ( 'NONE', #104, .T. ) ;
#2034 = CALENDAR_DATE ( 2025, 17, 9 ) ;
#2035 = PLANE ( 'NONE',  #4433 ) ;
#2036 = ORIENTED_EDGE ( 'NONE', *, *, #1921, .F. ) ;
#2037 = DIRECTION ( 'NONE',  ( 1.000000000000000000, 0.000000000000000000, -0.000000000000000000 ) ) ;
#2038 = DIRECTION ( 'NONE',  ( 1.000000000000000000, 0.000000000000000000, 2.365532012695646217E-16 ) ) ;
#2039 = DIRECTION ( 'NONE',  ( -0.000000000000000000, -0.000000000000000000, 1.000000000000000000 ) ) ;
#2040 = VERTEX_POINT ( 'NONE', #1066 ) ;
#2041 = CARTESIAN_POINT ( 'NONE',  ( 62.00000000000000000, 1.599999999999990319, -56.00000000000000000 ) ) ;
#2042 = DIRECTION ( 'NONE',  ( -0.000000000000000000, -1.000000000000000000, -0.000000000000000000 ) ) ;
#2043 = LINE ( 'NONE', #588, #4695 ) ;
#2044 = EDGE_CURVE ( 'NONE', #2012, #2862, #3270, .T. ) ;
#2045 = EDGE_CURVE ( 'NONE', #110, #4441, #2188, .T. ) ;
#2046 = VERTEX_POINT ( 'NONE', #4728 ) ;
#2047 = ORIENTED_EDGE ( 'NONE', *, *, #1220, .F. ) ;
#2048 = DIRECTION ( 'NONE',  ( 0.000000000000000000, 1.000000000000000000, 0.000000000000000000 ) ) ;
#2049 = EDGE_CURVE ( 'NONE', #896, #1300, #4031, .T. ) ;
#2050 = LINE ( 'NONE', #2778, #2147 ) ;
#2051 = ORIENTED_EDGE ( 'NONE', *, *, #3806, .F. ) ;
#2052 = ORIENTED_EDGE ( 'NONE', *, *, #3354, .F. ) ;
#2053 = CARTESIAN_POINT ( 'NONE',  ( 1.251753805533615160E-13, 2.500000000000000000, -41.00000000000000000 ) ) ;
#2054 = APPROVAL_DATE_TIME ( #2075, #427 ) ;
#2055 = FACE_BOUND ( 'NONE', #996, .T. ) ;
#2056 = VERTEX_POINT ( 'NONE', #1493 ) ;
#2057 = LINE ( 'NONE', #3215, #3845 ) ;
#2058 = LINE ( 'NONE', #249, #1333 ) ;
#2059 = LINE ( 'NONE', #3811, #3400 ) ;
#2060 = ORIENTED_EDGE ( 'NONE', *, *, #2608, .F. ) ;
#2061 = CARTESIAN_POINT ( 'NONE',  ( 3.000000000000000000, 0.000000000000000000, -17.00000000000000000 ) ) ;
#2062 = ADVANCED_FACE ( 'NONE', ( #3248 ), #3669, .F. ) ;
#2063 = CARTESIAN_POINT ( 'NONE',  ( 9.000000000000000000, 2.500000000000000000, -7.000000000000006217 ) ) ;
#2064 = DIRECTION ( 'NONE',  ( 0.000000000000000000, 0.000000000000000000, -1.000000000000000000 ) ) ;
#2065 = ORIENTED_EDGE ( 'NONE', *, *, #4527, .T. ) ;
#2066 = VERTEX_POINT ( 'NONE', #371 ) ;
#2067 = EDGE_CURVE ( 'NONE', #2261, #1873, #476, .T. ) ;
#2068 = DIRECTION ( 'NONE',  ( 1.000000000000000000, 0.000000000000000000, 0.000000000000000000 ) ) ;
#2069 = LINE ( 'NONE', #955, #1762 ) ;
#2070 = EDGE_CURVE ( 'NONE', #1946, #1505, #636, .T. ) ;
#2071 = EDGE_CURVE ( 'NONE', #1824, #3326, #2917, .T. ) ;
#2072 = EDGE_LOOP ( 'NONE', ( #3027, #2732, #3880, #1776, #314 ) ) ;
#2073 = ORIENTED_EDGE ( 'NONE', *, *, #1546, .T. ) ;
#2074 = CARTESIAN_POINT ( 'NONE',  ( 3.000000000000000000, 1.599999999999990319, -20.00000000000000000 ) ) ;
#2075 = DATE_AND_TIME ( #3926, #3404 ) ;
#2076 = VECTOR ( 'NONE', #4018, 1000.000000000000000 ) ;
#2077 = ORIENTED_EDGE ( 'NONE', *, *, #2174, .F. ) ;
#2078 = ADVANCED_FACE ( 'NONE', ( #4011 ), #2232, .F. ) ;
#2079 = CARTESIAN_POINT ( 'NONE',  ( 61.50000000000000000, 7.299999999999999822, -56.00000000000000000 ) ) ;
#2080 = ORIENTED_EDGE ( 'NONE', *, *, #3709, .F. ) ;
#2081 = PLANE ( 'NONE',  #564 ) ;
#2082 = PLANE ( 'NONE',  #4236 ) ;
#2083 = DIRECTION ( 'NONE',  ( 0.000000000000000000, 0.000000000000000000, -1.000000000000000000 ) ) ;
#2084 = AXIS2_PLACEMENT_3D ( 'NONE', #3124, #2833, #1344 ) ;
#2085 = EDGE_LOOP ( 'NONE', ( #1163, #71, #2538, #2651, #4209 ) ) ;
#2086 = DIRECTION ( 'NONE',  ( 0.000000000000000000, 0.000000000000000000, 1.000000000000000000 ) ) ;
#2087 = ORIENTED_EDGE ( 'NONE', *, *, #976, .F. ) ;
#2088 = DIRECTION ( 'NONE',  ( 0.000000000000000000, -0.000000000000000000, 1.000000000000000000 ) ) ;
#2089 = CIRCLE ( 'NONE', #2708, 1.300000000000000044 ) ;
#2090 = CARTESIAN_POINT ( 'NONE',  ( 0.000000000000000000, 4.299999999999999822, -53.00000000000000000 ) ) ;
#2091 = VECTOR ( 'NONE', #507, 1000.000000000000000 ) ;
#2092 = ORIENTED_EDGE ( 'NONE', *, *, #2634, .T. ) ;
#2093 = CARTESIAN_POINT ( 'NONE',  ( 64.50000000000000000, 4.299999999999999822, -4.799999999999998046 ) ) ;
#2094 = VERTEX_POINT ( 'NONE', #915 ) ;
#2095 = CYLINDRICAL_SURFACE ( 'NONE', #251, 3.000000000000002665 ) ;
#2096 = DIRECTION ( 'NONE',  ( 0.000000000000000000, 0.000000000000000000, 1.000000000000000000 ) ) ;
#2097 = AXIS2_PLACEMENT_3D ( 'NONE', #2768, #3579, #2133 ) ;
#2098 = DIRECTION ( 'NONE',  ( -0.000000000000000000, -0.000000000000000000, 1.000000000000000000 ) ) ;
#2099 = VECTOR ( 'NONE', #2883, 1000.000000000000000 ) ;
#2100 = VERTEX_POINT ( 'NONE', #4455 ) ;
#2101 = CARTESIAN_POINT ( 'NONE',  ( 4.599999999999996092, 0.000000000000000000, -23.00000000000002132 ) ) ;
#2102 = SECURITY_CLASSIFICATION_LEVEL ( 'unclassified' ) ;
#2103 = EDGE_CURVE ( 'NONE', #596, #1824, #892, .T. ) ;
#2104 = EDGE_CURVE ( 'NONE', #285, #2905, #3425, .T. ) ;
#2105 = VERTEX_POINT ( 'NONE', #506 ) ;
#2106 = DIRECTION ( 'NONE',  ( -0.000000000000000000, -1.000000000000000000, -0.000000000000000000 ) ) ;
#2107 = VECTOR ( 'NONE', #451, 1000.000000000000000 ) ;
#2108 = VERTEX_POINT ( 'NONE', #1580 ) ;
#2109 = FACE_OUTER_BOUND ( 'NONE', #1123, .T. ) ;
#2110 = DIRECTION ( 'NONE',  ( 1.000000000000000000, 0.000000000000000000, 2.365532012695646217E-16 ) ) ;
#2111 = CARTESIAN_POINT ( 'NONE',  ( 88.00000000000015632, 2.500000000000000000, -43.00000000000000000 ) ) ;
#2112 = ADVANCED_FACE ( 'NONE', ( #1628 ), #3402, .T. ) ;
#2113 = ORIENTED_EDGE ( 'NONE', *, *, #994, .T. ) ;
#2114 = CARTESIAN_POINT ( 'NONE',  ( 84.99999999999998579, 0.000000000000000000, -3.000000000000000000 ) ) ;
#2115 = VERTEX_POINT ( 'NONE', #2647 ) ;
#2116 = DIRECTION ( 'NONE',  ( -0.000000000000000000, -1.000000000000000000, -0.000000000000000000 ) ) ;
#2117 = FACE_OUTER_BOUND ( 'NONE', #3969, .T. ) ;
#2118 = ORIENTED_EDGE ( 'NONE', *, *, #109, .T. ) ;
#2119 = DIRECTION ( 'NONE',  ( 0.000000000000000000, 0.000000000000000000, 1.000000000000000000 ) ) ;
#2120 = ORIENTED_EDGE ( 'NONE', *, *, #4469, .T. ) ;
#2121 = CARTESIAN_POINT ( 'NONE',  ( 2.084810739659377507E-13, 0.000000000000000000, -49.00000000000000000 ) ) ;
#2122 = PLANE ( 'NONE',  #409 ) ;
#2123 = CARTESIAN_POINT ( 'NONE',  ( 88.00000000000011369, 2.500000000000000000, -41.00000000000000000 ) ) ;
#2124 = EDGE_LOOP ( 'NONE', ( #1890, #3299, #1476, #2630, #983 ) ) ;
#2125 = CC_DESIGN_PERSON_AND_ORGANIZATION_ASSIGNMENT ( #4719, #4360, ( #356 ) ) ;
#2126 = DIRECTION ( 'NONE',  ( 0.000000000000000000, 0.000000000000000000, -1.000000000000000000 ) ) ;
#2127 = VERTEX_POINT ( 'NONE', #531 ) ;
#2128 = CARTESIAN_POINT ( 'NONE',  ( 4.113710927954500705E-16, 0.000000000000000000, -22.19615242270663558 ) ) ;
#2129 = ADVANCED_FACE ( 'NONE', ( #455 ), #79, .F. ) ;
#2130 = ADVANCED_FACE ( 'NONE', ( #2355 ), #3002, .F. ) ;
#2131 = ORIENTED_EDGE ( 'NONE', *, *, #1174, .F. ) ;
#2132 = CARTESIAN_POINT ( 'NONE',  ( 88.00000000000000000, 1.599999999999990319, -3.000000000000000000 ) ) ;
#2133 = DIRECTION ( 'NONE',  ( -0.000000000000000000, 0.000000000000000000, 1.000000000000000000 ) ) ;
#2134 = DIRECTION ( 'NONE',  ( 0.000000000000000000, 0.000000000000000000, 1.000000000000000000 ) ) ;
#2135 = EDGE_LOOP ( 'NONE', ( #3802, #1518, #870, #780 ) ) ;
#2136 = DIRECTION ( 'NONE',  ( 0.000000000000000000, 1.000000000000000000, 0.000000000000000000 ) ) ;
#2137 = ADVANCED_FACE ( 'NONE', ( #1908 ), #3734, .T. ) ;
#2138 = EDGE_CURVE ( 'NONE', #343, #2644, #843, .T. ) ;
#2139 = ORIENTED_EDGE ( 'NONE', *, *, #2520, .F. ) ;
#2140 = LINE ( 'NONE', #254, #3617 ) ;
#2141 = CARTESIAN_POINT ( 'NONE',  ( 88.00000000000000000, 1.599999999999990319, -3.000000000000000000 ) ) ;
#2142 = CIRCLE ( 'NONE', #1982, 3.000000000000001332 ) ;
#2143 = ORIENTED_EDGE ( 'NONE', *, *, #1311, .F. ) ;
#2144 = FACE_OUTER_BOUND ( 'NONE', #145, .T. ) ;
#2145 = ORIENTED_EDGE ( 'NONE', *, *, #4651, .T. ) ;
#2146 = CARTESIAN_POINT ( 'NONE',  ( 1.599999999999990541, 0.000000000000000000, -17.00000000000000000 ) ) ;
#2147 = VECTOR ( 'NONE', #928, 1000.000000000000000 ) ;
#2148 = CARTESIAN_POINT ( 'NONE',  ( 87.99999999999998579, 2.500000000000000000, -23.00000000000000000 ) ) ;
#2149 = CARTESIAN_POINT ( 'NONE',  ( 3.000000000000000444, 1.599999999999990763, -25.00000000000000000 ) ) ;
#2150 = ORIENTED_EDGE ( 'NONE', *, *, #2725, .T. ) ;
#2151 = DIRECTION ( 'NONE',  ( 0.000000000000000000, 0.000000000000000000, 1.000000000000000000 ) ) ;
#2152 = ORIENTED_EDGE ( 'NONE', *, *, #907, .T. ) ;
#2153 = CARTESIAN_POINT ( 'NONE',  ( 9.462128050782610506E-16, 1.599999999999989431, -11.00000000000001954 ) ) ;
#2154 = VERTEX_POINT ( 'NONE', #3376 ) ;
#2155 = PLANE ( 'NONE',  #2871 ) ;
#2156 = VECTOR ( 'NONE', #1429, 999.9999999999998863 ) ;
#2157 = DIRECTION ( 'NONE',  ( -1.000000000000000000, 0.000000000000000000, -0.000000000000000000 ) ) ;
#2158 = CARTESIAN_POINT ( 'NONE',  ( 84.99999999999998579, 1.599999999999991207, 0.000000000000000000 ) ) ;
#2159 = EDGE_CURVE ( 'NONE', #3343, #4649, #1247, .T. ) ;
#2160 = CIRCLE ( 'NONE', #2779, 3.000000000000002665 ) ;
#2161 = ORIENTED_EDGE ( 'NONE', *, *, #1611, .F. ) ;
#2162 = CARTESIAN_POINT ( 'NONE',  ( 2.084810739659377507E-13, 2.500000000000000000, -49.00000000000000000 ) ) ;
#2163 = DIRECTION ( 'NONE',  ( -1.000000000000000000, 0.000000000000000000, -0.000000000000000000 ) ) ;
#2164 = DIRECTION ( 'NONE',  ( -0.000000000000000000, 1.000000000000000000, 0.000000000000000000 ) ) ;
#2165 = VECTOR ( 'NONE', #707, 1000.000000000000000 ) ;
#2166 = EDGE_CURVE ( 'NONE', #2644, #2980, #101, .T. ) ;
#2167 = ORIENTED_EDGE ( 'NONE', *, *, #4304, .F. ) ;
#2168 = EDGE_LOOP ( 'NONE', ( #2186, #3121, #178, #1161 ) ) ;
#2169 = AXIS2_PLACEMENT_3D ( 'NONE', #3635, #1269, #1740 ) ;
#2170 = LINE ( 'NONE', #3315, #860 ) ;
#2171 = CARTESIAN_POINT ( 'NONE',  ( 6.500000000000000000, 4.299999999999999822, -52.50000000000000711 ) ) ;
#2172 = DIRECTION ( 'NONE',  ( 0.000000000000000000, 0.000000000000000000, 1.000000000000000000 ) ) ;
#2173 = VECTOR ( 'NONE', #4052, 1000.000000000000000 ) ;
#2174 = EDGE_CURVE ( 'NONE', #3999, #4086, #2379, .T. ) ;
#2175 = EDGE_LOOP ( 'NONE', ( #4709, #417, #4562, #4508, #2859, #70 ) ) ;
#2176 = VECTOR ( 'NONE', #367, 1000.000000000000114 ) ;
#2177 = LINE ( 'NONE', #3236, #2640 ) ;
#2178 = VECTOR ( 'NONE', #3475, 1000.000000000000114 ) ;
#2179 = DIRECTION ( 'NONE',  ( 0.000000000000000000, 0.000000000000000000, -1.000000000000000000 ) ) ;
#2180 = ORIENTED_EDGE ( 'NONE', *, *, #4325, .T. ) ;
#2181 = DIRECTION ( 'NONE',  ( -0.7071067811865474617, -0.7071067811865474617, -2.230244969721271205E-16 ) ) ;
#2182 = AXIS2_PLACEMENT_3D ( 'NONE', #4299, #3563, #3608 ) ;
#2183 = FACE_OUTER_BOUND ( 'NONE', #712, .T. ) ;
#2184 = DIRECTION ( 'NONE',  ( 0.000000000000000000, 0.000000000000000000, -1.000000000000000000 ) ) ;
#2185 = VECTOR ( 'NONE', #1552, 1000.000000000000000 ) ;
#2186 = ORIENTED_EDGE ( 'NONE', *, *, #4036, .F. ) ;
#2187 = CARTESIAN_POINT ( 'NONE',  ( 3.000000000000000000, 2.500000000000000444, -20.00000000000000000 ) ) ;
#2188 = LINE ( 'NONE', #2938, #2006 ) ;
#2189 = DIRECTION ( 'NONE',  ( -0.000000000000000000, -0.000000000000000000, 1.000000000000000000 ) ) ;
#2190 = ORIENTED_EDGE ( 'NONE', *, *, #1264, .F. ) ;
#2191 = ORIENTED_EDGE ( 'NONE', *, *, #1433, .T. ) ;
#2192 = LINE ( 'NONE', #1808, #2393 ) ;
#2193 = EDGE_CURVE ( 'NONE', #2808, #3031, #2940, .T. ) ;
#2194 = EDGE_CURVE ( 'NONE', #1034, #4178, #3025, .T. ) ;
#2195 = LINE ( 'NONE', #1788, #627 ) ;
#2196 = ORIENTED_EDGE ( 'NONE', *, *, #3334, .F. ) ;
#2197 = DIRECTION ( 'NONE',  ( 0.000000000000000000, 0.000000000000000000, -1.000000000000000000 ) ) ;
#2198 = EDGE_CURVE ( 'NONE', #1278, #1832, #480, .T. ) ;
#2199 = CARTESIAN_POINT ( 'NONE',  ( 86.40000000000000568, 0.000000000000000000, -25.00000000000000000 ) ) ;
#2200 = DIRECTION ( 'NONE',  ( 0.000000000000000000, -0.000000000000000000, 1.000000000000000000 ) ) ;
#2201 = EDGE_LOOP ( 'NONE', ( #3384, #2274, #3857, #1291 ) ) ;
#2202 = CARTESIAN_POINT ( 'NONE',  ( 87.99999999999992895, 2.500000000000000000, -6.999999999999999112 ) ) ;
#2203 = CARTESIAN_POINT ( 'NONE',  ( 86.40000000000000568, 0.000000000000000000, -49.00000000000000000 ) ) ;
#2204 = CARTESIAN_POINT ( 'NONE',  ( 4.441758591104761678, 0.000000000000000000, -21.00000000000000000 ) ) ;
#2205 = EDGE_LOOP ( 'NONE', ( #1716, #3625, #3767, #1509 ) ) ;
#2206 = CARTESIAN_POINT ( 'NONE',  ( 0.000000000000000000, 2.500000000000000000, 0.000000000000000000 ) ) ;
#2207 = EDGE_LOOP ( 'NONE', ( #4510, #2650, #4628, #551 ) ) ;
#2208 = CARTESIAN_POINT ( 'NONE',  ( 87.99999999999997158, 1.599999999999990319, -19.00000000000000000 ) ) ;
#2209 = CARTESIAN_POINT ( 'NONE',  ( 0.000000000000000000, 4.299999999999999822, -17.00000000000000000 ) ) ;
#2210 = CC_DESIGN_DATE_AND_TIME_ASSIGNMENT ( #4517, #3805, ( #2424 ) ) ;
#2211 = ORIENTED_EDGE ( 'NONE', *, *, #2248, .T. ) ;
#2212 = EDGE_LOOP ( 'NONE', ( #517, #900, #4485, #1180 ) ) ;
#2213 = DIRECTION ( 'NONE',  ( 0.000000000000000000, 0.000000000000000000, -1.000000000000000000 ) ) ;
#2214 = VECTOR ( 'NONE', #2959, 1000.000000000000114 ) ;
#2215 = CARTESIAN_POINT ( 'NONE',  ( 4.599999999999996092, 0.000000000000000000, -29.00000000000000000 ) ) ;
#2216 = ADVANCED_FACE ( 'NONE', ( #3809 ), #865, .F. ) ;
#2217 = AXIS2_PLACEMENT_3D ( 'NONE', #3660, #2925, #2573 ) ;
#2218 = ORIENTED_EDGE ( 'NONE', *, *, #4008, .F. ) ;
#2219 = CARTESIAN_POINT ( 'NONE',  ( 88.00000000000000000, 1.599999999999990319, -3.000000000000000000 ) ) ;
#2220 = EDGE_CURVE ( 'NONE', #1721, #2561, #4141, .T. ) ;
#2221 = EDGE_CURVE ( 'NONE', #2395, #516, #1960, .T. ) ;
#2222 = DIRECTION ( 'NONE',  ( 1.000000000000000000, 0.000000000000000000, 0.000000000000000000 ) ) ;
#2223 = ORIENTED_EDGE ( 'NONE', *, *, #2693, .T. ) ;
#2224 = LINE ( 'NONE', #2575, #948 ) ;
#2225 = LINE ( 'NONE', #3686, #2176 ) ;
#2226 = CARTESIAN_POINT ( 'NONE',  ( 67.00000000000000000, 2.500000000000000000, -48.99999999999999289 ) ) ;
#2227 = ADVANCED_FACE ( 'NONE', ( #2109 ), #1725, .F. ) ;
#2228 = ORIENTED_EDGE ( 'NONE', *, *, #2535, .T. ) ;
#2229 = LINE ( 'NONE', #1802, #382 ) ;
#2230 = AXIS2_PLACEMENT_3D ( 'NONE', #4684, #3970, #4255 ) ;
#2231 = VERTEX_POINT ( 'NONE', #2477 ) ;
#2232 = PLANE ( 'NONE',  #559 ) ;
#2233 = DIRECTION ( 'NONE',  ( -0.000000000000000000, -1.000000000000000000, -0.000000000000000000 ) ) ;
#2234 = AXIS2_PLACEMENT_3D ( 'NONE', #898, #2652, #2749 ) ;
#2235 = ORIENTED_EDGE ( 'NONE', *, *, #2693, .F. ) ;
#2236 = ORIENTED_EDGE ( 'NONE', *, *, #1759, .F. ) ;
#2237 = CARTESIAN_POINT ( 'NONE',  ( 3.999999999999999112, 2.500000000000000000, -7.000000000000019540 ) ) ;
#2238 = VECTOR ( 'NONE', #1556, 1000.000000000000114 ) ;
#2239 = AXIS2_PLACEMENT_3D ( 'NONE', #4115, #2744, #3071 ) ;
#2240 = VERTEX_POINT ( 'NONE', #204 ) ;
#2241 = ORIENTED_EDGE ( 'NONE', *, *, #3279, .T. ) ;
#2242 = VECTOR ( 'NONE', #344, 1000.000000000000000 ) ;
#2243 = LINE ( 'NONE', #2658, #1938 ) ;
#2244 = AXIS2_PLACEMENT_3D ( 'NONE', #992, #1373, #2895 ) ;
#2245 = CARTESIAN_POINT ( 'NONE',  ( 6.500000000000000000, 7.299999999999999822, -3.500000000000003109 ) ) ;
#2246 = ORIENTED_EDGE ( 'NONE', *, *, #2501, .F. ) ;
#2247 = DIRECTION ( 'NONE',  ( 0.000000000000000000, 0.000000000000000000, 1.000000000000000000 ) ) ;
#2248 = EDGE_CURVE ( 'NONE', #1469, #153, #939, .T. ) ;
#2249 = EDGE_CURVE ( 'NONE', #2753, #4441, #4384, .T. ) ;
#2250 = CARTESIAN_POINT ( 'NONE',  ( 88.00000000000008527, 2.500000000000000000, -37.00000000000000711 ) ) ;
#2251 = VECTOR ( 'NONE', #4671, 1000.000000000000000 ) ;
#2252 = DIRECTION ( 'NONE',  ( 1.000000000000000000, -0.000000000000000000, 0.000000000000000000 ) ) ;
#2253 = VERTEX_POINT ( 'NONE', #556 ) ;
#2254 = DIRECTION ( 'NONE',  ( -0.000000000000000000, -1.000000000000000000, -0.000000000000000000 ) ) ;
#2255 = AXIS2_PLACEMENT_3D ( 'NONE', #2074, #1671, #597 ) ;
#2256 = ORIENTED_EDGE ( 'NONE', *, *, #2853, .F. ) ;
#2257 = CARTESIAN_POINT ( 'NONE',  ( 6.500000000000000000, 7.299999999999999822, -51.20000000000000284 ) ) ;
#2258 = EDGE_CURVE ( 'NONE', #2115, #4731, #2057, .T. ) ;
#2259 = DIRECTION ( 'NONE',  ( -0.000000000000000000, -1.000000000000000000, -0.000000000000000000 ) ) ;
#2260 = CIRCLE ( 'NONE', #1115, 1.299999999999995604 ) ;
#2261 = VERTEX_POINT ( 'NONE', #3147 ) ;
#2262 = ORIENTED_EDGE ( 'NONE', *, *, #1316, .F. ) ;
#2263 = PLANE ( 'NONE',  #3305 ) ;
#2264 = LOCAL_TIME ( 22, 2, 39.00000000000000000, #2352 ) ;
#2265 = ORIENTED_EDGE ( 'NONE', *, *, #457, .T. ) ;
#2266 = EDGE_LOOP ( 'NONE', ( #3819, #1710, #4048, #1919 ) ) ;
#2267 = LINE ( 'NONE', #3442, #4704 ) ;
#2268 = ADVANCED_FACE ( 'NONE', ( #3905 ), #298, .T. ) ;
#2269 = CARTESIAN_POINT ( 'NONE',  ( 86.40000000000000568, 0.000000000000000000, -3.000000000000000000 ) ) ;
#2270 = VERTEX_POINT ( 'NONE', #1747 ) ;
#2271 = ORIENTED_EDGE ( 'NONE', *, *, #2852, .T. ) ;
#2272 = LINE ( 'NONE', #1928, #2331 ) ;
#2273 = LINE ( 'NONE', #2578, #4094 ) ;
#2274 = ORIENTED_EDGE ( 'NONE', *, *, #491, .F. ) ;
#2275 = ADVANCED_FACE ( 'NONE', ( #3551 ), #3526, .F. ) ;
#2276 = CARTESIAN_POINT ( 'NONE',  ( 1.599999999999990319, 0.000000000000000000, -41.00000000000000000 ) ) ;
#2277 = DIRECTION ( 'NONE',  ( 0.000000000000000000, 0.000000000000000000, -1.000000000000000000 ) ) ;
#2278 = CARTESIAN_POINT ( 'NONE',  ( 3.000000000000000000, 1.599999999999990319, -20.00000000000000000 ) ) ;
#2279 = ORIENTED_EDGE ( 'NONE', *, *, #4069, .F. ) ;
#2280 = ADVANCED_FACE ( 'NONE', ( #4646 ), #3170, .F. ) ;
#2281 = ADVANCED_FACE ( 'NONE', ( #4670 ), #1475, .T. ) ;
#2282 = FACE_OUTER_BOUND ( 'NONE', #3793, .T. ) ;
#2283 = CARTESIAN_POINT ( 'NONE',  ( 3.000000000000000000, 1.599999999999990319, -20.00000000000000000 ) ) ;
#2284 = DIRECTION ( 'NONE',  ( 0.000000000000000000, 0.000000000000000000, 1.000000000000000000 ) ) ;
#2285 = ORIENTED_EDGE ( 'NONE', *, *, #2159, .T. ) ;
#2286 = VERTEX_POINT ( 'NONE', #2404 ) ;
#2287 = VERTEX_POINT ( 'NONE', #3858 ) ;
#2288 = VECTOR ( 'NONE', #4392, 1000.000000000000000 ) ;
#2289 = CARTESIAN_POINT ( 'NONE',  ( 88.00000000000000000, 1.599999999999990319, -3.000000000000000000 ) ) ;
#2290 = VECTOR ( 'NONE', #2543, 1000.000000000000114 ) ;
#2291 = CARTESIAN_POINT ( 'NONE',  ( 84.99999999999998579, 4.299999999999999822, 0.000000000000000000 ) ) ;
#2292 = ORIENTED_EDGE ( 'NONE', *, *, #589, .F. ) ;
#2293 = DIRECTION ( 'NONE',  ( 0.000000000000000000, 1.000000000000000000, 0.000000000000000000 ) ) ;
#2294 = DIRECTION ( 'NONE',  ( -1.334402673828313339E-16, 0.000000000000000000, -1.000000000000000000 ) ) ;
#2295 = DIRECTION ( 'NONE',  ( -0.000000000000000000, -1.000000000000000000, -0.000000000000000000 ) ) ;
#2296 = VERTEX_POINT ( 'NONE', #601 ) ;
#2297 = DIRECTION ( 'NONE',  ( -0.000000000000000000, -1.000000000000000000, -0.000000000000000000 ) ) ;
#2298 = ORIENTED_EDGE ( 'NONE', *, *, #3386, .T. ) ;
#2299 = CARTESIAN_POINT ( 'NONE',  ( 0.000000000000000000, 4.299999999999999822, -39.00000000000000711 ) ) ;
#2300 = FACE_OUTER_BOUND ( 'NONE', #3263, .T. ) ;
#2301 = EDGE_CURVE ( 'NONE', #2094, #3849, #1037, .T. ) ;
#2302 = DIRECTION ( 'NONE',  ( -1.000000000000000000, 0.000000000000000000, 0.000000000000000000 ) ) ;
#2303 = ORIENTED_EDGE ( 'NONE', *, *, #675, .T. ) ;
#2304 = CARTESIAN_POINT ( 'NONE',  ( 4.186968714078523085E-14, 0.000000000000000000, -33.00000000000000000 ) ) ;
#2305 = CARTESIAN_POINT ( 'NONE',  ( 86.40000000000000568, 0.000000000000000000, -35.00000000000000000 ) ) ;
#2306 = CARTESIAN_POINT ( 'NONE',  ( 3.999999999999999112, 2.500000000000000000, -49.00000000000000711 ) ) ;
#2307 = VECTOR ( 'NONE', #4712, 1000.000000000000114 ) ;
#2308 = ADVANCED_FACE ( 'NONE', ( #3193 ), #1364, .F. ) ;
#2309 = ORIENTED_EDGE ( 'NONE', *, *, #1122, .T. ) ;
#2310 = DIRECTION ( 'NONE',  ( 0.000000000000000000, 0.000000000000000000, -1.000000000000000000 ) ) ;
#2311 = ORIENTED_EDGE ( 'NONE', *, *, #3871, .F. ) ;
#2312 = VECTOR ( 'NONE', #778, 1000.000000000000114 ) ;
#2313 = VERTEX_POINT ( 'NONE', #1010 ) ;
#2314 = PLANE ( 'NONE',  #2620 ) ;
#2315 = EDGE_CURVE ( 'NONE', #3817, #1732, #3932, .T. ) ;
#2316 = FACE_OUTER_BOUND ( 'NONE', #2168, .T. ) ;
#2317 = DIRECTION ( 'NONE',  ( 1.000000000000000000, 0.000000000000000000, -6.582476545417018158E-16 ) ) ;
#2318 = AXIS2_PLACEMENT_3D ( 'NONE', #3066, #4515, #2710 ) ;
#2319 = ORIENTED_EDGE ( 'NONE', *, *, #1807, .F. ) ;
#2320 = DIRECTION ( 'NONE',  ( -0.000000000000000000, -1.000000000000000000, -0.000000000000000000 ) ) ;
#2321 = DIRECTION ( 'NONE',  ( -0.000000000000000000, -0.000000000000000000, -1.000000000000000000 ) ) ;
#2322 = LINE ( 'NONE', #3419, #1723 ) ;
#2323 = VECTOR ( 'NONE', #3510, 1000.000000000000000 ) ;
#2324 = VERTEX_POINT ( 'NONE', #985 ) ;
#2325 = CARTESIAN_POINT ( 'NONE',  ( -6.860497997771531562E-14, 0.000000000000000000, -7.000000000000020428 ) ) ;
#2326 = CARTESIAN_POINT ( 'NONE',  ( 8.330569341257625993E-14, 2.500000000000000000, -35.00000000000001421 ) ) ;
#2327 = AXIS2_PLACEMENT_3D ( 'NONE', #2596, #724, #4700 ) ;
#2328 = CARTESIAN_POINT ( 'NONE',  ( 0.7639320225002270703, 2.500000000000000000, -19.00000000000002132 ) ) ;
#2329 = LINE ( 'NONE', #1990, #4470 ) ;
#2330 = LINE ( 'NONE', #4423, #1091 ) ;
#2331 = VECTOR ( 'NONE', #4516, 1000.000000000000000 ) ;
#2332 = ORIENTED_EDGE ( 'NONE', *, *, #25, .T. ) ;
#2333 = ORIENTED_EDGE ( 'NONE', *, *, #2376, .T. ) ;
#2334 = APPROVAL ( #4260, '未指定' ) ;
#2335 = CARTESIAN_POINT ( 'NONE',  ( 2.084810739659377507E-13, 2.500000000000000000, -49.00000000000000000 ) ) ;
#2336 = DIRECTION ( 'NONE',  ( -0.000000000000000000, 1.000000000000000000, -0.000000000000000000 ) ) ;
#2337 = AXIS2_PLACEMENT_3D ( 'NONE', #4327, #3891, #3181 ) ;
#2338 = EDGE_LOOP ( 'NONE', ( #3939, #3632, #1657, #3344 ) ) ;
#2339 = VERTEX_POINT ( 'NONE', #2450 ) ;
#2340 = VECTOR ( 'NONE', #1863, 1000.000000000000114 ) ;
#2341 = EDGE_CURVE ( 'NONE', #331, #4166, #1244, .T. ) ;
#2342 = EDGE_CURVE ( 'NONE', #1127, #2497, #580, .T. ) ;
#2343 = EDGE_LOOP ( 'NONE', ( #2279, #686, #2742, #3081 ) ) ;
#2344 = CYLINDRICAL_SURFACE ( 'NONE', #3080, 1.299999999999995604 ) ;
#2345 = LINE ( 'NONE', #1570, #2496 ) ;
#2346 = ADVANCED_FACE ( 'NONE', ( #624 ), #2081, .F. ) ;
#2347 = EDGE_CURVE ( 'NONE', #4351, #3373, #2224, .T. ) ;
#2348 = CARTESIAN_POINT ( 'NONE',  ( 4.113710927954500705E-16, 0.000000000000000000, -22.19615242270663558 ) ) ;
#2349 = EDGE_LOOP ( 'NONE', ( #2026, #4180, #3473, #45 ) ) ;
#2350 = LINE ( 'NONE', #2686, #3624 ) ;
#2351 = LINE ( 'NONE', #3804, #421 ) ;
#2352 = COORDINATED_UNIVERSAL_TIME_OFFSET ( 8, 0, .AHEAD. ) ;
#2353 = ORIENTED_EDGE ( 'NONE', *, *, #3366, .F. ) ;
#2354 = CARTESIAN_POINT ( 'NONE',  ( 3.308263848429631615, 0.000000000000000000, -37.00000000000000711 ) ) ;
#2355 = FACE_OUTER_BOUND ( 'NONE', #2998, .T. ) ;
#2356 = PLANE ( 'NONE',  #4157 ) ;
#2357 = CARTESIAN_POINT ( 'NONE',  ( 3.000000000000002220, 1.599999999999990319, -33.00000000000000000 ) ) ;
#2358 = CARTESIAN_POINT ( 'NONE',  ( 3.000000000000000000, 1.599999999999990319, -56.00000000000000000 ) ) ;
#2359 = VERTEX_POINT ( 'NONE', #1860 ) ;
#2360 = FACE_OUTER_BOUND ( 'NONE', #1347, .T. ) ;
#2361 = CARTESIAN_POINT ( 'NONE',  ( 9.500000000000000000, 7.299999999999999822, -3.500000000000003553 ) ) ;
#2362 = CARTESIAN_POINT ( 'NONE',  ( 86.40000000000000568, 0.000000000000000000, -29.00000000000000000 ) ) ;
#2363 = VERTEX_POINT ( 'NONE', #3283 ) ;
#2364 = DIRECTION ( 'NONE',  ( -0.000000000000000000, -1.000000000000000000, -0.000000000000000000 ) ) ;
#2365 = ORIENTED_EDGE ( 'NONE', *, *, #2071, .F. ) ;
#2366 = ORIENTED_EDGE ( 'NONE', *, *, #1751, .F. ) ;
#2367 = DIRECTION ( 'NONE',  ( 0.000000000000000000, 1.000000000000000000, 0.000000000000000000 ) ) ;
#2368 = CARTESIAN_POINT ( 'NONE',  ( 2.899999999999992806, 8.799999999999998934, -55.99833287011299632 ) ) ;
#2369 = ADVANCED_FACE ( 'NONE', ( #318 ), #55, .F. ) ;
#2370 = ORIENTED_EDGE ( 'NONE', *, *, #4238, .F. ) ;
#2371 = EDGE_LOOP ( 'NONE', ( #4636, #307, #3955, #1253 ) ) ;
#2372 = CARTESIAN_POINT ( 'NONE',  ( 9.000000000000000000, 0.000000000000000000, -7.000000000000006217 ) ) ;
#2373 = DIRECTION ( 'NONE',  ( 1.000000000000000000, 0.000000000000000000, 0.000000000000000000 ) ) ;
#2374 = DATE_AND_TIME ( #2034, #2264 ) ;
#2375 = VECTOR ( 'NONE', #201, 1000.000000000000000 ) ;
#2376 = EDGE_CURVE ( 'NONE', #4252, #4009, #1438, .T. ) ;
#2377 = DIRECTION ( 'NONE',  ( 0.000000000000000000, 1.000000000000000000, 0.000000000000000000 ) ) ;
#2378 = VECTOR ( 'NONE', #905, 1000.000000000000000 ) ;
#2379 = LINE ( 'NONE', #2299, #717 ) ;
#2380 = FACE_OUTER_BOUND ( 'NONE', #3144, .T. ) ;
#2381 = LINE ( 'NONE', #4218, #1798 ) ;
#2382 = EDGE_CURVE ( 'NONE', #1198, #2897, #366, .T. ) ;
#2383 = ORIENTED_EDGE ( 'NONE', *, *, #4338, .T. ) ;
#2384 = ORIENTED_EDGE ( 'NONE', *, *, #141, .F. ) ;
#2385 = CARTESIAN_POINT ( 'NONE',  ( -1.350415556104596224E-14, 2.500000000000000000, -25.00000000000000000 ) ) ;
#2386 = ORIENTED_EDGE ( 'NONE', *, *, #2816, .F. ) ;
#2387 = CARTESIAN_POINT ( 'NONE',  ( 1.499999999999999112, 4.299999999999999822, -19.59807621135331601 ) ) ;
#2388 = VERTEX_POINT ( 'NONE', #674 ) ;
#2389 = VERTEX_POINT ( 'NONE', #2908 ) ;
#2390 = DIRECTION ( 'NONE',  ( 0.7071067811865463515, 0.7071067811865487940, 1.149970062512528262E-16 ) ) ;
#2391 = VECTOR ( 'NONE', #2197, 1000.000000000000000 ) ;
#2392 = DIRECTION ( 'NONE',  ( 1.626303258728256158E-16, 0.000000000000000000, -1.000000000000000000 ) ) ;
#2393 = VECTOR ( 'NONE', #3994, 1000.000000000000000 ) ;
#2394 = ORIENTED_EDGE ( 'NONE', *, *, #277, .T. ) ;
#2395 = VERTEX_POINT ( 'NONE', #2972 ) ;
#2396 = VECTOR ( 'NONE', #4289, 1000.000000000000000 ) ;
#2397 = CARTESIAN_POINT ( 'NONE',  ( 0.000000000000000000, 1.599999999999990319, -9.000000000000001776 ) ) ;
#2398 = PERSON_AND_ORGANIZATION ( #1125, #4333 ) ;
#2399 = VECTOR ( 'NONE', #3207, 1000.000000000000000 ) ;
#2400 = ORIENTED_EDGE ( 'NONE', *, *, #2403, .F. ) ;
#2401 = DIRECTION ( 'NONE',  ( 0.000000000000000000, -0.000000000000000000, 1.000000000000000000 ) ) ;
#2402 = EDGE_CURVE ( 'NONE', #1566, #2032, #4428, .T. ) ;
#2403 = EDGE_CURVE ( 'NONE', #1826, #514, #4004, .T. ) ;
#2404 = CARTESIAN_POINT ( 'NONE',  ( 9.000000000000000000, 2.500000000000000000, -49.00000000000000000 ) ) ;
#2405 = DIRECTION ( 'NONE',  ( -0.000000000000000000, -0.000000000000000000, -1.000000000000000000 ) ) ;
#2406 = AXIS2_PLACEMENT_3D ( 'NONE', #3054, #565, #1206 ) ;
#2407 = LINE ( 'NONE', #4171, #2649 ) ;
#2408 = CARTESIAN_POINT ( 'NONE',  ( 9.499999999999994671, 4.299999999999999822, -52.50000000000000711 ) ) ;
#2409 = ORIENTED_EDGE ( 'NONE', *, *, #3069, .T. ) ;
#2410 = PLANE ( 'NONE',  #379 ) ;
#2411 = ADVANCED_FACE ( 'NONE', ( #723 ), #2155, .F. ) ;
#2412 = DIRECTION ( 'NONE',  ( 0.000000000000000000, 0.000000000000000000, 1.000000000000000000 ) ) ;
#2413 = CARTESIAN_POINT ( 'NONE',  ( 88.00000000000000000, 1.599999999999991207, -53.00000000000000000 ) ) ;
#2414 = AXIS2_PLACEMENT_3D ( 'NONE', #4234, #4616, #1743 ) ;
#2415 = ORIENTED_EDGE ( 'NONE', *, *, #1498, .F. ) ;
#2416 = EDGE_LOOP ( 'NONE', ( #2490, #3769, #2546, #957 ) ) ;
#2417 = CARTESIAN_POINT ( 'NONE',  ( 88.00000000000000000, 1.599999999999990319, -9.000000000000001776 ) ) ;
#2418 = LINE ( 'NONE', #595, #81 ) ;
#2419 = VECTOR ( 'NONE', #408, 1000.000000000000000 ) ;
#2420 = EDGE_LOOP ( 'NONE', ( #1644, #3683, #3485, #1487 ) ) ;
#2421 = VERTEX_POINT ( 'NONE', #2505 ) ;
#2422 = CARTESIAN_POINT ( 'NONE',  ( 3.000000000000000444, 8.800999999999998380, -23.00000000000002132 ) ) ;
#2423 = PRODUCT ( '散热下壳', '散热下壳', '', ( #4165 ) ) ;
#2424 = PRODUCT_DEFINITION ( '未知', '', #356, #3997 ) ;
#2425 = FACE_OUTER_BOUND ( 'NONE', #4465, .T. ) ;
#2426 = EDGE_LOOP ( 'NONE', ( #727, #958, #3513, #1233 ) ) ;
#2427 = CARTESIAN_POINT ( 'NONE',  ( 0.000000000000000000, 8.799999999999998934, 0.000000000000000000 ) ) ;
#2428 = DIRECTION ( 'NONE',  ( -2.365532012695646217E-16, 0.000000000000000000, 1.000000000000000000 ) ) ;
#2429 = CARTESIAN_POINT ( 'NONE',  ( 87.99999999999998579, 2.500000000000000000, -25.00000000000000000 ) ) ;
#2430 = EDGE_CURVE ( 'NONE', #2806, #2154, #4386, .T. ) ;
#2431 = FACE_OUTER_BOUND ( 'NONE', #1813, .T. ) ;
#2432 = CARTESIAN_POINT ( 'NONE',  ( 86.40000000000000568, 0.000000000000000000, -3.000000000000000000 ) ) ;
#2433 = PLANE ( 'NONE',  #4541 ) ;
#2434 = EDGE_CURVE ( 'NONE', #1300, #790, #4723, .T. ) ;
#2435 = ADVANCED_FACE ( 'NONE', ( #3980 ), #700, .F. ) ;
#2436 = ORIENTED_EDGE ( 'NONE', *, *, #1433, .F. ) ;
#2437 = CARTESIAN_POINT ( 'NONE',  ( 86.40000000000000568, 0.000000000000000000, -53.00000000000000000 ) ) ;
#2438 = ORIENTED_EDGE ( 'NONE', *, *, #2347, .F. ) ;
#2439 = CARTESIAN_POINT ( 'NONE',  ( 87.99999999999995737, 2.500000000000000000, -15.00000000000000000 ) ) ;
#2440 = FACE_BOUND ( 'NONE', #1268, .T. ) ;
#2441 = ADVANCED_FACE ( 'NONE', ( #10 ), #3264, .F. ) ;
#2442 = ORIENTED_EDGE ( 'NONE', *, *, #4098, .F. ) ;
#2443 = VERTEX_POINT ( 'NONE', #2202 ) ;
#2444 = DIRECTION ( 'NONE',  ( -1.626303258728256158E-16, 0.000000000000000000, 1.000000000000000000 ) ) ;
#2445 = APPROVAL_DATE_TIME ( #3261, #2334 ) ;
#2446 = VECTOR ( 'NONE', #946, 1000.000000000000000 ) ;
#2447 = ORIENTED_EDGE ( 'NONE', *, *, #2258, .T. ) ;
#2448 = DIRECTION ( 'NONE',  ( 0.000000000000000000, -0.000000000000000000, 1.000000000000000000 ) ) ;
#2449 = ORIENTED_EDGE ( 'NONE', *, *, #2430, .T. ) ;
#2450 = CARTESIAN_POINT ( 'NONE',  ( 1.599999999999990319, 0.000000000000000000, -11.00000000000001954 ) ) ;
#2451 = VECTOR ( 'NONE', #3423, 1000.000000000000000 ) ;
#2452 = PLANE ( 'NONE',  #1935 ) ;
#2453 = FACE_OUTER_BOUND ( 'NONE', #3661, .T. ) ;
#2454 = ORIENTED_EDGE ( 'NONE', *, *, #993, .T. ) ;
#2455 = VECTOR ( 'NONE', #4355, 1000.000000000000000 ) ;
#2456 = DIRECTION ( 'NONE',  ( 0.000000000000000000, 0.000000000000000000, 1.000000000000000000 ) ) ;
#2457 = DIRECTION ( 'NONE',  ( 0.000000000000000000, 0.000000000000000000, 1.000000000000000000 ) ) ;
#2458 = DIRECTION ( 'NONE',  ( 0.000000000000000000, -0.7071067811865477948, -0.7071067811865473507 ) ) ;
#2459 = ORIENTED_EDGE ( 'NONE', *, *, #1030, .F. ) ;
#2460 = LINE ( 'NONE', #308, #656 ) ;
#2461 = EDGE_LOOP ( 'NONE', ( #2907, #4342, #768, #404 ) ) ;
#2462 = LINE ( 'NONE', #4078, #2929 ) ;
#2463 = EDGE_CURVE ( 'NONE', #2009, #1285, #3662, .T. ) ;
#2464 = EDGE_CURVE ( 'NONE', #516, #4418, #1483, .T. ) ;
#2465 = LINE ( 'NONE', #688, #4007 ) ;
#2466 = CARTESIAN_POINT ( 'NONE',  ( 4.599999999999992539, 0.000000000000000000, -3.000000000000012879 ) ) ;
#2467 = ORIENTED_EDGE ( 'NONE', *, *, #4120, .F. ) ;
#2468 = VERTEX_POINT ( 'NONE', #4162 ) ;
#2469 = EDGE_CURVE ( 'NONE', #373, #2481, #4448, .T. ) ;
#2470 = DIRECTION ( 'NONE',  ( 0.000000000000000000, 1.000000000000000000, 0.000000000000000000 ) ) ;
#2471 = PERSON_AND_ORGANIZATION ( #1125, #4333 ) ;
#2472 = AXIS2_PLACEMENT_3D ( 'NONE', #1582, #4118, #1299 ) ;
#2473 = ORIENTED_EDGE ( 'NONE', *, *, #377, .F. ) ;
#2474 = CARTESIAN_POINT ( 'NONE',  ( 64.50000000000000000, 4.299999999999999822, -3.500000000000003109 ) ) ;
#2475 = VECTOR ( 'NONE', #713, 1000.000000000000000 ) ;
#2476 = ORIENTED_EDGE ( 'NONE', *, *, #1922, .F. ) ;
#2477 = CARTESIAN_POINT ( 'NONE',  ( 0.000000000000000000, 1.599999999999990319, -53.00000000000000000 ) ) ;
#2478 = DIRECTION ( 'NONE',  ( -1.000000000000000000, 0.000000000000000000, -0.000000000000000000 ) ) ;
#2479 = CARTESIAN_POINT ( 'NONE',  ( 2.084810739659377507E-13, 0.000000000000000000, -49.00000000000000000 ) ) ;
#2480 = AXIS2_PLACEMENT_3D ( 'NONE', #2977, #2960, #2601 ) ;
#2481 = VERTEX_POINT ( 'NONE', #473 ) ;
#2482 = CARTESIAN_POINT ( 'NONE',  ( 61.50000000000000000, 7.299999999999999822, -3.500000000000003109 ) ) ;
#2483 = ORIENTED_EDGE ( 'NONE', *, *, #1279, .T. ) ;
#2484 = CARTESIAN_POINT ( 'NONE',  ( 61.50000000000000000, 7.299999999999999822, -52.50000000000000000 ) ) ;
#2485 = VECTOR ( 'NONE', #1052, 1000.000000000000000 ) ;
#2486 = CARTESIAN_POINT ( 'NONE',  ( 3.000000000000000000, 1.599999999999990319, -56.00000000000000000 ) ) ;
#2487 = VECTOR ( 'NONE', #1607, 1000.000000000000000 ) ;
#2488 = VERTEX_POINT ( 'NONE', #3347 ) ;
#2489 = FACE_OUTER_BOUND ( 'NONE', #2349, .T. ) ;
#2490 = ORIENTED_EDGE ( 'NONE', *, *, #3279, .F. ) ;
#2491 = DIRECTION ( 'NONE',  ( -0.000000000000000000, -1.000000000000000000, -0.000000000000000000 ) ) ;
#2492 = CARTESIAN_POINT ( 'NONE',  ( 62.00000000000000000, 2.500000000000000000, -7.000000000000005329 ) ) ;
#2493 = DIRECTION ( 'NONE',  ( -0.7071067811865475727, 0.7071067811865475727, 0.000000000000000000 ) ) ;
#2494 = ADVANCED_FACE ( 'NONE', ( #1170 ), #1215, .F. ) ;
#2495 = EDGE_CURVE ( 'NONE', #2443, #4257, #3019, .T. ) ;
#2496 = VECTOR ( 'NONE', #1923, 1000.000000000000000 ) ;
#2497 = VERTEX_POINT ( 'NONE', #816 ) ;
#2498 = LINE ( 'NONE', #959, #4084 ) ;
#2499 = VECTOR ( 'NONE', #1366, 1000.000000000000000 ) ;
#2500 = EDGE_CURVE ( 'NONE', #1952, #4607, #4075, .T. ) ;
#2501 = EDGE_CURVE ( 'NONE', #776, #410, #2615, .T. ) ;
#2502 = DIRECTION ( 'NONE',  ( -0.000000000000000000, -1.000000000000000000, -0.000000000000000000 ) ) ;
#2503 = LOCAL_TIME ( 22, 2, 39.00000000000000000, #2522 ) ;
#2504 = VERTEX_POINT ( 'NONE', #2995 ) ;
#2505 = CARTESIAN_POINT ( 'NONE',  ( 0.000000000000000000, 1.599999999999990319, -17.00000000000000000 ) ) ;
#2506 = LINE ( 'NONE', #3959, #3938 ) ;
#2507 = DIRECTION ( 'NONE',  ( -0.000000000000000000, -1.000000000000000000, -0.000000000000000000 ) ) ;
#2508 = VERTEX_POINT ( 'NONE', #2662 ) ;
#2509 = DIRECTION ( 'NONE',  ( 0.000000000000000000, 1.000000000000000000, 0.000000000000000000 ) ) ;
#2510 = ORIENTED_EDGE ( 'NONE', *, *, #3978, .T. ) ;
#2511 = LINE ( 'NONE', #1395, #3378 ) ;
#2512 = CARTESIAN_POINT ( 'NONE',  ( 6.500000000000000000, 2.500000000000000000, -3.500000000000003109 ) ) ;
#2513 = ORIENTED_EDGE ( 'NONE', *, *, #2463, .T. ) ;
#2514 = FACE_OUTER_BOUND ( 'NONE', #2713, .T. ) ;
#2515 = ORIENTED_EDGE ( 'NONE', *, *, #2070, .T. ) ;
#2516 = FACE_OUTER_BOUND ( 'NONE', #4595, .T. ) ;
#2517 = CARTESIAN_POINT ( 'NONE',  ( 3.999999999999999112, 1.599999999999990319, -56.00000000000000000 ) ) ;
#2518 = FACE_OUTER_BOUND ( 'NONE', #2205, .T. ) ;
#2519 = EDGE_LOOP ( 'NONE', ( #378, #2856, #4077, #4550, #31, #831, #4356, #1044, #4427, #4103, #2695, #159, #3410, #2292, #3595, #4639, #3807, #635, #4138, #2554, #2981, #535, #699, #4669, #418, #1578, #3777, #4702, #1290, #4183, #2051, #185, #3904, #854, #2319, #2333, #3898, #3139, #1906, #324, #2510, #1463, #87, #2609, #1426, #439, #3150, #2986 ) ) ;
#2520 = EDGE_CURVE ( 'NONE', #3698, #2504, #2350, .T. ) ;
#2521 = CARTESIAN_POINT ( 'NONE',  ( 84.99999999999998579, 4.299999999999999822, -56.00000000000000000 ) ) ;
#2522 = COORDINATED_UNIVERSAL_TIME_OFFSET ( 8, 0, .AHEAD. ) ;
#2523 = ORIENTED_EDGE ( 'NONE', *, *, #3254, .T. ) ;
#2524 = CARTESIAN_POINT ( 'NONE',  ( 62.00000000000000000, 2.500000000000000000, -48.99999999999999289 ) ) ;
#2525 = EDGE_LOOP ( 'NONE', ( #3795, #1738, #2933, #445 ) ) ;
#2526 = DIRECTION ( 'NONE',  ( 0.000000000000000000, 0.000000000000000000, -1.000000000000000000 ) ) ;
#2527 = EDGE_CURVE ( 'NONE', #4364, #479, #3711, .T. ) ;
#2528 = ADVANCED_FACE ( 'NONE', ( #4472 ), #3803, .F. ) ;
#2529 = LINE ( 'NONE', #3645, #3631 ) ;
#2530 = CARTESIAN_POINT ( 'NONE',  ( 0.000000000000000000, 2.500000000000000000, 0.000000000000000000 ) ) ;
#2531 = VERTEX_POINT ( 'NONE', #1193 ) ;
#2532 = CARTESIAN_POINT ( 'NONE',  ( 88.00000000000011369, 1.599999999999990319, -39.00000000000000000 ) ) ;
#2533 = AXIS2_PLACEMENT_3D ( 'NONE', #586, #228, #302 ) ;
#2534 = CARTESIAN_POINT ( 'NONE',  ( 67.00000000000000000, 1.599999999999990319, -56.00000000000000000 ) ) ;
#2535 = EDGE_CURVE ( 'NONE', #1724, #2009, #3167, .T. ) ;
#2536 = DIRECTION ( 'NONE',  ( -0.000000000000000000, -1.000000000000000000, -0.000000000000000000 ) ) ;
#2537 = VECTOR ( 'NONE', #2645, 1000.000000000000000 ) ;
#2538 = ORIENTED_EDGE ( 'NONE', *, *, #1834, .T. ) ;
#2539 = ORIENTED_EDGE ( 'NONE', *, *, #4304, .T. ) ;
#2540 = FACE_OUTER_BOUND ( 'NONE', #1435, .T. ) ;
#2541 = AXIS2_PLACEMENT_3D ( 'NONE', #3115, #3895, #4206 ) ;
#2542 = CARTESIAN_POINT ( 'NONE',  ( 0.000000000000000000, 1.599999999999990319, -3.000000000000000000 ) ) ;
#2543 = DIRECTION ( 'NONE',  ( 0.7071067811865474617, 0.7071067811865474617, -0.000000000000000000 ) ) ;
#2544 = ORIENTED_EDGE ( 'NONE', *, *, #2221, .T. ) ;
#2545 = DIRECTION ( 'NONE',  ( 1.000000000000000000, 0.000000000000000000, 0.000000000000000000 ) ) ;
#2546 = ORIENTED_EDGE ( 'NONE', *, *, #3910, .F. ) ;
#2547 = FACE_OUTER_BOUND ( 'NONE', #3877, .T. ) ;
#2548 = ORIENTED_EDGE ( 'NONE', *, *, #4158, .T. ) ;
#2549 = CARTESIAN_POINT ( 'NONE',  ( 88.00000000000000000, 1.599999999999990319, -3.000000000000000000 ) ) ;
#2550 = VECTOR ( 'NONE', #3252, 1000.000000000000000 ) ;
#2551 = LINE ( 'NONE', #2889, #1791 ) ;
#2552 = LINE ( 'NONE', #2479, #1501 ) ;
#2553 = VECTOR ( 'NONE', #4199, 1000.000000000000000 ) ;
#2554 = ORIENTED_EDGE ( 'NONE', *, *, #1030, .T. ) ;
#2555 = ADVANCED_FACE ( 'NONE', ( #4490 ), #4088, .F. ) ;
#2556 = ADVANCED_FACE ( 'NONE', ( #1241 ), #1902, .F. ) ;
#2557 = CARTESIAN_POINT ( 'NONE',  ( -4.116298798662918937E-14, 1.599999999999988987, -15.00000000000001954 ) ) ;
#2558 = DIRECTION ( 'NONE',  ( 1.000000000000000000, 0.000000000000000000, 0.000000000000000000 ) ) ;
#2559 = CARTESIAN_POINT ( 'NONE',  ( 6.500000000000000000, 4.299999999999999822, -3.500000000000003109 ) ) ;
#2560 = AXIS2_PLACEMENT_3D ( 'NONE', #60, #1443, #2582 ) ;
#2561 = VERTEX_POINT ( 'NONE', #1953 ) ;
#2562 = EDGE_CURVE ( 'NONE', #4119, #3644, #4457, .T. ) ;
#2563 = ORIENTED_EDGE ( 'NONE', *, *, #554, .T. ) ;
#2564 = DIRECTION ( 'NONE',  ( -1.000000000000000000, -0.000000000000000000, -2.365532012695646217E-16 ) ) ;
#2565 = CARTESIAN_POINT ( 'NONE',  ( -5.466714354767515161E-14, 2.500000000000000000, -13.00000000000000178 ) ) ;
#2566 = CARTESIAN_POINT ( 'NONE',  ( 88.00000000000000000, 1.599999999999990319, -3.000000000000000000 ) ) ;
#2567 = VECTOR ( 'NONE', #3030, 1000.000000000000000 ) ;
#2568 = ORIENTED_EDGE ( 'NONE', *, *, #1251, .F. ) ;
#2569 = CARTESIAN_POINT ( 'NONE',  ( 3.999999999999999112, 0.000000000000000000, -49.00000000000000711 ) ) ;
#2570 = VECTOR ( 'NONE', #749, 1000.000000000000000 ) ;
#2571 = PLANE ( 'NONE',  #3323 ) ;
#2572 = VECTOR ( 'NONE', #469, 1000.000000000000000 ) ;
#2573 = DIRECTION ( 'NONE',  ( 0.000000000000000000, -0.000000000000000000, 1.000000000000000000 ) ) ;
#2574 = VERTEX_POINT ( 'NONE', #3091 ) ;
#2575 = CARTESIAN_POINT ( 'NONE',  ( 62.00000000000000000, 0.000000000000000000, -7.000000000000006217 ) ) ;
#2576 = AXIS2_PLACEMENT_3D ( 'NONE', #2530, #3960, #3266 ) ;
#2577 = DIRECTION ( 'NONE',  ( -0.7071067811865474617, -0.7071067811865474617, -1.672683727290953650E-16 ) ) ;
#2578 = CARTESIAN_POINT ( 'NONE',  ( -6.838813954321821474E-14, 2.500000000000000000, -9.000000000000001776 ) ) ;
#2579 = VECTOR ( 'NONE', #347, 1000.000000000000000 ) ;
#2580 = VERTEX_POINT ( 'NONE', #3447 ) ;
#2581 = DIRECTION ( 'NONE',  ( 0.000000000000000000, -0.000000000000000000, -1.000000000000000000 ) ) ;
#2582 = DIRECTION ( 'NONE',  ( -1.000000000000000000, 0.000000000000000000, -0.000000000000000000 ) ) ;
#2583 = CARTESIAN_POINT ( 'NONE',  ( 0.000000000000000000, 2.500000000000000000, 0.000000000000000000 ) ) ;
#2584 = ADVANCED_FACE ( 'NONE', ( #166 ), #1977, .T. ) ;
#2585 = ORIENTED_EDGE ( 'NONE', *, *, #4122, .F. ) ;
#2586 = ORIENTED_EDGE ( 'NONE', *, *, #554, .F. ) ;
#2587 = CARTESIAN_POINT ( 'NONE',  ( 87.99999999999995737, 1.599999999999949019, -17.00000000000000000 ) ) ;
#2588 = EDGE_CURVE ( 'NONE', #4087, #609, #1149, .T. ) ;
#2589 = EDGE_CURVE ( 'NONE', #3570, #3518, #2851, .T. ) ;
#2590 = CARTESIAN_POINT ( 'NONE',  ( 0.000000000000000000, 2.500000000000000000, 0.000000000000000000 ) ) ;
#2591 = ORIENTED_EDGE ( 'NONE', *, *, #3174, .F. ) ;
#2592 = ADVANCED_FACE ( 'NONE', ( #3118 ), #359, .T. ) ;
#2593 = CARTESIAN_POINT ( 'NONE',  ( 67.00000000000000000, 2.500000000000000000, -7.000000000000006217 ) ) ;
#2594 = CYLINDRICAL_SURFACE ( 'NONE', #842, 1.299999999999995604 ) ;
#2595 = ORIENTED_EDGE ( 'NONE', *, *, #1786, .T. ) ;
#2596 = CARTESIAN_POINT ( 'NONE',  ( -5.488398398217225250E-14, 2.500000000000000000, -11.00000000000001954 ) ) ;
#2597 = PLANE ( 'NONE',  #583 ) ;
#2598 = ORIENTED_EDGE ( 'NONE', *, *, #3799, .F. ) ;
#2599 = DIRECTION ( 'NONE',  ( -1.000000000000000000, 0.000000000000000000, -0.000000000000000000 ) ) ;
#2600 = ORIENTED_EDGE ( 'NONE', *, *, #4334, .F. ) ;
#2601 = DIRECTION ( 'NONE',  ( 0.000000000000000000, -0.000000000000000000, 1.000000000000000000 ) ) ;
#2602 = CARTESIAN_POINT ( 'NONE',  ( -5.466714354767515161E-14, 1.599999999999989431, -13.00000000000000178 ) ) ;
#2603 = VERTEX_POINT ( 'NONE', #2492 ) ;
#2604 = VERTEX_POINT ( 'NONE', #4571 ) ;
#2605 = FACE_OUTER_BOUND ( 'NONE', #574, .T. ) ;
#2606 = ADVANCED_FACE ( 'NONE', ( #665 ), #4660, .F. ) ;
#2607 = VECTOR ( 'NONE', #788, 1000.000000000000000 ) ;
#2608 = EDGE_CURVE ( 'NONE', #181, #514, #715, .T. ) ;
#2609 = ORIENTED_EDGE ( 'NONE', *, *, #4122, .T. ) ;
#2610 = APPLICATION_CONTEXT ( 'configuration controlled 3d designs of mechanical parts and assemblies' ) ;
#2611 = CARTESIAN_POINT ( 'NONE',  ( 86.40000000000000568, 0.000000000000000000, -6.999999999999999112 ) ) ;
#2612 = EDGE_CURVE ( 'NONE', #4597, #2296, #311, .T. ) ;
#2613 = DIRECTION ( 'NONE',  ( -0.000000000000000000, -1.000000000000000000, -0.000000000000000000 ) ) ;
#2614 = ORIENTED_EDGE ( 'NONE', *, *, #3009, .T. ) ;
#2615 = LINE ( 'NONE', #3395, #4692 ) ;
#2616 = FACE_OUTER_BOUND ( 'NONE', #547, .T. ) ;
#2617 = DIRECTION ( 'NONE',  ( 0.000000000000000000, 1.000000000000000000, -0.000000000000000000 ) ) ;
#2618 = ORIENTED_EDGE ( 'NONE', *, *, #4417, .T. ) ;
#2619 = PLANE ( 'NONE',  #3667 ) ;
#2620 = AXIS2_PLACEMENT_3D ( 'NONE', #4540, #2390, #138 ) ;
#2621 = CARTESIAN_POINT ( 'NONE',  ( 6.500000000000000000, 2.500000000000000000, -52.50000000000000711 ) ) ;
#2622 = FACE_BOUND ( 'NONE', #395, .T. ) ;
#2623 = VECTOR ( 'NONE', #461, 1000.000000000000000 ) ;
#2624 = ORIENTED_EDGE ( 'NONE', *, *, #1144, .T. ) ;
#2625 = ORIENTED_EDGE ( 'NONE', *, *, #2166, .F. ) ;
#2626 = CARTESIAN_POINT ( 'NONE',  ( 88.00000000000015632, 2.500000000000000000, -43.00000000000000000 ) ) ;
#2627 = VECTOR ( 'NONE', #3309, 1000.000000000000114 ) ;
#2628 = VECTOR ( 'NONE', #3418, 1000.000000000000000 ) ;
#2629 = ORIENTED_EDGE ( 'NONE', *, *, #2984, .F. ) ;
#2630 = ORIENTED_EDGE ( 'NONE', *, *, #814, .F. ) ;
#2631 = AXIS2_PLACEMENT_3D ( 'NONE', #4395, #351, #1114 ) ;
#2632 = CARTESIAN_POINT ( 'NONE',  ( 86.40000000000000568, 0.000000000000000000, -41.00000000000000000 ) ) ;
#2633 = EDGE_CURVE ( 'NONE', #2108, #2105, #1785, .T. ) ;
#2634 = EDGE_CURVE ( 'NONE', #4273, #3698, #867, .T. ) ;
#2635 = VECTOR ( 'NONE', #3455, 1000.000000000000000 ) ;
#2636 = DIRECTION ( 'NONE',  ( 0.000000000000000000, -1.000000000000000000, 0.000000000000000000 ) ) ;
#2637 = VERTEX_POINT ( 'NONE', #196 ) ;
#2638 = DIRECTION ( 'NONE',  ( 0.000000000000000000, 0.000000000000000000, 1.000000000000000000 ) ) ;
#2639 = CARTESIAN_POINT ( 'NONE',  ( 3.000000000000000888, 1.599999999999990985, -29.00000000000000000 ) ) ;
#2640 = VECTOR ( 'NONE', #2950, 1000.000000000000114 ) ;
#2641 = CARTESIAN_POINT ( 'NONE',  ( 0.000000000000000000, 4.299999999999999822, -39.00000000000000711 ) ) ;
#2642 = EDGE_CURVE ( 'NONE', #696, #3273, #3948, .T. ) ;
#2643 = ADVANCED_FACE ( 'NONE', ( #3971 ), #2122, .F. ) ;
#2644 = VERTEX_POINT ( 'NONE', #2899 ) ;
#2645 = DIRECTION ( 'NONE',  ( -1.000000000000000000, -0.000000000000000000, -1.577021341797097560E-16 ) ) ;
#2646 = VECTOR ( 'NONE', #1124, 1000.000000000000000 ) ;
#2647 = CARTESIAN_POINT ( 'NONE',  ( 1.599999999999990319, 0.000000000000000000, -45.00000000000000000 ) ) ;
#2648 = DIRECTION ( 'NONE',  ( -1.000000000000000000, -0.000000000000000000, -0.000000000000000000 ) ) ;
#2649 = VECTOR ( 'NONE', #3861, 1000.000000000000000 ) ;
#2650 = ORIENTED_EDGE ( 'NONE', *, *, #4069, .T. ) ;
#2651 = ORIENTED_EDGE ( 'NONE', *, *, #3280, .T. ) ;
#2652 = DIRECTION ( 'NONE',  ( -0.000000000000000000, -1.000000000000000000, -0.000000000000000000 ) ) ;
#2653 = AXIS2_PLACEMENT_3D ( 'NONE', #771, #2617, #4475 ) ;
#2654 = CARTESIAN_POINT ( 'NONE',  ( 3.000000000000000000, 0.000000000000000000, -53.00000000000000000 ) ) ;
#2655 = EDGE_LOOP ( 'NONE', ( #3038, #3011, #484, #2901 ) ) ;
#2656 = ORIENTED_EDGE ( 'NONE', *, *, #3828, .T. ) ;
#2657 = DIRECTION ( 'NONE',  ( -1.000000000000000000, -0.000000000000000000, -3.154042683594195121E-16 ) ) ;
#2658 = CARTESIAN_POINT ( 'NONE',  ( 88.00000000000019895, 2.500000000000000000, -49.00000000000000000 ) ) ;
#2659 = CARTESIAN_POINT ( 'NONE',  ( 3.000000000000000888, 1.599999999999990319, -25.00000000000000000 ) ) ;
#2660 = EDGE_CURVE ( 'NONE', #696, #2604, #910, .T. ) ;
#2661 = ORIENTED_EDGE ( 'NONE', *, *, #3453, .T. ) ;
#2662 = CARTESIAN_POINT ( 'NONE',  ( 64.50000000000000000, 2.500000000000000000, -4.799999999999998046 ) ) ;
#2663 = CARTESIAN_POINT ( 'NONE',  ( 0.000000000000000000, 1.599999999999990319, -41.00000000000000000 ) ) ;
#2664 = CARTESIAN_POINT ( 'NONE',  ( -5.488398398217225250E-14, 0.000000000000000000, -11.00000000000001954 ) ) ;
#2665 = EDGE_LOOP ( 'NONE', ( #49, #4376, #369, #2031 ) ) ;
#2666 = LINE ( 'NONE', #3716, #2985 ) ;
#2667 = EDGE_CURVE ( 'NONE', #112, #3610, #1071, .T. ) ;
#2668 = EDGE_LOOP ( 'NONE', ( #1609, #684, #1635, #1524 ) ) ;
#2669 = DIRECTION ( 'NONE',  ( -1.626303258728256158E-16, 0.000000000000000000, 1.000000000000000000 ) ) ;
#2670 = DIRECTION ( 'NONE',  ( 0.000000000000000000, -1.000000000000000000, 0.000000000000000000 ) ) ;
#2671 = PLANE ( 'NONE',  #2472 ) ;
#2672 = EDGE_LOOP ( 'NONE', ( #287, #4705, #929, #3363 ) ) ;
#2673 = DIRECTION ( 'NONE',  ( 0.000000000000000000, 1.000000000000000000, -0.000000000000000000 ) ) ;
#2674 = EDGE_CURVE ( 'NONE', #1621, #2359, #745, .T. ) ;
#2675 = CYLINDRICAL_SURFACE ( 'NONE', #474, 1.300000000000002487 ) ;
#2676 = CARTESIAN_POINT ( 'NONE',  ( 2.751221434500148888, 2.500000000000000000, -21.00000000000000000 ) ) ;
#2677 = ORIENTED_EDGE ( 'NONE', *, *, #1921, .T. ) ;
#2678 = FACE_OUTER_BOUND ( 'NONE', #1148, .T. ) ;
#2679 = ORIENTED_EDGE ( 'NONE', *, *, #4303, .T. ) ;
#2680 = EDGE_LOOP ( 'NONE', ( #2747, #2921, #466, #3672 ) ) ;
#2681 = FACE_OUTER_BOUND ( 'NONE', #4221, .T. ) ;
#2682 = VECTOR ( 'NONE', #622, 1000.000000000000000 ) ;
#2683 = CARTESIAN_POINT ( 'NONE',  ( 9.000000000000000000, 0.000000000000000000, -54.40000000000001279 ) ) ;
#2684 = CIRCLE ( 'NONE', #3221, 1.400000000000012346 ) ;
#2685 = ORIENTED_EDGE ( 'NONE', *, *, #3688, .F. ) ;
#2686 = CARTESIAN_POINT ( 'NONE',  ( 2.299999999999994493, 0.000000000000000000, -37.78756443470178539 ) ) ;
#2687 = DIRECTION ( 'NONE',  ( -0.000000000000000000, -1.000000000000000000, -0.000000000000000000 ) ) ;
#2688 = CARTESIAN_POINT ( 'NONE',  ( 6.500000000000000000, 4.299999999999999822, -3.500000000000003109 ) ) ;
#2689 = VERTEX_POINT ( 'NONE', #4277 ) ;
#2690 = DIRECTION ( 'NONE',  ( -2.365532012695646217E-16, 0.000000000000000000, 1.000000000000000000 ) ) ;
#2691 = DIRECTION ( 'NONE',  ( 1.000000000000000000, 0.000000000000000000, 2.365532012695646217E-16 ) ) ;
#2692 = LINE ( 'NONE', #2789, #3854 ) ;
#2693 = EDGE_CURVE ( 'NONE', #3999, #3558, #3995, .T. ) ;
#2694 = EDGE_CURVE ( 'NONE', #4582, #2488, #3089, .T. ) ;
#2695 = ORIENTED_EDGE ( 'NONE', *, *, #148, .F. ) ;
#2696 = ORIENTED_EDGE ( 'NONE', *, *, #3659, .T. ) ;
#2697 = DIRECTION ( 'NONE',  ( -0.000000000000000000, -1.000000000000000000, -0.000000000000000000 ) ) ;
#2698 = CARTESIAN_POINT ( 'NONE',  ( 3.322925653795001377, 1.075705032560597241, -35.00000000000001421 ) ) ;
#2699 = AXIS2_PLACEMENT_3D ( 'NONE', #2754, #1664, #3135 ) ;
#2700 = EDGE_CURVE ( 'NONE', #988, #2046, #2465, .T. ) ;
#2701 = EDGE_LOOP ( 'NONE', ( #63, #3533, #1872, #815 ) ) ;
#2702 = PLANE ( 'NONE',  #3024 ) ;
#2703 = ORIENTED_EDGE ( 'NONE', *, *, #2877, .T. ) ;
#2704 = ORIENTED_EDGE ( 'NONE', *, *, #1546, .F. ) ;
#2705 = LINE ( 'NONE', #1309, #1771 ) ;
#2706 = DIRECTION ( 'NONE',  ( -0.000000000000000000, 1.000000000000000000, -0.000000000000000000 ) ) ;
#2707 = CARTESIAN_POINT ( 'NONE',  ( 61.50000000000000000, 7.299999999999999822, -52.50000000000000000 ) ) ;
#2708 = AXIS2_PLACEMENT_3D ( 'NONE', #738, #1183, #1828 ) ;
#2709 = VERTEX_POINT ( 'NONE', #638 ) ;
#2710 = DIRECTION ( 'NONE',  ( 0.000000000000000000, 0.000000000000000000, -1.000000000000000000 ) ) ;
#2711 = CARTESIAN_POINT ( 'NONE',  ( 88.00000000000008527, 2.500000000000000000, -35.00000000000000000 ) ) ;
#2712 = CIRCLE ( 'NONE', #3934, 2.999999999999999112 ) ;
#2713 = EDGE_LOOP ( 'NONE', ( #2625, #1590, #4233, #673 ) ) ;
#2714 = DIRECTION ( 'NONE',  ( -1.626303258728256158E-16, 0.000000000000000000, 1.000000000000000000 ) ) ;
#2715 = VERTEX_POINT ( 'NONE', #2148 ) ;
#2716 = CARTESIAN_POINT ( 'NONE',  ( 3.000000000000001332, 8.800999999999998380, -27.00000000000002132 ) ) ;
#2717 = VECTOR ( 'NONE', #837, 1000.000000000000000 ) ;
#2718 = CARTESIAN_POINT ( 'NONE',  ( 88.00000000000000000, 1.599999999999994760, -39.00000000000000000 ) ) ;
#2719 = DIRECTION ( 'NONE',  ( 0.000000000000000000, 0.7071067811865475727, 0.7071067811865475727 ) ) ;
#2720 = FACE_OUTER_BOUND ( 'NONE', #4544, .T. ) ;
#2721 = VECTOR ( 'NONE', #1360, 1000.000000000000000 ) ;
#2722 = ORIENTED_EDGE ( 'NONE', *, *, #881, .F. ) ;
#2723 = CARTESIAN_POINT ( 'NONE',  ( 3.000000000000000000, 4.299999999999999822, -53.00000000000000000 ) ) ;
#2724 = LINE ( 'NONE', #1182, #2623 ) ;
#2725 = EDGE_CURVE ( 'NONE', #1376, #331, #3613, .T. ) ;
#2726 = DIRECTION ( 'NONE',  ( 1.000000000000000000, 0.000000000000000000, 0.000000000000000000 ) ) ;
#2727 = VECTOR ( 'NONE', #2364, 1000.000000000000000 ) ;
#2728 = ORIENTED_EDGE ( 'NONE', *, *, #1576, .F. ) ;
#2729 = DIRECTION ( 'NONE',  ( 0.000000000000000000, 0.000000000000000000, 1.000000000000000000 ) ) ;
#2730 = ORIENTED_EDGE ( 'NONE', *, *, #590, .T. ) ;
#2731 = VECTOR ( 'NONE', #3142, 1000.000000000000000 ) ;
#2732 = ORIENTED_EDGE ( 'NONE', *, *, #4687, .T. ) ;
#2733 = CARTESIAN_POINT ( 'NONE',  ( 3.000000000000002220, 8.800999999999998380, -33.80384757729336798 ) ) ;
#2734 = EDGE_CURVE ( 'NONE', #3610, #3570, #1536, .T. ) ;
#2735 = EDGE_CURVE ( 'NONE', #4178, #465, #3314, .T. ) ;
#2736 = DIRECTION ( 'NONE',  ( -0.000000000000000000, -0.7071067811865477948, -0.7071067811865473507 ) ) ;
#2737 = EDGE_LOOP ( 'NONE', ( #1613, #847, #1358, #2087, #573, #4210 ) ) ;
#2738 = EDGE_CURVE ( 'NONE', #4017, #3287, #462, .T. ) ;
#2739 = CARTESIAN_POINT ( 'NONE',  ( 61.50000000000000000, 7.299999999999999822, -52.50000000000000000 ) ) ;
#2740 = DIRECTION ( 'NONE',  ( 2.664535259100376880E-15, 0.000000000000000000, 1.000000000000000000 ) ) ;
#2741 = PERSON_AND_ORGANIZATION_ROLE ( 'design_owner' ) ;
#2742 = ORIENTED_EDGE ( 'NONE', *, *, #321, .T. ) ;
#2743 = CARTESIAN_POINT ( 'NONE',  ( -6.860497997771531562E-14, 2.500000000000000000, -7.000000000000020428 ) ) ;
#2744 = DIRECTION ( 'NONE',  ( 0.000000000000000000, -1.000000000000000000, 0.000000000000000000 ) ) ;
#2745 = CARTESIAN_POINT ( 'NONE',  ( 88.00000000000000000, 1.599999999999990319, -33.00000000000000000 ) ) ;
#2746 = CARTESIAN_POINT ( 'NONE',  ( 9.000000000000000000, 0.000000000000000000, -49.00000000000000711 ) ) ;
#2747 = ORIENTED_EDGE ( 'NONE', *, *, #786, .T. ) ;
#2748 = ORIENTED_EDGE ( 'NONE', *, *, #3988, .T. ) ;
#2749 = DIRECTION ( 'NONE',  ( 0.000000000000000000, 0.000000000000000000, -1.000000000000000000 ) ) ;
#2750 = CARTESIAN_POINT ( 'NONE',  ( 64.50000000000000000, 7.299999999999999822, -3.500000000000003109 ) ) ;
#2751 = ORIENTED_EDGE ( 'NONE', *, *, #1632, .T. ) ;
#2752 = ORIENTED_EDGE ( 'NONE', *, *, #2469, .F. ) ;
#2753 = VERTEX_POINT ( 'NONE', #4079 ) ;
#2754 = CARTESIAN_POINT ( 'NONE',  ( 3.000000000000000000, 1.599999999999989431, -53.00000000000000000 ) ) ;
#2755 = DIRECTION ( 'NONE',  ( 1.000000000000000000, -0.000000000000000000, 1.626303258728256158E-16 ) ) ;
#2756 = EDGE_CURVE ( 'NONE', #3984, #3095, #806, .T. ) ;
#2757 = VECTOR ( 'NONE', #4147, 1000.000000000000000 ) ;
#2758 = ORIENTED_EDGE ( 'NONE', *, *, #435, .F. ) ;
#2759 = ORIENTED_EDGE ( 'NONE', *, *, #2025, .F. ) ;
#2760 = CARTESIAN_POINT ( 'NONE',  ( 88.00000000000019895, 2.500000000000000000, -47.00000000000000000 ) ) ;
#2761 = CIRCLE ( 'NONE', #1218, 1.299999999999995604 ) ;
#2762 = EDGE_CURVE ( 'NONE', #2709, #4017, #2089, .T. ) ;
#2763 = ORIENTED_EDGE ( 'NONE', *, *, #1088, .T. ) ;
#2764 = DIRECTION ( 'NONE',  ( -0.000000000000000000, -1.000000000000000000, -0.000000000000000000 ) ) ;
#2765 = VECTOR ( 'NONE', #2736, 999.9999999999998863 ) ;
#2766 = EDGE_LOOP ( 'NONE', ( #1354, #4197, #3525, #3154, #86, #3745, #4602, #252, #522, #4653, #2150, #433, #4267, #3018, #1371, #1992 ) ) ;
#2767 = CARTESIAN_POINT ( 'NONE',  ( 3.000000000000000000, 4.299999999999999822, -56.00000000000000000 ) ) ;
#2768 = CARTESIAN_POINT ( 'NONE',  ( 0.000000000000000000, 1.599999999999990319, -3.000000000000000000 ) ) ;
#2769 = LINE ( 'NONE', #967, #3106 ) ;
#2770 = CYLINDRICAL_SURFACE ( 'NONE', #92, 3.000000000000000888 ) ;
#2771 = ORIENTED_EDGE ( 'NONE', *, *, #3254, .F. ) ;
#2772 = LINE ( 'NONE', #4652, #4498 ) ;
#2773 = ORIENTED_EDGE ( 'NONE', *, *, #2194, .F. ) ;
#2774 = CARTESIAN_POINT ( 'NONE',  ( 67.50000000000000000, 7.299999999999999822, -56.00000000000000000 ) ) ;
#2775 = ORIENTED_EDGE ( 'NONE', *, *, #1640, .F. ) ;
#2776 = LINE ( 'NONE', #3389, #3918 ) ;
#2777 = VECTOR ( 'NONE', #1252, 1000.000000000000000 ) ;
#2778 = CARTESIAN_POINT ( 'NONE',  ( 2.084810739659377507E-13, 0.000000000000000000, -49.00000000000000000 ) ) ;
#2779 = AXIS2_PLACEMENT_3D ( 'NONE', #1704, #1754, #3223 ) ;
#2780 = ORIENTED_EDGE ( 'NONE', *, *, #614, .F. ) ;
#2781 = ORIENTED_EDGE ( 'NONE', *, *, #642, .F. ) ;
#2782 = AXIS2_PLACEMENT_3D ( 'NONE', #972, #1372, #2795 ) ;
#2783 = EDGE_CURVE ( 'NONE', #2715, #3581, #1892, .T. ) ;
#2784 = CARTESIAN_POINT ( 'NONE',  ( 2.084810739659377507E-13, 2.500000000000000000, -49.00000000000000000 ) ) ;
#2785 = DIRECTION ( 'NONE',  ( 0.000000000000000000, 0.000000000000000000, 1.000000000000000000 ) ) ;
#2786 = CARTESIAN_POINT ( 'NONE',  ( 88.00000000000000000, 1.599999999999990319, -3.000000000000000000 ) ) ;
#2787 = EDGE_CURVE ( 'NONE', #2154, #4081, #2945, .T. ) ;
#2788 = EDGE_CURVE ( 'NONE', #3962, #3459, #191, .T. ) ;
#2789 = CARTESIAN_POINT ( 'NONE',  ( 67.50000000000000000, 4.299999999999999822, -3.500000000000003553 ) ) ;
#2790 = AXIS2_PLACEMENT_3D ( 'NONE', #2559, #2233, #732 ) ;
#2791 = CARTESIAN_POINT ( 'NONE',  ( 84.99999999999998579, 4.299999999999999822, -53.00000000000000000 ) ) ;
#2792 = ORIENTED_EDGE ( 'NONE', *, *, #2984, .T. ) ;
#2793 = CARTESIAN_POINT ( 'NONE',  ( 1.668282272596496208E-13, 2.500000000000000000, -45.00000000000000000 ) ) ;
#2794 = VECTOR ( 'NONE', #2321, 1000.000000000000000 ) ;
#2795 = DIRECTION ( 'NONE',  ( 0.000000000000000000, 0.000000000000000000, -1.000000000000000000 ) ) ;
#2796 = PLANE ( 'NONE',  #1407 ) ;
#2797 = VECTOR ( 'NONE', #1456, 1000.000000000000000 ) ;
#2798 = ORIENTED_EDGE ( 'NONE', *, *, #4238, .T. ) ;
#2799 = PLANE ( 'NONE',  #1720 ) ;
#2800 = ORIENTED_EDGE ( 'NONE', *, *, #3571, .T. ) ;
#2801 = CARTESIAN_POINT ( 'NONE',  ( 2.082642335314406498E-13, 2.500000000000000000, -47.00000000000002132 ) ) ;
#2802 = VECTOR ( 'NONE', #2039, 1000.000000000000000 ) ;
#2803 = CARTESIAN_POINT ( 'NONE',  ( 88.00000000000000000, 1.599999999999990319, -3.000000000000000000 ) ) ;
#2804 = APPROVAL_PERSON_ORGANIZATION ( #1793, #427, #4665 ) ;
#2805 = ORIENTED_EDGE ( 'NONE', *, *, #149, .F. ) ;
#2806 = VERTEX_POINT ( 'NONE', #3791 ) ;
#2807 = LINE ( 'NONE', #1650, #1111 ) ;
#2808 = VERTEX_POINT ( 'NONE', #2676 ) ;
#2809 = DIRECTION ( 'NONE',  ( 0.000000000000000000, -0.000000000000000000, 1.000000000000000000 ) ) ;
#2810 = ORIENTED_EDGE ( 'NONE', *, *, #3894, .F. ) ;
#2811 = CARTESIAN_POINT ( 'NONE',  ( 3.000000000000000444, 1.599999999999990097, -23.00000000000002132 ) ) ;
#2812 = FACE_OUTER_BOUND ( 'NONE', #1352, .T. ) ;
#2813 = CARTESIAN_POINT ( 'NONE',  ( -5.466714354767515161E-14, 0.000000000000000000, -13.00000000000000178 ) ) ;
#2814 = ORIENTED_EDGE ( 'NONE', *, *, #994, .F. ) ;
#2815 = ADVANCED_FACE ( 'NONE', ( #1304 ), #3131, .F. ) ;
#2816 = EDGE_CURVE ( 'NONE', #2359, #3272, #1967, .T. ) ;
#2817 = CARTESIAN_POINT ( 'NONE',  ( 87.99999999999992895, 2.500000000000000000, -6.999999999999999112 ) ) ;
#2818 = PLANE ( 'NONE',  #333 ) ;
#2819 = PLANE ( 'NONE',  #4316 ) ;
#2820 = ORIENTED_EDGE ( 'NONE', *, *, #179, .T. ) ;
#2821 = DIRECTION ( 'NONE',  ( -0.000000000000000000, -1.000000000000000000, -0.000000000000000000 ) ) ;
#2822 = EDGE_CURVE ( 'NONE', #1760, #1782, #107, .T. ) ;
#2823 = ORIENTED_EDGE ( 'NONE', *, *, #1288, .T. ) ;
#2824 = LINE ( 'NONE', #637, #2550 ) ;
#2825 = CARTESIAN_POINT ( 'NONE',  ( 0.7639320225002274034, 1.599999999999990763, -19.00000000000002132 ) ) ;
#2826 = LINE ( 'NONE', #3136, #695 ) ;
#2827 = ORIENTED_EDGE ( 'NONE', *, *, #245, .F. ) ;
#2828 = ORIENTED_EDGE ( 'NONE', *, *, #589, .T. ) ;
#2829 = CARTESIAN_POINT ( 'NONE',  ( 3.000000000000000000, 1.599999999999990319, -20.00000000000000000 ) ) ;
#2830 = CONICAL_SURFACE ( 'NONE', #1446, 4.599999999999992539, 0.7853981633974482790 ) ;
#2831 = CARTESIAN_POINT ( 'NONE',  ( 67.00000000000000000, 2.500000000000000000, -56.00000000000000000 ) ) ;
#2832 = EDGE_LOOP ( 'NONE', ( #2211, #1261, #3548, #1236 ) ) ;
#2833 = DIRECTION ( 'NONE',  ( -0.7071067811865475727, 0.7071067811865475727, 0.000000000000000000 ) ) ;
#2834 = AXIS2_PLACEMENT_3D ( 'NONE', #3582, #3556, #1348 ) ;
#2835 = PLANE ( 'NONE',  #193 ) ;
#2836 = CARTESIAN_POINT ( 'NONE',  ( 88.00000000000000000, 1.599999999999995426, -47.00000000000000000 ) ) ;
#2837 = CC_DESIGN_PERSON_AND_ORGANIZATION_ASSIGNMENT ( #2398, #2741, ( #2423 ) ) ;
#2838 = ORIENTED_EDGE ( 'NONE', *, *, #4534, .T. ) ;
#2839 = AXIS2_PLACEMENT_3D ( 'NONE', #2566, #2493, #1121 ) ;
#2840 = LINE ( 'NONE', #3151, #3055 ) ;
#2841 = ORIENTED_EDGE ( 'NONE', *, *, #3107, .T. ) ;
#2842 = CARTESIAN_POINT ( 'NONE',  ( 3.000000000000000000, 0.000000000000000000, -1.599999999999989431 ) ) ;
#2843 = CARTESIAN_POINT ( 'NONE',  ( 88.00000000000000000, 1.599999999999990319, -3.000000000000000000 ) ) ;
#2844 = EDGE_CURVE ( 'NONE', #4065, #2388, #4200, .T. ) ;
#2845 = EDGE_CURVE ( 'NONE', #1437, #2287, #850, .T. ) ;
#2846 = ORIENTED_EDGE ( 'NONE', *, *, #3393, .F. ) ;
#2847 = DIRECTION ( 'NONE',  ( 0.000000000000000000, 0.000000000000000000, 1.000000000000000000 ) ) ;
#2848 = ORIENTED_EDGE ( 'NONE', *, *, #1229, .F. ) ;
#2849 = B_SPLINE_CURVE_WITH_KNOTS ( 'NONE', 3,
 ( #3351, #4096, #820, #2354 ),
 .UNSPECIFIED., .F., .F.,
 ( 4, 4 ),
 ( 0.002520772259016538803, 0.004262946575350375078 ),
 .UNSPECIFIED. ) ;
#2850 = CARTESIAN_POINT ( 'NONE',  ( 86.40000000000000568, 0.000000000000000000, -11.00000000000000000 ) ) ;
#2851 = LINE ( 'NONE', #1809, #2399 ) ;
#2852 = EDGE_CURVE ( 'NONE', #2561, #3652, #1995, .T. ) ;
#2853 = EDGE_CURVE ( 'NONE', #465, #4597, #3867, .T. ) ;
#2854 = PLANE ( 'NONE',  #2839 ) ;
#2855 = AXIS2_PLACEMENT_3D ( 'NONE', #3429, #869, #3787 ) ;
#2856 = ORIENTED_EDGE ( 'NONE', *, *, #4477, .F. ) ;
#2857 = DIRECTION ( 'NONE',  ( -1.000000000000000000, 0.000000000000000000, 0.000000000000000000 ) ) ;
#2858 = CIRCLE ( 'NONE', #4145, 3.000000000000002665 ) ;
#2859 = ORIENTED_EDGE ( 'NONE', *, *, #527, .F. ) ;
#2860 = DIRECTION ( 'NONE',  ( -1.000000000000000000, -0.000000000000000000, -2.365532012695646217E-16 ) ) ;
#2861 = VECTOR ( 'NONE', #4480, 1000.000000000000000 ) ;
#2862 = VERTEX_POINT ( 'NONE', #2413 ) ;
#2863 = DIRECTION ( 'NONE',  ( 0.000000000000000000, 0.000000000000000000, 1.000000000000000000 ) ) ;
#2864 = DIRECTION ( 'NONE',  ( 0.000000000000000000, 0.000000000000000000, 1.000000000000000000 ) ) ;
#2865 = CARTESIAN_POINT ( 'NONE',  ( 2.190714121169760127E-15, 0.000000000000000000, -33.80384757729336798 ) ) ;
#2866 = VECTOR ( 'NONE', #2928, 1000.000000000000000 ) ;
#2867 = VERTEX_POINT ( 'NONE', #2306 ) ;
#2868 = CARTESIAN_POINT ( 'NONE',  ( 1.668282272596496208E-13, 2.500000000000000000, -45.00000000000000000 ) ) ;
#2869 = VERTEX_POINT ( 'NONE', #1563 ) ;
#2870 = LINE ( 'NONE', #3508, #3161 ) ;
#2871 = AXIS2_PLACEMENT_3D ( 'NONE', #1415, #3327, #2888 ) ;
#2872 = CARTESIAN_POINT ( 'NONE',  ( 2.299999999999993161, 0.000000000000000000, -18.21243556529822527 ) ) ;
#2873 = VECTOR ( 'NONE', #2726, 1000.000000000000000 ) ;
#2874 = ORIENTED_EDGE ( 'NONE', *, *, #3101, .F. ) ;
#2875 = DIRECTION ( 'NONE',  ( 0.000000000000000000, 1.000000000000000000, 0.000000000000000000 ) ) ;
#2876 = VERTEX_POINT ( 'NONE', #2362 ) ;
#2877 = EDGE_CURVE ( 'NONE', #4619, #2287, #1942, .T. ) ;
#2878 = CARTESIAN_POINT ( 'NONE',  ( 3.999999999999999112, 2.500000000000000000, -49.00000000000000711 ) ) ;
#2879 = DIRECTION ( 'NONE',  ( 0.000000000000000000, 0.000000000000000000, 1.000000000000000000 ) ) ;
#2880 = CARTESIAN_POINT ( 'NONE',  ( 2.084810739659377507E-13, 2.500000000000000000, -49.00000000000000000 ) ) ;
#2881 = EDGE_CURVE ( 'NONE', #1970, #304, #1856, .T. ) ;
#2882 = ORIENTED_EDGE ( 'NONE', *, *, #2562, .T. ) ;
#2883 = DIRECTION ( 'NONE',  ( 0.000000000000000000, 0.000000000000000000, -1.000000000000000000 ) ) ;
#2884 = AXIS2_PLACEMENT_3D ( 'NONE', #3126, #2719, #3100 ) ;
#2885 = ORIENTED_EDGE ( 'NONE', *, *, #2926, .T. ) ;
#2886 = LINE ( 'NONE', #1103, #1077 ) ;
#2887 = VECTOR ( 'NONE', #3687, 1000.000000000000000 ) ;
#2888 = DIRECTION ( 'NONE',  ( -1.000000000000000000, 0.000000000000000000, -0.000000000000000000 ) ) ;
#2889 = CARTESIAN_POINT ( 'NONE',  ( 9.000000000000000000, 2.500000000000000000, -7.000000000000006217 ) ) ;
#2890 = DIRECTION ( 'NONE',  ( 1.000000000000000000, 0.000000000000000000, 0.000000000000000000 ) ) ;
#2891 = ORIENTED_EDGE ( 'NONE', *, *, #2342, .T. ) ;
#2892 = LINE ( 'NONE', #2187, #2288 ) ;
#2893 = ORIENTED_EDGE ( 'NONE', *, *, #1576, .T. ) ;
#2894 = CARTESIAN_POINT ( 'NONE',  ( 3.000000000000000000, 4.299999999999999822, 0.000000000000000000 ) ) ;
#2895 = DIRECTION ( 'NONE',  ( 0.000000000000000000, -0.000000000000000000, 1.000000000000000000 ) ) ;
#2896 = EDGE_LOOP ( 'NONE', ( #4645, #998, #2885, #4153, #2882, #4720, #82, #4538, #2218, #1408, #3438, #3169, #3913, #119, #3450, #1844, #1900, #3715, #2993, #4696, #161, #1588, #662, #2311, #3332, #1859, #2309 ) ) ;
#2897 = VERTEX_POINT ( 'NONE', #4125 ) ;
#2898 = LINE ( 'NONE', #2417, #3685 ) ;
#2899 = CARTESIAN_POINT ( 'NONE',  ( 88.00000000000004263, 1.599999999999990319, -31.00000000000000000 ) ) ;
#2900 = CARTESIAN_POINT ( 'NONE',  ( 1.599999999999990319, 0.000000000000000000, -49.00000000000000000 ) ) ;
#2901 = ORIENTED_EDGE ( 'NONE', *, *, #4422, .F. ) ;
#2902 = CALENDAR_DATE ( 2025, 17, 9 ) ;
#2903 = EDGE_CURVE ( 'NONE', #373, #181, #3773, .T. ) ;
#2904 = EDGE_CURVE ( 'NONE', #4607, #3652, #1766, .T. ) ;
#2905 = VERTEX_POINT ( 'NONE', #184 ) ;
#2906 = CARTESIAN_POINT ( 'NONE',  ( 62.00000000000000000, 2.500000000000000000, -48.99999999999999289 ) ) ;
#2907 = ORIENTED_EDGE ( 'NONE', *, *, #1605, .T. ) ;
#2908 = CARTESIAN_POINT ( 'NONE',  ( 2.751221434500148888, 1.599999999999990319, -21.00000000000000000 ) ) ;
#2909 = DIRECTION ( 'NONE',  ( 1.000000000000000000, 0.000000000000000000, 0.000000000000000000 ) ) ;
#2910 = FACE_OUTER_BOUND ( 'NONE', #650, .T. ) ;
#2911 = VECTOR ( 'NONE', #3814, 1000.000000000000000 ) ;
#2912 = EDGE_CURVE ( 'NONE', #2488, #1230, #4561, .T. ) ;
#2913 = ORIENTED_EDGE ( 'NONE', *, *, #3546, .T. ) ;
#2914 = CARTESIAN_POINT ( 'NONE',  ( 87.99999999999997158, 2.500000000000000000, -21.00000000000000000 ) ) ;
#2915 = AXIS2_PLACEMENT_3D ( 'NONE', #1703, #2136, #2456 ) ;
#2916 = VERTEX_POINT ( 'NONE', #1682 ) ;
#2917 = LINE ( 'NONE', #4373, #4690 ) ;
#2918 = LINE ( 'NONE', #3271, #4460 ) ;
#2919 = AXIS2_PLACEMENT_3D ( 'NONE', #2128, #721, #2179 ) ;
#2920 = ORIENTED_EDGE ( 'NONE', *, *, #4411, .T. ) ;
#2921 = ORIENTED_EDGE ( 'NONE', *, *, #377, .T. ) ;
#2922 = DIRECTION ( 'NONE',  ( 0.000000000000000000, -1.000000000000000000, -0.000000000000000000 ) ) ;
#2923 = DIRECTION ( 'NONE',  ( 0.000000000000000000, 0.000000000000000000, 1.000000000000000000 ) ) ;
#2924 = ORIENTED_EDGE ( 'NONE', *, *, #2633, .F. ) ;
#2925 = DIRECTION ( 'NONE',  ( 0.000000000000000000, 1.000000000000000000, 0.000000000000000000 ) ) ;
#2926 = EDGE_CURVE ( 'NONE', #329, #2056, #3560, .T. ) ;
#2927 = ORIENTED_EDGE ( 'NONE', *, *, #4631, .T. ) ;
#2928 = DIRECTION ( 'NONE',  ( -1.334402673828312600E-16, 0.000000000000000000, -1.000000000000000000 ) ) ;
#2929 = VECTOR ( 'NONE', #737, 1000.000000000000000 ) ;
#2930 = LINE ( 'NONE', #792, #4080 ) ;
#2931 = CARTESIAN_POINT ( 'NONE',  ( 2.299999999999993161, 0.000000000000000000, -18.21243556529822527 ) ) ;
#2932 = VECTOR ( 'NONE', #1448, 1000.000000000000000 ) ;
#2933 = ORIENTED_EDGE ( 'NONE', *, *, #1080, .F. ) ;
#2934 = DIRECTION ( 'NONE',  ( 1.000000000000000000, 0.000000000000000000, 2.365532012695646217E-16 ) ) ;
#2935 = ADVANCED_FACE ( 'NONE', ( #4707 ), #2819, .F. ) ;
#2936 = ADVANCED_FACE ( 'NONE', ( #1706 ), #1351, .F. ) ;
#2937 = VERTEX_POINT ( 'NONE', #2872 ) ;
#2938 = CARTESIAN_POINT ( 'NONE',  ( 61.50000000000000000, 7.299999999999999822, -3.500000000000003109 ) ) ;
#2939 = PLANE ( 'NONE',  #2631 ) ;
#2940 = CIRCLE ( 'NONE', #1098, 2.999999999999999112 ) ;
#2941 = ORIENTED_EDGE ( 'NONE', *, *, #3016, .F. ) ;
#2942 = VECTOR ( 'NONE', #758, 999.9999999999998863 ) ;
#2943 = EDGE_CURVE ( 'NONE', #1832, #4192, #4677, .T. ) ;
#2944 = DIRECTION ( 'NONE',  ( -1.000000000000000000, 0.000000000000000000, -0.000000000000000000 ) ) ;
#2945 = LINE ( 'NONE', #3316, #1028 ) ;
#2946 = LINE ( 'NONE', #4402, #3671 ) ;
#2947 = VERTEX_POINT ( 'NONE', #973 ) ;
#2948 = LINE ( 'NONE', #50, #4140 ) ;
#2949 = VECTOR ( 'NONE', #407, 1000.000000000000000 ) ;
#2950 = DIRECTION ( 'NONE',  ( -0.7071067811865474617, -0.7071067811865474617, -1.672683727290953650E-16 ) ) ;
#2951 = DIRECTION ( 'NONE',  ( 0.000000000000000000, 0.000000000000000000, -1.000000000000000000 ) ) ;
#2952 = ORIENTED_EDGE ( 'NONE', *, *, #1541, .F. ) ;
#2953 = CONICAL_SURFACE ( 'NONE', #883, 3.000000000000001332, 0.7853981633974485010 ) ;
#2954 = PLANE ( 'NONE',  #2021 ) ;
#2955 = CARTESIAN_POINT ( 'NONE',  ( 1.599999999999990319, 0.000000000000000000, -9.000000000000001776 ) ) ;
#2956 = EDGE_CURVE ( 'NONE', #2604, #1750, #3390, .T. ) ;
#2957 = AXIS2_PLACEMENT_3D ( 'NONE', #1013, #677, #2134 ) ;
#2958 = ORIENTED_EDGE ( 'NONE', *, *, #886, .F. ) ;
#2959 = DIRECTION ( 'NONE',  ( -0.7071067811865474617, -0.7071067811865474617, -1.672683727290953650E-16 ) ) ;
#2960 = DIRECTION ( 'NONE',  ( -0.000000000000000000, 1.000000000000000000, 0.000000000000000000 ) ) ;
#2961 = CARTESIAN_POINT ( 'NONE',  ( 3.000000000000001332, 1.599999999999990319, -29.00000000000000000 ) ) ;
#2962 = EDGE_CURVE ( 'NONE', #4698, #2231, #3606, .T. ) ;
#2963 = ORIENTED_EDGE ( 'NONE', *, *, #3659, .F. ) ;
#2964 = ORIENTED_EDGE ( 'NONE', *, *, #3800, .T. ) ;
#2965 = DIRECTION ( 'NONE',  ( 0.7071067811865474617, 0.7071067811865474617, -0.000000000000000000 ) ) ;
#2966 = FACE_OUTER_BOUND ( 'NONE', #4300, .T. ) ;
#2967 = EDGE_CURVE ( 'NONE', #1482, #3273, #283, .T. ) ;
#2968 = ORIENTED_EDGE ( 'NONE', *, *, #383, .T. ) ;
#2969 = DIRECTION ( 'NONE',  ( 0.000000000000000000, 0.000000000000000000, -1.000000000000000000 ) ) ;
#2970 = DIRECTION ( 'NONE',  ( 0.000000000000000000, 0.000000000000000000, 1.000000000000000000 ) ) ;
#2971 = ORIENTED_EDGE ( 'NONE', *, *, #3974, .T. ) ;
#2972 = CARTESIAN_POINT ( 'NONE',  ( -6.860497997771531562E-14, 2.500000000000000000, -7.000000000000020428 ) ) ;
#2973 = LINE ( 'NONE', #2711, #108 ) ;
#2974 = DIRECTION ( 'NONE',  ( 0.000000000000000000, 0.7071067811865473507, -0.7071067811865477948 ) ) ;
#2975 = ORIENTED_EDGE ( 'NONE', *, *, #1235, .F. ) ;
#2976 = LINE ( 'NONE', #3755, #995 ) ;
#2977 = CARTESIAN_POINT ( 'NONE',  ( 0.000000000000000000, 2.500000000000000000, 0.000000000000000000 ) ) ;
#2978 = ADVANCED_FACE ( 'NONE', ( #326 ), #2433, .F. ) ;
#2979 = LINE ( 'NONE', #1156, #872 ) ;
#2980 = VERTEX_POINT ( 'NONE', #4296 ) ;
#2981 = ORIENTED_EDGE ( 'NONE', *, *, #2402, .T. ) ;
#2982 = CARTESIAN_POINT ( 'NONE',  ( 1.251753805533615160E-13, 2.500000000000000000, -41.00000000000000000 ) ) ;
#2983 = EDGE_CURVE ( 'NONE', #4501, #304, #1778, .T. ) ;
#2984 = EDGE_CURVE ( 'NONE', #1441, #1970, #2043, .T. ) ;
#2985 = VECTOR ( 'NONE', #2714, 1000.000000000000000 ) ;
#2986 = ORIENTED_EDGE ( 'NONE', *, *, #940, .T. ) ;
#2987 = VECTOR ( 'NONE', #1481, 1000.000000000000000 ) ;
#2988 = ORIENTED_EDGE ( 'NONE', *, *, #4422, .T. ) ;
#2989 = EDGE_CURVE ( 'NONE', #4649, #776, #3887, .T. ) ;
#2990 = EDGE_CURVE ( 'NONE', #99, #628, #3202, .T. ) ;
#2991 = LINE ( 'NONE', #68, #3179 ) ;
#2992 = LINE ( 'NONE', #3037, #2607 ) ;
#2993 = ORIENTED_EDGE ( 'NONE', *, *, #1174, .T. ) ;
#2994 = ORIENTED_EDGE ( 'NONE', *, *, #1029, .F. ) ;
#2995 = CARTESIAN_POINT ( 'NONE',  ( 1.845299461620729220, 0.9094010767584952415, -37.00000000000000711 ) ) ;
#2996 = DIRECTION ( 'NONE',  ( -0.000000000000000000, -1.000000000000000000, -0.000000000000000000 ) ) ;
#2997 = CARTESIAN_POINT ( 'NONE',  ( 3.999999999999999112, 0.000000000000000000, -7.000000000000006217 ) ) ;
#2998 = EDGE_LOOP ( 'NONE', ( #3385, #3951, #2036, #1020 ) ) ;
#2999 = CARTESIAN_POINT ( 'NONE',  ( 67.50000000000000000, 4.299999999999999822, -52.50000000000000000 ) ) ;
#3000 = VECTOR ( 'NONE', #2491, 1000.000000000000000 ) ;
#3001 = VERTEX_POINT ( 'NONE', #1019 ) ;
#3002 = PLANE ( 'NONE',  #3164 ) ;
#3003 = DIRECTION ( 'NONE',  ( 1.000000000000000000, 0.000000000000000000, 0.000000000000000000 ) ) ;
#3004 = ORIENTED_EDGE ( 'NONE', *, *, #3987, .T. ) ;
#3005 = LINE ( 'NONE', #3028, #2757 ) ;
#3006 = CARTESIAN_POINT ( 'NONE',  ( 1.666113868251525199E-13, 2.500000000000000000, -43.00000000000002132 ) ) ;
#3007 = AXIS2_PLACEMENT_3D ( 'NONE', #2786, #1388, #273 ) ;
#3008 = AXIS2_PLACEMENT_3D ( 'NONE', #652, #224, #3833 ) ;
#3009 = EDGE_CURVE ( 'NONE', #3729, #896, #4604, .T. ) ;
#3010 = ORIENTED_EDGE ( 'NONE', *, *, #4534, .F. ) ;
#3011 = ORIENTED_EDGE ( 'NONE', *, *, #2943, .F. ) ;
#3012 = ORIENTED_EDGE ( 'NONE', *, *, #3578, .T. ) ;
#3013 = DIRECTION ( 'NONE',  ( -0.000000000000000000, -1.000000000000000000, -0.000000000000000000 ) ) ;
#3014 = VECTOR ( 'NONE', #1178, 1000.000000000000000 ) ;
#3015 = DIRECTION ( 'NONE',  ( 0.7071067811865474617, 0.7071067811865474617, -0.000000000000000000 ) ) ;
#3016 = EDGE_CURVE ( 'NONE', #4675, #2689, #3472, .T. ) ;
#3017 = AXIS2_PLACEMENT_3D ( 'NONE', #4724, #1439, #1507 ) ;
#3018 = ORIENTED_EDGE ( 'NONE', *, *, #4239, .T. ) ;
#3019 = LINE ( 'NONE', #1525, #1926 ) ;
#3020 = CARTESIAN_POINT ( 'NONE',  ( 3.000000000000000000, 1.599999999999990319, 0.000000000000000000 ) ) ;
#3021 = ADVANCED_FACE ( 'NONE', ( #2117 ), #2796, .F. ) ;
#3022 = ORIENTED_EDGE ( 'NONE', *, *, #1403, .F. ) ;
#3023 = CARTESIAN_POINT ( 'NONE',  ( 3.000000000000000000, 0.000000000000000000, -54.40000000000001279 ) ) ;
#3024 = AXIS2_PLACEMENT_3D ( 'NONE', #4563, #214, #233 ) ;
#3025 = LINE ( 'NONE', #1273, #2861 ) ;
#3026 = PLANE ( 'NONE',  #3094 ) ;
#3027 = ORIENTED_EDGE ( 'NONE', *, *, #3680, .T. ) ;
#3028 = CARTESIAN_POINT ( 'NONE',  ( 67.50000000000000000, 7.299999999999999822, -3.500000000000003553 ) ) ;
#3029 = DIRECTION ( 'NONE',  ( -0.000000000000000000, -0.000000000000000000, 1.000000000000000000 ) ) ;
#3030 = DIRECTION ( 'NONE',  ( 1.000000000000000000, 0.000000000000000000, 0.000000000000000000 ) ) ;
#3031 = VERTEX_POINT ( 'NONE', #1396 ) ;
#3032 = DIRECTION ( 'NONE',  ( -0.000000000000000000, -1.000000000000000000, -0.000000000000000000 ) ) ;
#3033 = VERTEX_POINT ( 'NONE', #4323 ) ;
#3034 = VERTEX_POINT ( 'NONE', #1046 ) ;
#3035 = FACE_OUTER_BOUND ( 'NONE', #4044, .T. ) ;
#3036 = CARTESIAN_POINT ( 'NONE',  ( 8.352253384707336082E-14, 2.500000000000000000, -37.00000000000000711 ) ) ;
#3037 = CARTESIAN_POINT ( 'NONE',  ( 2.899999999999999911, 8.799999999999998934, -6.500000000000002665 ) ) ;
#3038 = ORIENTED_EDGE ( 'NONE', *, *, #4504, .F. ) ;
#3039 = CARTESIAN_POINT ( 'NONE',  ( -2.744199199108612625E-14, 2.500000000000000000, -19.00000000000002132 ) ) ;
#3040 = EDGE_CURVE ( 'NONE', #3287, #830, #1789, .T. ) ;
#3041 = ADVANCED_FACE ( 'NONE', ( #4013, #2622 ), #2939, .T. ) ;
#3042 = CARTESIAN_POINT ( 'NONE',  ( 9.000000000000000000, 0.000000000000000000, -1.599999999999991207 ) ) ;
#3043 = APPROVAL_STATUS ( 'not_yet_approved' ) ;
#3044 = ORIENTED_EDGE ( 'NONE', *, *, #3717, .F. ) ;
#3045 = DIRECTION ( 'NONE',  ( -0.000000000000000000, 1.000000000000000000, -0.000000000000000000 ) ) ;
#3046 = DIRECTION ( 'NONE',  ( 0.7071067811865474617, 0.7071067811865474617, -0.000000000000000000 ) ) ;
#3047 = EDGE_CURVE ( 'NONE', #1482, #1939, #2918, .T. ) ;
#3048 = LINE ( 'NONE', #1274, #2487 ) ;
#3049 = LINE ( 'NONE', #2016, #1871 ) ;
#3050 = DIRECTION ( 'NONE',  ( -0.000000000000000000, -1.000000000000000000, -0.000000000000000000 ) ) ;
#3051 = ORIENTED_EDGE ( 'NONE', *, *, #1311, .T. ) ;
#3052 = ORIENTED_EDGE ( 'NONE', *, *, #2258, .F. ) ;
#3053 = DIRECTION ( 'NONE',  ( 0.000000000000000000, 0.000000000000000000, -1.000000000000000000 ) ) ;
#3054 = CARTESIAN_POINT ( 'NONE',  ( 84.99999999999998579, 0.000000000000000000, -3.000000000000000000 ) ) ;
#3055 = VECTOR ( 'NONE', #253, 999.9999999999998863 ) ;
#3056 = VERTEX_POINT ( 'NONE', #2961 ) ;
#3057 = LINE ( 'NONE', #4509, #4245 ) ;
#3058 = ORIENTED_EDGE ( 'NONE', *, *, #2193, .T. ) ;
#3059 = ORIENTED_EDGE ( 'NONE', *, *, #3040, .T. ) ;
#3060 = CARTESIAN_POINT ( 'NONE',  ( 8.330569341257625993E-14, 2.500000000000000000, -35.00000000000001421 ) ) ;
#3061 = AXIS2_PLACEMENT_3D ( 'NONE', #295, #2377, #2809 ) ;
#3062 = CARTESIAN_POINT ( 'NONE',  ( -6.860497997771531562E-14, 2.500000000000000000, -7.000000000000020428 ) ) ;
#3063 = VECTOR ( 'NONE', #2172, 1000.000000000000000 ) ;
#3064 = ADVANCED_FACE ( 'NONE', ( #754 ), #3650, .F. ) ;
#3065 = CARTESIAN_POINT ( 'NONE',  ( 6.500000000000000000, 2.500000000000000000, -2.200000000000003286 ) ) ;
#3066 = CARTESIAN_POINT ( 'NONE',  ( 64.50000000000000000, 7.299999999999999822, -3.500000000000003109 ) ) ;
#3067 = LINE ( 'NONE', #3830, #1187 ) ;
#3068 = ORIENTED_EDGE ( 'NONE', *, *, #1542, .F. ) ;
#3069 = EDGE_CURVE ( 'NONE', #2231, #4178, #1804, .T. ) ;
#3070 = DIRECTION ( 'NONE',  ( 1.000000000000000000, 0.000000000000000000, 2.365532012695646217E-16 ) ) ;
#3071 = DIRECTION ( 'NONE',  ( 0.000000000000000000, 0.000000000000000000, -1.000000000000000000 ) ) ;
#3072 = CARTESIAN_POINT ( 'NONE',  ( 64.50000000000000000, 2.500000000000000000, -2.200000000000008171 ) ) ;
#3073 = FACE_OUTER_BOUND ( 'NONE', #4308, .T. ) ;
#3074 = CARTESIAN_POINT ( 'NONE',  ( 67.50000000000000000, 7.299999999999999822, -3.949485927250214839E-15 ) ) ;
#3075 = ORIENTED_EDGE ( 'NONE', *, *, #4358, .F. ) ;
#3076 = ADVANCED_FACE ( 'NONE', ( #1532 ), #394, .T. ) ;
#3077 = EDGE_CURVE ( 'NONE', #442, #4081, #3353, .T. ) ;
#3078 = PLANE ( 'NONE',  #4357 ) ;
#3079 = CARTESIAN_POINT ( 'NONE',  ( 67.00000000000000000, 2.500000000000000000, -49.00000000000000000 ) ) ;
#3080 = AXIS2_PLACEMENT_3D ( 'NONE', #3797, #3086, #3847 ) ;
#3081 = ORIENTED_EDGE ( 'NONE', *, *, #4398, .T. ) ;
#3082 = ADVANCED_FACE ( 'NONE', ( #415 ), #3695, .F. ) ;
#3083 = ORIENTED_EDGE ( 'NONE', *, *, #881, .T. ) ;
#3084 = VECTOR ( 'NONE', #1159, 1000.000000000000000 ) ;
#3085 = EDGE_LOOP ( 'NONE', ( #459, #4135 ) ) ;
#3086 = DIRECTION ( 'NONE',  ( -0.000000000000000000, -1.000000000000000000, -0.000000000000000000 ) ) ;
#3087 = DIRECTION ( 'NONE',  ( -1.000000000000000000, 0.000000000000000000, 0.000000000000000000 ) ) ;
#3088 = ORIENTED_EDGE ( 'NONE', *, *, #2103, .F. ) ;
#3089 = CIRCLE ( 'NONE', #263, 2.999999999999995559 ) ;
#3090 = ORIENTED_EDGE ( 'NONE', *, *, #2104, .F. ) ;
#3091 = CARTESIAN_POINT ( 'NONE',  ( 3.000000000000000444, 1.599999999999990319, -22.19615242270663558 ) ) ;
#3092 = CARTESIAN_POINT ( 'NONE',  ( 86.40000000000000568, 0.000000000000000000, -37.00000000000000711 ) ) ;
#3093 =( NAMED_UNIT ( * ) PLANE_ANGLE_UNIT ( ) SI_UNIT ( $, .RADIAN. ) );
#3094 = AXIS2_PLACEMENT_3D ( 'NONE', #4576, #844, #150 ) ;
#3095 = VERTEX_POINT ( 'NONE', #2602 ) ;
#3096 = LINE ( 'NONE', #1579, #1829 ) ;
#3097 = DIRECTION ( 'NONE',  ( 0.000000000000000000, 0.000000000000000000, 1.000000000000000000 ) ) ;
#3098 = VECTOR ( 'NONE', #1390, 999.9999999999998863 ) ;
#3099 = CARTESIAN_POINT ( 'NONE',  ( 1.249585401188644151E-13, 2.500000000000000000, -39.00000000000002132 ) ) ;
#3100 = DIRECTION ( 'NONE',  ( -1.000000000000000000, 0.000000000000000000, 0.000000000000000000 ) ) ;
#3101 = EDGE_CURVE ( 'NONE', #3644, #560, #61, .T. ) ;
#3102 = VECTOR ( 'NONE', #3499, 1000.000000000000000 ) ;
#3103 = ORIENTED_EDGE ( 'NONE', *, *, #406, .T. ) ;
#3104 = CARTESIAN_POINT ( 'NONE',  ( 62.00000000000000000, 0.000000000000000000, -48.99999999999999289 ) ) ;
#3105 = CARTESIAN_POINT ( 'NONE',  ( 84.99999999999998579, 0.000000000000000000, -54.40000000000001279 ) ) ;
#3106 = VECTOR ( 'NONE', #943, 1000.000000000000000 ) ;
#3107 = EDGE_CURVE ( 'NONE', #1496, #3884, #4375, .T. ) ;
#3108 = VERTEX_POINT ( 'NONE', #4435 ) ;
#3109 = FACE_OUTER_BOUND ( 'NONE', #3739, .T. ) ;
#3110 = VERTEX_POINT ( 'NONE', #1135 ) ;
#3111 = VECTOR ( 'NONE', #34, 1000.000000000000000 ) ;
#3112 = ORIENTED_EDGE ( 'NONE', *, *, #414, .F. ) ;
#3113 = LINE ( 'NONE', #570, #1315 ) ;
#3114 = ADVANCED_FACE ( 'NONE', ( #42 ), #4456, .F. ) ;
#3115 = CARTESIAN_POINT ( 'NONE',  ( 0.000000000000000000, 2.500000000000000000, 0.000000000000000000 ) ) ;
#3116 = ORIENTED_EDGE ( 'NONE', *, *, #2103, .T. ) ;
#3117 = ORIENTED_EDGE ( 'NONE', *, *, #2853, .T. ) ;
#3118 = FACE_OUTER_BOUND ( 'NONE', #44, .T. ) ;
#3119 = LINE ( 'NONE', #2422, #1179 ) ;
#3120 =( NAMED_UNIT ( * ) SI_UNIT ( $, .STERADIAN. ) SOLID_ANGLE_UNIT ( ) );
#3121 = ORIENTED_EDGE ( 'NONE', *, *, #1289, .F. ) ;
#3122 = CARTESIAN_POINT ( 'NONE',  ( 2.190714121169760127E-15, 4.299999999999999822, -33.80384757729336798 ) ) ;
#3123 = ORIENTED_EDGE ( 'NONE', *, *, #2634, .F. ) ;
#3124 = CARTESIAN_POINT ( 'NONE',  ( 88.00000000000000000, 1.599999999999990319, -3.000000000000000000 ) ) ;
#3125 = CARTESIAN_POINT ( 'NONE',  ( 2.190714121169760127E-15, 1.599999999999990319, -33.80384757729336798 ) ) ;
#3126 = CARTESIAN_POINT ( 'NONE',  ( 3.000000000000000000, 1.599999999999990319, -56.00000000000000000 ) ) ;
#3127 = ORIENTED_EDGE ( 'NONE', *, *, #2174, .T. ) ;
#3128 = CARTESIAN_POINT ( 'NONE',  ( -4.116298798662918937E-14, 2.500000000000000000, -15.00000000000001954 ) ) ;
#3129 = ADVANCED_FACE ( 'NONE', ( #372 ), #775, .F. ) ;
#3130 = CARTESIAN_POINT ( 'NONE',  ( 3.000000000000000000, 0.000000000000000000, -39.00000000000000711 ) ) ;
#3131 = PLANE ( 'NONE',  #2015 ) ;
#3132 = ORIENTED_EDGE ( 'NONE', *, *, #4567, .T. ) ;
#3133 = EDGE_LOOP ( 'NONE', ( #3691, #2585, #2415, #935, #3498, #540 ) ) ;
#3134 = EDGE_CURVE ( 'NONE', #2253, #3846, #1823, .T. ) ;
#3135 = DIRECTION ( 'NONE',  ( 0.000000000000000000, 0.000000000000000000, 1.000000000000000000 ) ) ;
#3136 = CARTESIAN_POINT ( 'NONE',  ( 3.999999999999999112, 2.500000000000000000, -56.00000000000000000 ) ) ;
#3137 = EDGE_CURVE ( 'NONE', #3796, #3945, #2979, .T. ) ;
#3138 = EDGE_CURVE ( 'NONE', #3876, #3108, #3720, .T. ) ;
#3139 = ORIENTED_EDGE ( 'NONE', *, *, #3571, .F. ) ;
#3140 = ORIENTED_EDGE ( 'NONE', *, *, #3737, .F. ) ;
#3141 = CARTESIAN_POINT ( 'NONE',  ( 0.000000000000000000, 8.799999999999998934, -2.999999999999999112 ) ) ;
#3142 = DIRECTION ( 'NONE',  ( 1.084202172485514788E-16, 0.000000000000000000, -1.000000000000000000 ) ) ;
#3143 = VECTOR ( 'NONE', #4644, 1000.000000000000000 ) ;
#3144 = EDGE_LOOP ( 'NONE', ( #3075, #2353, #3897, #241 ) ) ;
#3145 = FACE_OUTER_BOUND ( 'NONE', #600, .T. ) ;
#3146 = AXIS2_PLACEMENT_3D ( 'NONE', #1413, #2502, #364 ) ;
#3147 = CARTESIAN_POINT ( 'NONE',  ( 67.50000000000000000, 7.299999999999999822, -3.500000000000003553 ) ) ;
#3148 = LINE ( 'NONE', #1320, #2251 ) ;
#3149 = DIRECTION ( 'NONE',  ( 0.000000000000000000, 0.000000000000000000, -1.000000000000000000 ) ) ;
#3150 = ORIENTED_EDGE ( 'NONE', *, *, #4469, .F. ) ;
#3151 = CARTESIAN_POINT ( 'NONE',  ( 67.00000000000000000, 1.599999999999990319, 0.000000000000000000 ) ) ;
#3152 = CARTESIAN_POINT ( 'NONE',  ( 4.599999999999997868, 0.000000000000000000, -33.80384757729336798 ) ) ;
#3153 = CARTESIAN_POINT ( 'NONE',  ( 84.99999999999998579, 1.599999999999990319, 1.925929944387235853E-31 ) ) ;
#3154 = ORIENTED_EDGE ( 'NONE', *, *, #2756, .F. ) ;
#3155 = FACE_OUTER_BOUND ( 'NONE', #1653, .T. ) ;
#3156 = ORIENTED_EDGE ( 'NONE', *, *, #2762, .T. ) ;
#3157 = CARTESIAN_POINT ( 'NONE',  ( 88.00000000000008527, 2.500000000000000000, -37.00000000000000711 ) ) ;
#3158 = VECTOR ( 'NONE', #1711, 1000.000000000000000 ) ;
#3159 = LINE ( 'NONE', #3184, #2378 ) ;
#3160 = EDGE_CURVE ( 'NONE', #903, #2324, #1887, .T. ) ;
#3161 = VECTOR ( 'NONE', #1733, 1000.000000000000000 ) ;
#3162 = ORIENTED_EDGE ( 'NONE', *, *, #3988, .F. ) ;
#3163 = ORIENTED_EDGE ( 'NONE', *, *, #2674, .F. ) ;
#3164 = AXIS2_PLACEMENT_3D ( 'NONE', #3454, #128, #2669 ) ;
#3165 = LINE ( 'NONE', #2784, #3561 ) ;
#3166 = ADVANCED_FACE ( 'NONE', ( #708 ), #2356, .F. ) ;
#3167 = CIRCLE ( 'NONE', #4536, 1.300000000000002487 ) ;
#3168 = DIRECTION ( 'NONE',  ( -0.000000000000000000, -1.000000000000000000, -0.000000000000000000 ) ) ;
#3169 = ORIENTED_EDGE ( 'NONE', *, *, #2249, .F. ) ;
#3170 = PLANE ( 'NONE',  #3007 ) ;
#3171 = DIRECTION ( 'NONE',  ( 0.000000000000000000, 0.000000000000000000, 1.000000000000000000 ) ) ;
#3172 = VECTOR ( 'NONE', #3586, 1000.000000000000000 ) ;
#3173 = CARTESIAN_POINT ( 'NONE',  ( 86.40000000000000568, 0.000000000000000000, -3.000000000000000000 ) ) ;
#3174 = EDGE_CURVE ( 'NONE', #2040, #4731, #129, .T. ) ;
#3175 = CARTESIAN_POINT ( 'NONE',  ( -6.838813954321821474E-14, 1.599999999999989875, -9.000000000000001776 ) ) ;
#3176 = VECTOR ( 'NONE', #2648, 1000.000000000000000 ) ;
#3177 = FACE_OUTER_BOUND ( 'NONE', #3760, .T. ) ;
#3178 = DIRECTION ( 'NONE',  ( -1.000000000000000000, -0.000000000000000000, -0.000000000000000000 ) ) ;
#3179 = VECTOR ( 'NONE', #3726, 1000.000000000000000 ) ;
#3180 = ORIENTED_EDGE ( 'NONE', *, *, #4041, .T. ) ;
#3181 = DIRECTION ( 'NONE',  ( 0.000000000000000000, -0.000000000000000000, 1.000000000000000000 ) ) ;
#3182 = ORIENTED_EDGE ( 'NONE', *, *, #3191, .T. ) ;
#3183 = CARTESIAN_POINT ( 'NONE',  ( 64.50000000000000000, 7.299999999999999822, -52.50000000000000000 ) ) ;
#3184 = CARTESIAN_POINT ( 'NONE',  ( 6.500000000000000000, 7.299999999999999822, -49.50000000000000711 ) ) ;
#3185 = ORIENTED_EDGE ( 'NONE', *, *, #940, .F. ) ;
#3186 = PRODUCT_RELATED_PRODUCT_CATEGORY ( 'detail', '', ( #2423 ) ) ;
#3187 = ORIENTED_EDGE ( 'NONE', *, *, #2382, .F. ) ;
#3188 = LINE ( 'NONE', #2397, #4401 ) ;
#3189 = CARTESIAN_POINT ( 'NONE',  ( 6.500000000000000000, 4.299999999999999822, -53.80000000000000426 ) ) ;
#3190 = EDGE_CURVE ( 'NONE', #3652, #4362, #2712, .T. ) ;
#3191 = EDGE_CURVE ( 'NONE', #3973, #3817, #3048, .T. ) ;
#3192 = ORIENTED_EDGE ( 'NONE', *, *, #2220, .T. ) ;
#3193 = FACE_OUTER_BOUND ( 'NONE', #875, .T. ) ;
#3194 = LINE ( 'NONE', #676, #4082 ) ;
#3195 = FACE_OUTER_BOUND ( 'NONE', #1499, .T. ) ;
#3196 = VERTEX_POINT ( 'NONE', #916 ) ;
#3197 = DIRECTION ( 'NONE',  ( 0.000000000000000000, 0.000000000000000000, -1.000000000000000000 ) ) ;
#3198 = ADVANCED_FACE ( 'NONE', ( #2380 ), #3026, .F. ) ;
#3199 = ADVANCED_FACE ( 'NONE', ( #4195 ), #175, .F. ) ;
#3200 = ORIENTED_EDGE ( 'NONE', *, *, #3603, .F. ) ;
#3201 = FACE_OUTER_BOUND ( 'NONE', #1985, .T. ) ;
#3202 = LINE ( 'NONE', #607, #2323 ) ;
#3203 = ORIENTED_EDGE ( 'NONE', *, *, #390, .F. ) ;
#3204 = CARTESIAN_POINT ( 'NONE',  ( 86.40000000000000568, 0.000000000000000000, -3.000000000000000000 ) ) ;
#3205 = VERTEX_POINT ( 'NONE', #3072 ) ;
#3206 = FACE_OUTER_BOUND ( 'NONE', #3668, .T. ) ;
#3207 = DIRECTION ( 'NONE',  ( 1.000000000000000000, 0.000000000000000000, 0.000000000000000000 ) ) ;
#3208 = CARTESIAN_POINT ( 'NONE',  ( 67.50000000000000000, 7.299999999999999822, -3.500000000000003553 ) ) ;
#3209 = ORIENTED_EDGE ( 'NONE', *, *, #148, .T. ) ;
#3210 = CARTESIAN_POINT ( 'NONE',  ( 0.000000000000000000, 1.599999999999990319, -45.00000000000000000 ) ) ;
#3211 = PERSON_AND_ORGANIZATION_ROLE ( 'classification_officer' ) ;
#3212 = VERTEX_POINT ( 'NONE', #824 ) ;
#3213 = DIRECTION ( 'NONE',  ( 0.000000000000000000, 1.000000000000000000, 0.000000000000000000 ) ) ;
#3214 = ORIENTED_EDGE ( 'NONE', *, *, #2788, .F. ) ;
#3215 = CARTESIAN_POINT ( 'NONE',  ( 1.599999999999990319, 0.000000000000000000, -3.000000000000000000 ) ) ;
#3216 = VECTOR ( 'NONE', #126, 1000.000000000000114 ) ;
#3217 = LINE ( 'NONE', #1699, #416 ) ;
#3218 = CARTESIAN_POINT ( 'NONE',  ( -6.860497997771531562E-14, 0.000000000000000000, -7.000000000000020428 ) ) ;
#3219 = EDGE_CURVE ( 'NONE', #265, #361, #1202, .T. ) ;
#3220 = ORIENTED_EDGE ( 'NONE', *, *, #1075, .T. ) ;
#3221 = AXIS2_PLACEMENT_3D ( 'NONE', #1925, #2613, #3394 ) ;
#3222 = ORIENTED_EDGE ( 'NONE', *, *, #3834, .T. ) ;
#3223 = DIRECTION ( 'NONE',  ( 0.000000000000000000, 0.000000000000000000, -1.000000000000000000 ) ) ;
#3224 = DIRECTION ( 'NONE',  ( 0.000000000000000000, -0.000000000000000000, 1.000000000000000000 ) ) ;
#3225 = EDGE_CURVE ( 'NONE', #4086, #1117, #4462, .T. ) ;
#3226 = EDGE_CURVE ( 'NONE', #4119, #3031, #1248, .T. ) ;
#3227 = EDGE_LOOP ( 'NONE', ( #4058, #736, #1425, #3222, #3369 ) ) ;
#3228 = DIRECTION ( 'NONE',  ( 0.000000000000000000, 0.000000000000000000, 1.000000000000000000 ) ) ;
#3229 = EDGE_LOOP ( 'NONE', ( #2228, #2513, #3282, #2781 ) ) ;
#3230 = CARTESIAN_POINT ( 'NONE',  ( 3.000000000000000000, 1.599999999999990319, -56.00000000000000000 ) ) ;
#3231 = DIRECTION ( 'NONE',  ( -1.000000000000000000, 0.000000000000000000, -2.135044278125302920E-15 ) ) ;
#3232 = PLANE ( 'NONE',  #1239 ) ;
#3233 = EDGE_CURVE ( 'NONE', #285, #980, #1224, .T. ) ;
#3234 = VECTOR ( 'NONE', #163, 1000.000000000000000 ) ;
#3235 = ORIENTED_EDGE ( 'NONE', *, *, #3138, .F. ) ;
#3236 = CARTESIAN_POINT ( 'NONE',  ( 88.00000000000000000, 1.599999999999991873, -15.00000000000000000 ) ) ;
#3237 = AXIS2_PLACEMENT_3D ( 'NONE', #2063, #1303, #3584 ) ;
#3238 = ORIENTED_EDGE ( 'NONE', *, *, #457, .F. ) ;
#3239 = VECTOR ( 'NONE', #1177, 1000.000000000000000 ) ;
#3240 = EDGE_LOOP ( 'NONE', ( #1529, #3090, #1118, #2523, #585 ) ) ;
#3241 = CARTESIAN_POINT ( 'NONE',  ( 88.00000000000004263, 2.500000000000000000, -33.00000000000000000 ) ) ;
#3242 = LINE ( 'NONE', #319, #43 ) ;
#3243 = LINE ( 'NONE', #3173, #1041 ) ;
#3244 = VECTOR ( 'NONE', #791, 1000.000000000000000 ) ;
#3245 = ORIENTED_EDGE ( 'NONE', *, *, #2700, .T. ) ;
#3246 = DIRECTION ( 'NONE',  ( 0.000000000000000000, -1.000000000000000000, 0.000000000000000000 ) ) ;
#3247 = ORIENTED_EDGE ( 'NONE', *, *, #2403, .T. ) ;
#3248 = FACE_OUTER_BOUND ( 'NONE', #3732, .T. ) ;
#3249 = DIRECTION ( 'NONE',  ( 0.000000000000000000, 1.000000000000000000, 0.000000000000000000 ) ) ;
#3250 = ORIENTED_EDGE ( 'NONE', *, *, #2822, .F. ) ;
#3251 = ORIENTED_EDGE ( 'NONE', *, *, #498, .F. ) ;
#3252 = DIRECTION ( 'NONE',  ( 1.000000000000000000, 0.000000000000000000, 0.000000000000000000 ) ) ;
#3253 = ADVANCED_FACE ( 'NONE', ( #2300 ), #3736, .F. ) ;
#3254 = EDGE_CURVE ( 'NONE', #4431, #1203, #1989, .T. ) ;
#3255 = DIRECTION ( 'NONE',  ( 0.000000000000000000, -0.000000000000000000, 1.000000000000000000 ) ) ;
#3256 = VECTOR ( 'NONE', #243, 1000.000000000000000 ) ;
#3257 = DIRECTION ( 'NONE',  ( 0.000000000000000000, -0.000000000000000000, 1.000000000000000000 ) ) ;
#3258 = ORIENTED_EDGE ( 'NONE', *, *, #4650, .F. ) ;
#3259 = EDGE_CURVE ( 'NONE', #1505, #2504, #4611, .T. ) ;
#3260 = CARTESIAN_POINT ( 'NONE',  ( 1.666113868251525199E-13, 2.500000000000000000, -43.00000000000002132 ) ) ;
#3261 = DATE_AND_TIME ( #2902, #2503 ) ;
#3262 = PLANE ( 'NONE',  #1073 ) ;
#3263 = EDGE_LOOP ( 'NONE', ( #3220, #2459, #4579, #974, #2952, #4321 ) ) ;
#3264 = PLANE ( 'NONE',  #1705 ) ;
#3265 = CARTESIAN_POINT ( 'NONE',  ( 2.899999999999999911, 8.799999999999998934, -0.001667129887011203904 ) ) ;
#3266 = DIRECTION ( 'NONE',  ( 0.000000000000000000, -0.000000000000000000, 1.000000000000000000 ) ) ;
#3267 = B_SPLINE_CURVE_WITH_KNOTS ( 'NONE', 3,
 ( #827, #3841, #3433, #1205 ),
 .UNSPECIFIED., .F., .F.,
 ( 4, 4 ),
 ( 0.003952099290267710625, 0.006278605526444190794 ),
 .UNSPECIFIED. ) ;
#3268 = ORIENTED_EDGE ( 'NONE', *, *, #2193, .F. ) ;
#3269 = CARTESIAN_POINT ( 'NONE',  ( 0.000000000000000000, 8.799999999999998934, -6.500000000000002665 ) ) ;
#3270 = LINE ( 'NONE', #774, #1023 ) ;
#3271 = CARTESIAN_POINT ( 'NONE',  ( 61.50000000000000000, 4.299999999999999822, -52.50000000000000000 ) ) ;
#3272 = VERTEX_POINT ( 'NONE', #2328 ) ;
#3273 = VERTEX_POINT ( 'NONE', #3810 ) ;
#3274 = CARTESIAN_POINT ( 'NONE',  ( 2.190714121169760127E-15, 8.800999999999998380, -33.80384757729336798 ) ) ;
#3275 = CARTESIAN_POINT ( 'NONE',  ( 1.499999999999999778, 4.299999999999999822, -36.40192378864669109 ) ) ;
#3276 = EDGE_CURVE ( 'NONE', #2497, #3999, #1909, .T. ) ;
#3277 = ORIENTED_EDGE ( 'NONE', *, *, #2700, .F. ) ;
#3278 = DIRECTION ( 'NONE',  ( 0.000000000000000000, 0.000000000000000000, 1.000000000000000000 ) ) ;
#3279 = EDGE_CURVE ( 'NONE', #1901, #4009, #3785, .T. ) ;
#3280 = EDGE_CURVE ( 'NONE', #2468, #4258, #3705, .T. ) ;
#3281 = DIRECTION ( 'NONE',  ( 0.000000000000000000, 0.000000000000000000, -1.000000000000000000 ) ) ;
#3282 = ORIENTED_EDGE ( 'NONE', *, *, #2025, .T. ) ;
#3283 = CARTESIAN_POINT ( 'NONE',  ( 3.999999999999999112, 0.000000000000000000, -49.00000000000000711 ) ) ;
#3284 = LINE ( 'NONE', #4067, #2949 ) ;
#3285 = CARTESIAN_POINT ( 'NONE',  ( 67.50000000000000000, 7.299999999999999822, -3.500000000000003553 ) ) ;
#3286 = EDGE_CURVE ( 'NONE', #2897, #504, #2692, .T. ) ;
#3287 = VERTEX_POINT ( 'NONE', #4264 ) ;
#3288 = DIRECTION ( 'NONE',  ( -2.365532012695646217E-16, 0.000000000000000000, 1.000000000000000000 ) ) ;
#3289 = VECTOR ( 'NONE', #4049, 1000.000000000000000 ) ;
#3290 = CARTESIAN_POINT ( 'NONE',  ( 3.000000000000000000, 1.599999999999990319, -39.00000000000000711 ) ) ;
#3291 = CARTESIAN_POINT ( 'NONE',  ( 1.251753805533615160E-13, 0.000000000000000000, -41.00000000000000000 ) ) ;
#3292 = ORIENTED_EDGE ( 'NONE', *, *, #4567, .F. ) ;
#3293 = VERTEX_POINT ( 'NONE', #3933 ) ;
#3294 = DIRECTION ( 'NONE',  ( 0.000000000000000000, 0.000000000000000000, -1.000000000000000000 ) ) ;
#3295 = LINE ( 'NONE', #21, #2290 ) ;
#3296 = ORIENTED_EDGE ( 'NONE', *, *, #4325, .F. ) ;
#3297 = CARTESIAN_POINT ( 'NONE',  ( 62.00000000000000000, 2.500000000000000000, -7.000000000000006217 ) ) ;
#3298 = LINE ( 'NONE', #1126, #4053 ) ;
#3299 = ORIENTED_EDGE ( 'NONE', *, *, #2070, .F. ) ;
#3300 = CARTESIAN_POINT ( 'NONE',  ( 6.500000000000000000, 4.299999999999999822, -51.20000000000000284 ) ) ;
#3301 = VECTOR ( 'NONE', #1617, 1000.000000000000000 ) ;
#3302 = EDGE_CURVE ( 'NONE', #3967, #137, #625, .T. ) ;
#3303 = FACE_OUTER_BOUND ( 'NONE', #1736, .T. ) ;
#3304 = LINE ( 'NONE', #432, #4173 ) ;
#3305 = AXIS2_PLACEMENT_3D ( 'NONE', #2982, #1070, #2944 ) ;
#3306 = ORIENTED_EDGE ( 'NONE', *, *, #846, .T. ) ;
#3307 = CARTESIAN_POINT ( 'NONE',  ( 0.000000000000000000, 1.599999999999990319, -2.999999999999999556 ) ) ;
#3308 = ORIENTED_EDGE ( 'NONE', *, *, #4335, .T. ) ;
#3309 = DIRECTION ( 'NONE',  ( -0.000000000000000000, -0.7071067811865474617, 0.7071067811865474617 ) ) ;
#3310 = EDGE_CURVE ( 'NONE', #2231, #3196, #1297, .T. ) ;
#3311 = DIRECTION ( 'NONE',  ( 0.000000000000000000, 0.000000000000000000, 1.000000000000000000 ) ) ;
#3312 = ORIENTED_EDGE ( 'NONE', *, *, #2660, .F. ) ;
#3313 = EDGE_LOOP ( 'NONE', ( #4438, #3022 ) ) ;
#3314 = CIRCLE ( 'NONE', #3547, 1.400000000000012346 ) ;
#3315 = CARTESIAN_POINT ( 'NONE',  ( 88.00000000000000000, 1.599999999999990319, -29.00000000000000000 ) ) ;
#3316 = CARTESIAN_POINT ( 'NONE',  ( 86.40000000000000568, 0.000000000000000000, -3.000000000000000000 ) ) ;
#3317 = DIRECTION ( 'NONE',  ( 1.000000000000000000, 0.000000000000000000, 2.365532012695646217E-16 ) ) ;
#3318 = VECTOR ( 'NONE', #255, 1000.000000000000000 ) ;
#3319 = ORIENTED_EDGE ( 'NONE', *, *, #1289, .T. ) ;
#3320 = LINE ( 'NONE', #2569, #2391 ) ;
#3321 = VECTOR ( 'NONE', #2687, 1000.000000000000000 ) ;
#3322 = DIRECTION ( 'NONE',  ( -1.000000000000000000, -0.000000000000000000, -3.154042683594195121E-16 ) ) ;
#3323 = AXIS2_PLACEMENT_3D ( 'NONE', #3297, #3975, #2151 ) ;
#3324 = CC_DESIGN_DATE_AND_TIME_ASSIGNMENT ( #3573, #694, ( #4633 ) ) ;
#3325 = PLANE ( 'NONE',  #1984 ) ;
#3326 = VERTEX_POINT ( 'NONE', #4625 ) ;
#3327 = DIRECTION ( 'NONE',  ( 0.000000000000000000, 0.000000000000000000, -1.000000000000000000 ) ) ;
#3328 = AXIS2_PLACEMENT_3D ( 'NONE', #2791, #3528, #3428 ) ;
#3329 = CARTESIAN_POINT ( 'NONE',  ( 1.251753805533615160E-13, 2.500000000000000000, -41.00000000000000000 ) ) ;
#3330 = LINE ( 'NONE', #2664, #3111 ) ;
#3331 = LOCAL_TIME ( 22, 2, 39.00000000000000000, #1955 ) ;
#3332 = ORIENTED_EDGE ( 'NONE', *, *, #1841, .F. ) ;
#3333 = ADVANCED_FACE ( 'NONE', ( #2812 ), #4599, .F. ) ;
#3334 = EDGE_CURVE ( 'NONE', #3984, #945, #2506, .T. ) ;
#3335 = CARTESIAN_POINT ( 'NONE',  ( 1.666113868251525199E-13, 2.500000000000000000, -43.00000000000002132 ) ) ;
#3336 = CARTESIAN_POINT ( 'NONE',  ( 0.000000000000000000, 7.299999999999999822, -49.50000000000000000 ) ) ;
#3337 = DIRECTION ( 'NONE',  ( -1.334402673828312600E-16, 0.000000000000000000, -1.000000000000000000 ) ) ;
#3338 = ORIENTED_EDGE ( 'NONE', *, *, #1343, .T. ) ;
#3339 = ADVANCED_FACE ( 'NONE', ( #3598 ), #2082, .F. ) ;
#3340 = ADVANCED_FACE ( 'NONE', ( #986 ), #2452, .F. ) ;
#3341 = VERTEX_POINT ( 'NONE', #966 ) ;
#3342 = CARTESIAN_POINT ( 'NONE',  ( 3.999999999999999112, 2.500000000000000000, -7.000000000000006217 ) ) ;
#3343 = VERTEX_POINT ( 'NONE', #225 ) ;
#3344 = ORIENTED_EDGE ( 'NONE', *, *, #211, .F. ) ;
#3345 = LINE ( 'NONE', #4542, #1335 ) ;
#3346 = EDGE_LOOP ( 'NONE', ( #2539, #756, #4022, #3651, #511, #3607 ) ) ;
#3347 = CARTESIAN_POINT ( 'NONE',  ( 9.499999999999994671, 7.299999999999999822, -52.50000000000000711 ) ) ;
#3348 = CARTESIAN_POINT ( 'NONE',  ( 6.500000000000000000, 7.299999999999999822, -6.500000000000004441 ) ) ;
#3349 = CARTESIAN_POINT ( 'NONE',  ( 3.000000000000001332, 1.599999999999990319, -27.00000000000002132 ) ) ;
#3350 = ORIENTED_EDGE ( 'NONE', *, *, #2667, .T. ) ;
#3351 = CARTESIAN_POINT ( 'NONE',  ( 1.845299461620729220, 0.9094010767584952415, -37.00000000000000711 ) ) ;
#3352 = CARTESIAN_POINT ( 'NONE',  ( 67.00000000000000000, 2.500000000000000000, -48.99999999999999289 ) ) ;
#3353 = LINE ( 'NONE', #3291, #3628 ) ;
#3354 = EDGE_CURVE ( 'NONE', #219, #3212, #4315, .T. ) ;
#3355 = ORIENTED_EDGE ( 'NONE', *, *, #3366, .T. ) ;
#3356 = ORIENTED_EDGE ( 'NONE', *, *, #2762, .F. ) ;
#3357 = LINE ( 'NONE', #84, #2932 ) ;
#3358 = CARTESIAN_POINT ( 'NONE',  ( -1.372099599554306312E-14, 2.500000000000000000, -23.00000000000002132 ) ) ;
#3359 = ADVANCED_FACE ( 'NONE', ( #602 ), #3504, .F. ) ;
#3360 = AXIS2_PLACEMENT_3D ( 'NONE', #1821, #370, #2599 ) ;
#3361 = EDGE_CURVE ( 'NONE', #804, #1505, #3242, .T. ) ;
#3362 = ORIENTED_EDGE ( 'NONE', *, *, #434, .F. ) ;
#3363 = ORIENTED_EDGE ( 'NONE', *, *, #212, .F. ) ;
#3364 = VECTOR ( 'NONE', #3368, 1000.000000000000000 ) ;
#3365 = ORIENTED_EDGE ( 'NONE', *, *, #886, .T. ) ;
#3366 = EDGE_CURVE ( 'NONE', #442, #3110, #3194, .T. ) ;
#3367 = CARTESIAN_POINT ( 'NONE',  ( 9.000000000000000000, 2.500000000000000000, 0.000000000000000000 ) ) ;
#3368 = DIRECTION ( 'NONE',  ( -0.000000000000000000, -1.000000000000000000, -0.000000000000000000 ) ) ;
#3369 = ORIENTED_EDGE ( 'NONE', *, *, #3191, .F. ) ;
#3370 = CARTESIAN_POINT ( 'NONE',  ( 9.500000000000000000, 7.299999999999999822, -3.500000000000003553 ) ) ;
#3371 = LINE ( 'NONE', #96, #2721 ) ;
#3372 = LINE ( 'NONE', #1108, #2185 ) ;
#3373 = VERTEX_POINT ( 'NONE', #1728 ) ;
#3374 = CARTESIAN_POINT ( 'NONE',  ( 64.50000000000000000, 7.299999999999999822, -52.50000000000000000 ) ) ;
#3375 = VECTOR ( 'NONE', #2923, 1000.000000000000000 ) ;
#3376 = CARTESIAN_POINT ( 'NONE',  ( 86.40000000000000568, 0.000000000000000000, -43.00000000000000000 ) ) ;
#3377 = DIRECTION ( 'NONE',  ( 0.000000000000000000, 1.000000000000000000, 0.000000000000000000 ) ) ;
#3378 = VECTOR ( 'NONE', #3965, 1000.000000000000000 ) ;
#3379 = ORIENTED_EDGE ( 'NONE', *, *, #2788, .T. ) ;
#3380 = DIRECTION ( 'NONE',  ( 0.7071067811865475727, 0.7071067811865475727, 0.000000000000000000 ) ) ;
#3381 = CARTESIAN_POINT ( 'NONE',  ( -4.116298798662918937E-14, 2.500000000000000000, -15.00000000000001954 ) ) ;
#3382 = VECTOR ( 'NONE', #1422, 1000.000000000000000 ) ;
#3383 = VECTOR ( 'NONE', #2096, 1000.000000000000000 ) ;
#3384 = ORIENTED_EDGE ( 'NONE', *, *, #4678, .T. ) ;
#3385 = ORIENTED_EDGE ( 'NONE', *, *, #180, .F. ) ;
#3386 = EDGE_CURVE ( 'NONE', #4155, #3033, #3217, .T. ) ;
#3387 = EDGE_CURVE ( 'NONE', #4009, #1153, #3148, .T. ) ;
#3388 = EDGE_LOOP ( 'NONE', ( #1753, #1884, #1765, #162 ) ) ;
#3389 = CARTESIAN_POINT ( 'NONE',  ( 4.599999999999992539, 0.000000000000000000, -3.000000000000012879 ) ) ;
#3390 = CIRCLE ( 'NONE', #800, 3.000000000000002665 ) ;
#3391 = DIRECTION ( 'NONE',  ( -0.000000000000000000, -1.000000000000000000, -0.000000000000000000 ) ) ;
#3392 = VECTOR ( 'NONE', #2670, 1000.000000000000000 ) ;
#3393 = EDGE_CURVE ( 'NONE', #2862, #4258, #4647, .T. ) ;
#3394 = DIRECTION ( 'NONE',  ( 0.000000000000000000, 0.000000000000000000, 1.000000000000000000 ) ) ;
#3395 = CARTESIAN_POINT ( 'NONE',  ( 3.000000000000000888, 8.800999999999998380, -25.00000000000000000 ) ) ;
#3396 = LINE ( 'NONE', #4491, #488 ) ;
#3397 = VECTOR ( 'NONE', #3594, 999.9999999999998863 ) ;
#3398 = ORIENTED_EDGE ( 'NONE', *, *, #3047, .T. ) ;
#3399 = PLANE ( 'NONE',  #1898 ) ;
#3400 = VECTOR ( 'NONE', #4006, 1000.000000000000000 ) ;
#3401 = ORIENTED_EDGE ( 'NONE', *, *, #1317, .T. ) ;
#3402 = CYLINDRICAL_SURFACE ( 'NONE', #2239, 3.000000000000002665 ) ;
#3403 = DIRECTION ( 'NONE',  ( -1.000000000000000000, 0.000000000000000000, -0.000000000000000000 ) ) ;
#3404 = LOCAL_TIME ( 22, 2, 39.00000000000000000, #4617 ) ;
#3405 = EDGE_LOOP ( 'NONE', ( #3059, #2820 ) ) ;
#3406 = ORIENTED_EDGE ( 'NONE', *, *, #786, .F. ) ;
#3407 = LINE ( 'NONE', #1280, #2553 ) ;
#3408 = DIRECTION ( 'NONE',  ( 0.000000000000000000, 0.000000000000000000, 1.000000000000000000 ) ) ;
#3409 = APPROVAL ( #3043, '未指定' ) ;
#3410 = ORIENTED_EDGE ( 'NONE', *, *, #3688, .T. ) ;
#3411 = LINE ( 'NONE', #1234, #423 ) ;
#3412 = EDGE_LOOP ( 'NONE', ( #1692, #1842, #2775, #710 ) ) ;
#3413 = ORIENTED_EDGE ( 'NONE', *, *, #3386, .F. ) ;
#3414 = DIRECTION ( 'NONE',  ( 1.334402673828312600E-16, 0.000000000000000000, 1.000000000000000000 ) ) ;
#3415 = FACE_OUTER_BOUND ( 'NONE', #1293, .T. ) ;
#3416 = EDGE_CURVE ( 'NONE', #3677, #4369, #2058, .T. ) ;
#3417 = DIRECTION ( 'NONE',  ( -0.7071067811865474617, 0.7071067811865474617, -1.672683727290953650E-16 ) ) ;
#3418 = DIRECTION ( 'NONE',  ( -0.000000000000000000, -1.000000000000000000, -0.000000000000000000 ) ) ;
#3419 = CARTESIAN_POINT ( 'NONE',  ( 88.00000000000000000, 1.599999999999990319, -25.00000000000000000 ) ) ;
#3420 = ADVANCED_FACE ( 'NONE', ( #1345 ), #2835, .F. ) ;
#3421 = EDGE_CURVE ( 'NONE', #1109, #1757, #299, .T. ) ;
#3422 = ORIENTED_EDGE ( 'NONE', *, *, #2589, .F. ) ;
#3423 = DIRECTION ( 'NONE',  ( -1.000000000000000000, -0.000000000000000000, -2.365532012695646217E-16 ) ) ;
#3424 = VERTEX_POINT ( 'NONE', #2203 ) ;
#3425 = LINE ( 'NONE', #1886, #3239 ) ;
#3426 = APPLICATION_CONTEXT ( 'configuration controlled 3d designs of mechanical parts and assemblies' ) ;
#3427 = DIRECTION ( 'NONE',  ( -1.000000000000000000, 0.000000000000000000, -0.000000000000000000 ) ) ;
#3428 = DIRECTION ( 'NONE',  ( 0.000000000000000000, 0.000000000000000000, -1.000000000000000000 ) ) ;
#3429 = CARTESIAN_POINT ( 'NONE',  ( 3.000000000000000000, 1.599999999999990319, 0.000000000000000000 ) ) ;
#3430 = EDGE_CURVE ( 'NONE', #1641, #2395, #3622, .T. ) ;
#3431 = VERTEX_POINT ( 'NONE', #3265 ) ;
#3432 = PLANE ( 'NONE',  #689 ) ;
#3433 = CARTESIAN_POINT ( 'NONE',  ( 3.883456890480326607, 0.5390959511254321823, -21.00000000000000000 ) ) ;
#3434 = CARTESIAN_POINT ( 'NONE',  ( 0.7639320225002279585, 4.299999999999999822, -19.00000000000002132 ) ) ;
#3435 = VECTOR ( 'NONE', #4319, 1000.000000000000000 ) ;
#3436 = VERTEX_POINT ( 'NONE', #2250 ) ;
#3437 = PLANE ( 'NONE',  #578 ) ;
#3438 = ORIENTED_EDGE ( 'NONE', *, *, #4594, .F. ) ;
#3439 = EDGE_LOOP ( 'NONE', ( #530, #2971, #36, #429, #2968, #4372, #1560, #1806, #1502, #2544, #598, #3209 ) ) ;
#3440 = LINE ( 'NONE', #4584, #169 ) ;
#3441 = VECTOR ( 'NONE', #4413, 1000.000000000000000 ) ;
#3442 = CARTESIAN_POINT ( 'NONE',  ( 9.500000000000000000, 4.299999999999999822, -3.500000000000003553 ) ) ;
#3443 = CIRCLE ( 'NONE', #458, 1.299999999999994715 ) ;
#3444 = CARTESIAN_POINT ( 'NONE',  ( -4.116298798662918937E-14, 0.000000000000000000, -15.00000000000001954 ) ) ;
#3445 = EDGE_CURVE ( 'NONE', #2127, #2947, #1259, .T. ) ;
#3446 = ORIENTED_EDGE ( 'NONE', *, *, #4057, .T. ) ;
#3447 = CARTESIAN_POINT ( 'NONE',  ( 87.99999999999994316, 1.599999999999935252, -13.00000000000000178 ) ) ;
#3448 = CARTESIAN_POINT ( 'NONE',  ( 84.99999999999998579, 0.000000000000000000, -3.000000000000000000 ) ) ;
#3449 = DIRECTION ( 'NONE',  ( -0.000000000000000000, -0.000000000000000000, 1.000000000000000000 ) ) ;
#3450 = ORIENTED_EDGE ( 'NONE', *, *, #1979, .T. ) ;
#3451 = CARTESIAN_POINT ( 'NONE',  ( 4.165284670628812997E-14, 2.500000000000000000, -31.00000000000002132 ) ) ;
#3452 = EDGE_CURVE ( 'NONE', #628, #1496, #56, .T. ) ;
#3453 = EDGE_CURVE ( 'NONE', #546, #112, #3284, .T. ) ;
#3454 = CARTESIAN_POINT ( 'NONE',  ( 3.000000000000000000, 1.599999999999990319, -20.00000000000000000 ) ) ;
#3455 = DIRECTION ( 'NONE',  ( -0.000000000000000000, -1.000000000000000000, -0.000000000000000000 ) ) ;
#3456 = DIRECTION ( 'NONE',  ( -0.7071067811865474617, 0.7071067811865474617, -1.672683727290953650E-16 ) ) ;
#3457 = CARTESIAN_POINT ( 'NONE',  ( 3.000000000000002220, 8.800999999999998380, -33.00000000000000000 ) ) ;
#3458 = AXIS2_PLACEMENT_3D ( 'NONE', #2590, #3972, #3257 ) ;
#3459 = VERTEX_POINT ( 'NONE', #1417 ) ;
#3460 = ORIENTED_EDGE ( 'NONE', *, *, #1029, .T. ) ;
#3461 = EDGE_CURVE ( 'NONE', #1454, #678, #2930, .T. ) ;
#3462 = CARTESIAN_POINT ( 'NONE',  ( 88.00000000000015632, 1.600000000000157296, -45.00000000000000000 ) ) ;
#3463 = CARTESIAN_POINT ( 'NONE',  ( 2.751221434500144891, 1.599999999999990097, -35.00000000000001421 ) ) ;
#3464 = ORIENTED_EDGE ( 'NONE', *, *, #1987, .T. ) ;
#3465 = DIRECTION ( 'NONE',  ( -0.000000000000000000, -1.000000000000000000, -0.000000000000000000 ) ) ;
#3466 = ORIENTED_EDGE ( 'NONE', *, *, #1979, .F. ) ;
#3467 = AXIS2_PLACEMENT_3D ( 'NONE', #731, #4349, #3649 ) ;
#3468 = ORIENTED_EDGE ( 'NONE', *, *, #4113, .F. ) ;
#3469 = DIRECTION ( 'NONE',  ( -1.000000000000000000, -0.000000000000000000, -2.365532012695646217E-16 ) ) ;
#3470 = LINE ( 'NONE', #3208, #3901 ) ;
#3471 = VECTOR ( 'NONE', #2320, 1000.000000000000000 ) ;
#3472 = CIRCLE ( 'NONE', #3850, 4.599999999999989875 ) ;
#3473 = ORIENTED_EDGE ( 'NONE', *, *, #3069, .F. ) ;
#3474 = CARTESIAN_POINT ( 'NONE',  ( 2.899999999999999911, 8.799999999999998934, 0.000000000000000000 ) ) ;
#3475 = DIRECTION ( 'NONE',  ( -0.7071067811865474617, -0.7071067811865474617, -1.672683727290953650E-16 ) ) ;
#3476 = DIRECTION ( 'NONE',  ( 0.000000000000000000, 1.000000000000000000, 0.000000000000000000 ) ) ;
#3477 = VECTOR ( 'NONE', #2458, 999.9999999999998863 ) ;
#3478 = CARTESIAN_POINT ( 'NONE',  ( 87.99999999999994316, 2.500000000000000000, -11.00000000000000000 ) ) ;
#3479 = DIRECTION ( 'NONE',  ( 1.084202172485514788E-16, 0.000000000000000000, -1.000000000000000000 ) ) ;
#3480 = CARTESIAN_POINT ( 'NONE',  ( 1.845299461620729220, 0.9094010767584952415, -37.00000000000000711 ) ) ;
#3481 = CARTESIAN_POINT ( 'NONE',  ( 3.000000000000002220, 1.599999999999990319, -33.80384757729336798 ) ) ;
#3482 = EDGE_CURVE ( 'NONE', #546, #1760, #2551, .T. ) ;
#3483 = ADVANCED_FACE ( 'NONE', ( #1799 ), #2954, .F. ) ;
#3484 = AXIS2_PLACEMENT_3D ( 'NONE', #1033, #2470, #1338 ) ;
#3485 = ORIENTED_EDGE ( 'NONE', *, *, #1489, .F. ) ;
#3486 = CARTESIAN_POINT ( 'NONE',  ( 6.500000000000000000, 7.299999999999999822, -49.50000000000000000 ) ) ;
#3487 = CARTESIAN_POINT ( 'NONE',  ( 88.00000000000004263, 2.500000000000000000, -31.00000000000000000 ) ) ;
#3488 = DIRECTION ( 'NONE',  ( 0.000000000000000000, 0.000000000000000000, 1.000000000000000000 ) ) ;
#3489 = AXIS2_PLACEMENT_3D ( 'NONE', #258, #4635, #1353 ) ;
#3490 = ADVANCED_FACE ( 'NONE', ( #2183 ), #1061, .F. ) ;
#3491 = EDGE_CURVE ( 'NONE', #4328, #343, #4005, .T. ) ;
#3492 = ORIENTED_EDGE ( 'NONE', *, *, #66, .T. ) ;
#3493 = ORIENTED_EDGE ( 'NONE', *, *, #2694, .F. ) ;
#3494 = VECTOR ( 'NONE', #4451, 1000.000000000000000 ) ;
#3495 = CARTESIAN_POINT ( 'NONE',  ( 3.000000000000000000, 0.000000000000000000, -3.000000000000000000 ) ) ;
#3496 = CARTESIAN_POINT ( 'NONE',  ( 87.99999999999995737, 2.500000000000000000, -17.00000000000000000 ) ) ;
#3497 = VERTEX_POINT ( 'NONE', #4387 ) ;
#3498 = ORIENTED_EDGE ( 'NONE', *, *, #3637, .T. ) ;
#3499 = DIRECTION ( 'NONE',  ( 0.000000000000000000, 0.000000000000000000, -1.000000000000000000 ) ) ;
#3500 = DIRECTION ( 'NONE',  ( 1.000000000000000000, 0.000000000000000000, 0.000000000000000000 ) ) ;
#3501 = CARTESIAN_POINT ( 'NONE',  ( 2.839323688822377179, 0.3372560385012350892, -19.00000000000002132 ) ) ;
#3502 = ORIENTED_EDGE ( 'NONE', *, *, #822, .F. ) ;
#3503 = CARTESIAN_POINT ( 'NONE',  ( 88.00000000000011369, 2.500000000000000000, -39.00000000000000000 ) ) ;
#3504 = CYLINDRICAL_SURFACE ( 'NONE', #802, 1.300000000000000044 ) ;
#3505 = DIRECTION ( 'NONE',  ( 0.000000000000000000, 0.000000000000000000, -1.000000000000000000 ) ) ;
#3506 = EDGE_LOOP ( 'NONE', ( #4570, #3718, #3957, #2383 ) ) ;
#3507 = DIRECTION ( 'NONE',  ( 0.000000000000000000, 0.000000000000000000, 1.000000000000000000 ) ) ;
#3508 = CARTESIAN_POINT ( 'NONE',  ( 88.00000000000000000, 1.599999999999990319, -3.000000000000000000 ) ) ;
#3509 = EDGE_CURVE ( 'NONE', #3849, #331, #2529, .T. ) ;
#3510 = DIRECTION ( 'NONE',  ( -0.000000000000000000, -1.000000000000000000, -0.000000000000000000 ) ) ;
#3511 = EDGE_LOOP ( 'NONE', ( #2152, #2568, #3620, #464, #3103 ) ) ;
#3512 = PLANE ( 'NONE',  #2182 ) ;
#3513 = ORIENTED_EDGE ( 'NONE', *, *, #906, .T. ) ;
#3514 = CARTESIAN_POINT ( 'NONE',  ( 3.000000000000002665, 8.799999999999998934, -2.999999999999999112 ) ) ;
#3515 = ADVANCED_FACE ( 'NONE', ( #1083, #431 ), #4344, .T. ) ;
#3516 = DIRECTION ( 'NONE',  ( 0.000000000000000000, 0.000000000000000000, -1.000000000000000000 ) ) ;
#3517 = VECTOR ( 'NONE', #4072, 1000.000000000000000 ) ;
#3518 = VERTEX_POINT ( 'NONE', #1882 ) ;
#3519 = ORIENTED_EDGE ( 'NONE', *, *, #1726, .F. ) ;
#3520 = DIRECTION ( 'NONE',  ( 0.000000000000000000, -1.000000000000000000, 0.000000000000000000 ) ) ;
#3521 = SHAPE_DEFINITION_REPRESENTATION ( #3612, #271 ) ;
#3522 = AXIS2_PLACEMENT_3D ( 'NONE', #471, #2636, #1522 ) ;
#3523 = ORIENTED_EDGE ( 'NONE', *, *, #179, .F. ) ;
#3524 = CARTESIAN_POINT ( 'NONE',  ( 1.845299461620735215, 0.9094010767585156696, -19.00000000000002132 ) ) ;
#3525 = ORIENTED_EDGE ( 'NONE', *, *, #931, .T. ) ;
#3526 = PLANE ( 'NONE',  #862 ) ;
#3527 = CARTESIAN_POINT ( 'NONE',  ( 0.000000000000000000, 1.599999999999990319, -3.000000000000000000 ) ) ;
#3528 = DIRECTION ( 'NONE',  ( -0.000000000000000000, -1.000000000000000000, -0.000000000000000000 ) ) ;
#3529 = EDGE_LOOP ( 'NONE', ( #4076, #2191, #3989, #4573, #604, #4583 ) ) ;
#3530 = FACE_OUTER_BOUND ( 'NONE', #1262, .T. ) ;
#3531 = DIRECTION ( 'NONE',  ( -0.7071067811865475727, 0.7071067811865475727, 0.000000000000000000 ) ) ;
#3532 = DIRECTION ( 'NONE',  ( -0.7071067811865475727, 0.7071067811865475727, 0.000000000000000000 ) ) ;
#3533 = ORIENTED_EDGE ( 'NONE', *, *, #1403, .T. ) ;
#3534 = DIRECTION ( 'NONE',  ( 0.000000000000000000, -0.000000000000000000, 1.000000000000000000 ) ) ;
#3535 = ORIENTED_EDGE ( 'NONE', *, *, #1057, .F. ) ;
#3536 = CARTESIAN_POINT ( 'NONE',  ( 1.500000000000000444, 8.800999999999998380, -36.40192378864669109 ) ) ;
#3537 = VECTOR ( 'NONE', #944, 1000.000000000000000 ) ;
#3538 = CARTESIAN_POINT ( 'NONE',  ( 87.99999999999994316, 2.500000000000000000, -13.00000000000000178 ) ) ;
#3539 = VECTOR ( 'NONE', #1471, 1000.000000000000000 ) ;
#3540 = ADVANCED_FACE ( 'NONE', ( #3303 ), #4409, .F. ) ;
#3541 = ADVANCED_FACE ( 'NONE', ( #2616 ), #1819, .F. ) ;
#3542 = EDGE_LOOP ( 'NONE', ( #2805, #1669, #1717, #220 ) ) ;
#3543 = ORIENTED_EDGE ( 'NONE', *, *, #3452, .T. ) ;
#3544 = VECTOR ( 'NONE', #3784, 1000.000000000000000 ) ;
#3545 = LINE ( 'NONE', #2829, #1715 ) ;
#3546 = EDGE_CURVE ( 'NONE', #2100, #782, #2225, .T. ) ;
#3547 = AXIS2_PLACEMENT_3D ( 'NONE', #2654, #3742, #420 ) ;
#3548 = ORIENTED_EDGE ( 'NONE', *, *, #4679, .T. ) ;
#3549 = FACE_OUTER_BOUND ( 'NONE', #747, .T. ) ;
#3550 = EDGE_LOOP ( 'NONE', ( #1005, #4188, #2677, #924 ) ) ;
#3551 = FACE_OUTER_BOUND ( 'NONE', #1419, .T. ) ;
#3552 = DIRECTION ( 'NONE',  ( -2.365532012695646217E-16, 0.000000000000000000, 1.000000000000000000 ) ) ;
#3553 = VECTOR ( 'NONE', #2259, 1000.000000000000000 ) ;
#3554 = CARTESIAN_POINT ( 'NONE',  ( 9.000000000000000000, 2.500000000000000000, -49.00000000000000711 ) ) ;
#3555 = ORIENTED_EDGE ( 'NONE', *, *, #2735, .T. ) ;
#3556 = DIRECTION ( 'NONE',  ( -0.000000000000000000, 1.000000000000000000, -0.000000000000000000 ) ) ;
#3557 = AXIS2_PLACEMENT_3D ( 'NONE', #3448, #4474, #1216 ) ;
#3558 = VERTEX_POINT ( 'NONE', #3329 ) ;
#3559 = PLANE ( 'NONE',  #553 ) ;
#3560 = LINE ( 'NONE', #1423, #3318 ) ;
#3561 = VECTOR ( 'NONE', #3572, 1000.000000000000000 ) ;
#3562 = ORIENTED_EDGE ( 'NONE', *, *, #1632, .F. ) ;
#3563 = DIRECTION ( 'NONE',  ( 0.000000000000000000, 1.000000000000000000, 0.000000000000000000 ) ) ;
#3564 = ORIENTED_EDGE ( 'NONE', *, *, #2845, .F. ) ;
#3565 = LINE ( 'NONE', #3893, #470 ) ;
#3566 = VECTOR ( 'NONE', #3149, 1000.000000000000000 ) ;
#3567 = CARTESIAN_POINT ( 'NONE',  ( 9.499999999999994671, 7.299999999999999822, -55.99999999999998579 ) ) ;
#3568 = FACE_BOUND ( 'NONE', #3405, .T. ) ;
#3569 = VECTOR ( 'NONE', #1172, 999.9999999999998863 ) ;
#3570 = VERTEX_POINT ( 'NONE', #4429 ) ;
#3571 = EDGE_CURVE ( 'NONE', #1721, #1153, #2973, .T. ) ;
#3572 = DIRECTION ( 'NONE',  ( 1.000000000000000000, 0.000000000000000000, 0.000000000000000000 ) ) ;
#3573 = DATE_AND_TIME ( #4694, #121 ) ;
#3574 = EDGE_LOOP ( 'NONE', ( #1207, #4054, #23, #1137 ) ) ;
#3575 = DIRECTION ( 'NONE',  ( 0.000000000000000000, 0.000000000000000000, -1.000000000000000000 ) ) ;
#3576 = DIRECTION ( 'NONE',  ( 0.000000000000000000, 0.000000000000000000, 1.000000000000000000 ) ) ;
#3577 = EDGE_CURVE ( 'NONE', #980, #2603, #3779, .T. ) ;
#3578 = EDGE_CURVE ( 'NONE', #2574, #2389, #725, .T. ) ;
#3579 = DIRECTION ( 'NONE',  ( 0.7071067811865475727, 0.7071067811865475727, 0.000000000000000000 ) ) ;
#3580 = PLANE ( 'NONE',  #1339 ) ;
#3581 = VERTEX_POINT ( 'NONE', #4163 ) ;
#3582 = CARTESIAN_POINT ( 'NONE',  ( 84.99999999999998579, 1.599999999999989431, -53.00000000000000000 ) ) ;
#3583 = ORIENTED_EDGE ( 'NONE', *, *, #1517, .T. ) ;
#3584 = DIRECTION ( 'NONE',  ( 0.000000000000000000, 0.000000000000000000, -1.000000000000000000 ) ) ;
#3585 = EDGE_CURVE ( 'NONE', #4698, #938, #167, .T. ) ;
#3586 = DIRECTION ( 'NONE',  ( 0.000000000000000000, 0.000000000000000000, -1.000000000000000000 ) ) ;
#3587 = EDGE_LOOP ( 'NONE', ( #2618, #78, #718, #2265 ) ) ;
#3588 = DIRECTION ( 'NONE',  ( -0.000000000000000000, 1.000000000000000000, -0.000000000000000000 ) ) ;
#3589 = ORIENTED_EDGE ( 'NONE', *, *, #3138, .T. ) ;
#3590 = LINE ( 'NONE', #3536, #3158 ) ;
#3591 = DIRECTION ( 'NONE',  ( -0.000000000000000000, 1.000000000000000000, 0.000000000000000000 ) ) ;
#3592 = LINE ( 'NONE', #3614, #3375 ) ;
#3593 = ORIENTED_EDGE ( 'NONE', *, *, #3585, .F. ) ;
#3594 = DIRECTION ( 'NONE',  ( -0.7071067811865487940, 0.7071067811865463515, -1.672683727290956608E-16 ) ) ;
#3595 = ORIENTED_EDGE ( 'NONE', *, *, #4338, .F. ) ;
#3596 = CARTESIAN_POINT ( 'NONE',  ( -2.722515155658902536E-14, 0.000000000000000000, -21.00000000000000000 ) ) ;
#3597 = VECTOR ( 'NONE', #1907, 1000.000000000000000 ) ;
#3598 = FACE_OUTER_BOUND ( 'NONE', #3693, .T. ) ;
#3599 = LINE ( 'NONE', #2836, #1191 ) ;
#3600 = ORIENTED_EDGE ( 'NONE', *, *, #3421, .F. ) ;
#3601 = ADVANCED_FACE ( 'NONE', ( #3829 ), #143, .F. ) ;
#3602 = VECTOR ( 'NONE', #2098, 1000.000000000000000 ) ;
#3603 = EDGE_CURVE ( 'NONE', #909, #2580, #1625, .T. ) ;
#3604 = LINE ( 'NONE', #4703, #77 ) ;
#3605 = ORIENTED_EDGE ( 'NONE', *, *, #3764, .T. ) ;
#3606 = LINE ( 'NONE', #2090, #1102 ) ;
#3607 = ORIENTED_EDGE ( 'NONE', *, *, #2956, .F. ) ;
#3608 = DIRECTION ( 'NONE',  ( 0.000000000000000000, -0.000000000000000000, 1.000000000000000000 ) ) ;
#3609 = EDGE_CURVE ( 'NONE', #2715, #2916, #1575, .T. ) ;
#3610 = VERTEX_POINT ( 'NONE', #3042 ) ;
#3611 = LINE ( 'NONE', #332, #1468 ) ;
#3612 = PRODUCT_DEFINITION_SHAPE ( 'NONE', 'NONE',  #2424 ) ;
#3613 = LINE ( 'NONE', #2542, #3766 ) ;
#3614 = CARTESIAN_POINT ( 'NONE',  ( 86.40000000000000568, 0.000000000000000000, -3.000000000000000000 ) ) ;
#3615 = ORIENTED_EDGE ( 'NONE', *, *, #4587, .F. ) ;
#3616 = FACE_OUTER_BOUND ( 'NONE', #374, .T. ) ;
#3617 = VECTOR ( 'NONE', #3886, 1000.000000000000000 ) ;
#3618 = CARTESIAN_POINT ( 'NONE',  ( 9.000000000000000000, 2.500000000000000000, -49.00000000000000711 ) ) ;
#3619 = AXIS2_PLACEMENT_3D ( 'NONE', #1654, #965, #3576 ) ;
#3620 = ORIENTED_EDGE ( 'NONE', *, *, #3827, .F. ) ;
#3621 = CARTESIAN_POINT ( 'NONE',  ( 9.500000000000000000, 7.299999999999999822, -3.500000000000003553 ) ) ;
#3622 = LINE ( 'NONE', #33, #2570 ) ;
#3623 = CARTESIAN_POINT ( 'NONE',  ( 2.168404344971008868E-16, 2.500000000000000000, -29.00000000000000000 ) ) ;
#3624 = VECTOR ( 'NONE', #430, 1000.000000000000000 ) ;
#3625 = ORIENTED_EDGE ( 'NONE', *, *, #3888, .F. ) ;
#3626 = CARTESIAN_POINT ( 'NONE',  ( 67.00000000000000000, 2.500000000000000000, 0.000000000000000000 ) ) ;
#3627 = DIRECTION ( 'NONE',  ( 0.000000000000000000, 1.000000000000000000, 0.000000000000000000 ) ) ;
#3628 = VECTOR ( 'NONE', #1467, 1000.000000000000000 ) ;
#3629 = DIRECTION ( 'NONE',  ( 0.000000000000000000, -0.000000000000000000, 1.000000000000000000 ) ) ;
#3630 = EDGE_CURVE ( 'NONE', #4482, #1750, #3396, .T. ) ;
#3631 = VECTOR ( 'NONE', #4027, 1000.000000000000000 ) ;
#3632 = ORIENTED_EDGE ( 'NONE', *, *, #3280, .F. ) ;
#3633 = ORIENTED_EDGE ( 'NONE', *, *, #3864, .F. ) ;
#3634 = CARTESIAN_POINT ( 'NONE',  ( 3.999999999999999112, 2.500000000000000000, -56.00000000000000000 ) ) ;
#3635 = CARTESIAN_POINT ( 'NONE',  ( 2.190714121169760127E-15, 0.000000000000000000, -33.80384757729336798 ) ) ;
#3636 = VECTOR ( 'NONE', #1101, 1000.000000000000114 ) ;
#3637 = EDGE_CURVE ( 'NONE', #4369, #442, #861, .T. ) ;
#3638 = EDGE_CURVE ( 'NONE', #2388, #3967, #911, .T. ) ;
#3639 = DIRECTION ( 'NONE',  ( -0.7071067811865477948, 0.7071067811865473507, 0.000000000000000000 ) ) ;
#3640 = AXIS2_PLACEMENT_3D ( 'NONE', #4500, #206, #1275 ) ;
#3641 = ORIENTED_EDGE ( 'NONE', *, *, #3219, .T. ) ;
#3642 = DIRECTION ( 'NONE',  ( 0.000000000000000000, 0.000000000000000000, -1.000000000000000000 ) ) ;
#3643 = CARTESIAN_POINT ( 'NONE',  ( 64.50000000000000000, 4.299999999999999822, -52.50000000000000000 ) ) ;
#3644 = VERTEX_POINT ( 'NONE', #1598 ) ;
#3645 = CARTESIAN_POINT ( 'NONE',  ( 0.000000000000000000, 4.299999999999999822, -2.999999999999999556 ) ) ;
#3646 = DIRECTION ( 'NONE',  ( 0.000000000000000000, 0.7071067811865473507, -0.7071067811865477948 ) ) ;
#3647 = ORIENTED_EDGE ( 'NONE', *, *, #4187, .F. ) ;
#3648 = CARTESIAN_POINT ( 'NONE',  ( 3.999999999999999112, 1.599999999999990319, 0.000000000000000000 ) ) ;
#3649 = DIRECTION ( 'NONE',  ( -9.293161478447110992E-16, 0.000000000000000000, 1.000000000000000000 ) ) ;
#3650 = PLANE ( 'NONE',  #340 ) ;
#3651 = ORIENTED_EDGE ( 'NONE', *, *, #6, .F. ) ;
#3652 = VERTEX_POINT ( 'NONE', #1243 ) ;
#3653 = FACE_OUTER_BOUND ( 'NONE', #4545, .T. ) ;
#3654 = LINE ( 'NONE', #4020, #4370 ) ;
#3655 = EDGE_CURVE ( 'NONE', #3890, #2004, #2272, .T. ) ;
#3656 = EDGE_CURVE ( 'NONE', #2580, #1538, #2351, .T. ) ;
#3657 = ORIENTED_EDGE ( 'NONE', *, *, #3871, .T. ) ;
#3658 = CARTESIAN_POINT ( 'NONE',  ( -5.488398398217225250E-14, 1.599999999999989431, -11.00000000000001954 ) ) ;
#3659 = EDGE_CURVE ( 'NONE', #2808, #3728, #524, .T. ) ;
#3660 = CARTESIAN_POINT ( 'NONE',  ( 84.99999999999998579, 0.000000000000000000, -3.000000000000000000 ) ) ;
#3661 = EDGE_LOOP ( 'NONE', ( #269, #2139, #3123 ) ) ;
#3662 = LINE ( 'NONE', #3300, #796 ) ;
#3663 = CARTESIAN_POINT ( 'NONE',  ( 88.00000000000000000, 1.599999999999993205, -27.00000000000000000 ) ) ;
#3664 = CARTESIAN_POINT ( 'NONE',  ( 4.599999999999989875, 0.000000000000000000, -22.19615242270663558 ) ) ;
#3665 = VERTEX_POINT ( 'NONE', #3092 ) ;
#3666 = FACE_OUTER_BOUND ( 'NONE', #1998, .T. ) ;
#3667 = AXIS2_PLACEMENT_3D ( 'NONE', #3986, #4371, #1464 ) ;
#3668 = EDGE_LOOP ( 'NONE', ( #3012, #4397, #3058, #1781, #3924, #3162 ) ) ;
#3669 = PLANE ( 'NONE',  #2480 ) ;
#3670 = CARTESIAN_POINT ( 'NONE',  ( 0.000000000000000000, 0.000000000000000000, -27.00000000000002132 ) ) ;
#3671 = VECTOR ( 'NONE', #3639, 999.9999999999998863 ) ;
#3672 = ORIENTED_EDGE ( 'NONE', *, *, #1056, .F. ) ;
#3673 = ORIENTED_EDGE ( 'NONE', *, *, #4062, .F. ) ;
#3674 = CARTESIAN_POINT ( 'NONE',  ( 1.845299461620735215, 0.9094010767585156696, -19.00000000000002132 ) ) ;
#3675 = FACE_OUTER_BOUND ( 'NONE', #1796, .T. ) ;
#3676 = ADVANCED_FACE ( 'NONE', ( #4547 ), #1270, .F. ) ;
#3677 = VERTEX_POINT ( 'NONE', #1171 ) ;
#3678 = CARTESIAN_POINT ( 'NONE',  ( 88.00000000000000000, 1.599999999999990319, -3.000000000000000000 ) ) ;
#3679 = EDGE_CURVE ( 'NONE', #3056, #1158, #4110, .T. ) ;
#3680 = EDGE_CURVE ( 'NONE', #2240, #4039, #3730, .T. ) ;
#3681 = AXIS2_PLACEMENT_3D ( 'NONE', #4659, #2048, #4608 ) ;
#3682 = LINE ( 'NONE', #3618, #1675 ) ;
#3683 = ORIENTED_EDGE ( 'NONE', *, *, #5, .F. ) ;
#3684 = DIRECTION ( 'NONE',  ( -0.000000000000000000, -1.000000000000000000, -0.000000000000000000 ) ) ;
#3685 = VECTOR ( 'NONE', #687, 1000.000000000000114 ) ;
#3686 = CARTESIAN_POINT ( 'NONE',  ( 88.00000000000000000, 1.599999999999990319, -21.00000000000000000 ) ) ;
#3687 = DIRECTION ( 'NONE',  ( 0.000000000000000000, 1.000000000000000000, -0.000000000000000000 ) ) ;
#3688 = EDGE_CURVE ( 'NONE', #2066, #3497, #3371, .T. ) ;
#3689 = EDGE_CURVE ( 'NONE', #1946, #2270, #2498, .T. ) ;
#3690 = CIRCLE ( 'NONE', #781, 1.299999999999994715 ) ;
#3691 = ORIENTED_EDGE ( 'NONE', *, *, #970, .T. ) ;
#3692 = CARTESIAN_POINT ( 'NONE',  ( 0.000000000000000000, 8.799999999999998934, -49.50000000000000000 ) ) ;
#3693 = EDGE_LOOP ( 'NONE', ( #3641, #1678, #9, #977, #3936, #2927 ) ) ;
#3694 = CARTESIAN_POINT ( 'NONE',  ( 0.000000000000000000, 4.299999999999999822, -3.000000000000000000 ) ) ;
#3695 = PLANE ( 'NONE',  #1553 ) ;
#3696 = VECTOR ( 'NONE', #1606, 1000.000000000000000 ) ;
#3697 = B_SPLINE_CURVE_WITH_KNOTS ( 'NONE', 3,
 ( #577, #3501, #1673, #3524 ),
 .UNSPECIFIED., .F., .F.,
 ( 4, 4 ),
 ( 0.003317114051610287138, 0.005051485599779531252 ),
 .UNSPECIFIED. ) ;
#3698 = VERTEX_POINT ( 'NONE', #4211 ) ;
#3699 = ORIENTED_EDGE ( 'NONE', *, *, #3828, .F. ) ;
#3700 = AXIS2_PLACEMENT_3D ( 'NONE', #3039, #500, #1881 ) ;
#3701 = LINE ( 'NONE', #2626, #3084 ) ;
#3702 = AXIS2_PLACEMENT_3D ( 'NONE', #438, #4416, #3337 ) ;
#3703 = ORIENTED_EDGE ( 'NONE', *, *, #2967, .F. ) ;
#3704 = ORIENTED_EDGE ( 'NONE', *, *, #2738, .T. ) ;
#3705 = CIRCLE ( 'NONE', #268, 1.400000000000012346 ) ;
#3706 = CARTESIAN_POINT ( 'NONE',  ( 1.249585401188644151E-13, 2.500000000000000000, -39.00000000000002132 ) ) ;
#3707 = VECTOR ( 'NONE', #4159, 1000.000000000000000 ) ;
#3708 = DIRECTION ( 'NONE',  ( 0.000000000000000000, 0.000000000000000000, 1.000000000000000000 ) ) ;
#3709 = EDGE_CURVE ( 'NONE', #272, #2806, #1385, .T. ) ;
#3710 = ORIENTED_EDGE ( 'NONE', *, *, #3630, .T. ) ;
#3711 = LINE ( 'NONE', #859, #2628 ) ;
#3712 = DIRECTION ( 'NONE',  ( 0.000000000000000000, 0.000000000000000000, 1.000000000000000000 ) ) ;
#3713 = DIRECTION ( 'NONE',  ( -0.000000000000000000, -1.000000000000000000, -0.000000000000000000 ) ) ;
#3714 = CIRCLE ( 'NONE', #426, 3.000000000000000444 ) ;
#3715 = ORIENTED_EDGE ( 'NONE', *, *, #1913, .T. ) ;
#3716 = CARTESIAN_POINT ( 'NONE',  ( 3.000000000000000000, 2.500000000000000444, -20.00000000000000000 ) ) ;
#3717 = EDGE_CURVE ( 'NONE', #4257, #3892, #1292, .T. ) ;
#3718 = ORIENTED_EDGE ( 'NONE', *, *, #4716, .T. ) ;
#3719 = FACE_OUTER_BOUND ( 'NONE', #1006, .T. ) ;
#3720 = LINE ( 'NONE', #801, #3553 ) ;
#3721 = ORIENTED_EDGE ( 'NONE', *, *, #440, .T. ) ;
#3722 = ORIENTED_EDGE ( 'NONE', *, *, #1726, .T. ) ;
#3723 = DIRECTION ( 'NONE',  ( -0.000000000000000000, -1.000000000000000000, -0.000000000000000000 ) ) ;
#3724 = ORIENTED_EDGE ( 'NONE', *, *, #1780, .T. ) ;
#3725 = ORIENTED_EDGE ( 'NONE', *, *, #303, .T. ) ;
#3726 = DIRECTION ( 'NONE',  ( -0.000000000000000000, -1.000000000000000000, -0.000000000000000000 ) ) ;
#3727 = DIRECTION ( 'NONE',  ( 0.000000000000000000, 0.000000000000000000, -1.000000000000000000 ) ) ;
#3728 = VERTEX_POINT ( 'NONE', #4284 ) ;
#3729 = VERTEX_POINT ( 'NONE', #3925 ) ;
#3730 = LINE ( 'NONE', #450, #807 ) ;
#3731 = DIRECTION ( 'NONE',  ( -0.000000000000000000, -1.000000000000000000, -0.000000000000000000 ) ) ;
#3732 = EDGE_LOOP ( 'NONE', ( #567, #3268, #2696, #2763, #3401 ) ) ;
#3733 = LINE ( 'NONE', #505, #3597 ) ;
#3734 = PLANE ( 'NONE',  #98 ) ;
#3735 = CLOSED_SHELL ( 'NONE', ( #2584, #520, #3359, #1374, #1815, #2275, #187, #584, #3601, #2606, #740, #4624, #4421, #1166, #4374, #124, #1228, #3340, #2216, #3114, #4186, #704, #1194, #463, #3021, #38, #4248, #2936, #1835, #2815, #13, #3490, #668, #2346, #4213, #1116, #2978, #1867, #3916, #2308, #2280, #4040, #2494, #739, #3744, #1342, #3166, #85, #46, #3198, #2078, #2268, #562, #4366, #2129, #4339, #2227, #62, #1455, #705, #2018, #3129, #296, #4090, #30, #1577, #2556, #641, #2435, #1195, #3676, #3515, #1520, #3082, #795, #3041, #1950, #2935, #4657, #2592, #4568, #3076, #2137, #1024, #787, #2112, #1488, #1660, #1201, #2281, #4091, #3333, #2555, #90, #3954, #1718, #4182, #2130, #4280, #4476, #1284, #1888, #3339, #1639, #2643, #1367, #3541, #1139, #4151, #4425, #649, #239, #3420, #4495, #3064, #2369, #4615, #240, #297, #217, #2441, #381, #1349, #3199, #2528, #2062, #1160, #3253, #4309, #4063, #2411, #969, #3540, #1988, #4207, #3953, #3922, #1840, #1670, #468, #3483, #89, #761 ) ) ;
#3736 = PLANE ( 'NONE',  #571 ) ;
#3737 = EDGE_CURVE ( 'NONE', #3581, #1732, #3119, .T. ) ;
#3738 = EDGE_CURVE ( 'NONE', #3033, #4403, #197, .T. ) ;
#3739 = EDGE_LOOP ( 'NONE', ( #4003, #2256, #735, #1820 ) ) ;
#3740 = DIRECTION ( 'NONE',  ( 0.000000000000000000, 0.000000000000000000, -1.000000000000000000 ) ) ;
#3741 = FACE_OUTER_BOUND ( 'NONE', #3229, .T. ) ;
#3742 = DIRECTION ( 'NONE',  ( -0.000000000000000000, -1.000000000000000000, -0.000000000000000000 ) ) ;
#3743 = AXIS2_PLACEMENT_3D ( 'NONE', #1436, #28, #2951 ) ;
#3744 = ADVANCED_FACE ( 'NONE', ( #2033 ), #2007, .F. ) ;
#3745 = ORIENTED_EDGE ( 'NONE', *, *, #3638, .T. ) ;
#3746 = ORIENTED_EDGE ( 'NONE', *, *, #711, .F. ) ;
#3747 = ORIENTED_EDGE ( 'NONE', *, *, #1258, .T. ) ;
#3748 = FACE_OUTER_BOUND ( 'NONE', #4095, .T. ) ;
#3749 = LINE ( 'NONE', #3367, #1038 ) ;
#3750 = DIRECTION ( 'NONE',  ( -0.000000000000000000, -1.000000000000000000, -0.000000000000000000 ) ) ;
#3751 = DIRECTION ( 'NONE',  ( -1.000000000000000000, 0.000000000000000000, 0.000000000000000000 ) ) ;
#3752 = CARTESIAN_POINT ( 'NONE',  ( 4.113710927954500705E-16, 1.599999999999990319, -22.19615242270663558 ) ) ;
#3753 = APPLICATION_PROTOCOL_DEFINITION ( 'international standard', 'config_control_design', 1994, #2610 ) ;
#3754 = ORIENTED_EDGE ( 'NONE', *, *, #1080, .T. ) ;
#3755 = CARTESIAN_POINT ( 'NONE',  ( 6.500000000000000000, 4.299999999999999822, -2.200000000000003286 ) ) ;
#3756 = VECTOR ( 'NONE', #4566, 1000.000000000000000 ) ;
#3757 = DIRECTION ( 'NONE',  ( 0.000000000000000000, 1.000000000000000000, -0.000000000000000000 ) ) ;
#3758 = CC_DESIGN_PERSON_AND_ORGANIZATION_ASSIGNMENT ( #2471, #3900, ( #356 ) ) ;
#3759 = CARTESIAN_POINT ( 'NONE',  ( 67.00000000000000000, 2.500000000000000000, -7.000000000000006217 ) ) ;
#3760 = EDGE_LOOP ( 'NONE', ( #4377, #3908, #1387, #2661, #3350 ) ) ;
#3761 = DIRECTION ( 'NONE',  ( 1.000000000000000000, 0.000000000000000000, 0.000000000000000000 ) ) ;
#3762 = CARTESIAN_POINT ( 'NONE',  ( 3.000000000000000444, 1.599999999999990319, -23.00000000000002132 ) ) ;
#3763 = AXIS2_PLACEMENT_3D ( 'NONE', #4497, #1223, #2691 ) ;
#3764 = EDGE_CURVE ( 'NONE', #4351, #3610, #2807, .T. ) ;
#3765 = DIRECTION ( 'NONE',  ( 0.000000000000000000, 1.000000000000000000, 0.000000000000000000 ) ) ;
#3766 = VECTOR ( 'NONE', #2284, 1000.000000000000000 ) ;
#3767 = ORIENTED_EDGE ( 'NONE', *, *, #4721, .F. ) ;
#3768 = ORIENTED_EDGE ( 'NONE', *, *, #406, .F. ) ;
#3769 = ORIENTED_EDGE ( 'NONE', *, *, #3961, .F. ) ;
#3770 = FACE_OUTER_BOUND ( 'NONE', #1708, .T. ) ;
#3771 = EDGE_CURVE ( 'NONE', #3341, #3056, #3545, .T. ) ;
#3772 = EDGE_CURVE ( 'NONE', #137, #4619, #3188, .T. ) ;
#3773 = CIRCLE ( 'NONE', #644, 3.000000000000000444 ) ;
#3774 = DIRECTION ( 'NONE',  ( 0.000000000000000000, 1.000000000000000000, 0.000000000000000000 ) ) ;
#3775 = AXIS2_PLACEMENT_3D ( 'NONE', #1655, #3377, #4499 ) ;
#3776 = CARTESIAN_POINT ( 'NONE',  ( 3.000000000000000000, 4.299999999999999822, 0.000000000000000000 ) ) ;
#3777 = ORIENTED_EDGE ( 'NONE', *, *, #2019, .F. ) ;
#3778 = DIRECTION ( 'NONE',  ( 0.000000000000000000, 0.000000000000000000, 1.000000000000000000 ) ) ;
#3779 = LINE ( 'NONE', #817, #2794 ) ;
#3780 = AXIS2_PLACEMENT_3D ( 'NONE', #3348, #72, #1527 ) ;
#3781 = ORIENTED_EDGE ( 'NONE', *, *, #1258, .F. ) ;
#3782 = CARTESIAN_POINT ( 'NONE',  ( 3.000000000000000888, 2.500000000000000000, -25.00000000000000000 ) ) ;
#3783 = CONICAL_SURFACE ( 'NONE', #115, 3.000000000000002665, 0.7853981633974481680 ) ;
#3784 = DIRECTION ( 'NONE',  ( -1.000000000000000000, -0.000000000000000000, -1.577021341797097560E-16 ) ) ;
#3785 = LINE ( 'NONE', #2745, #4320 ) ;
#3786 = DIRECTION ( 'NONE',  ( -0.7071067811865474617, 0.7071067811865474617, -2.230244969721271205E-16 ) ) ;
#3787 = DIRECTION ( 'NONE',  ( 1.000000000000000000, -0.000000000000000000, 0.000000000000000000 ) ) ;
#3788 = ORIENTED_EDGE ( 'NONE', *, *, #2315, .T. ) ;
#3789 = ORIENTED_EDGE ( 'NONE', *, *, #1229, .T. ) ;
#3790 = DIRECTION ( 'NONE',  ( -0.000000000000000000, -0.000000000000000000, -1.000000000000000000 ) ) ;
#3791 = CARTESIAN_POINT ( 'NONE',  ( 88.00000000000015632, 1.599999999999990319, -43.00000000000000000 ) ) ;
#3792 = EDGE_CURVE ( 'NONE', #1826, #4155, #274, .T. ) ;
#3793 = EDGE_LOOP ( 'NONE', ( #1837, #135, #876, #528 ) ) ;
#3794 = LINE ( 'NONE', #2774, #1648 ) ;
#3795 = ORIENTED_EDGE ( 'NONE', *, *, #1956, .T. ) ;
#3796 = VERTEX_POINT ( 'NONE', #3878 ) ;
#3797 = CARTESIAN_POINT ( 'NONE',  ( 64.50000000000000000, 4.299999999999999822, -52.50000000000000000 ) ) ;
#3798 = CARTESIAN_POINT ( 'NONE',  ( 88.00000000000000000, 1.599999999999990319, -3.000000000000000000 ) ) ;
#3799 = EDGE_CURVE ( 'NONE', #3558, #4369, #4572, .T. ) ;
#3800 = EDGE_CURVE ( 'NONE', #3326, #2869, #1719, .T. ) ;
#3801 = LINE ( 'NONE', #447, #923 ) ;
#3802 = ORIENTED_EDGE ( 'NONE', *, *, #3286, .T. ) ;
#3803 = PLANE ( 'NONE',  #3700 ) ;
#3804 = CARTESIAN_POINT ( 'NONE',  ( 88.00000000000000000, 1.599999999999990319, -3.000000000000000000 ) ) ;
#3805 = DATE_TIME_ROLE ( 'creation_date' ) ;
#3806 = EDGE_CURVE ( 'NONE', #4328, #99, #619, .T. ) ;
#3807 = ORIENTED_EDGE ( 'NONE', *, *, #3656, .T. ) ;
#3808 = CARTESIAN_POINT ( 'NONE',  ( 3.999999999999999112, 2.500000000000000000, -7.000000000000006217 ) ) ;
#3809 = FACE_OUTER_BOUND ( 'NONE', #1175, .T. ) ;
#3810 = CARTESIAN_POINT ( 'NONE',  ( 9.499999999999994671, 4.299999999999999822, -56.00000000000000000 ) ) ;
#3811 = CARTESIAN_POINT ( 'NONE',  ( 3.000000000000000000, 1.599999999999990319, -56.00000000000000000 ) ) ;
#3812 = DIRECTION ( 'NONE',  ( 0.000000000000000000, 0.000000000000000000, -1.000000000000000000 ) ) ;
#3813 = EDGE_LOOP ( 'NONE', ( #3163, #1081, #1337, #1392, #1204 ) ) ;
#3814 = DIRECTION ( 'NONE',  ( -0.000000000000000000, -0.000000000000000000, 1.000000000000000000 ) ) ;
#3815 = DIRECTION ( 'NONE',  ( 1.000000000000000000, 0.000000000000000000, 0.000000000000000000 ) ) ;
#3816 = CARTESIAN_POINT ( 'NONE',  ( -6.838813954321821474E-14, 0.000000000000000000, -9.000000000000001776 ) ) ;
#3817 = VERTEX_POINT ( 'NONE', #2101 ) ;
#3818 = VERTEX_POINT ( 'NONE', #981 ) ;
#3819 = ORIENTED_EDGE ( 'NONE', *, *, #880, .T. ) ;
#3820 = CARTESIAN_POINT ( 'NONE',  ( -6.860497997771531562E-14, 1.599999999999989875, -7.000000000000020428 ) ) ;
#3821 = AXIS2_PLACEMENT_3D ( 'NONE', #651, #2106, #3575 ) ;
#3822 = LINE ( 'NONE', #615, #1831 ) ;
#3823 = VECTOR ( 'NONE', #2317, 1000.000000000000000 ) ;
#3824 = EDGE_LOOP ( 'NONE', ( #4033, #4215, #348, #1944, #2196, #1271 ) ) ;
#3825 = ORIENTED_EDGE ( 'NONE', *, *, #3578, .F. ) ;
#3826 = CARTESIAN_POINT ( 'NONE',  ( 1.845299461620735215, 0.9094010767585156696, -19.00000000000002132 ) ) ;
#3827 = EDGE_CURVE ( 'NONE', #1048, #2867, #3165, .T. ) ;
#3828 = EDGE_CURVE ( 'NONE', #2105, #3818, #495, .T. ) ;
#3829 = FACE_OUTER_BOUND ( 'NONE', #2420, .T. ) ;
#3830 = CARTESIAN_POINT ( 'NONE',  ( 9.000000000000000000, 0.000000000000000000, -49.00000000000000711 ) ) ;
#3831 = LINE ( 'NONE', #2079, #4121 ) ;
#3832 = ORIENTED_EDGE ( 'NONE', *, *, #362, .F. ) ;
#3833 = DIRECTION ( 'NONE',  ( 0.000000000000000000, 0.000000000000000000, 1.000000000000000000 ) ) ;
#3834 = EDGE_CURVE ( 'NONE', #2689, #3817, #4641, .T. ) ;
#3835 = EDGE_CURVE ( 'NONE', #2056, #4119, #3859, .T. ) ;
#3836 = DIRECTION ( 'NONE',  ( 0.7071067811865474617, 0.7071067811865474617, -0.000000000000000000 ) ) ;
#3837 = CARTESIAN_POINT ( 'NONE',  ( 87.99999999999997158, 2.500000000000000000, -19.00000000000000000 ) ) ;
#3838 = AXIS2_PLACEMENT_3D ( 'NONE', #3495, #4184, #904 ) ;
#3839 = ORIENTED_EDGE ( 'NONE', *, *, #821, .T. ) ;
#3840 = FACE_OUTER_BOUND ( 'NONE', #2212, .T. ) ;
#3841 = CARTESIAN_POINT ( 'NONE',  ( 3.322915187226505918, 1.075714631176462488, -21.00000000000000000 ) ) ;
#3842 = VECTOR ( 'NONE', #4676, 1000.000000000000000 ) ;
#3843 = ORIENTED_EDGE ( 'NONE', *, *, #3009, .F. ) ;
#3844 = ORIENTED_EDGE ( 'NONE', *, *, #2049, .F. ) ;
#3845 = VECTOR ( 'NONE', #4216, 1000.000000000000000 ) ;
#3846 = VERTEX_POINT ( 'NONE', #221 ) ;
#3847 = DIRECTION ( 'NONE',  ( 0.000000000000000000, 0.000000000000000000, -1.000000000000000000 ) ) ;
#3848 = LINE ( 'NONE', #1667, #4507 ) ;
#3849 = VERTEX_POINT ( 'NONE', #3141 ) ;
#3850 = AXIS2_PLACEMENT_3D ( 'NONE', #4270, #661, #230 ) ;
#3851 = VERTEX_POINT ( 'NONE', #3210 ) ;
#3852 = DIRECTION ( 'NONE',  ( -0.000000000000000000, -0.000000000000000000, 1.000000000000000000 ) ) ;
#3853 = CARTESIAN_POINT ( 'NONE',  ( 3.000000000000000000, 1.599999999999990319, -20.00000000000000000 ) ) ;
#3854 = VECTOR ( 'NONE', #2405, 1000.000000000000000 ) ;
#3855 = EDGE_CURVE ( 'NONE', #4016, #1285, #1491, .T. ) ;
#3856 = DIRECTION ( 'NONE',  ( -3.552713678800501718E-15, 0.000000000000000000, 1.000000000000000000 ) ) ;
#3857 = ORIENTED_EDGE ( 'NONE', *, *, #2903, .F. ) ;
#3858 = CARTESIAN_POINT ( 'NONE',  ( 86.40000000000000568, 0.000000000000000000, -9.000000000000001776 ) ) ;
#3859 = CIRCLE ( 'NONE', #3942, 2.999999999999999112 ) ;
#3860 = DIRECTION ( 'NONE',  ( 0.000000000000000000, 0.000000000000000000, -1.000000000000000000 ) ) ;
#3861 = DIRECTION ( 'NONE',  ( -0.000000000000000000, -1.000000000000000000, -0.000000000000000000 ) ) ;
#3862 = FACE_OUTER_BOUND ( 'NONE', #2201, .T. ) ;
#3863 = ORIENTED_EDGE ( 'NONE', *, *, #1283, .T. ) ;
#3864 = EDGE_CURVE ( 'NONE', #2115, #1278, #1833, .T. ) ;
#3865 = LINE ( 'NONE', #280, #4278 ) ;
#3866 = CARTESIAN_POINT ( 'NONE',  ( 1.249585401188644151E-13, 1.599999999999865530, -39.00000000000002132 ) ) ;
#3867 = LINE ( 'NONE', #1914, #2873 ) ;
#3868 = VECTOR ( 'NONE', #4593, 1000.000000000000000 ) ;
#3869 = VERTEX_POINT ( 'NONE', #693 ) ;
#3870 = DIRECTION ( 'NONE',  ( -3.154042683594195121E-16, 0.000000000000000000, 1.000000000000000000 ) ) ;
#3871 = EDGE_CURVE ( 'NONE', #1230, #3273, #1479, .T. ) ;
#3872 = ORIENTED_EDGE ( 'NONE', *, *, #2049, .T. ) ;
#3873 = AXIS2_PLACEMENT_3D ( 'NONE', #1197, #4068, #1152 ) ;
#3874 = LINE ( 'NONE', #3230, #1537 ) ;
#3875 = DIRECTION ( 'NONE',  ( 0.000000000000000000, 0.000000000000000000, 1.000000000000000000 ) ) ;
#3876 = VERTEX_POINT ( 'NONE', #1503 ) ;
#3877 = EDGE_LOOP ( 'NONE', ( #4326, #1308, #1336, #170, #4298, #1910 ) ) ;
#3878 = CARTESIAN_POINT ( 'NONE',  ( 4.599999999999996092, 0.000000000000000000, -25.00000000000000000 ) ) ;
#3879 = LINE ( 'NONE', #1745, #2682 ) ;
#3880 = ORIENTED_EDGE ( 'NONE', *, *, #4444, .F. ) ;
#3881 = DIRECTION ( 'NONE',  ( 0.000000000000000000, 0.000000000000000000, 1.000000000000000000 ) ) ;
#3882 = DIRECTION ( 'NONE',  ( -0.7071067811865474617, -0.7071067811865474617, 0.000000000000000000 ) ) ;
#3883 = DIRECTION ( 'NONE',  ( 0.000000000000000000, 0.000000000000000000, -1.000000000000000000 ) ) ;
#3884 = VERTEX_POINT ( 'NONE', #26 ) ;
#3885 = DIRECTION ( 'NONE',  ( -0.000000000000000000, -1.000000000000000000, -0.000000000000000000 ) ) ;
#3886 = DIRECTION ( 'NONE',  ( 1.000000000000000000, 0.000000000000000000, 0.000000000000000000 ) ) ;
#3887 = LINE ( 'NONE', #1735, #4394 ) ;
#3888 = EDGE_CURVE ( 'NONE', #479, #628, #4381, .T. ) ;
#3889 = EDGE_CURVE ( 'NONE', #3884, #4649, #339, .T. ) ;
#3890 = VERTEX_POINT ( 'NONE', #4337 ) ;
#3891 = DIRECTION ( 'NONE',  ( -0.000000000000000000, 1.000000000000000000, 0.000000000000000000 ) ) ;
#3892 = VERTEX_POINT ( 'NONE', #2611 ) ;
#3893 = CARTESIAN_POINT ( 'NONE',  ( 1.668282272596496208E-13, 2.500000000000000000, -45.00000000000000000 ) ) ;
#3894 = EDGE_CURVE ( 'NONE', #1538, #3293, #2177, .T. ) ;
#3895 = DIRECTION ( 'NONE',  ( -0.000000000000000000, 1.000000000000000000, 0.000000000000000000 ) ) ;
#3896 = CIRCLE ( 'NONE', #4502, 3.000000000000002665 ) ;
#3897 = ORIENTED_EDGE ( 'NONE', *, *, #3637, .F. ) ;
#3898 = ORIENTED_EDGE ( 'NONE', *, *, #3387, .T. ) ;
#3899 = CARTESIAN_POINT ( 'NONE',  ( 4.599999999999992539, 0.000000000000000000, -3.000000000000012879 ) ) ;
#3900 = PERSON_AND_ORGANIZATION_ROLE ( 'creator' ) ;
#3901 = VECTOR ( 'NONE', #4256, 1000.000000000000000 ) ;
#3902 = VERTEX_POINT ( 'NONE', #363 ) ;
#3903 = DIRECTION ( 'NONE',  ( 0.000000000000000000, 0.000000000000000000, 1.000000000000000000 ) ) ;
#3904 = ORIENTED_EDGE ( 'NONE', *, *, #2138, .T. ) ;
#3905 = FACE_OUTER_BOUND ( 'NONE', #2896, .T. ) ;
#3906 = CARTESIAN_POINT ( 'NONE',  ( 3.999999999999999112, 1.599999999999990319, 0.000000000000000000 ) ) ;
#3907 = LINE ( 'NONE', #2111, #202 ) ;
#3908 = ORIENTED_EDGE ( 'NONE', *, *, #4041, .F. ) ;
#3909 = LINE ( 'NONE', #3692, #3289 ) ;
#3910 = EDGE_CURVE ( 'NONE', #1153, #1817, #1814, .T. ) ;
#3911 = CARTESIAN_POINT ( 'NONE',  ( 86.40000000000000568, 0.000000000000000000, -33.00000000000000000 ) ) ;
#3912 = DIRECTION ( 'NONE',  ( -0.7071067811865477948, -0.7071067811865473507, 0.000000000000000000 ) ) ;
#3913 = ORIENTED_EDGE ( 'NONE', *, *, #526, .F. ) ;
#3914 = CARTESIAN_POINT ( 'NONE',  ( 88.00000000000000000, 1.599999999999990319, -3.000000000000000000 ) ) ;
#3915 = ORIENTED_EDGE ( 'NONE', *, *, #1466, .T. ) ;
#3916 = ADVANCED_FACE ( 'NONE', ( #1411 ), #669, .F. ) ;
#3917 = CARTESIAN_POINT ( 'NONE',  ( 6.500000000000000000, 7.299999999999999822, -49.50000000000000000 ) ) ;
#3918 = VECTOR ( 'NONE', #4132, 1000.000000000000000 ) ;
#3919 = CARTESIAN_POINT ( 'NONE',  ( 4.165284670628812997E-14, 2.500000000000000000, -31.00000000000002132 ) ) ;
#3920 = CARTESIAN_POINT ( 'NONE',  ( 62.00000000000000000, 2.500000000000000000, 0.000000000000000000 ) ) ;
#3921 = EDGE_CURVE ( 'NONE', #1591, #3729, #401, .T. ) ;
#3922 = ADVANCED_FACE ( 'NONE', ( #3616 ), #2571, .F. ) ;
#3923 = EDGE_LOOP ( 'NONE', ( #1398, #3235, #499, #1971, #1744 ) ) ;
#3924 = ORIENTED_EDGE ( 'NONE', *, *, #3835, .F. ) ;
#3925 = CARTESIAN_POINT ( 'NONE',  ( 84.99999999999998579, 1.599999999999990319, -56.00000000000000000 ) ) ;
#3926 = CALENDAR_DATE ( 2025, 17, 9 ) ;
#3927 = VECTOR ( 'NONE', #1674, 1000.000000000000000 ) ;
#3928 = ORIENTED_EDGE ( 'NONE', *, *, #4535, .F. ) ;
#3929 = EDGE_CURVE ( 'NONE', #1209, #4174, #1792, .T. ) ;
#3930 = CYLINDRICAL_SURFACE ( 'NONE', #3821, 1.299999999999994715 ) ;
#3931 = ORIENTED_EDGE ( 'NONE', *, *, #4014, .F. ) ;
#3932 = LINE ( 'NONE', #2811, #29 ) ;
#3933 = CARTESIAN_POINT ( 'NONE',  ( 86.40000000000000568, 0.000000000000000000, -15.00000000000000000 ) ) ;
#3934 = AXIS2_PLACEMENT_3D ( 'NONE', #3125, #205, #481 ) ;
#3935 = FACE_OUTER_BOUND ( 'NONE', #3542, .T. ) ;
#3936 = ORIENTED_EDGE ( 'NONE', *, *, #3276, .F. ) ;
#3937 = DIRECTION ( 'NONE',  ( -0.000000000000000000, -1.000000000000000000, -0.000000000000000000 ) ) ;
#3938 = VECTOR ( 'NONE', #654, 1000.000000000000000 ) ;
#3939 = ORIENTED_EDGE ( 'NONE', *, *, #3393, .T. ) ;
#3940 = LINE ( 'NONE', #2484, #3842 ) ;
#3941 = DIRECTION ( 'NONE',  ( -1.000000000000000000, 0.000000000000000000, 0.000000000000000000 ) ) ;
#3942 = AXIS2_PLACEMENT_3D ( 'NONE', #646, #1007, #292 ) ;
#3943 = ORIENTED_EDGE ( 'NONE', *, *, #1811, .T. ) ;
#3944 = CARTESIAN_POINT ( 'NONE',  ( 3.000000000000000000, 1.599999999999989431, -53.00000000000000000 ) ) ;
#3945 = VERTEX_POINT ( 'NONE', #2199 ) ;
#3946 = CARTESIAN_POINT ( 'NONE',  ( 0.7639320225002119713, 1.599999999999990319, -37.00000000000000711 ) ) ;
#3947 = AXIS2_PLACEMENT_3D ( 'NONE', #4606, #2875, #3534 ) ;
#3948 = LINE ( 'NONE', #4354, #103 ) ;
#3949 = DIRECTION ( 'NONE',  ( -0.000000000000000000, -0.000000000000000000, 1.000000000000000000 ) ) ;
#3950 = APPROVAL_PERSON_ORGANIZATION ( #3976, #2334, #982 ) ;
#3951 = ORIENTED_EDGE ( 'NONE', *, *, #4688, .F. ) ;
#3952 = CARTESIAN_POINT ( 'NONE',  ( 88.00000000000000000, 1.599999999999990763, -6.999999999999999112 ) ) ;
#3953 = ADVANCED_FACE ( 'NONE', ( #1432 ), #4359, .F. ) ;
#3954 = ADVANCED_FACE ( 'NONE', ( #4426 ), #1646, .T. ) ;
#3955 = ORIENTED_EDGE ( 'NONE', *, *, #1075, .F. ) ;
#3956 = DIRECTION ( 'NONE',  ( -0.000000000000000000, 1.000000000000000000, 0.000000000000000000 ) ) ;
#3957 = ORIENTED_EDGE ( 'NONE', *, *, #3334, .T. ) ;
#3958 = DIRECTION ( 'NONE',  ( -0.000000000000000000, -1.000000000000000000, -0.000000000000000000 ) ) ;
#3959 = CARTESIAN_POINT ( 'NONE',  ( -5.466714354767515161E-14, 2.500000000000000000, -13.00000000000000178 ) ) ;
#3960 = DIRECTION ( 'NONE',  ( -0.000000000000000000, 1.000000000000000000, 0.000000000000000000 ) ) ;
#3961 = EDGE_CURVE ( 'NONE', #1817, #1901, #4, .T. ) ;
#3962 = VERTEX_POINT ( 'NONE', #4023 ) ;
#3963 = PLANE ( 'NONE',  #608 ) ;
#3964 = ORIENTED_EDGE ( 'NONE', *, *, #1727, .T. ) ;
#3965 = DIRECTION ( 'NONE',  ( -0.7071067811865487940, 0.7071067811865463515, 0.000000000000000000 ) ) ;
#3966 = DIRECTION ( 'NONE',  ( 0.000000000000000000, 1.000000000000000000, 0.000000000000000000 ) ) ;
#3967 = VERTEX_POINT ( 'NONE', #3658 ) ;
#3968 = DIRECTION ( 'NONE',  ( -0.7071067811865475727, 0.7071067811865475727, 0.000000000000000000 ) ) ;
#3969 = EDGE_LOOP ( 'NONE', ( #3083, #3502, #2798, #1848 ) ) ;
#3970 = DIRECTION ( 'NONE',  ( 1.000000000000000000, -0.000000000000000000, 0.000000000000000000 ) ) ;
#3971 = FACE_OUTER_BOUND ( 'NONE', #1368, .T. ) ;
#3972 = DIRECTION ( 'NONE',  ( -0.000000000000000000, 1.000000000000000000, 0.000000000000000000 ) ) ;
#3973 = VERTEX_POINT ( 'NONE', #380 ) ;
#3974 = EDGE_CURVE ( 'NONE', #4431, #285, #51, .T. ) ;
#3975 = DIRECTION ( 'NONE',  ( -1.000000000000000000, 0.000000000000000000, 0.000000000000000000 ) ) ;
#3976 = PERSON_AND_ORGANIZATION ( #1125, #4333 ) ;
#3977 = DIRECTION ( 'NONE',  ( 0.000000000000000000, 0.000000000000000000, 1.000000000000000000 ) ) ;
#3978 = EDGE_CURVE ( 'NONE', #829, #265, #4042, .T. ) ;
#3979 = ORIENTED_EDGE ( 'NONE', *, *, #2010, .T. ) ;
#3980 = FACE_OUTER_BOUND ( 'NONE', #1306, .T. ) ;
#3981 = AXIS2_PLACEMENT_3D ( 'NONE', #146, #1983, #172 ) ;
#3982 = DIRECTION ( 'NONE',  ( 0.000000000000000000, 0.000000000000000000, -1.000000000000000000 ) ) ;
#3983 = DIRECTION ( 'NONE',  ( -1.000000000000000000, -0.000000000000000000, -2.365532012695646217E-16 ) ) ;
#3984 = VERTEX_POINT ( 'NONE', #882 ) ;
#3985 = AXIS2_PLACEMENT_3D ( 'NONE', #1287, #2755, #2392 ) ;
#3986 = CARTESIAN_POINT ( 'NONE',  ( 0.000000000000000000, 2.500000000000000000, -27.00000000000002132 ) ) ;
#3987 = EDGE_CURVE ( 'NONE', #3108, #2240, #811, .T. ) ;
#3988 = EDGE_CURVE ( 'NONE', #2574, #2056, #3345, .T. ) ;
#3989 = ORIENTED_EDGE ( 'NONE', *, *, #2694, .T. ) ;
#3990 = DIRECTION ( 'NONE',  ( 0.000000000000000000, 0.000000000000000000, 1.000000000000000000 ) ) ;
#3991 = DIRECTION ( 'NONE',  ( 1.334402673828313339E-16, 0.000000000000000000, 1.000000000000000000 ) ) ;
#3992 = ORIENTED_EDGE ( 'NONE', *, *, #4187, .T. ) ;
#3993 = ORIENTED_EDGE ( 'NONE', *, *, #1498, .T. ) ;
#3994 = DIRECTION ( 'NONE',  ( 1.626303258728256158E-16, 0.000000000000000000, -1.000000000000000000 ) ) ;
#3995 = LINE ( 'NONE', #1001, #1326 ) ;
#3996 = CARTESIAN_POINT ( 'NONE',  ( 6.500000000000000000, 4.299999999999999822, -49.50000000000000711 ) ) ;
#3997 = DESIGN_CONTEXT ( 'detailed design', #3426, 'design' ) ;
#3998 = CIRCLE ( 'NONE', #2699, 3.000000000000002665 ) ;
#3999 = VERTEX_POINT ( 'NONE', #3706 ) ;
#4000 = CARTESIAN_POINT ( 'NONE',  ( 84.99999999999998579, 1.599999999999989431, -53.00000000000000000 ) ) ;
#4001 = LINE ( 'NONE', #4341, #1380 ) ;
#4002 = VECTOR ( 'NONE', #1869, 1000.000000000000000 ) ;
#4003 = ORIENTED_EDGE ( 'NONE', *, *, #2612, .F. ) ;
#4004 = LINE ( 'NONE', #1128, #2866 ) ;
#4005 = LINE ( 'NONE', #1484, #954 ) ;
#4006 = DIRECTION ( 'NONE',  ( -1.000000000000000000, 0.000000000000000000, 0.000000000000000000 ) ) ;
#4007 = VECTOR ( 'NONE', #4331, 1000.000000000000000 ) ;
#4008 = EDGE_CURVE ( 'NONE', #4403, #2481, #2267, .T. ) ;
#4009 = VERTEX_POINT ( 'NONE', #496 ) ;
#4010 = FACE_OUTER_BOUND ( 'NONE', #4071, .T. ) ;
#4011 = FACE_OUTER_BOUND ( 'NONE', #2766, .T. ) ;
#4012 = VECTOR ( 'NONE', #922, 1000.000000000000000 ) ;
#4013 = FACE_OUTER_BOUND ( 'NONE', #489, .T. ) ;
#4014 = EDGE_CURVE ( 'NONE', #3326, #2012, #2243, .T. ) ;
#4015 = AXIS2_PLACEMENT_3D ( 'NONE', #3752, #4137, #2740 ) ;
#4016 = VERTEX_POINT ( 'NONE', #425 ) ;
#4017 = VERTEX_POINT ( 'NONE', #1190 ) ;
#4018 = DIRECTION ( 'NONE',  ( 0.000000000000000000, -1.000000000000000000, 0.000000000000000000 ) ) ;
#4019 = VECTOR ( 'NONE', #3852, 1000.000000000000000 ) ;
#4020 = CARTESIAN_POINT ( 'NONE',  ( 62.00000000000000000, 2.500000000000000000, -56.00000000000000000 ) ) ;
#4021 = VECTOR ( 'NONE', #4265, 1000.000000000000000 ) ;
#4022 = ORIENTED_EDGE ( 'NONE', *, *, #2962, .F. ) ;
#4023 = CARTESIAN_POINT ( 'NONE',  ( 64.50000000000000000, 7.299999999999999822, -4.799999999999998046 ) ) ;
#4024 = CARTESIAN_POINT ( 'NONE',  ( 0.000000000000000000, 2.500000000000000000, 0.000000000000000000 ) ) ;
#4025 = ORIENTED_EDGE ( 'NONE', *, *, #2642, .F. ) ;
#4026 = DIRECTION ( 'NONE',  ( -0.000000000000000000, 1.000000000000000000, 0.000000000000000000 ) ) ;
#4027 = DIRECTION ( 'NONE',  ( -0.000000000000000000, -1.000000000000000000, -0.000000000000000000 ) ) ;
#4028 = CARTESIAN_POINT ( 'NONE',  ( -1.350415556104596224E-14, 2.500000000000000000, -25.00000000000000000 ) ) ;
#4029 = ORIENTED_EDGE ( 'NONE', *, *, #2104, .T. ) ;
#4030 = PLANE ( 'NONE',  #919 ) ;
#4031 = LINE ( 'NONE', #2534, #2627 ) ;
#4032 = CARTESIAN_POINT ( 'NONE',  ( -1.301042606982605124E-15, 1.599999999999989431, -53.00000000000000000 ) ) ;
#4033 = ORIENTED_EDGE ( 'NONE', *, *, #733, .T. ) ;
#4034 = EDGE_LOOP ( 'NONE', ( #2810, #4419, #3200, #2370 ) ) ;
#4035 = CARTESIAN_POINT ( 'NONE',  ( 84.99999999999998579, 4.299999999999999822, -56.00000000000000000 ) ) ;
#4036 = EDGE_CURVE ( 'NONE', #3665, #829, #1974, .T. ) ;
#4037 = EDGE_CURVE ( 'NONE', #1584, #968, #2345, .T. ) ;
#4038 = LINE ( 'NONE', #1027, #237 ) ;
#4039 = VERTEX_POINT ( 'NONE', #2683 ) ;
#4040 = ADVANCED_FACE ( 'NONE', ( #2316 ), #4468, .F. ) ;
#4041 = EDGE_CURVE ( 'NONE', #1760, #3570, #3749, .T. ) ;
#4042 = LINE ( 'NONE', #2289, #3707 ) ;
#4043 = DIRECTION ( 'NONE',  ( 0.000000000000000000, 0.000000000000000000, 1.000000000000000000 ) ) ;
#4044 = EDGE_LOOP ( 'NONE', ( #4240, #58, #1492, #4673, #247, #2800 ) ) ;
#4045 = DIRECTION ( 'NONE',  ( 1.000000000000000000, 0.000000000000000000, 2.365532012695646217E-16 ) ) ;
#4046 = CARTESIAN_POINT ( 'NONE',  ( 3.999999999999999112, 2.500000000000000000, -49.00000000000000711 ) ) ;
#4047 = CARTESIAN_POINT ( 'NONE',  ( 62.00000000000000000, 0.000000000000000000, -54.40000000000001279 ) ) ;
#4048 = ORIENTED_EDGE ( 'NONE', *, *, #3040, .F. ) ;
#4049 = DIRECTION ( 'NONE',  ( -1.000000000000000000, 0.000000000000000000, 0.000000000000000000 ) ) ;
#4050 = VECTOR ( 'NONE', #478, 1000.000000000000000 ) ;
#4051 = DIRECTION ( 'NONE',  ( 0.000000000000000000, 1.000000000000000000, 0.000000000000000000 ) ) ;
#4052 = DIRECTION ( 'NONE',  ( -1.000000000000000000, -0.000000000000000000, -2.365532012695646217E-16 ) ) ;
#4053 = VECTOR ( 'NONE', #4043, 1000.000000000000000 ) ;
#4054 = ORIENTED_EDGE ( 'NONE', *, *, #4158, .F. ) ;
#4055 = ORIENTED_EDGE ( 'NONE', *, *, #1264, .T. ) ;
#4056 = CARTESIAN_POINT ( 'NONE',  ( 88.00000000000000000, 1.599999999999992761, -23.00000000000000000 ) ) ;
#4057 = EDGE_CURVE ( 'NONE', #804, #3436, #1619, .T. ) ;
#4058 = ORIENTED_EDGE ( 'NONE', *, *, #845, .T. ) ;
#4059 = ORIENTED_EDGE ( 'NONE', *, *, #2589, .T. ) ;
#4060 = LINE ( 'NONE', #1896, #4521 ) ;
#4061 = DIRECTION ( 'NONE',  ( -0.000000000000000000, -0.000000000000000000, -1.000000000000000000 ) ) ;
#4062 = EDGE_CURVE ( 'NONE', #1641, #988, #2991, .T. ) ;
#4063 = ADVANCED_FACE ( 'NONE', ( #4133 ), #4106, .F. ) ;
#4064 = CARTESIAN_POINT ( 'NONE',  ( 3.000000000000000000, 1.599999999999990319, 0.000000000000000000 ) ) ;
#4065 = VERTEX_POINT ( 'NONE', #1544 ) ;
#4066 = DIRECTION ( 'NONE',  ( -0.7071067811865475727, 0.7071067811865475727, 0.000000000000000000 ) ) ;
#4067 = CARTESIAN_POINT ( 'NONE',  ( 9.000000000000000000, 2.500000000000000000, -7.000000000000006217 ) ) ;
#4068 = DIRECTION ( 'NONE',  ( 0.000000000000000000, 1.000000000000000000, 0.000000000000000000 ) ) ;
#4069 = EDGE_CURVE ( 'NONE', #925, #2127, #1164, .T. ) ;
#4070 = VECTOR ( 'NONE', #1986, 1000.000000000000000 ) ;
#4071 = EDGE_LOOP ( 'NONE', ( #3543, #2841, #4493, #64, #88, #1312 ) ) ;
#4072 = DIRECTION ( 'NONE',  ( -0.000000000000000000, -1.000000000000000000, -0.000000000000000000 ) ) ;
#4073 = FACE_OUTER_BOUND ( 'NONE', #3824, .T. ) ;
#4074 = DIRECTION ( 'NONE',  ( 0.000000000000000000, 0.000000000000000000, 1.000000000000000000 ) ) ;
#4075 = CIRCLE ( 'NONE', #2008, 4.599999999999989875 ) ;
#4076 = ORIENTED_EDGE ( 'NONE', *, *, #3630, .F. ) ;
#4077 = ORIENTED_EDGE ( 'NONE', *, *, #3800, .F. ) ;
#4078 = CARTESIAN_POINT ( 'NONE',  ( 2.082642335314406498E-13, 2.500000000000000000, -47.00000000000002132 ) ) ;
#4079 = CARTESIAN_POINT ( 'NONE',  ( 64.50000000000000000, 4.299999999999999822, -6.500000000000005329 ) ) ;
#4080 = VECTOR ( 'NONE', #345, 1000.000000000000000 ) ;
#4081 = VERTEX_POINT ( 'NONE', #2632 ) ;
#4082 = VECTOR ( 'NONE', #3860, 1000.000000000000000 ) ;
#4083 = CARTESIAN_POINT ( 'NONE',  ( 0.000000000000000000, 4.299999999999999822, -38.99999999999999289 ) ) ;
#4084 = VECTOR ( 'NONE', #4592, 1000.000000000000114 ) ;
#4085 = CARTESIAN_POINT ( 'NONE',  ( 1.599999999999990319, 0.000000000000000000, -3.000000000000000000 ) ) ;
#4086 = VERTEX_POINT ( 'NONE', #4083 ) ;
#4087 = VERTEX_POINT ( 'NONE', #1593 ) ;
#4088 = PLANE ( 'NONE',  #1783 ) ;
#4089 = VECTOR ( 'NONE', #2821, 1000.000000000000000 ) ;
#4090 = ADVANCED_FACE ( 'NONE', ( #114, #446 ), #856, .T. ) ;
#4091 = ADVANCED_FACE ( 'NONE', ( #3415 ), #2953, .T. ) ;
#4092 = DIRECTION ( 'NONE',  ( 0.7071067811865487940, -0.7071067811865463515, -0.000000000000000000 ) ) ;
#4093 = FACE_OUTER_BOUND ( 'NONE', #4283, .T. ) ;
#4094 = VECTOR ( 'NONE', #3731, 1000.000000000000000 ) ;
#4095 = EDGE_LOOP ( 'NONE', ( #391, #4726, #1227, #4710 ) ) ;
#4096 = CARTESIAN_POINT ( 'NONE',  ( 2.364757900365704657, 0.6496718573862426682, -37.00000000000000711 ) ) ;
#4097 = DIRECTION ( 'NONE',  ( 0.000000000000000000, 0.000000000000000000, 1.000000000000000000 ) ) ;
#4098 = EDGE_CURVE ( 'NONE', #1074, #2108, #3794, .T. ) ;
#4099 = CARTESIAN_POINT ( 'NONE',  ( -4.094614755213208849E-14, 2.500000000000000000, -17.00000000000000000 ) ) ;
#4100 = ORIENTED_EDGE ( 'NONE', *, *, #3738, .F. ) ;
#4101 = FACE_OUTER_BOUND ( 'NONE', #3346, .T. ) ;
#4102 = CARTESIAN_POINT ( 'NONE',  ( 9.000000000000000000, 2.500000000000000000, 0.000000000000000000 ) ) ;
#4103 = ORIENTED_EDGE ( 'NONE', *, *, #2495, .F. ) ;
#4104 = EDGE_LOOP ( 'NONE', ( #1394, #3156, #3704, #3523 ) ) ;
#4105 = CARTESIAN_POINT ( 'NONE',  ( 2.899999999999999911, 8.799999999999998934, -6.500000000000002665 ) ) ;
#4106 = PLANE ( 'NONE',  #4324 ) ;
#4107 = CARTESIAN_POINT ( 'NONE',  ( 67.00000000000000000, 0.000000000000000000, -48.99999999999999289 ) ) ;
#4108 = EDGE_LOOP ( 'NONE', ( #188, #3182, #3788, #3140, #490, #4112 ) ) ;
#4109 = CARTESIAN_POINT ( 'NONE',  ( 88.00000000000000000, 1.599999999999990319, -3.000000000000000000 ) ) ;
#4110 = LINE ( 'NONE', #2639, #729 ) ;
#4111 = LINE ( 'NONE', #2226, #812 ) ;
#4112 = ORIENTED_EDGE ( 'NONE', *, *, #3609, .T. ) ;
#4113 = EDGE_CURVE ( 'NONE', #4403, #1260, #515, .T. ) ;
#4114 = CARTESIAN_POINT ( 'NONE',  ( 87.99999999999998579, 1.599999999999976774, -25.00000000000000000 ) ) ;
#4115 = CARTESIAN_POINT ( 'NONE',  ( 3.000000000000000000, 8.800999999999998380, -39.00000000000000711 ) ) ;
#4116 = VECTOR ( 'NONE', #3740, 1000.000000000000000 ) ;
#4117 = CARTESIAN_POINT ( 'NONE',  ( 62.00000000000000000, 2.500000000000000000, 0.000000000000000000 ) ) ;
#4118 = DIRECTION ( 'NONE',  ( 0.000000000000000000, 1.000000000000000000, 0.000000000000000000 ) ) ;
#4119 = VERTEX_POINT ( 'NONE', #2387 ) ;
#4120 = EDGE_CURVE ( 'NONE', #3818, #422, #1969, .T. ) ;
#4121 = VECTOR ( 'NONE', #3168, 1000.000000000000000 ) ;
#4122 = EDGE_CURVE ( 'NONE', #1127, #272, #592, .T. ) ;
#4123 = LINE ( 'NONE', #1610, #2911 ) ;
#4124 = DIRECTION ( 'NONE',  ( -0.000000000000000000, -1.000000000000000000, -0.000000000000000000 ) ) ;
#4125 = CARTESIAN_POINT ( 'NONE',  ( 67.50000000000000000, 4.299999999999999822, -3.949485927250214839E-15 ) ) ;
#4126 = AXIS2_PLACEMENT_3D ( 'NONE', #2707, #4161, #139 ) ;
#4127 = ORIENTED_EDGE ( 'NONE', *, *, #2562, .F. ) ;
#4128 = DIRECTION ( 'NONE',  ( 1.000000000000000000, 0.000000000000000000, 3.154042683594195121E-16 ) ) ;
#4129 = EDGE_CURVE ( 'NONE', #3818, #1074, #3411, .T. ) ;
#4130 = ORIENTED_EDGE ( 'NONE', *, *, #3679, .F. ) ;
#4131 = ORIENTED_EDGE ( 'NONE', *, *, #766, .T. ) ;
#4132 = DIRECTION ( 'NONE',  ( 1.626303258728256158E-16, 0.000000000000000000, -1.000000000000000000 ) ) ;
#4133 = FACE_OUTER_BOUND ( 'NONE', #1634, .T. ) ;
#4134 = DIRECTION ( 'NONE',  ( 0.000000000000000000, 0.000000000000000000, 1.000000000000000000 ) ) ;
#4135 = ORIENTED_EDGE ( 'NONE', *, *, #441, .F. ) ;
#4136 = CARTESIAN_POINT ( 'NONE',  ( 88.00000000000000000, 1.599999999999990319, -3.000000000000000000 ) ) ;
#4137 = DIRECTION ( 'NONE',  ( -0.000000000000000000, -1.000000000000000000, -0.000000000000000000 ) ) ;
#4138 = ORIENTED_EDGE ( 'NONE', *, *, #963, .F. ) ;
#4139 = FACE_OUTER_BOUND ( 'NONE', #1470, .T. ) ;
#4140 = VECTOR ( 'NONE', #2657, 1000.000000000000000 ) ;
#4141 = LINE ( 'NONE', #2326, #3544 ) ;
#4142 = CARTESIAN_POINT ( 'NONE',  ( 0.9354153044604581746, 1.472183908176918132, -37.00000000000000000 ) ) ;
#4143 = CARTESIAN_POINT ( 'NONE',  ( 1.599999999999990319, 0.000000000000000000, -3.000000000000000000 ) ) ;
#4144 = PLANE ( 'NONE',  #2855 ) ;
#4145 = AXIS2_PLACEMENT_3D ( 'NONE', #757, #2922, #47 ) ;
#4146 = VERTEX_POINT ( 'NONE', #1662 ) ;
#4147 = DIRECTION ( 'NONE',  ( -0.000000000000000000, -0.000000000000000000, -1.000000000000000000 ) ) ;
#4148 = CARTESIAN_POINT ( 'NONE',  ( 2.190714121169760127E-15, 2.500000000000000444, -33.80384757729336798 ) ) ;
#4149 = AXIS2_PLACEMENT_3D ( 'NONE', #4575, #2013, #2863 ) ;
#4150 = DIRECTION ( 'NONE',  ( 0.000000000000000000, 1.000000000000000000, 0.000000000000000000 ) ) ;
#4151 = ADVANCED_FACE ( 'NONE', ( #2678 ), #3437, .F. ) ;
#4152 = VECTOR ( 'NONE', #444, 1000.000000000000000 ) ;
#4153 = ORIENTED_EDGE ( 'NONE', *, *, #3835, .T. ) ;
#4154 = ORIENTED_EDGE ( 'NONE', *, *, #4037, .T. ) ;
#4155 = VERTEX_POINT ( 'NONE', #1589 ) ;
#4156 = DIRECTION ( 'NONE',  ( -0.000000000000000000, 0.000000000000000000, 1.000000000000000000 ) ) ;
#4157 = AXIS2_PLACEMENT_3D ( 'NONE', #2278, #532, #1961 ) ;
#4158 = EDGE_CURVE ( 'NONE', #4412, #1260, #541, .T. ) ;
#4159 = DIRECTION ( 'NONE',  ( 0.000000000000000000, 0.000000000000000000, -1.000000000000000000 ) ) ;
#4160 = VECTOR ( 'NONE', #4450, 1000.000000000000114 ) ;
#4161 = DIRECTION ( 'NONE',  ( 1.000000000000000000, -0.000000000000000000, 0.000000000000000000 ) ) ;
#4162 = CARTESIAN_POINT ( 'NONE',  ( 84.99999999999998579, 0.000000000000000000, -54.40000000000001279 ) ) ;
#4163 = CARTESIAN_POINT ( 'NONE',  ( 3.000000000000000888, 2.500000000000000000, -23.00000000000002132 ) ) ;
#4164 = VECTOR ( 'NONE', #4718, 1000.000000000000000 ) ;
#4165 = MECHANICAL_CONTEXT ( 'NONE', #2610, 'mechanical' ) ;
#4166 = VERTEX_POINT ( 'NONE', #160 ) ;
#4167 = PLANE ( 'NONE',  #691 ) ;
#4168 = VECTOR ( 'NONE', #3032, 1000.000000000000000 ) ;
#4169 = CARTESIAN_POINT ( 'NONE',  ( 88.00000000000000000, 1.599999999999993650, -31.00000000000000000 ) ) ;
#4170 = CARTESIAN_POINT ( 'NONE',  ( 0.7639320225002119713, 1.599999999999990319, -37.00000000000000711 ) ) ;
#4171 = CARTESIAN_POINT ( 'NONE',  ( 87.99999999999992895, 2.500000000000000000, -9.000000000000001776 ) ) ;
#4172 = CARTESIAN_POINT ( 'NONE',  ( 84.99999999999998579, 0.000000000000000000, -54.40000000000001279 ) ) ;
#4173 = VECTOR ( 'NONE', #2295, 1000.000000000000000 ) ;
#4174 = VERTEX_POINT ( 'NONE', #1614 ) ;
#4175 = DIRECTION ( 'NONE',  ( 0.000000000000000000, 0.000000000000000000, -1.000000000000000000 ) ) ;
#4176 = DIRECTION ( 'NONE',  ( 0.000000000000000000, 0.000000000000000000, 1.000000000000000000 ) ) ;
#4177 = CARTESIAN_POINT ( 'NONE',  ( 3.999999999999999112, 2.500000000000000000, 0.000000000000000000 ) ) ;
#4178 = VERTEX_POINT ( 'NONE', #186 ) ;
#4179 = DIRECTION ( 'NONE',  ( -1.000000000000000000, 0.000000000000000000, 0.000000000000000000 ) ) ;
#4180 = ORIENTED_EDGE ( 'NONE', *, *, #2735, .F. ) ;
#4181 = EDGE_CURVE ( 'NONE', #153, #560, #3057, .T. ) ;
#4182 = ADVANCED_FACE ( 'NONE', ( #3109 ), #2702, .F. ) ;
#4183 = ORIENTED_EDGE ( 'NONE', *, *, #2990, .F. ) ;
#4184 = DIRECTION ( 'NONE',  ( -0.000000000000000000, -1.000000000000000000, -0.000000000000000000 ) ) ;
#4185 = DIRECTION ( 'NONE',  ( 0.000000000000000000, 1.000000000000000000, 0.000000000000000000 ) ) ;
#4186 = ADVANCED_FACE ( 'NONE', ( #2144 ), #3512, .F. ) ;
#4187 = EDGE_CURVE ( 'NONE', #2637, #4252, #2460, .T. ) ;
#4188 = ORIENTED_EDGE ( 'NONE', *, *, #2500, .F. ) ;
#4189 = DIRECTION ( 'NONE',  ( -0.000000000000000000, 0.7071067811865474617, -0.7071067811865474617 ) ) ;
#4190 = CARTESIAN_POINT ( 'NONE',  ( 87.99999999999998579, 2.500000000000000000, -23.00000000000000000 ) ) ;
#4191 = APPROVAL_DATE_TIME ( #2374, #3409 ) ;
#4192 = VERTEX_POINT ( 'NONE', #1685 ) ;
#4193 = DIRECTION ( 'NONE',  ( 0.000000000000000000, 0.000000000000000000, 1.000000000000000000 ) ) ;
#4194 = CARTESIAN_POINT ( 'NONE',  ( 88.00000000000000000, 4.299999999999999822, -3.000000000000000000 ) ) ;
#4195 = FACE_OUTER_BOUND ( 'NONE', #1514, .T. ) ;
#4196 = CYLINDRICAL_SURFACE ( 'NONE', #1564, 3.000000000000001776 ) ;
#4197 = ORIENTED_EDGE ( 'NONE', *, *, #1759, .T. ) ;
#4198 = CARTESIAN_POINT ( 'NONE',  ( 4.599999999999996980, 0.000000000000000000, -33.00000000000000000 ) ) ;
#4199 = DIRECTION ( 'NONE',  ( 1.000000000000000000, -0.000000000000000000, -0.000000000000000000 ) ) ;
#4200 = LINE ( 'NONE', #949, #4012 ) ;
#4201 = ORIENTED_EDGE ( 'NONE', *, *, #1410, .T. ) ;
#4202 = ORIENTED_EDGE ( 'NONE', *, *, #3354, .T. ) ;
#4203 = VERTEX_POINT ( 'NONE', #1049 ) ;
#4204 = PLANE ( 'NONE',  #550 ) ;
#4205 = AXIS2_PLACEMENT_3D ( 'NONE', #15, #706, #392 ) ;
#4206 = DIRECTION ( 'NONE',  ( 0.000000000000000000, -0.000000000000000000, 1.000000000000000000 ) ) ;
#4207 = ADVANCED_FACE ( 'NONE', ( #610 ), #4682, .F. ) ;
#4208 = VECTOR ( 'NONE', #4185, 1000.000000000000000 ) ;
#4209 = ORIENTED_EDGE ( 'NONE', *, *, #711, .T. ) ;
#4210 = ORIENTED_EDGE ( 'NONE', *, *, #336, .T. ) ;
#4211 = CARTESIAN_POINT ( 'NONE',  ( 2.299999999999994493, 0.000000000000000000, -37.78756443470178539 ) ) ;
#4212 = CARTESIAN_POINT ( 'NONE',  ( -2.081668171172168513E-14, 8.799999999999998934, -53.00000000000000000 ) ) ;
#4213 = ADVANCED_FACE ( 'NONE', ( #2514 ), #2799, .F. ) ;
#4214 = CARTESIAN_POINT ( 'NONE',  ( 64.50000000000000000, 7.299999999999999822, -3.500000000000003109 ) ) ;
#4215 = ORIENTED_EDGE ( 'NONE', *, *, #4440, .T. ) ;
#4216 = DIRECTION ( 'NONE',  ( 0.000000000000000000, 0.000000000000000000, -1.000000000000000000 ) ) ;
#4217 = DIRECTION ( 'NONE',  ( -0.000000000000000000, -1.000000000000000000, -0.000000000000000000 ) ) ;
#4218 = CARTESIAN_POINT ( 'NONE',  ( 3.000000000000000000, 4.299999999999999822, -56.00000000000000000 ) ) ;
#4219 = PLANE ( 'NONE',  #709 ) ;
#4220 = VECTOR ( 'NONE', #1402, 1000.000000000000000 ) ;
#4221 = EDGE_LOOP ( 'NONE', ( #3768, #1384, #2409, #2773 ) ) ;
#4222 = PLANE ( 'NONE',  #2533 ) ;
#4223 = DIRECTION ( 'NONE',  ( 0.000000000000000000, 1.000000000000000000, 0.000000000000000000 ) ) ;
#4224 = DIRECTION ( 'NONE',  ( -1.000000000000000000, -0.000000000000000000, -0.000000000000000000 ) ) ;
#4225 = AXIS2_PLACEMENT_3D ( 'NONE', #3130, #1681, #2412 ) ;
#4226 = ORIENTED_EDGE ( 'NONE', *, *, #4688, .T. ) ;
#4227 = DIRECTION ( 'NONE',  ( 1.000000000000000000, 0.000000000000000000, 0.000000000000000000 ) ) ;
#4228 = VERTEX_POINT ( 'NONE', #1758 ) ;
#4229 = CIRCLE ( 'NONE', #3467, 1.400000000000010569 ) ;
#4230 = CARTESIAN_POINT ( 'NONE',  ( 9.000000000000000000, 2.500000000000000000, -56.00000000000000000 ) ) ;
#4231 = CARTESIAN_POINT ( 'NONE',  ( 8.352253384707336082E-14, 0.000000000000000000, -37.00000000000000711 ) ) ;
#4232 = AXIS2_PLACEMENT_3D ( 'NONE', #523, #140, #1597 ) ;
#4233 = ORIENTED_EDGE ( 'NONE', *, *, #1603, .F. ) ;
#4234 = CARTESIAN_POINT ( 'NONE',  ( 3.000000000000000000, 7.299999999999999822, -3.000000000000000000 ) ) ;
#4235 = DIRECTION ( 'NONE',  ( 0.000000000000000000, 0.000000000000000000, 1.000000000000000000 ) ) ;
#4236 = AXIS2_PLACEMENT_3D ( 'NONE', #1748, #2428, #2110 ) ;
#4237 = LINE ( 'NONE', #3478, #2375 ) ;
#4238 = EDGE_CURVE ( 'NONE', #3293, #909, #330, .T. ) ;
#4239 = EDGE_CURVE ( 'NONE', #2094, #2004, #1709, .T. ) ;
#4240 = ORIENTED_EDGE ( 'NONE', *, *, #3910, .T. ) ;
#4241 = DIRECTION ( 'NONE',  ( 0.000000000000000000, 1.000000000000000000, 0.000000000000000000 ) ) ;
#4242 = VECTOR ( 'NONE', #1855, 1000.000000000000000 ) ;
#4243 = CARTESIAN_POINT ( 'NONE',  ( 88.00000000000000000, 1.599999999999990319, -53.00000000000000000 ) ) ;
#4244 = CARTESIAN_POINT ( 'NONE',  ( 62.00000000000000000, 0.000000000000000000, -1.599999999999991207 ) ) ;
#4245 = VECTOR ( 'NONE', #1642, 1000.000000000000000 ) ;
#4246 = ORIENTED_EDGE ( 'NONE', *, *, #3772, .T. ) ;
#4247 = CARTESIAN_POINT ( 'NONE',  ( 3.000000000000000888, 1.599999999999991429, -33.00000000000000000 ) ) ;
#4248 = ADVANCED_FACE ( 'NONE', ( #3155 ), #975, .F. ) ;
#4249 = DIRECTION ( 'NONE',  ( 0.000000000000000000, 0.7071067811865477948, 0.7071067811865473507 ) ) ;
#4250 = CARTESIAN_POINT ( 'NONE',  ( 61.50000000000000000, 7.299999999999999822, -3.500000000000003109 ) ) ;
#4251 = AXIS2_PLACEMENT_3D ( 'NONE', #4492, #4235, #1651 ) ;
#4252 = VERTEX_POINT ( 'NONE', #1330 ) ;
#4253 = CARTESIAN_POINT ( 'NONE',  ( 87.99999999999992895, 1.599999999999990319, -6.999999999999999112 ) ) ;
#4254 = ORIENTED_EDGE ( 'NONE', *, *, #3416, .T. ) ;
#4255 = DIRECTION ( 'NONE',  ( 0.000000000000000000, 0.000000000000000000, -1.000000000000000000 ) ) ;
#4256 = DIRECTION ( 'NONE',  ( -0.000000000000000000, -1.000000000000000000, -0.000000000000000000 ) ) ;
#4257 = VERTEX_POINT ( 'NONE', #4253 ) ;
#4258 = VERTEX_POINT ( 'NONE', #2437 ) ;
#4259 = CARTESIAN_POINT ( 'NONE',  ( 9.500000000000000000, 7.299999999999999822, -4.336808689942017736E-16 ) ) ;
#4260 = APPROVAL_STATUS ( 'not_yet_approved' ) ;
#4261 = EDGE_CURVE ( 'NONE', #3272, #3031, #278, .T. ) ;
#4262 = CARTESIAN_POINT ( 'NONE',  ( -4.094614755213208849E-14, 2.500000000000000000, -17.00000000000000000 ) ) ;
#4263 = DIRECTION ( 'NONE',  ( -0.7071067811865487940, 0.7071067811865463515, -1.672683727290956608E-16 ) ) ;
#4264 = CARTESIAN_POINT ( 'NONE',  ( 6.500000000000000000, 2.500000000000000000, -4.800000000000003375 ) ) ;
#4265 = DIRECTION ( 'NONE',  ( 1.000000000000000000, 0.000000000000000000, 0.000000000000000000 ) ) ;
#4266 = EDGE_CURVE ( 'NONE', #2488, #696, #4274, .T. ) ;
#4267 = ORIENTED_EDGE ( 'NONE', *, *, #2301, .F. ) ;
#4268 = DIRECTION ( 'NONE',  ( 1.000000000000000000, -0.000000000000000000, 0.000000000000000000 ) ) ;
#4269 = FACE_OUTER_BOUND ( 'NONE', #2426, .T. ) ;
#4270 = CARTESIAN_POINT ( 'NONE',  ( 4.113710927954500705E-16, 0.000000000000000000, -22.19615242270663558 ) ) ;
#4271 = EDGE_CURVE ( 'NONE', #3962, #2508, #634, .T. ) ;
#4272 = EDGE_CURVE ( 'NONE', #1203, #3001, #4656, .T. ) ;
#4273 = VERTEX_POINT ( 'NONE', #1021 ) ;
#4274 = LINE ( 'NONE', #997, #1495 ) ;
#4275 = ORIENTED_EDGE ( 'NONE', *, *, #2926, .F. ) ;
#4276 = DIRECTION ( 'NONE',  ( 0.000000000000000000, 0.000000000000000000, -1.000000000000000000 ) ) ;
#4277 = CARTESIAN_POINT ( 'NONE',  ( 4.599999999999989875, 0.000000000000000000, -22.19615242270663558 ) ) ;
#4278 = VECTOR ( 'NONE', #989, 1000.000000000000114 ) ;
#4279 = CARTESIAN_POINT ( 'NONE',  ( 3.308263848429647602, 0.000000000000000000, -19.00000000000002132 ) ) ;
#4280 = ADVANCED_FACE ( 'NONE', ( #2489 ), #3783, .T. ) ;
#4281 = CIRCLE ( 'NONE', #2834, 3.000000000000002665 ) ;
#4282 = ORIENTED_EDGE ( 'NONE', *, *, #2588, .T. ) ;
#4283 = EDGE_LOOP ( 'NONE', ( #1931, #309, #542, #3422 ) ) ;
#4284 = CARTESIAN_POINT ( 'NONE',  ( 87.99999999999997158, 2.500000000000000000, -21.00000000000000000 ) ) ;
#4285 = VECTOR ( 'NONE', #759, 1000.000000000000000 ) ;
#4286 = CARTESIAN_POINT ( 'NONE',  ( 88.00000000000000000, 1.599999999999990319, -27.00000000000000000 ) ) ;
#4287 = MANIFOLD_SOLID_BREP ( '切除-拉伸3', #3735 ) ;
#4288 = ORIENTED_EDGE ( 'NONE', *, *, #2045, .F. ) ;
#4289 = DIRECTION ( 'NONE',  ( -1.000000000000000000, -0.000000000000000000, -2.365532012695646217E-16 ) ) ;
#4290 = CARTESIAN_POINT ( 'NONE',  ( 2.084810739659377507E-13, 2.500000000000000000, -49.00000000000000000 ) ) ;
#4291 = DIRECTION ( 'NONE',  ( -0.000000000000000000, -1.000000000000000000, -0.000000000000000000 ) ) ;
#4292 = ORIENTED_EDGE ( 'NONE', *, *, #1003, .F. ) ;
#4293 = CARTESIAN_POINT ( 'NONE',  ( 86.40000000000000568, 0.000000000000000000, -3.000000000000000000 ) ) ;
#4294 = VERTEX_POINT ( 'NONE', #3837 ) ;
#4295 = LINE ( 'NONE', #3336, #177 ) ;
#4296 = CARTESIAN_POINT ( 'NONE',  ( 86.40000000000000568, 0.000000000000000000, -31.00000000000000000 ) ) ;
#4297 = AXIS2_PLACEMENT_3D ( 'NONE', #1645, #2367, #544 ) ;
#4298 = ORIENTED_EDGE ( 'NONE', *, *, #534, .F. ) ;
#4299 = CARTESIAN_POINT ( 'NONE',  ( 84.99999999999998579, 0.000000000000000000, -3.000000000000000000 ) ) ;
#4300 = EDGE_LOOP ( 'NONE', ( #3844, #3843, #2483, #4681 ) ) ;
#4301 = DIRECTION ( 'NONE',  ( 0.000000000000000000, 0.000000000000000000, 1.000000000000000000 ) ) ;
#4302 = VECTOR ( 'NONE', #1966, 1000.000000000000000 ) ;
#4303 = EDGE_CURVE ( 'NONE', #1782, #219, #2769, .T. ) ;
#4304 = EDGE_CURVE ( 'NONE', #2604, #3902, #2381, .T. ) ;
#4305 = CARTESIAN_POINT ( 'NONE',  ( 6.500000000000000000, 7.299999999999999822, -6.500000000000004441 ) ) ;
#4306 = CARTESIAN_POINT ( 'NONE',  ( 61.50000000000000000, 7.299999999999999822, -3.500000000000003109 ) ) ;
#4307 = VECTOR ( 'NONE', #3029, 1000.000000000000000 ) ;
#4308 = EDGE_LOOP ( 'NONE', ( #2384, #2047, #1181, #1543 ) ) ;
#4309 = ADVANCED_FACE ( 'NONE', ( #1962 ), #4600, .F. ) ;
#4310 = CARTESIAN_POINT ( 'NONE',  ( 88.00000000000000000, 1.599999999999990319, -3.000000000000000000 ) ) ;
#4311 = AXIS2_PLACEMENT_3D ( 'NONE', #3621, #1797, #32 ) ;
#4312 = ORIENTED_EDGE ( 'NONE', *, *, #3655, .T. ) ;
#4313 = CARTESIAN_POINT ( 'NONE',  ( 4.165284670628812997E-14, 0.000000000000000000, -31.00000000000002132 ) ) ;
#4314 = DIRECTION ( 'NONE',  ( 0.000000000000000000, 0.000000000000000000, 1.000000000000000000 ) ) ;
#4315 = LINE ( 'NONE', #3906, #3098 ) ;
#4316 = AXIS2_PLACEMENT_3D ( 'NONE', #4250, #4654, #2064 ) ;
#4317 = CARTESIAN_POINT ( 'NONE',  ( 67.00000000000000000, 2.500000000000000000, -7.000000000000006217 ) ) ;
#4318 = ORIENTED_EDGE ( 'NONE', *, *, #1497, .F. ) ;
#4319 = DIRECTION ( 'NONE',  ( -0.000000000000000000, -0.000000000000000000, 1.000000000000000000 ) ) ;
#4320 = VECTOR ( 'NONE', #3836, 1000.000000000000114 ) ;
#4321 = ORIENTED_EDGE ( 'NONE', *, *, #3421, .T. ) ;
#4322 = LINE ( 'NONE', #1045, #937 ) ;
#4323 = CARTESIAN_POINT ( 'NONE',  ( 9.500000000000000000, 7.299999999999999822, -4.336808689942017736E-16 ) ) ;
#4324 = AXIS2_PLACEMENT_3D ( 'NONE', #3062, #164, #4442 ) ;
#4325 = EDGE_CURVE ( 'NONE', #803, #2046, #917, .T. ) ;
#4326 = ORIENTED_EDGE ( 'NONE', *, *, #3509, .T. ) ;
#4327 = CARTESIAN_POINT ( 'NONE',  ( 0.000000000000000000, 2.500000000000000000, 0.000000000000000000 ) ) ;
#4328 = VERTEX_POINT ( 'NONE', #868 ) ;
#4329 = DIRECTION ( 'NONE',  ( 0.000000000000000000, -1.000000000000000000, 0.000000000000000000 ) ) ;
#4330 = VECTOR ( 'NONE', #4725, 1000.000000000000114 ) ;
#4331 = DIRECTION ( 'NONE',  ( -1.000000000000000000, -0.000000000000000000, -2.365532012695646217E-16 ) ) ;
#4332 = CARTESIAN_POINT ( 'NONE',  ( 1.599999999999990097, 0.000000000000000000, -17.00000000000000000 ) ) ;
#4333 = ORGANIZATION ( '未指定', '未指定', '' ) ;
#4334 = EDGE_CURVE ( 'NONE', #2324, #4482, #2329, .T. ) ;
#4335 = EDGE_CURVE ( 'NONE', #1876, #257, #1321, .T. ) ;
#4336 = ORIENTED_EDGE ( 'NONE', *, *, #527, .T. ) ;
#4337 = CARTESIAN_POINT ( 'NONE',  ( 6.499999999999992006, 4.299999999999999822, -6.500000000000004441 ) ) ;
#4338 = EDGE_CURVE ( 'NONE', #945, #4065, #226, .T. ) ;
#4339 = ADVANCED_FACE ( 'NONE', ( #176 ), #1608, .T. ) ;
#4340 = VERTEX_POINT ( 'NONE', #151 ) ;
#4341 = CARTESIAN_POINT ( 'NONE',  ( 0.000000000000000000, 1.599999999999990319, -13.00000000000000178 ) ) ;
#4342 = ORIENTED_EDGE ( 'NONE', *, *, #697, .F. ) ;
#4343 = DIRECTION ( 'NONE',  ( -0.000000000000000000, -0.000000000000000000, 1.000000000000000000 ) ) ;
#4344 = PLANE ( 'NONE',  #647 ) ;
#4345 = CARTESIAN_POINT ( 'NONE',  ( 1.668282272596496208E-13, 2.500000000000000000, -45.00000000000000000 ) ) ;
#4346 = ORIENTED_EDGE ( 'NONE', *, *, #1489, .T. ) ;
#4347 = FACE_OUTER_BOUND ( 'NONE', #2737, .T. ) ;
#4348 = VERTEX_POINT ( 'NONE', #2746 ) ;
#4349 = DIRECTION ( 'NONE',  ( -0.000000000000000000, -1.000000000000000000, -0.000000000000000000 ) ) ;
#4350 = CARTESIAN_POINT ( 'NONE',  ( 3.000000000000000000, 7.299999999999999822, -53.00000000000000000 ) ) ;
#4351 = VERTEX_POINT ( 'NONE', #4244 ) ;
#4352 = ORIENTED_EDGE ( 'NONE', *, *, #4390, .F. ) ;
#4353 = LINE ( 'NONE', #3917, #327 ) ;
#4354 = CARTESIAN_POINT ( 'NONE',  ( 9.499999999999994671, 7.299999999999999822, -55.99999999999998579 ) ) ;
#4355 = DIRECTION ( 'NONE',  ( -0.000000000000000000, -1.000000000000000000, -0.000000000000000000 ) ) ;
#4356 = ORIENTED_EDGE ( 'NONE', *, *, #3134, .F. ) ;
#4357 = AXIS2_PLACEMENT_3D ( 'NONE', #561, #2020, #132 ) ;
#4358 = EDGE_CURVE ( 'NONE', #3110, #3677, #3049, .T. ) ;
#4359 = PLANE ( 'NONE',  #2028 ) ;
#4360 = PERSON_AND_ORGANIZATION_ROLE ( 'design_supplier' ) ;
#4361 = VECTOR ( 'NONE', #37, 1000.000000000000000 ) ;
#4362 = VERTEX_POINT ( 'NONE', #3481 ) ;
#4363 = LINE ( 'NONE', #4313, #2987 ) ;
#4364 = VERTEX_POINT ( 'NONE', #2429 ) ;
#4365 = VECTOR ( 'NONE', #411, 1000.000000000000000 ) ;
#4366 = ADVANCED_FACE ( 'NONE', ( #1677 ), #4196, .T. ) ;
#4367 = DIRECTION ( 'NONE',  ( 0.000000000000000000, 0.000000000000000000, 1.000000000000000000 ) ) ;
#4368 = PLANE ( 'NONE',  #2576 ) ;
#4369 = VERTEX_POINT ( 'NONE', #508 ) ;
#4370 = VECTOR ( 'NONE', #1097, 1000.000000000000000 ) ;
#4371 = DIRECTION ( 'NONE',  ( -2.365532012695646217E-16, 0.000000000000000000, 1.000000000000000000 ) ) ;
#4372 = ORIENTED_EDGE ( 'NONE', *, *, #3482, .T. ) ;
#4373 = CARTESIAN_POINT ( 'NONE',  ( 2.084810739659377507E-13, 2.500000000000000000, -49.00000000000000000 ) ) ;
#4374 = ADVANCED_FACE ( 'NONE', ( #3073 ), #250, .F. ) ;
#4375 = LINE ( 'NONE', #3670, #2173 ) ;
#4376 = ORIENTED_EDGE ( 'NONE', *, *, #3834, .F. ) ;
#4377 = ORIENTED_EDGE ( 'NONE', *, *, #2734, .T. ) ;
#4378 = LINE ( 'NONE', #1094, #1624 ) ;
#4379 = LINE ( 'NONE', #1830, #1915 ) ;
#4380 = ORIENTED_EDGE ( 'NONE', *, *, #2633, .T. ) ;
#4381 = LINE ( 'NONE', #3678, #2099 ) ;
#4382 = VECTOR ( 'NONE', #4484, 1000.000000000000000 ) ;
#4383 = CARTESIAN_POINT ( 'NONE',  ( 9.499999999999994671, 7.299999999999999822, -55.99999999999998579 ) ) ;
#4384 = CIRCLE ( 'NONE', #3619, 3.000000000000002665 ) ;
#4385 = ORIENTED_EDGE ( 'NONE', *, *, #1868, .T. ) ;
#4386 = LINE ( 'NONE', #1818, #1401 ) ;
#4387 = CARTESIAN_POINT ( 'NONE',  ( 87.99999999999994316, 1.599999999999990319, -11.00000000000000000 ) ) ;
#4388 = DIRECTION ( 'NONE',  ( -1.000000000000000000, 0.000000000000000000, 0.000000000000000000 ) ) ;
#4389 = ORIENTED_EDGE ( 'NONE', *, *, #328, .T. ) ;
#4390 = EDGE_CURVE ( 'NONE', #1993, #797, #4524, .T. ) ;
#4391 = EDGE_CURVE ( 'NONE', #4418, #2066, #2407, .T. ) ;
#4392 = DIRECTION ( 'NONE',  ( 1.626303258728256158E-16, 0.000000000000000000, -1.000000000000000000 ) ) ;
#4393 = LINE ( 'NONE', #2894, #4002 ) ;
#4394 = VECTOR ( 'NONE', #1327, 1000.000000000000000 ) ;
#4395 = CARTESIAN_POINT ( 'NONE',  ( 64.50000000000000000, 7.299999999999999822, -3.500000000000003109 ) ) ;
#4396 = VECTOR ( 'NONE', #2577, 1000.000000000000114 ) ;
#4397 = ORIENTED_EDGE ( 'NONE', *, *, #4623, .T. ) ;
#4398 = EDGE_CURVE ( 'NONE', #2947, #2127, #2260, .T. ) ;
#4399 = ORIENTED_EDGE ( 'NONE', *, *, #2912, .F. ) ;
#4400 = DIRECTION ( 'NONE',  ( 0.000000000000000000, -1.000000000000000000, 0.000000000000000000 ) ) ;
#4401 = VECTOR ( 'NONE', #1314, 1000.000000000000114 ) ;
#4402 = CARTESIAN_POINT ( 'NONE',  ( 1.599999999999990319, 0.000000000000000000, -2.999999999999999556 ) ) ;
#4403 = VERTEX_POINT ( 'NONE', #603 ) ;
#4404 = DIRECTION ( 'NONE',  ( 0.000000000000000000, 0.000000000000000000, -1.000000000000000000 ) ) ;
#4405 = CIRCLE ( 'NONE', #2957, 2.999999999999999112 ) ;
#4406 = CARTESIAN_POINT ( 'NONE',  ( 64.50000000000000000, 2.500000000000000000, -3.500000000000003109 ) ) ;
#4407 = VERTEX_POINT ( 'NONE', #2357 ) ;
#4408 = CARTESIAN_POINT ( 'NONE',  ( -6.838813954321821474E-14, 2.500000000000000000, -9.000000000000001776 ) ) ;
#4409 = PLANE ( 'NONE',  #2327 ) ;
#4410 = PLANE ( 'NONE',  #964 ) ;
#4411 = EDGE_CURVE ( 'NONE', #2296, #3902, #2059, .T. ) ;
#4412 = VERTEX_POINT ( 'NONE', #1084 ) ;
#4413 = DIRECTION ( 'NONE',  ( -0.000000000000000000, -1.000000000000000000, -0.000000000000000000 ) ) ;
#4414 = ORIENTED_EDGE ( 'NONE', *, *, #4444, .T. ) ;
#4415 = CARTESIAN_POINT ( 'NONE',  ( 64.50000000000000000, 7.299999999999999822, -3.500000000000003109 ) ) ;
#4416 = DIRECTION ( 'NONE',  ( 1.000000000000000000, 0.000000000000000000, -1.334402673828312600E-16 ) ) ;
#4417 = EDGE_CURVE ( 'NONE', #3373, #112, #1346, .T. ) ;
#4418 = VERTEX_POINT ( 'NONE', #4626 ) ;
#4419 = ORIENTED_EDGE ( 'NONE', *, *, #3656, .F. ) ;
#4420 = CARTESIAN_POINT ( 'NONE',  ( 67.50000000000000000, 7.299999999999999822, -56.00000000000000000 ) ) ;
#4421 = ADVANCED_FACE ( 'NONE', ( #3935 ), #1773, .F. ) ;
#4422 = EDGE_CURVE ( 'NONE', #2040, #1278, #3243, .T. ) ;
#4423 = CARTESIAN_POINT ( 'NONE',  ( 3.000000000000000000, 4.299999999999999822, -56.00000000000000000 ) ) ;
#4424 = ORIENTED_EDGE ( 'NONE', *, *, #3225, .F. ) ;
#4425 = ADVANCED_FACE ( 'NONE', ( #2910 ), #3580, .F. ) ;
#4426 = FACE_OUTER_BOUND ( 'NONE', #2338, .T. ) ;
#4427 = ORIENTED_EDGE ( 'NONE', *, *, #1922, .T. ) ;
#4428 = LINE ( 'NONE', #2549, #2242 ) ;
#4429 = CARTESIAN_POINT ( 'NONE',  ( 9.000000000000000000, 1.599999999999990319, 0.000000000000000000 ) ) ;
#4430 = CARTESIAN_POINT ( 'NONE',  ( 4.441758591104761678, 0.000000000000000000, -35.00000000000001421 ) ) ;
#4431 = VERTEX_POINT ( 'NONE', #4317 ) ;
#4432 = PLANE ( 'NONE',  #1375 ) ;
#4433 = AXIS2_PLACEMENT_3D ( 'NONE', #1722, #3213, #2401 ) ;
#4434 = CARTESIAN_POINT ( 'NONE',  ( 62.00000000000000000, 2.500000000000000000, -48.99999999999999289 ) ) ;
#4435 = CARTESIAN_POINT ( 'NONE',  ( 62.00000000000000000, 1.599999999999990763, -56.00000000000000000 ) ) ;
#4436 = VECTOR ( 'NONE', #2222, 1000.000000000000000 ) ;
#4437 = ORIENTED_EDGE ( 'NONE', *, *, #212, .T. ) ;
#4438 = ORIENTED_EDGE ( 'NONE', *, *, #2535, .F. ) ;
#4439 = CYLINDRICAL_SURFACE ( 'NONE', #402, 3.000000000000002665 ) ;
#4440 = EDGE_CURVE ( 'NONE', #4340, #909, #655, .T. ) ;
#4441 = VERTEX_POINT ( 'NONE', #1391 ) ;
#4442 = DIRECTION ( 'NONE',  ( 1.000000000000000000, 0.000000000000000000, 2.365532012695646217E-16 ) ) ;
#4443 = CIRCLE ( 'NONE', #3681, 3.000000000000002665 ) ;
#4444 = EDGE_CURVE ( 'NONE', #2286, #4348, #1800, .T. ) ;
#4445 = DIRECTION ( 'NONE',  ( 0.000000000000000000, 1.000000000000000000, 0.000000000000000000 ) ) ;
#4446 = ORIENTED_EDGE ( 'NONE', *, *, #491, .T. ) ;
#4447 = ORIENTED_EDGE ( 'NONE', *, *, #4623, .F. ) ;
#4448 = LINE ( 'NONE', #3370, #3471 ) ;
#4449 = VECTOR ( 'NONE', #182, 1000.000000000000000 ) ;
#4450 = DIRECTION ( 'NONE',  ( 0.7071067811865474617, -0.7071067811865474617, -0.000000000000000000 ) ) ;
#4451 = DIRECTION ( 'NONE',  ( -0.000000000000000000, -0.000000000000000000, -1.000000000000000000 ) ) ;
#4452 = AXIS2_PLACEMENT_3D ( 'NONE', #4598, #4241, #4621 ) ;
#4453 = EDGE_LOOP ( 'NONE', ( #1414, #4558, #1686, #2246, #4642, #1519 ) ) ;
#4454 = LINE ( 'NONE', #1885, #3216 ) ;
#4455 = CARTESIAN_POINT ( 'NONE',  ( 86.40000000000000568, 0.000000000000000000, -21.00000000000000000 ) ) ;
#4456 = PLANE ( 'NONE',  #1032 ) ;
#4457 = CIRCLE ( 'NONE', #4232, 2.999999999999999112 ) ;
#4458 = ORIENTED_EDGE ( 'NONE', *, *, #1410, .F. ) ;
#4459 = DIRECTION ( 'NONE',  ( -1.000000000000000000, 0.000000000000000000, -0.000000000000000000 ) ) ;
#4460 = VECTOR ( 'NONE', #2189, 1000.000000000000000 ) ;
#4461 = LINE ( 'NONE', #2361, #1242 ) ;
#4462 = CIRCLE ( 'NONE', #3775, 3.000000000000002665 ) ;
#4463 = EDGE_CURVE ( 'NONE', #3851, #2115, #1749, .T. ) ;
#4464 = EDGE_LOOP ( 'NONE', ( #194, #2893, #493, #2120 ) ) ;
#4465 = EDGE_LOOP ( 'NONE', ( #3379, #1022, #1068, #4503 ) ) ;
#4466 = DIRECTION ( 'NONE',  ( -0.7071067811865474617, -0.7071067811865474617, -1.672683727290953650E-16 ) ) ;
#4467 = VECTOR ( 'NONE', #2373, 1000.000000000000000 ) ;
#4468 = PLANE ( 'NONE',  #4622 ) ;
#4469 = EDGE_CURVE ( 'NONE', #1400, #1209, #3907, .T. ) ;
#4470 = VECTOR ( 'NONE', #4555, 1000.000000000000000 ) ;
#4471 = FACE_OUTER_BOUND ( 'NONE', #354, .T. ) ;
#4472 = FACE_OUTER_BOUND ( 'NONE', #1622, .T. ) ;
#4473 = APPROVAL_PERSON_ORGANIZATION ( #1929, #3409, #1217 ) ;
#4474 = DIRECTION ( 'NONE',  ( 0.000000000000000000, 1.000000000000000000, 0.000000000000000000 ) ) ;
#4475 = DIRECTION ( 'NONE',  ( 0.000000000000000000, 0.000000000000000000, 1.000000000000000000 ) ) ;
#4476 = ADVANCED_FACE ( 'NONE', ( #2453 ), #2030, .F. ) ;
#4477 = EDGE_CURVE ( 'NONE', #2869, #4192, #276, .T. ) ;
#4478 = ORIENTED_EDGE ( 'NONE', *, *, #2347, .T. ) ;
#4479 = LINE ( 'NONE', #2325, #4050 ) ;
#4480 = DIRECTION ( 'NONE',  ( 0.000000000000000000, 0.000000000000000000, -1.000000000000000000 ) ) ;
#4481 = DIRECTION ( 'NONE',  ( 0.000000000000000000, 0.000000000000000000, -1.000000000000000000 ) ) ;
#4482 = VERTEX_POINT ( 'NONE', #1729 ) ;
#4483 = DIRECTION ( 'NONE',  ( 0.000000000000000000, 0.000000000000000000, -1.000000000000000000 ) ) ;
#4484 = DIRECTION ( 'NONE',  ( -1.626303258728256158E-16, 0.000000000000000000, 1.000000000000000000 ) ) ;
#4485 = ORIENTED_EDGE ( 'NONE', *, *, #3772, .F. ) ;
#4486 = EDGE_LOOP ( 'NONE', ( #2052, #611, #1237, #1104 ) ) ;
#4487 = EDGE_LOOP ( 'NONE', ( #825, #3746, #2846, #4683 ) ) ;
#4488 = LINE ( 'NONE', #1920, #3756 ) ;
#4489 = CARTESIAN_POINT ( 'NONE',  ( 88.00000000000000000, 1.599999999999990319, -37.00000000000000711 ) ) ;
#4490 = FACE_OUTER_BOUND ( 'NONE', #4487, .T. ) ;
#4491 = CARTESIAN_POINT ( 'NONE',  ( 2.899999999999992806, 7.299999999999999822, -53.00000000000000000 ) ) ;
#4492 = CARTESIAN_POINT ( 'NONE',  ( 0.000000000000000000, 0.000000000000000000, 0.000000000000000000 ) ) ;
#4493 = ORIENTED_EDGE ( 'NONE', *, *, #3889, .T. ) ;
#4494 = CARTESIAN_POINT ( 'NONE',  ( 8.330569341257625993E-14, 0.000000000000000000, -35.00000000000001421 ) ) ;
#4495 = ADVANCED_FACE ( 'NONE', ( #3195, #4648, #1062 ), #4368, .F. ) ;
#4496 = EDGE_CURVE ( 'NONE', #2359, #2421, #4405, .T. ) ;
#4497 = CARTESIAN_POINT ( 'NONE',  ( -6.860497997771531562E-14, 2.500000000000000000, -7.000000000000020428 ) ) ;
#4498 = VECTOR ( 'NONE', #3937, 1000.000000000000000 ) ;
#4499 = DIRECTION ( 'NONE',  ( 0.000000000000000000, 0.000000000000000000, 1.000000000000000000 ) ) ;
#4500 = CARTESIAN_POINT ( 'NONE',  ( 0.000000000000000000, 2.500000000000000000, 0.000000000000000000 ) ) ;
#4501 = VERTEX_POINT ( 'NONE', #2158 ) ;
#4502 = AXIS2_PLACEMENT_3D ( 'NONE', #4214, #1009, #2785 ) ;
#4503 = ORIENTED_EDGE ( 'NONE', *, *, #4271, .F. ) ;
#4504 = EDGE_CURVE ( 'NONE', #4192, #2040, #3599, .T. ) ;
#4505 = FACE_OUTER_BOUND ( 'NONE', #208, .T. ) ;
#4506 = CARTESIAN_POINT ( 'NONE',  ( 4.441758591104761678, 0.000000000000000000, -35.00000000000001421 ) ) ;
#4507 = VECTOR ( 'NONE', #572, 999.9999999999998863 ) ;
#4508 = ORIENTED_EDGE ( 'NONE', *, *, #3461, .F. ) ;
#4509 = CARTESIAN_POINT ( 'NONE',  ( -4.116298798662918937E-14, 2.500000000000000000, -15.00000000000001954 ) ) ;
#4510 = ORIENTED_EDGE ( 'NONE', *, *, #171, .T. ) ;
#4511 = ORIENTED_EDGE ( 'NONE', *, *, #4587, .T. ) ;
#4512 = DIRECTION ( 'NONE',  ( -1.577021341797097560E-16, 0.000000000000000000, 1.000000000000000000 ) ) ;
#4513 = CARTESIAN_POINT ( 'NONE',  ( 84.99999999999998579, 1.599999999999989431, -3.000000000000000000 ) ) ;
#4514 = DIRECTION ( 'NONE',  ( -1.000000000000000000, -0.000000000000000000, -2.365532012695646217E-16 ) ) ;
#4515 = DIRECTION ( 'NONE',  ( -0.000000000000000000, -1.000000000000000000, -0.000000000000000000 ) ) ;
#4516 = DIRECTION ( 'NONE',  ( -1.000000000000000000, 0.000000000000000000, 1.334402673828314572E-16 ) ) ;
#4517 = DATE_AND_TIME ( #144, #3331 ) ;
#4518 = EDGE_CURVE ( 'NONE', #2253, #1441, #1418, .T. ) ;
#4519 = EDGE_LOOP ( 'NONE', ( #616, #2080, #819, #4691 ) ) ;
#4520 = LINE ( 'NONE', #4494, #2537 ) ;
#4521 = VECTOR ( 'NONE', #3013, 1000.000000000000000 ) ;
#4522 = DIRECTION ( 'NONE',  ( 0.000000000000000000, 1.000000000000000000, -0.000000000000000000 ) ) ;
#4523 = DIRECTION ( 'NONE',  ( -0.7071067811865474617, -0.7071067811865474617, -1.672683727290953650E-16 ) ) ;
#4524 = LINE ( 'NONE', #4577, #4627 ) ;
#4525 = FACE_OUTER_BOUND ( 'NONE', #4486, .T. ) ;
#4526 = VECTOR ( 'NONE', #2022, 1000.000000000000000 ) ;
#4527 = EDGE_CURVE ( 'NONE', #790, #3424, #2552, .T. ) ;
#4528 = EDGE_CURVE ( 'NONE', #3869, #4328, #702, .T. ) ;
#4529 = ORIENTED_EDGE ( 'NONE', *, *, #1893, .F. ) ;
#4530 = PLANE ( 'NONE',  #1296 ) ;
#4531 = DIRECTION ( 'NONE',  ( 0.000000000000000000, -1.000000000000000000, -0.000000000000000000 ) ) ;
#4532 = AXIS2_PLACEMENT_3D ( 'NONE', #4415, #4051, #3990 ) ;
#4533 = CARTESIAN_POINT ( 'NONE',  ( 84.99999999999998579, 0.000000000000000000, -3.000000000000000000 ) ) ;
#4534 = EDGE_CURVE ( 'NONE', #3205, #2508, #888, .T. ) ;
#4535 = EDGE_CURVE ( 'NONE', #2689, #2574, #818, .T. ) ;
#4536 = AXIS2_PLACEMENT_3D ( 'NONE', #120, #2293, #2638 ) ;
#4537 = VERTEX_POINT ( 'NONE', #4047 ) ;
#4538 = ORIENTED_EDGE ( 'NONE', *, *, #4678, .F. ) ;
#4539 = ORIENTED_EDGE ( 'NONE', *, *, #4711, .T. ) ;
#4540 = CARTESIAN_POINT ( 'NONE',  ( 3.000000000000000000, 1.599999999999990319, -20.00000000000000000 ) ) ;
#4541 = AXIS2_PLACEMENT_3D ( 'NONE', #2843, #3532, #4632 ) ;
#4542 = CARTESIAN_POINT ( 'NONE',  ( 3.000000000000000444, 8.800999999999998380, -22.19615242270663558 ) ) ;
#4543 = VECTOR ( 'NONE', #2909, 1000.000000000000000 ) ;
#4544 = EDGE_LOOP ( 'NONE', ( #4346, #4352, #200, #4414 ) ) ;
#4545 = EDGE_LOOP ( 'NONE', ( #4202, #664, #3673, #3203, #2679 ) ) ;
#4546 = DIRECTION ( 'NONE',  ( 1.000000000000000000, 0.000000000000000000, -1.334402673828313339E-16 ) ) ;
#4547 = FACE_OUTER_BOUND ( 'NONE', #1099, .T. ) ;
#4548 = AXIS2_PLACEMENT_3D ( 'NONE', #4000, #720, #3278 ) ;
#4549 = DIRECTION ( 'NONE',  ( -1.626303258728256158E-16, 0.000000000000000000, 1.000000000000000000 ) ) ;
#4550 = ORIENTED_EDGE ( 'NONE', *, *, #4014, .T. ) ;
#4551 = CARTESIAN_POINT ( 'NONE',  ( 9.500000000000000000, 7.299999999999999822, -3.500000000000003553 ) ) ;
#4552 = VECTOR ( 'NONE', #3983, 1000.000000000000000 ) ;
#4553 = DIRECTION ( 'NONE',  ( 0.000000000000000000, -1.000000000000000000, -0.000000000000000000 ) ) ;
#4554 = DIRECTION ( 'NONE',  ( -1.000000000000000000, -0.000000000000000000, -2.365532012695646217E-16 ) ) ;
#4555 = DIRECTION ( 'NONE',  ( -0.000000000000000000, -1.000000000000000000, -0.000000000000000000 ) ) ;
#4556 = CC_DESIGN_APPROVAL ( #3409, ( #2424 ) ) ;
#4557 = ORIENTED_EDGE ( 'NONE', *, *, #931, .F. ) ;
#4558 = ORIENTED_EDGE ( 'NONE', *, *, #2527, .F. ) ;
#4559 = DIRECTION ( 'NONE',  ( -3.552713678800501718E-15, 0.000000000000000000, 1.000000000000000000 ) ) ;
#4560 = EDGE_CURVE ( 'NONE', #1437, #2339, #3330, .T. ) ;
#4561 = LINE ( 'NONE', #134, #1173 ) ;
#4562 = ORIENTED_EDGE ( 'NONE', *, *, #434, .T. ) ;
#4563 = CARTESIAN_POINT ( 'NONE',  ( 3.000000000000000000, 1.599999999999990319, -56.00000000000000000 ) ) ;
#4564 = ORIENTED_EDGE ( 'NONE', *, *, #4098, .T. ) ;
#4565 = ORIENTED_EDGE ( 'NONE', *, *, #4129, .F. ) ;
#4566 = DIRECTION ( 'NONE',  ( -1.000000000000000000, -0.000000000000000000, -2.365532012695646217E-16 ) ) ;
#4567 = EDGE_CURVE ( 'NONE', #2046, #1376, #389, .T. ) ;
#4568 = ADVANCED_FACE ( 'NONE', ( #1486 ), #1130, .T. ) ;
#4569 = CARTESIAN_POINT ( 'NONE',  ( 62.00000000000000000, 1.599999999999990319, 0.000000000000000000 ) ) ;
#4570 = ORIENTED_EDGE ( 'NONE', *, *, #2844, .T. ) ;
#4571 = CARTESIAN_POINT ( 'NONE',  ( 3.000000000000000000, 7.299999999999999822, -56.00000000000000000 ) ) ;
#4572 = LINE ( 'NONE', #2053, #198 ) ;
#4573 = ORIENTED_EDGE ( 'NONE', *, *, #4266, .T. ) ;
#4574 = CARTESIAN_POINT ( 'NONE',  ( 62.00000000000000000, 2.500000000000000000, 0.000000000000000000 ) ) ;
#4575 = CARTESIAN_POINT ( 'NONE',  ( 3.000000000000000000, 1.599999999999989431, -3.000000000000000000 ) ) ;
#4576 = CARTESIAN_POINT ( 'NONE',  ( 0.000000000000000000, 1.599999999999990319, -3.000000000000000000 ) ) ;
#4577 = CARTESIAN_POINT ( 'NONE',  ( 62.00000000000000000, 2.500000000000000000, -48.99999999999999289 ) ) ;
#4578 = DIRECTION ( 'NONE',  ( 0.000000000000000000, 0.7071067811865475727, 0.7071067811865475727 ) ) ;
#4579 = ORIENTED_EDGE ( 'NONE', *, *, #4679, .F. ) ;
#4580 = DIRECTION ( 'NONE',  ( 0.7071067811865487940, -0.7071067811865463515, -0.000000000000000000 ) ) ;
#4581 = CARTESIAN_POINT ( 'NONE',  ( 1.599999999999990319, 0.000000000000000000, -15.00000000000001954 ) ) ;
#4582 = VERTEX_POINT ( 'NONE', #1462 ) ;
#4583 = ORIENTED_EDGE ( 'NONE', *, *, #2956, .T. ) ;
#4584 = CARTESIAN_POINT ( 'NONE',  ( 1.249585401188644151E-13, 0.000000000000000000, -39.00000000000002132 ) ) ;
#4585 = AXIS2_PLACEMENT_3D ( 'NONE', #3122, #2764, #3856 ) ;
#4586 = LINE ( 'NONE', #4569, #2765 ) ;
#4587 = EDGE_CURVE ( 'NONE', #1824, #790, #4111, .T. ) ;
#4588 = AXIS2_PLACEMENT_3D ( 'NONE', #2245, #4445, #4134 ) ;
#4589 = EDGE_CURVE ( 'NONE', #1946, #3999, #57, .T. ) ;
#4590 = ORIENTED_EDGE ( 'NONE', *, *, #2962, .T. ) ;
#4591 = ORIENTED_EDGE ( 'NONE', *, *, #1143, .T. ) ;
#4592 = DIRECTION ( 'NONE',  ( 0.7071067811865474617, -0.7071067811865474617, 0.000000000000000000 ) ) ;
#4593 = DIRECTION ( 'NONE',  ( -0.000000000000000000, -1.000000000000000000, -0.000000000000000000 ) ) ;
#4594 = EDGE_CURVE ( 'NONE', #4441, #1260, #3372, .T. ) ;
#4595 = EDGE_LOOP ( 'NONE', ( #3068, #810, #3722, #1864, #2728, #3725, #4254, #2598, #2235, #3127, #385, #1649, #3593, #4590, #1017, #189 ) ) ;
#4596 = PLANE ( 'NONE',  #3061 ) ;
#4597 = VERTEX_POINT ( 'NONE', #97 ) ;
#4598 = CARTESIAN_POINT ( 'NONE',  ( 84.99999999999998579, 4.299999999999999822, -3.000000000000000000 ) ) ;
#4599 = PLANE ( 'NONE',  #2097 ) ;
#4600 = PLANE ( 'NONE',  #3640 ) ;
#4601 = VECTOR ( 'NONE', #594, 1000.000000000000000 ) ;
#4602 = ORIENTED_EDGE ( 'NONE', *, *, #3302, .T. ) ;
#4603 = DIRECTION ( 'NONE',  ( 0.000000000000000000, 0.000000000000000000, 1.000000000000000000 ) ) ;
#4604 = LINE ( 'NONE', #2486, #1409 ) ;
#4605 = ORIENTED_EDGE ( 'NONE', *, *, #492, .T. ) ;
#4606 = CARTESIAN_POINT ( 'NONE',  ( 84.99999999999998579, 0.000000000000000000, -3.000000000000000000 ) ) ;
#4607 = VERTEX_POINT ( 'NONE', #4430 ) ;
#4608 = DIRECTION ( 'NONE',  ( 0.000000000000000000, 0.000000000000000000, 1.000000000000000000 ) ) ;
#4609 = CARTESIAN_POINT ( 'NONE',  ( 87.99999999999995737, 2.500000000000000000, -15.00000000000000000 ) ) ;
#4610 = VECTOR ( 'NONE', #3684, 1000.000000000000000 ) ;
#4611 = B_SPLINE_CURVE_WITH_KNOTS ( 'NONE', 3,
 ( #4170, #4142, #893, #1629, #102, #3480 ),
 .UNSPECIFIED., .F., .F.,
 ( 4, 2, 4 ),
 ( 0.002611016886657830782, 0.003253558674529975422, 0.003896100462402120497 ),
 .UNSPECIFIED. ) ;
#4612 = ORIENTED_EDGE ( 'NONE', *, *, #534, .T. ) ;
#4613 = VECTOR ( 'NONE', #2336, 1000.000000000000000 ) ;
#4614 = ORIENTED_EDGE ( 'NONE', *, *, #3361, .F. ) ;
#4615 = ADVANCED_FACE ( 'NONE', ( #838 ), #2597, .F. ) ;
#4616 = DIRECTION ( 'NONE',  ( 0.000000000000000000, 1.000000000000000000, 0.000000000000000000 ) ) ;
#4617 = COORDINATED_UNIVERSAL_TIME_OFFSET ( 8, 0, .AHEAD. ) ;
#4618 = VECTOR ( 'NONE', #4523, 1000.000000000000114 ) ;
#4619 = VERTEX_POINT ( 'NONE', #2955 ) ;
#4620 = PLANE ( 'NONE',  #454 ) ;
#4621 = DIRECTION ( 'NONE',  ( 0.000000000000000000, -0.000000000000000000, 1.000000000000000000 ) ) ;
#4622 = AXIS2_PLACEMENT_3D ( 'NONE', #3798, #1877, #1211 ) ;
#4623 = EDGE_CURVE ( 'NONE', #2389, #2808, #1905, .T. ) ;
#4624 = ADVANCED_FACE ( 'NONE', ( #4093 ), #1508, .F. ) ;
#4625 = CARTESIAN_POINT ( 'NONE',  ( 88.00000000000019895, 2.500000000000000000, -49.00000000000000000 ) ) ;
#4626 = CARTESIAN_POINT ( 'NONE',  ( 87.99999999999992895, 2.500000000000000000, -9.000000000000001776 ) ) ;
#4627 = VECTOR ( 'NONE', #1250, 1000.000000000000000 ) ;
#4628 = ORIENTED_EDGE ( 'NONE', *, *, #3445, .T. ) ;
#4629 = LINE ( 'NONE', #4247, #4662 ) ;
#4630 = FACE_OUTER_BOUND ( 'NONE', #4034, .T. ) ;
#4631 = EDGE_CURVE ( 'NONE', #2497, #265, #3304, .T. ) ;
#4632 = DIRECTION ( 'NONE',  ( 0.000000000000000000, 0.000000000000000000, -1.000000000000000000 ) ) ;
#4633 = SECURITY_CLASSIFICATION ( '', '', #2102 ) ;
#4634 = ORIENTED_EDGE ( 'NONE', *, *, #2642, .T. ) ;
#4635 = DIRECTION ( 'NONE',  ( 0.000000000000000000, -1.000000000000000000, -0.000000000000000000 ) ) ;
#4636 = ORIENTED_EDGE ( 'NONE', *, *, #277, .F. ) ;
#4637 = CARTESIAN_POINT ( 'NONE',  ( 61.50000000000000000, 4.299999999999999822, -56.00000000000000000 ) ) ;
#4638 = DIRECTION ( 'NONE',  ( 1.626303258728256158E-16, 0.000000000000000000, -1.000000000000000000 ) ) ;
#4639 = ORIENTED_EDGE ( 'NONE', *, *, #405, .T. ) ;
#4640 = ORIENTED_EDGE ( 'NONE', *, *, #2844, .F. ) ;
#4641 = LINE ( 'NONE', #3899, #1559 ) ;
#4642 = ORIENTED_EDGE ( 'NONE', *, *, #1140, .T. ) ;
#4643 = EDGE_CURVE ( 'NONE', #2937, #1621, #1883, .T. ) ;
#4644 = DIRECTION ( 'NONE',  ( -0.000000000000000000, -1.000000000000000000, -0.000000000000000000 ) ) ;
#4645 = ORIENTED_EDGE ( 'NONE', *, *, #3225, .T. ) ;
#4646 = FACE_OUTER_BOUND ( 'NONE', #2416, .T. ) ;
#4647 = LINE ( 'NONE', #4243, #1412 ) ;
#4648 = FACE_BOUND ( 'NONE', #1684, .T. ) ;
#4649 = VERTEX_POINT ( 'NONE', #3349 ) ;
#4650 = EDGE_CURVE ( 'NONE', #3212, #988, #73, .T. ) ;
#4651 = EDGE_CURVE ( 'NONE', #516, #137, #2273, .T. ) ;
#4652 = CARTESIAN_POINT ( 'NONE',  ( -4.094614755213208849E-14, 2.500000000000000000, -17.00000000000000000 ) ) ;
#4653 = ORIENTED_EDGE ( 'NONE', *, *, #1497, .T. ) ;
#4654 = DIRECTION ( 'NONE',  ( 1.000000000000000000, 0.000000000000000000, 0.000000000000000000 ) ) ;
#4655 = ORIENTED_EDGE ( 'NONE', *, *, #3827, .T. ) ;
#4656 = LINE ( 'NONE', #1377, #734 ) ;
#4657 = ADVANCED_FACE ( 'NONE', ( #368 ), #4410, .F. ) ;
#4658 = ORIENTED_EDGE ( 'NONE', *, *, #1087, .T. ) ;
#4659 = CARTESIAN_POINT ( 'NONE',  ( 64.50000000000000000, 4.299999999999999822, -52.50000000000000000 ) ) ;
#4660 = CYLINDRICAL_SURFACE ( 'NONE', #1630, 1.300000000000002487 ) ;
#4661 = LINE ( 'NONE', #1741, #4208 ) ;
#4662 = VECTOR ( 'NONE', #4580, 999.9999999999998863 ) ;
#4663 = ORIENTED_EDGE ( 'NONE', *, *, #976, .T. ) ;
#4664 = CARTESIAN_POINT ( 'NONE',  ( 6.500000000000000000, 2.500000000000000000, -52.50000000000000711 ) ) ;
#4665 = APPROVAL_ROLE ( '' ) ;
#4666 = VECTOR ( 'NONE', #2970, 1000.000000000000000 ) ;
#4667 = EDGE_LOOP ( 'NONE', ( #952, #1601, #3460, #2704, #365, #2624 ) ) ;
#4668 = DIRECTION ( 'NONE',  ( -0.000000000000000000, -1.000000000000000000, -0.000000000000000000 ) ) ;
#4669 = ORIENTED_EDGE ( 'NONE', *, *, #357, .T. ) ;
#4670 = FACE_OUTER_BOUND ( 'NONE', #2525, .T. ) ;
#4671 = DIRECTION ( 'NONE',  ( 0.000000000000000000, 0.000000000000000000, -1.000000000000000000 ) ) ;
#4672 = DIRECTION ( 'NONE',  ( 1.000000000000000000, -0.000000000000000000, 0.000000000000000000 ) ) ;
#4673 = ORIENTED_EDGE ( 'NONE', *, *, #2852, .F. ) ;
#4674 = DIRECTION ( 'NONE',  ( 0.000000000000000000, 1.000000000000000000, 0.000000000000000000 ) ) ;
#4675 = VERTEX_POINT ( 'NONE', #2204 ) ;
#4676 = DIRECTION ( 'NONE',  ( -0.000000000000000000, -1.000000000000000000, -0.000000000000000000 ) ) ;
#4677 = LINE ( 'NONE', #2141, #3172 ) ;
#4678 = EDGE_CURVE ( 'NONE', #2481, #3890, #3714, .T. ) ;
#4679 = EDGE_CURVE ( 'NONE', #560, #2313, #1981, .T. ) ;
#4680 = VECTOR ( 'NONE', #3414, 1000.000000000000000 ) ;
#4681 = ORIENTED_EDGE ( 'NONE', *, *, #1834, .F. ) ;
#4682 = PLANE ( 'NONE',  #2337 ) ;
#4683 = ORIENTED_EDGE ( 'NONE', *, *, #2044, .F. ) ;
#4684 = CARTESIAN_POINT ( 'NONE',  ( 0.000000000000000000, 4.299999999999999822, -3.000000000000000000 ) ) ;
#4685 = CIRCLE ( 'NONE', #95, 2.999999999999999112 ) ;
#4686 = DIRECTION ( 'NONE',  ( 1.084202172485514788E-16, 0.000000000000000000, -1.000000000000000000 ) ) ;
#4687 = EDGE_CURVE ( 'NONE', #4039, #4348, #3067, .T. ) ;
#4688 = EDGE_CURVE ( 'NONE', #4362, #4407, #168, .T. ) ;
#4689 = DIRECTION ( 'NONE',  ( 0.000000000000000000, 1.000000000000000000, 0.000000000000000000 ) ) ;
#4690 = VECTOR ( 'NONE', #2558, 1000.000000000000000 ) ;
#4691 = ORIENTED_EDGE ( 'NONE', *, *, #2787, .F. ) ;
#4692 = VECTOR ( 'NONE', #836, 1000.000000000000000 ) ;
#4693 = CARTESIAN_POINT ( 'NONE',  ( 3.000000000000001332, 1.599999999999990097, -27.00000000000002132 ) ) ;
#4694 = CALENDAR_DATE ( 2025, 17, 9 ) ;
#4695 = VECTOR ( 'NONE', #3912, 999.9999999999998863 ) ;
#4696 = ORIENTED_EDGE ( 'NONE', *, *, #1780, .F. ) ;
#4697 = DIRECTION ( 'NONE',  ( 0.000000000000000000, 1.000000000000000000, 0.000000000000000000 ) ) ;
#4698 = VERTEX_POINT ( 'NONE', #4212 ) ;
#4699 = CARTESIAN_POINT ( 'NONE',  ( 67.50000000000000000, 7.299999999999999822, -3.949485927250214839E-15 ) ) ;
#4700 = DIRECTION ( 'NONE',  ( 1.000000000000000000, 0.000000000000000000, 2.365532012695646217E-16 ) ) ;
#4701 = CARTESIAN_POINT ( 'NONE',  ( 88.00000000000019895, 2.500000000000000000, -47.00000000000000000 ) ) ;
#4702 = ORIENTED_EDGE ( 'NONE', *, *, #2527, .T. ) ;
#4703 = CARTESIAN_POINT ( 'NONE',  ( 2.899999999999992806, 8.799999999999998934, -55.99833287011299632 ) ) ;
#4704 = VECTOR ( 'NONE', #4061, 1000.000000000000000 ) ;
#4705 = ORIENTED_EDGE ( 'NONE', *, *, #6, .T. ) ;
#4706 = DIRECTION ( 'NONE',  ( 0.000000000000000000, 0.000000000000000000, -1.000000000000000000 ) ) ;
#4707 = FACE_OUTER_BOUND ( 'NONE', #3574, .T. ) ;
#4708 = VECTOR ( 'NONE', #3322, 1000.000000000000000 ) ;
#4709 = ORIENTED_EDGE ( 'NONE', *, *, #4504, .T. ) ;
#4710 = ORIENTED_EDGE ( 'NONE', *, *, #2989, .F. ) ;
#4711 = EDGE_CURVE ( 'NONE', #1873, #2753, #222, .T. ) ;
#4712 = DIRECTION ( 'NONE',  ( -0.7071067811865474617, 0.7071067811865474617, 0.000000000000000000 ) ) ;
#4713 = AXIS2_PLACEMENT_3D ( 'NONE', #2865, #626, #2083 ) ;
#4714 = DIRECTION ( 'NONE',  ( -1.000000000000000000, -0.000000000000000000, -2.365532012695646217E-16 ) ) ;
#4715 = LINE ( 'NONE', #2149, #2156 ) ;
#4716 = EDGE_CURVE ( 'NONE', #2388, #3984, #199, .T. ) ;
#4717 = ORIENTED_EDGE ( 'NONE', *, *, #362, .T. ) ;
#4718 = DIRECTION ( 'NONE',  ( 1.000000000000000000, 0.000000000000000000, 0.000000000000000000 ) ) ;
#4719 = PERSON_AND_ORGANIZATION ( #1125, #4333 ) ;
#4720 = ORIENTED_EDGE ( 'NONE', *, *, #39, .T. ) ;
#4721 = EDGE_CURVE ( 'NONE', #3945, #479, #2322, .T. ) ;
#4722 = ORIENTED_EDGE ( 'NONE', *, *, #822, .T. ) ;
#4723 = LINE ( 'NONE', #1060, #789 ) ;
#4724 = CARTESIAN_POINT ( 'NONE',  ( 0.000000000000000000, 1.599999999999990319, -3.000000000000000000 ) ) ;
#4725 = DIRECTION ( 'NONE',  ( 0.7071067811865474617, -0.7071067811865474617, -0.000000000000000000 ) ) ;
#4726 = ORIENTED_EDGE ( 'NONE', *, *, #1002, .F. ) ;
#4727 = LINE ( 'NONE', #1442, #4361 ) ;
#4728 = CARTESIAN_POINT ( 'NONE',  ( 1.599999999999990319, 0.000000000000000000, -7.000000000000020428 ) ) ;
#4729 = CARTESIAN_POINT ( 'NONE',  ( 67.50000000000000000, 7.299999999999999822, -52.50000000000000000 ) ) ;
#4730 = ORIENTED_EDGE ( 'NONE', *, *, #4129, .T. ) ;
#4731 = VERTEX_POINT ( 'NONE', #961 ) ;
#4732 = LINE ( 'NONE', #355, #2076 ) ;
ENDSEC;
END-ISO-10303-21;
