ISO-10303-21;
HEADER;
FILE_DESCRIPTION (( 'STEP AP203' ),
    '1' );
FILE_NAME ('散热上壳（下）（CNC）.STEP',
    '2025-12-06T03:01:36',
    ( '' ),
    ( '' ),
    'SwSTEP 2.0',
    'SolidWorks 2020',
    '' );
FILE_SCHEMA (( 'CONFIG_CONTROL_DESIGN' ));
ENDSEC;

DATA;
#1 = VECTOR ( 'NONE', #2668, 1000.000000000000000 ) ;
#2 = ADVANCED_FACE ( 'NONE', ( #546 ), #2963, .F. ) ;
#3 = DIRECTION ( 'NONE',  ( 1.000000000000000000, 0.000000000000000000, -1.508455196501570690E-16 ) ) ;
#4 = DIRECTION ( 'NONE',  ( 0.000000000000000000, 0.000000000000000000, 1.000000000000000000 ) ) ;
#5 = LINE ( 'NONE', #3679, #1008 ) ;
#6 = CIRCLE ( 'NONE', #2008, 0.4999999999999865663 ) ;
#7 = ORIENTED_EDGE ( 'NONE', *, *, #326, .F. ) ;
#8 = VECTOR ( 'NONE', #3698, 1000.000000000000000 ) ;
#9 = DIRECTION ( 'NONE',  ( 0.000000000000000000, -1.000000000000000000, 0.000000000000000000 ) ) ;
#10 = DIRECTION ( 'NONE',  ( 0.000000000000000000, 0.000000000000000000, -1.000000000000000000 ) ) ;
#11 = VERTEX_POINT ( 'NONE', #902 ) ;
#12 = CARTESIAN_POINT ( 'NONE',  ( 59.00000000000000711, -5.499999999999998224, -52.50000000000000711 ) ) ;
#13 = CARTESIAN_POINT ( 'NONE',  ( 44.50000000000000711, -2.000000000000000000, 0.000000000000000000 ) ) ;
#14 = EDGE_CURVE ( 'NONE', #79, #2161, #1959, .T. ) ;
#15 = ADVANCED_FACE ( 'NONE', ( #2674 ), #275, .T. ) ;
#16 = ADVANCED_BREP_SHAPE_REPRESENTATION ( '散热上壳（下）（CNC）', ( #2300, #308 ), #736 ) ;
#17 = CIRCLE ( 'NONE', #3089, 1.399999999999998579 ) ;
#18 = LINE ( 'NONE', #3775, #3130 ) ;
#19 = CARTESIAN_POINT ( 'NONE',  ( 6.000000000000000000, 2.899999999999999911, -56.00000000000000000 ) ) ;
#20 = AXIS2_PLACEMENT_3D ( 'NONE', #3046, #3334, #266 ) ;
#21 = LINE ( 'NONE', #1068, #3260 ) ;
#22 = AXIS2_PLACEMENT_3D ( 'NONE', #516, #2598, #201 ) ;
#23 = ORIENTED_EDGE ( 'NONE', *, *, #1647, .F. ) ;
#24 = VERTEX_POINT ( 'NONE', #233 ) ;
#25 = DIRECTION ( 'NONE',  ( 0.000000000000000000, 0.000000000000000000, -1.000000000000000000 ) ) ;
#26 = VERTEX_POINT ( 'NONE', #1642 ) ;
#27 = EDGE_CURVE ( 'NONE', #3998, #2206, #3023, .T. ) ;
#28 = AXIS2_PLACEMENT_3D ( 'NONE', #4220, #2134, #1762 ) ;
#29 = FACE_BOUND ( 'NONE', #3749, .T. ) ;
#30 = DIRECTION ( 'NONE',  ( -0.000000000000000000, -1.000000000000000000, -0.000000000000000000 ) ) ;
#31 = LINE ( 'NONE', #4192, #1589 ) ;
#32 = ORIENTED_EDGE ( 'NONE', *, *, #2332, .F. ) ;
#33 = DIRECTION ( 'NONE',  ( -0.000000000000000000, 1.000000000000000000, -0.000000000000000000 ) ) ;
#34 = EDGE_CURVE ( 'NONE', #3347, #479, #2628, .T. ) ;
#35 = VERTEX_POINT ( 'NONE', #3368 ) ;
#36 = CARTESIAN_POINT ( 'NONE',  ( 52.50000000000000711, 33.82582403567251816, -15.00000000000000000 ) ) ;
#37 = ORIENTED_EDGE ( 'NONE', *, *, #2305, .F. ) ;
#38 = CARTESIAN_POINT ( 'NONE',  ( 63.20000000000000284, 2.900000000000003464, -49.00000000000000000 ) ) ;
#39 = CARTESIAN_POINT ( 'NONE',  ( 61.69999999999999574, 2.900000000000003464, -42.39999999999999147 ) ) ;
#40 = PLANE ( 'NONE',  #2838 ) ;
#41 = CARTESIAN_POINT ( 'NONE',  ( 63.19999999999998153, -3.799999999999999822, -21.50000000000000000 ) ) ;
#42 = VECTOR ( 'NONE', #1467, 999.9999999999998863 ) ;
#43 = ORIENTED_EDGE ( 'NONE', *, *, #2394, .F. ) ;
#44 = ORIENTED_EDGE ( 'NONE', *, *, #1732, .F. ) ;
#45 = DIRECTION ( 'NONE',  ( -0.000000000000000000, 1.000000000000000000, -0.000000000000000000 ) ) ;
#46 = ORIENTED_EDGE ( 'NONE', *, *, #1971, .F. ) ;
#47 = EDGE_CURVE ( 'NONE', #2267, #3621, #4164, .T. ) ;
#48 = FACE_BOUND ( 'NONE', #4334, .T. ) ;
#49 = DIRECTION ( 'NONE',  ( 0.000000000000000000, 0.000000000000000000, -1.000000000000000000 ) ) ;
#50 = LINE ( 'NONE', #745, #1024 ) ;
#51 = EDGE_LOOP ( 'NONE', ( #1585, #2502 ) ) ;
#52 = VECTOR ( 'NONE', #505, 1000.000000000000000 ) ;
#53 = CIRCLE ( 'NONE', #2979, 2.000000000000001776 ) ;
#54 = DIRECTION ( 'NONE',  ( 0.000000000000000000, 0.000000000000000000, -1.000000000000000000 ) ) ;
#55 = ORIENTED_EDGE ( 'NONE', *, *, #2277, .T. ) ;
#56 = CARTESIAN_POINT ( 'NONE',  ( 64.20000000000003126, -0.000000000000000000, -1.272791396088126793E-13 ) ) ;
#57 = AXIS2_PLACEMENT_3D ( 'NONE', #3520, #495, #3495 ) ;
#58 = EDGE_LOOP ( 'NONE', ( #1278, #3172, #4410, #174 ) ) ;
#59 = CARTESIAN_POINT ( 'NONE',  ( 65.20000000000000284, 2.899999999999999911, -56.00000000000000000 ) ) ;
#60 = DIRECTION ( 'NONE',  ( 0.000000000000000000, 0.000000000000000000, -1.000000000000000000 ) ) ;
#61 = CARTESIAN_POINT ( 'NONE',  ( -3.000000000000000000, 0.000000000000000000, -39.50000000000000000 ) ) ;
#62 = EDGE_CURVE ( 'NONE', #3029, #2925, #3805, .T. ) ;
#63 = CARTESIAN_POINT ( 'NONE',  ( 50.39999999999997726, -3.799999999999999822, -26.99999999999999289 ) ) ;
#64 = DIRECTION ( 'NONE',  ( 0.000000000000000000, 1.000000000000000000, 0.000000000000000000 ) ) ;
#65 = ORIENTED_EDGE ( 'NONE', *, *, #3937, .F. ) ;
#66 = ORIENTED_EDGE ( 'NONE', *, *, #2841, .T. ) ;
#67 = CARTESIAN_POINT ( 'NONE',  ( 7.200000000000004619, 2.900000000000003464, -40.99999999999998579 ) ) ;
#68 = ORIENTED_EDGE ( 'NONE', *, *, #814, .T. ) ;
#69 = VECTOR ( 'NONE', #846, 1000.000000000000000 ) ;
#70 = EDGE_CURVE ( 'NONE', #3214, #1608, #514, .T. ) ;
#71 = EDGE_CURVE ( 'NONE', #2561, #1575, #2569, .T. ) ;
#72 = VECTOR ( 'NONE', #3956, 1000.000000000000000 ) ;
#73 = CARTESIAN_POINT ( 'NONE',  ( 61.69999999999999574, 2.900000000000003464, -42.39999999999999147 ) ) ;
#74 = CARTESIAN_POINT ( 'NONE',  ( 5.000000000000002665, 0.000000000000000000, -19.49999999999999645 ) ) ;
#75 = VECTOR ( 'NONE', #2756, 1000.000000000000000 ) ;
#76 = CARTESIAN_POINT ( 'NONE',  ( 65.00000000000022737, -5.499999999999998224, -2.577303450022701126E-13 ) ) ;
#77 = AXIS2_PLACEMENT_3D ( 'NONE', #2709, #3699, #1635 ) ;
#78 = CARTESIAN_POINT ( 'NONE',  ( 58.99999999999996447, 0.000000000000000000, 5.117434254131577773E-14 ) ) ;
#79 = VERTEX_POINT ( 'NONE', #2363 ) ;
#80 = LINE ( 'NONE', #1443, #4077 ) ;
#81 = VECTOR ( 'NONE', #3721, 1000.000000000000000 ) ;
#82 = ORIENTED_EDGE ( 'NONE', *, *, #3902, .T. ) ;
#83 = LINE ( 'NONE', #2808, #972 ) ;
#84 = CARTESIAN_POINT ( 'NONE',  ( 40.49999999999998579, -3.299999999999999378, -37.99999999999999289 ) ) ;
#85 = CARTESIAN_POINT ( 'NONE',  ( 49.89999999999999147, -3.799999999999999822, -26.99999999999999289 ) ) ;
#86 = LINE ( 'NONE', #417, #3834 ) ;
#87 = CARTESIAN_POINT ( 'NONE',  ( 57.19999999999999574, 0.000000000000000000, -21.50000000000000000 ) ) ;
#88 = CIRCLE ( 'NONE', #3802, 1.000000000000000888 ) ;
#89 = AXIS2_PLACEMENT_3D ( 'NONE', #4107, #1041, #2067 ) ;
#90 = APPROVAL ( #1908, '未指定' ) ;
#91 = CARTESIAN_POINT ( 'NONE',  ( 64.50000000000000000, 0.000000000000000000, 0.000000000000000000 ) ) ;
#92 = ORIENTED_EDGE ( 'NONE', *, *, #3048, .F. ) ;
#93 = ORIENTED_EDGE ( 'NONE', *, *, #1884, .T. ) ;
#94 = AXIS2_PLACEMENT_3D ( 'NONE', #2860, #3939, #3962 ) ;
#95 = CARTESIAN_POINT ( 'NONE',  ( 44.50000000000000711, 0.6999999999999992895, -1.653273178848926867E-15 ) ) ;
#96 = CARTESIAN_POINT ( 'NONE',  ( 68.20000000000001705, 2.900000000000003464, -38.02262259013050283 ) ) ;
#97 = DIRECTION ( 'NONE',  ( -3.965082230804142447E-15, 0.000000000000000000, -1.000000000000000000 ) ) ;
#98 = DIRECTION ( 'NONE',  ( 0.000000000000000000, 0.000000000000000000, -1.000000000000000000 ) ) ;
#99 = DIRECTION ( 'NONE',  ( 0.000000000000000000, 0.7071067811865574537, 0.7071067811865376918 ) ) ;
#100 = VERTEX_POINT ( 'NONE', #3121 ) ;
#101 = CARTESIAN_POINT ( 'NONE',  ( -3.000000000000000000, -5.499999999999998224, -49.50000000000000711 ) ) ;
#102 = CARTESIAN_POINT ( 'NONE',  ( 58.89999999999999858, 0.000000000000000000, -42.39999999999999147 ) ) ;
#103 = EDGE_CURVE ( 'NONE', #1885, #2872, #408, .T. ) ;
#104 = AXIS2_PLACEMENT_3D ( 'NONE', #908, #1603, #2633 ) ;
#105 = ORIENTED_EDGE ( 'NONE', *, *, #1863, .T. ) ;
#106 = CARTESIAN_POINT ( 'NONE',  ( 65.00000000000001421, 0.000000000000000000, -52.50000000000000711 ) ) ;
#107 = DIRECTION ( 'NONE',  ( -6.938893903907222067E-15, 0.000000000000000000, -1.000000000000000000 ) ) ;
#108 = EDGE_CURVE ( 'NONE', #867, #1570, #663, .T. ) ;
#109 = DIRECTION ( 'NONE',  ( 0.000000000000000000, 0.000000000000000000, -1.000000000000000000 ) ) ;
#110 = ORIENTED_EDGE ( 'NONE', *, *, #3453, .F. ) ;
#111 = ORIENTED_EDGE ( 'NONE', *, *, #858, .T. ) ;
#112 = CARTESIAN_POINT ( 'NONE',  ( 24.00000000000000000, -2.299999999999999378, -37.99999999999999289 ) ) ;
#113 = DIRECTION ( 'NONE',  ( 0.000000000000000000, 0.000000000000000000, -1.000000000000000000 ) ) ;
#114 = ADVANCED_FACE ( 'NONE', ( #3143 ), #724, .F. ) ;
#115 = DIRECTION ( 'NONE',  ( -0.000000000000000000, -1.000000000000000000, -0.000000000000000000 ) ) ;
#116 = LINE ( 'NONE', #1499, #3345 ) ;
#117 = DIRECTION ( 'NONE',  ( 0.000000000000000000, 1.000000000000000000, 0.000000000000000000 ) ) ;
#118 = EDGE_LOOP ( 'NONE', ( #588, #222, #2947, #3997 ) ) ;
#119 = CARTESIAN_POINT ( 'NONE',  ( 56.00000000000000000, -0.000000000000000000, -47.99999999999999289 ) ) ;
#120 = DIRECTION ( 'NONE',  ( -0.000000000000000000, 1.000000000000000000, 0.000000000000000000 ) ) ;
#121 = EDGE_CURVE ( 'NONE', #3047, #510, #3716, .T. ) ;
#122 = ORIENTED_EDGE ( 'NONE', *, *, #3609, .F. ) ;
#123 = DIRECTION ( 'NONE',  ( 0.000000000000000000, 0.000000000000000000, 1.000000000000000000 ) ) ;
#124 = VECTOR ( 'NONE', #372, 1000.000000000000000 ) ;
#125 = CARTESIAN_POINT ( 'NONE',  ( -3.000000000000000000, -5.499999999999998224, -6.500000000000007105 ) ) ;
#126 = DIRECTION ( 'NONE',  ( 0.000000000000000000, 1.000000000000000000, 0.000000000000000000 ) ) ;
#127 = ORIENTED_EDGE ( 'NONE', *, *, #2638, .T. ) ;
#128 = ORIENTED_EDGE ( 'NONE', *, *, #1490, .T. ) ;
#129 = CARTESIAN_POINT ( 'NONE',  ( 0.000000000000000000, 2.900000000000003464, -42.50000000000000000 ) ) ;
#130 = ADVANCED_FACE ( 'NONE', ( #1755 ), #344, .F. ) ;
#131 = DIRECTION ( 'NONE',  ( 5.337610695313252371E-16, 0.000000000000000000, 1.000000000000000000 ) ) ;
#132 = LINE ( 'NONE', #2507, #3949 ) ;
#133 = ORIENTED_EDGE ( 'NONE', *, *, #753, .F. ) ;
#134 = AXIS2_PLACEMENT_3D ( 'NONE', #1678, #4412, #2374 ) ;
#135 = EDGE_CURVE ( 'NONE', #35, #1152, #3101, .T. ) ;
#136 = CARTESIAN_POINT ( 'NONE',  ( 57.69999999999999574, -3.799999999999999822, 0.000000000000000000 ) ) ;
#137 = DIRECTION ( 'NONE',  ( 0.000000000000000000, 0.000000000000000000, 1.000000000000000000 ) ) ;
#138 = EDGE_CURVE ( 'NONE', #2021, #1808, #1789, .T. ) ;
#139 = EDGE_LOOP ( 'NONE', ( #1378, #196, #930, #2225 ) ) ;
#140 = FACE_BOUND ( 'NONE', #1757, .T. ) ;
#141 = CARTESIAN_POINT ( 'NONE',  ( 25.00000000000000355, -2.299999999999999378, -26.99999999999999645 ) ) ;
#142 = AXIS2_PLACEMENT_3D ( 'NONE', #1674, #2679, #4407 ) ;
#143 = ORIENTED_EDGE ( 'NONE', *, *, #4113, .F. ) ;
#144 = VERTEX_POINT ( 'NONE', #1396 ) ;
#145 = ORIENTED_EDGE ( 'NONE', *, *, #1863, .F. ) ;
#146 = EDGE_CURVE ( 'NONE', #1608, #3214, #426, .T. ) ;
#147 = EDGE_CURVE ( 'NONE', #2327, #3289, #1354, .T. ) ;
#148 = DIRECTION ( 'NONE',  ( -0.000000000000000000, -1.000000000000000000, -0.000000000000000000 ) ) ;
#149 = CARTESIAN_POINT ( 'NONE',  ( 35.50000000000000711, -2.799999999999999822, -26.99999999999999289 ) ) ;
#150 = FACE_OUTER_BOUND ( 'NONE', #2408, .T. ) ;
#151 = ORIENTED_EDGE ( 'NONE', *, *, #1465, .F. ) ;
#152 = VERTEX_POINT ( 'NONE', #2714 ) ;
#153 = CIRCLE ( 'NONE', #2015, 2.999999999999999112 ) ;
#154 = DIRECTION ( 'NONE',  ( 0.000000000000000000, 1.000000000000000000, -0.000000000000000000 ) ) ;
#155 = CARTESIAN_POINT ( 'NONE',  ( 6.000000000000000888, -5.500000000000000000, -47.99999999999998579 ) ) ;
#156 = CARTESIAN_POINT ( 'NONE',  ( 61.50000000000000711, 2.900000000000003464, -52.50000000000000711 ) ) ;
#157 = EDGE_LOOP ( 'NONE', ( #4330, #44, #1263, #2286 ) ) ;
#158 = EDGE_CURVE ( 'NONE', #2087, #2396, #1071, .T. ) ;
#159 = AXIS2_PLACEMENT_3D ( 'NONE', #156, #4303, #2261 ) ;
#160 = FACE_OUTER_BOUND ( 'NONE', #606, .T. ) ;
#161 = FACE_OUTER_BOUND ( 'NONE', #472, .T. ) ;
#162 = ADVANCED_FACE ( 'NONE', ( #2386 ), #4150, .F. ) ;
#163 = ORIENTED_EDGE ( 'NONE', *, *, #1465, .T. ) ;
#164 = CARTESIAN_POINT ( 'NONE',  ( 50.39999999999997016, -3.799999999999999822, -37.99999999999998579 ) ) ;
#165 = DIRECTION ( 'NONE',  ( 0.000000000000000000, 0.000000000000000000, -1.000000000000000000 ) ) ;
#166 = EDGE_CURVE ( 'NONE', #2950, #1737, #684, .T. ) ;
#167 = ORIENTED_EDGE ( 'NONE', *, *, #584, .T. ) ;
#168 = ORIENTED_EDGE ( 'NONE', *, *, #3196, .T. ) ;
#169 = CIRCLE ( 'NONE', #1386, 1.000000000000000888 ) ;
#170 = ORIENTED_EDGE ( 'NONE', *, *, #3379, .T. ) ;
#171 = DIRECTION ( 'NONE',  ( -0.000000000000000000, 1.000000000000000000, -0.000000000000000000 ) ) ;
#172 = LINE ( 'NONE', #4337, #2958 ) ;
#173 = LINE ( 'NONE', #484, #493 ) ;
#174 = ORIENTED_EDGE ( 'NONE', *, *, #3584, .F. ) ;
#175 = EDGE_LOOP ( 'NONE', ( #4140, #3982, #2066, #4434 ) ) ;
#176 = DIRECTION ( 'NONE',  ( 0.000000000000000000, 0.000000000000000000, 1.000000000000000000 ) ) ;
#177 = CARTESIAN_POINT ( 'NONE',  ( -3.000000000000000000, 0.000000000000000000, -49.50000000000000711 ) ) ;
#178 = CARTESIAN_POINT ( 'NONE',  ( 44.50000000000000711, 0.6999999999999992895, -20.99999999999999645 ) ) ;
#179 = CIRCLE ( 'NONE', #1330, 1.399999999999998579 ) ;
#180 = LINE ( 'NONE', #2192, #986 ) ;
#181 = PLANE ( 'NONE',  #790 ) ;
#182 = VERTEX_POINT ( 'NONE', #2043 ) ;
#183 = CARTESIAN_POINT ( 'NONE',  ( 41.00000000000000000, -3.799999999999999822, -37.99999999999999289 ) ) ;
#184 = DIRECTION ( 'NONE',  ( 0.000000000000000000, 0.000000000000000000, 1.000000000000000000 ) ) ;
#185 = ORIENTED_EDGE ( 'NONE', *, *, #4190, .T. ) ;
#186 = VECTOR ( 'NONE', #4001, 1000.000000000000000 ) ;
#187 = ORIENTED_EDGE ( 'NONE', *, *, #619, .F. ) ;
#188 = ORIENTED_EDGE ( 'NONE', *, *, #1076, .F. ) ;
#189 = CARTESIAN_POINT ( 'NONE',  ( -3.000000000000000000, -5.499999999999998224, -53.00000000000000000 ) ) ;
#190 = AXIS2_PLACEMENT_3D ( 'NONE', #304, #1042, #3774 ) ;
#191 = DIRECTION ( 'NONE',  ( 0.000000000000000000, 0.000000000000000000, 1.000000000000000000 ) ) ;
#192 = VECTOR ( 'NONE', #1055, 1000.000000000000000 ) ;
#193 = ADVANCED_FACE ( 'NONE', ( #1710 ), #1377, .F. ) ;
#194 = CIRCLE ( 'NONE', #4342, 3.000000000000002665 ) ;
#195 = DIRECTION ( 'NONE',  ( 0.000000000000000000, 0.000000000000000000, 1.000000000000000000 ) ) ;
#196 = ORIENTED_EDGE ( 'NONE', *, *, #2167, .F. ) ;
#197 = EDGE_LOOP ( 'NONE', ( #3968, #1942, #1913, #1289, #949, #2173, #1085, #2233, #899, #4005, #4040, #1553, #254, #1582, #2625, #802, #3444, #1927, #4289, #55, #3791, #2770, #964, #2807, #2608, #3632, #2955, #2610, #4167, #3492, #2106, #1229, #3919, #3936, #2430, #4098, #2937, #3636, #105 ) ) ;
#198 = EDGE_CURVE ( 'NONE', #1605, #4423, #2450, .T. ) ;
#199 = VERTEX_POINT ( 'NONE', #2779 ) ;
#200 = DIRECTION ( 'NONE',  ( 0.000000000000000000, 0.000000000000000000, 1.000000000000000000 ) ) ;
#201 = DIRECTION ( 'NONE',  ( 0.000000000000000000, 0.000000000000000000, -1.000000000000000000 ) ) ;
#202 = EDGE_CURVE ( 'NONE', #4266, #2866, #3683, .T. ) ;
#203 = ADVANCED_FACE ( 'NONE', ( #2804, #2105 ), #3474, .T. ) ;
#204 = DIRECTION ( 'NONE',  ( -0.000000000000000000, -1.000000000000000000, -0.000000000000000000 ) ) ;
#205 = CARTESIAN_POINT ( 'NONE',  ( 58.19999999999999574, -3.299999999999985612, -26.50000000000000000 ) ) ;
#206 = ORIENTED_EDGE ( 'NONE', *, *, #891, .F. ) ;
#207 = PERSON_AND_ORGANIZATION ( #3907, #3451 ) ;
#208 = FACE_OUTER_BOUND ( 'NONE', #384, .T. ) ;
#209 = VERTEX_POINT ( 'NONE', #1839 ) ;
#210 = VECTOR ( 'NONE', #3866, 1000.000000000000000 ) ;
#211 = VERTEX_POINT ( 'NONE', #3853 ) ;
#212 = ORIENTED_EDGE ( 'NONE', *, *, #2406, .T. ) ;
#213 = CARTESIAN_POINT ( 'NONE',  ( 58.20000000000000284, 0.000000000000000000, -45.71414284285430085 ) ) ;
#214 = DIRECTION ( 'NONE',  ( 0.000000000000000000, 0.000000000000000000, -1.000000000000000000 ) ) ;
#215 = CIRCLE ( 'NONE', #3288, 1.000000000000000888 ) ;
#216 = CARTESIAN_POINT ( 'NONE',  ( 49.89999999999999147, -3.799999999999999822, -26.99999999999999289 ) ) ;
#217 = CIRCLE ( 'NONE', #2724, 2.999999999999998668 ) ;
#218 = ORIENTED_EDGE ( 'NONE', *, *, #3504, .T. ) ;
#219 = EDGE_CURVE ( 'NONE', #2736, #4290, #1190, .T. ) ;
#220 = ORIENTED_EDGE ( 'NONE', *, *, #1702, .T. ) ;
#221 = EDGE_CURVE ( 'NONE', #4187, #3998, #3831, .T. ) ;
#222 = ORIENTED_EDGE ( 'NONE', *, *, #3324, .F. ) ;
#223 = CYLINDRICAL_SURFACE ( 'NONE', #1280, 1.400000000000005462 ) ;
#224 = PLANE ( 'NONE',  #803 ) ;
#225 = VERTEX_POINT ( 'NONE', #2530 ) ;
#226 = DIRECTION ( 'NONE',  ( 1.334402673828311614E-16, 0.000000000000000000, -1.000000000000000000 ) ) ;
#227 = VECTOR ( 'NONE', #2883, 1000.000000000000000 ) ;
#228 = DIRECTION ( 'NONE',  ( 0.000000000000000000, -0.000000000000000000, -1.000000000000000000 ) ) ;
#229 = ORIENTED_EDGE ( 'NONE', *, *, #3308, .T. ) ;
#230 = DATE_AND_TIME ( #2221, #2874 ) ;
#231 = DIRECTION ( 'NONE',  ( 0.000000000000000000, 0.000000000000000000, -1.000000000000000000 ) ) ;
#232 = AXIS2_PLACEMENT_3D ( 'NONE', #3852, #1082, #3141 ) ;
#233 = CARTESIAN_POINT ( 'NONE',  ( 55.73172798364528546, 2.900000000000003464, -26.23172798364529612 ) ) ;
#234 = ORIENTED_EDGE ( 'NONE', *, *, #1230, .F. ) ;
#235 = ORIENTED_EDGE ( 'NONE', *, *, #4206, .F. ) ;
#236 = CARTESIAN_POINT ( 'NONE',  ( 59.00000000000000711, -30.26336871769660775, -52.50000000000000711 ) ) ;
#237 = EDGE_CURVE ( 'NONE', #2950, #2988, #116, .T. ) ;
#238 = PLANE ( 'NONE',  #886 ) ;
#239 = LINE ( 'NONE', #286, #3284 ) ;
#240 = ORIENTED_EDGE ( 'NONE', *, *, #3979, .F. ) ;
#241 = ORIENTED_EDGE ( 'NONE', *, *, #4243, .F. ) ;
#242 = VERTEX_POINT ( 'NONE', #3206 ) ;
#243 = CARTESIAN_POINT ( 'NONE',  ( 45.99999999999998579, 0.7000000000000000666, -20.00000000000000000 ) ) ;
#244 = LINE ( 'NONE', #2664, #2378 ) ;
#245 = ORIENTED_EDGE ( 'NONE', *, *, #428, .F. ) ;
#246 = EDGE_CURVE ( 'NONE', #4308, #2736, #1988, .T. ) ;
#247 = CYLINDRICAL_SURFACE ( 'NONE', #4130, 1.000000000000000888 ) ;
#248 = DIRECTION ( 'NONE',  ( -0.000000000000000000, -1.000000000000000000, -0.000000000000000000 ) ) ;
#249 = CARTESIAN_POINT ( 'NONE',  ( 65.00000000000000000, -5.499999999999998224, -56.00000000000000000 ) ) ;
#250 = ORIENTED_EDGE ( 'NONE', *, *, #221, .F. ) ;
#251 = CALENDAR_DATE ( 2025, 6, 12 ) ;
#252 = DIRECTION ( 'NONE',  ( 0.000000000000000000, 0.000000000000000000, -1.000000000000000000 ) ) ;
#253 = CARTESIAN_POINT ( 'NONE',  ( 3.500000000000000000, 2.900000000000003464, -52.50000000000000000 ) ) ;
#254 = ORIENTED_EDGE ( 'NONE', *, *, #3965, .T. ) ;
#255 = ORIENTED_EDGE ( 'NONE', *, *, #4102, .F. ) ;
#256 = DIRECTION ( 'NONE',  ( 0.000000000000000000, 0.000000000000000000, -1.000000000000000000 ) ) ;
#257 = DIRECTION ( 'NONE',  ( -0.000000000000000000, -1.000000000000000000, -0.000000000000000000 ) ) ;
#258 = EDGE_CURVE ( 'NONE', #4076, #2690, #1882, .T. ) ;
#259 = CARTESIAN_POINT ( 'NONE',  ( 0.000000000000000000, 2.899999999999999911, -56.00000000000000000 ) ) ;
#260 = VECTOR ( 'NONE', #692, 1000.000000000000000 ) ;
#261 = AXIS2_PLACEMENT_3D ( 'NONE', #2936, #3703, #3077 ) ;
#262 = CIRCLE ( 'NONE', #2766, 1.299999999999999600 ) ;
#263 = ORIENTED_EDGE ( 'NONE', *, *, #2604, .F. ) ;
#264 = CARTESIAN_POINT ( 'NONE',  ( 36.50000000000000711, -2.299999999999999378, -26.99999999999999289 ) ) ;
#265 = AXIS2_PLACEMENT_3D ( 'NONE', #136, #1107, #4234 ) ;
#266 = DIRECTION ( 'NONE',  ( 1.000000000000000000, 0.000000000000000000, 0.000000000000000000 ) ) ;
#267 = ORIENTED_EDGE ( 'NONE', *, *, #1925, .F. ) ;
#268 = EDGE_CURVE ( 'NONE', #4118, #11, #2863, .T. ) ;
#269 = DIRECTION ( 'NONE',  ( -0.000000000000000000, -1.000000000000000000, -0.000000000000000000 ) ) ;
#270 = FACE_OUTER_BOUND ( 'NONE', #2307, .T. ) ;
#271 = DIRECTION ( 'NONE',  ( -0.000000000000000000, 1.000000000000000000, -0.000000000000000000 ) ) ;
#272 = ORIENTED_EDGE ( 'NONE', *, *, #1795, .F. ) ;
#273 = EDGE_CURVE ( 'NONE', #1506, #3987, #180, .T. ) ;
#274 = CARTESIAN_POINT ( 'NONE',  ( 3.500000000000003109, 2.900000000000003464, -3.500000000000000000 ) ) ;
#275 = PLANE ( 'NONE',  #1873 ) ;
#276 = ORIENTED_EDGE ( 'NONE', *, *, #1375, .F. ) ;
#277 = EDGE_LOOP ( 'NONE', ( #706, #2587, #3695, #3587, #4138, #1748, #1534, #1848, #1048, #4314, #3960, #3972, #1176, #1388, #2536, #1442, #46, #7, #2465, #3122, #3963, #220, #1497, #723, #830, #1951 ) ) ;
#278 = DIRECTION ( 'NONE',  ( -0.000000000000000000, -1.000000000000000000, 0.000000000000000000 ) ) ;
#279 = ADVANCED_FACE ( 'NONE', ( #469 ), #3557, .T. ) ;
#280 = AXIS2_PLACEMENT_3D ( 'NONE', #825, #3244, #1145 ) ;
#281 = CARTESIAN_POINT ( 'NONE',  ( 63.20000000000000284, 2.900000000000003464, -44.00000000000001421 ) ) ;
#282 = CARTESIAN_POINT ( 'NONE',  ( 2.032104643287123103E-14, 0.000000000000000000, -20.50000000000006040 ) ) ;
#283 = VECTOR ( 'NONE', #4186, 1000.000000000000000 ) ;
#284 = VECTOR ( 'NONE', #2407, 1000.000000000000000 ) ;
#285 = ADVANCED_FACE ( 'NONE', ( #2554 ), #450, .F. ) ;
#286 = CARTESIAN_POINT ( 'NONE',  ( 40.49999999999999289, -3.299999999999999378, -26.99999999999999645 ) ) ;
#287 = VECTOR ( 'NONE', #3678, 1000.000000000000000 ) ;
#288 = AXIS2_PLACEMENT_3D ( 'NONE', #992, #3008, #1706 ) ;
#289 = ORIENTED_EDGE ( 'NONE', *, *, #2159, .T. ) ;
#290 = DIRECTION ( 'NONE',  ( -0.000000000000000000, 1.000000000000000000, -0.000000000000000000 ) ) ;
#291 = DIRECTION ( 'NONE',  ( 0.000000000000000000, -1.000000000000000000, 0.000000000000000000 ) ) ;
#292 = VERTEX_POINT ( 'NONE', #1801 ) ;
#293 = CARTESIAN_POINT ( 'NONE',  ( 50.50000000000000000, 33.82582403567251816, -15.00000000000000000 ) ) ;
#294 = DIRECTION ( 'NONE',  ( -1.000000000000000000, 0.000000000000000000, 6.308085367188390241E-16 ) ) ;
#295 = CARTESIAN_POINT ( 'NONE',  ( 60.20000000000000284, -5.500999999999998558, -48.00000000000000000 ) ) ;
#296 = ORIENTED_EDGE ( 'NONE', *, *, #672, .F. ) ;
#297 = CARTESIAN_POINT ( 'NONE',  ( 69.70000000000000284, 2.899999999999999911, 4.336808689942017736E-16 ) ) ;
#298 = VECTOR ( 'NONE', #2163, 1000.000000000000000 ) ;
#299 = CIRCLE ( 'NONE', #517, 1.000000000000000888 ) ;
#300 = DIRECTION ( 'NONE',  ( 0.000000000000000000, 0.000000000000000000, -1.000000000000000000 ) ) ;
#301 = ORIENTED_EDGE ( 'NONE', *, *, #4409, .F. ) ;
#302 = DIRECTION ( 'NONE',  ( -5.204170427930421900E-17, 0.000000000000000000, -1.000000000000000000 ) ) ;
#303 = EDGE_CURVE ( 'NONE', #2089, #3228, #1544, .T. ) ;
#304 = CARTESIAN_POINT ( 'NONE',  ( 58.19999999999999574, 0.000000000000000000, -26.50000000000000000 ) ) ;
#305 = AXIS2_PLACEMENT_3D ( 'NONE', #383, #1416, #2776 ) ;
#306 = ADVANCED_FACE ( 'NONE', ( #1169 ), #3187, .F. ) ;
#307 = DIRECTION ( 'NONE',  ( 0.000000000000000000, 0.000000000000000000, 1.000000000000000000 ) ) ;
#308 = AXIS2_PLACEMENT_3D ( 'NONE', #544, #2557, #856 ) ;
#309 = DIRECTION ( 'NONE',  ( -0.000000000000000000, 1.000000000000000000, -0.000000000000000000 ) ) ;
#310 = DIRECTION ( 'NONE',  ( 0.000000000000000000, 0.000000000000000000, -1.000000000000000000 ) ) ;
#311 = ORIENTED_EDGE ( 'NONE', *, *, #3263, .F. ) ;
#312 = FACE_OUTER_BOUND ( 'NONE', #3044, .T. ) ;
#313 = CARTESIAN_POINT ( 'NONE',  ( 24.00000000000000355, -2.299999999999999378, -26.99999999999999645 ) ) ;
#314 = ORIENTED_EDGE ( 'NONE', *, *, #3664, .F. ) ;
#315 = VECTOR ( 'NONE', #2563, 1000.000000000000000 ) ;
#316 = CARTESIAN_POINT ( 'NONE',  ( 64.20000000000000284, 2.900000000000003464, -48.00000000000000000 ) ) ;
#317 = DIRECTION ( 'NONE',  ( -6.308085367188390241E-16, 0.000000000000000000, -1.000000000000000000 ) ) ;
#318 = DIRECTION ( 'NONE',  ( 0.000000000000000000, -0.7071067811865376918, -0.7071067811865574537 ) ) ;
#319 = EDGE_LOOP ( 'NONE', ( #167, #3898, #2609, #3408 ) ) ;
#320 = DIRECTION ( 'NONE',  ( 1.000000000000000000, 0.000000000000000000, 0.000000000000000000 ) ) ;
#321 = DIRECTION ( 'NONE',  ( 1.387778780781444492E-15, 0.000000000000000000, 1.000000000000000000 ) ) ;
#322 = ORIENTED_EDGE ( 'NONE', *, *, #3411, .F. ) ;
#323 = DIRECTION ( 'NONE',  ( -0.000000000000000000, 1.000000000000000000, -0.000000000000000000 ) ) ;
#324 = CARTESIAN_POINT ( 'NONE',  ( 5.000000000000001776, 0.000000000000000000, -16.49999999999999645 ) ) ;
#325 = LINE ( 'NONE', #2744, #1196 ) ;
#326 = EDGE_CURVE ( 'NONE', #694, #2635, #3246, .T. ) ;
#327 = DIRECTION ( 'NONE',  ( 0.000000000000000000, -1.000000000000000000, 0.000000000000000000 ) ) ;
#328 = EDGE_CURVE ( 'NONE', #1152, #652, #1463, .T. ) ;
#329 = ORIENTED_EDGE ( 'NONE', *, *, #1292, .T. ) ;
#330 = ORIENTED_EDGE ( 'NONE', *, *, #3652, .F. ) ;
#331 = AXIS2_PLACEMENT_3D ( 'NONE', #41, #1046, #310 ) ;
#332 = LINE ( 'NONE', #4117, #3076 ) ;
#333 = LINE ( 'NONE', #4009, #3582 ) ;
#334 = VERTEX_POINT ( 'NONE', #2488 ) ;
#335 = ADVANCED_FACE ( 'NONE', ( #160 ), #1521, .T. ) ;
#336 = DIRECTION ( 'NONE',  ( 0.000000000000000000, 0.000000000000000000, -1.000000000000000000 ) ) ;
#337 = LINE ( 'NONE', #3007, #3795 ) ;
#338 = ADVANCED_FACE ( 'NONE', ( #2149 ), #3874, .F. ) ;
#339 = ADVANCED_FACE ( 'NONE', ( #1279 ), #247, .T. ) ;
#340 = CARTESIAN_POINT ( 'NONE',  ( 40.49999999999999289, -3.299999999999999378, -26.99999999999999645 ) ) ;
#341 = VECTOR ( 'NONE', #2876, 1000.000000000000000 ) ;
#342 = ORIENTED_EDGE ( 'NONE', *, *, #2841, .F. ) ;
#343 = CARTESIAN_POINT ( 'NONE',  ( 58.19999999999999574, 0.000000000000000000, -27.50000000000000000 ) ) ;
#344 = PLANE ( 'NONE',  #4291 ) ;
#345 = ORIENTED_EDGE ( 'NONE', *, *, #3398, .T. ) ;
#346 = CARTESIAN_POINT ( 'NONE',  ( 59.00000000000000711, -5.499999999999998224, -56.00000000000000000 ) ) ;
#347 = DIRECTION ( 'NONE',  ( 0.000000000000000000, 1.000000000000000000, 0.000000000000000000 ) ) ;
#348 = LINE ( 'NONE', #4404, #4244 ) ;
#349 = CARTESIAN_POINT ( 'NONE',  ( 61.50000000000000711, -5.499999999999998224, -2.199999999999998401 ) ) ;
#350 = VECTOR ( 'NONE', #4211, 1000.000000000000000 ) ;
#351 = LINE ( 'NONE', #1718, #3903 ) ;
#352 = ORIENTED_EDGE ( 'NONE', *, *, #4272, .T. ) ;
#353 = VERTEX_POINT ( 'NONE', #4281 ) ;
#354 = VECTOR ( 'NONE', #25, 1000.000000000000000 ) ;
#355 = CARTESIAN_POINT ( 'NONE',  ( 70.70000000000000284, 2.899999999999999911, -1.000000000000000000 ) ) ;
#356 = EDGE_CURVE ( 'NONE', #3228, #2124, #632, .T. ) ;
#357 = VERTEX_POINT ( 'NONE', #564 ) ;
#358 = ADVANCED_FACE ( 'NONE', ( #3942 ), #1554, .T. ) ;
#359 = VECTOR ( 'NONE', #4386, 1000.000000000000000 ) ;
#360 = CARTESIAN_POINT ( 'NONE',  ( 40.49999999999999289, 0.000000000000000000, -37.99999999999999289 ) ) ;
#361 = DIRECTION ( 'NONE',  ( 0.000000000000000000, -1.000000000000000000, 0.000000000000000000 ) ) ;
#362 = DIRECTION ( 'NONE',  ( 0.000000000000000000, 0.000000000000000000, 1.000000000000000000 ) ) ;
#363 = ORIENTED_EDGE ( 'NONE', *, *, #942, .F. ) ;
#364 = LINE ( 'NONE', #3222, #370 ) ;
#365 = DIRECTION ( 'NONE',  ( 0.7071067811865376918, 0.7071067811865574537, 0.000000000000000000 ) ) ;
#366 = ORIENTED_EDGE ( 'NONE', *, *, #956, .T. ) ;
#367 = CARTESIAN_POINT ( 'NONE',  ( 58.19999999999999574, 0.000000000000000000, -21.50000000000000000 ) ) ;
#368 = ORIENTED_EDGE ( 'NONE', *, *, #4036, .F. ) ;
#369 = DIRECTION ( 'NONE',  ( 1.000000000000000000, 0.000000000000000000, 0.000000000000000000 ) ) ;
#370 = VECTOR ( 'NONE', #447, 1000.000000000000000 ) ;
#371 = CARTESIAN_POINT ( 'NONE',  ( 3.500000000000003109, -5.499999999999998224, -3.500000000000000000 ) ) ;
#372 = DIRECTION ( 'NONE',  ( -1.000000000000000000, -0.000000000000000000, -0.000000000000000000 ) ) ;
#373 = CIRCLE ( 'NONE', #159, 1.300000000000002487 ) ;
#374 = EDGE_CURVE ( 'NONE', #334, #3212, #1929, .T. ) ;
#375 = CARTESIAN_POINT ( 'NONE',  ( 59.20000000000000284, 2.900000000000003464, -48.00000000000000000 ) ) ;
#376 = ORIENTED_EDGE ( 'NONE', *, *, #1971, .T. ) ;
#377 = EDGE_LOOP ( 'NONE', ( #2512, #1434, #2783, #2180, #1735, #3466 ) ) ;
#378 = DIRECTION ( 'NONE',  ( 0.7071067811865376918, -0.7071067811865574537, 0.000000000000000000 ) ) ;
#379 = ORIENTED_EDGE ( 'NONE', *, *, #530, .T. ) ;
#380 = AXIS2_PLACEMENT_3D ( 'NONE', #3126, #1824, #1844 ) ;
#381 = CARTESIAN_POINT ( 'NONE',  ( 65.00000000000000000, 0.000000000000000000, -56.00000000000000000 ) ) ;
#382 = DIRECTION ( 'NONE',  ( 0.000000000000000000, 0.000000000000000000, -1.000000000000000000 ) ) ;
#383 = CARTESIAN_POINT ( 'NONE',  ( 39.46827201635469606, 2.900000000000003464, -9.418272016354707787 ) ) ;
#384 = EDGE_LOOP ( 'NONE', ( #3922, #421, #3646, #3900 ) ) ;
#385 = EDGE_CURVE ( 'NONE', #2470, #3029, #2333, .T. ) ;
#386 = CARTESIAN_POINT ( 'NONE',  ( 44.50000000000000711, 33.82582403567251816, -1.653273178848926867E-15 ) ) ;
#387 = ORIENTED_EDGE ( 'NONE', *, *, #1597, .T. ) ;
#388 = DIRECTION ( 'NONE',  ( 0.000000000000000000, 0.000000000000000000, 1.000000000000000000 ) ) ;
#389 = ORIENTED_EDGE ( 'NONE', *, *, #1215, .F. ) ;
#390 = CYLINDRICAL_SURFACE ( 'NONE', #3838, 2.999999999999999112 ) ;
#391 = LINE ( 'NONE', #2827, #2316 ) ;
#392 = CARTESIAN_POINT ( 'NONE',  ( 25.00000000000000355, -2.799999999999999822, -26.99999999999999645 ) ) ;
#393 = DIRECTION ( 'NONE',  ( 0.7071067811865574537, 0.7071067811865376918, 0.000000000000000000 ) ) ;
#394 = ADVANCED_FACE ( 'NONE', ( #1257 ), #4033, .F. ) ;
#395 = DIRECTION ( 'NONE',  ( 0.000000000000000000, 1.000000000000000000, 0.000000000000000000 ) ) ;
#396 = VECTOR ( 'NONE', #2760, 1000.000000000000000 ) ;
#397 = VERTEX_POINT ( 'NONE', #968 ) ;
#398 = ORIENTED_EDGE ( 'NONE', *, *, #2191, .T. ) ;
#399 = CARTESIAN_POINT ( 'NONE',  ( 25.00000000000000355, 0.000000000000000000, -25.99999999999999645 ) ) ;
#400 = ORIENTED_EDGE ( 'NONE', *, *, #1784, .T. ) ;
#401 = AXIS2_PLACEMENT_3D ( 'NONE', #457, #3193, #123 ) ;
#402 = CYLINDRICAL_SURFACE ( 'NONE', #2696, 1.000000000000000888 ) ;
#403 = CARTESIAN_POINT ( 'NONE',  ( 56.50000000000000000, 0.6999999999999992895, -13.00000000000000000 ) ) ;
#404 = LINE ( 'NONE', #3429, #3378 ) ;
#405 = EDGE_CURVE ( 'NONE', #211, #2524, #2933, .T. ) ;
#406 = VECTOR ( 'NONE', #2790, 1000.000000000000000 ) ;
#407 = VECTOR ( 'NONE', #1286, 1000.000000000000000 ) ;
#408 = LINE ( 'NONE', #3726, #851 ) ;
#409 = VERTEX_POINT ( 'NONE', #3677 ) ;
#410 = DIRECTION ( 'NONE',  ( -0.7071067811865573427, 0.7071067811865376918, 1.401868266681961847E-15 ) ) ;
#411 = AXIS2_PLACEMENT_3D ( 'NONE', #2508, #810, #2168 ) ;
#412 = ORIENTED_EDGE ( 'NONE', *, *, #3845, .F. ) ;
#413 = DIRECTION ( 'NONE',  ( 0.000000000000000000, -0.000000000000000000, -1.000000000000000000 ) ) ;
#414 = CYLINDRICAL_SURFACE ( 'NONE', #2672, 2.000000000000001776 ) ;
#415 = EDGE_CURVE ( 'NONE', #912, #510, #612, .T. ) ;
#416 = DIRECTION ( 'NONE',  ( -0.000000000000000000, 1.000000000000000000, -0.000000000000000000 ) ) ;
#417 = CARTESIAN_POINT ( 'NONE',  ( 63.19999999999998153, -3.799999999999999822, -20.49999999999999645 ) ) ;
#418 = DIRECTION ( 'NONE',  ( -4.081702296416016490E-16, -0.000000000000000000, 1.000000000000000000 ) ) ;
#419 = EDGE_CURVE ( 'NONE', #674, #242, #1150, .T. ) ;
#420 = LINE ( 'NONE', #91, #354 ) ;
#421 = ORIENTED_EDGE ( 'NONE', *, *, #4225, .T. ) ;
#422 = EDGE_LOOP ( 'NONE', ( #3012, #2056 ) ) ;
#423 = VECTOR ( 'NONE', #382, 1000.000000000000000 ) ;
#424 = CIRCLE ( 'NONE', #1430, 1.000000000000000888 ) ;
#425 = DIRECTION ( 'NONE',  ( 1.000000000000000000, 0.000000000000000000, 0.000000000000000000 ) ) ;
#426 = CIRCLE ( 'NONE', #648, 1.400000000000005462 ) ;
#427 = DIRECTION ( 'NONE',  ( 1.000000000000000000, 0.000000000000000000, -3.965082230804142447E-15 ) ) ;
#428 = EDGE_CURVE ( 'NONE', #1099, #1889, #3724, .T. ) ;
#429 = VECTOR ( 'NONE', #3538, 1000.000000000000000 ) ;
#430 = DIRECTION ( 'NONE',  ( -0.000000000000000000, 1.000000000000000000, 0.000000000000000000 ) ) ;
#431 = CARTESIAN_POINT ( 'NONE',  ( 63.19999999999998153, -3.799999999999999822, -20.99999999999999645 ) ) ;
#432 = VECTOR ( 'NONE', #2243, 1000.000000000000000 ) ;
#433 = VECTOR ( 'NONE', #226, 1000.000000000000000 ) ;
#434 = ORIENTED_EDGE ( 'NONE', *, *, #805, .F. ) ;
#435 = DIRECTION ( 'NONE',  ( 0.000000000000000000, -1.000000000000000000, 0.000000000000000000 ) ) ;
#436 = ADVANCED_FACE ( 'NONE', ( #590 ), #3337, .T. ) ;
#437 = DIRECTION ( 'NONE',  ( 0.000000000000000000, 1.000000000000000000, 0.000000000000000000 ) ) ;
#438 = ORIENTED_EDGE ( 'NONE', *, *, #1754, .T. ) ;
#439 = FACE_OUTER_BOUND ( 'NONE', #2224, .T. ) ;
#440 = CARTESIAN_POINT ( 'NONE',  ( 58.19999999999999574, -3.299999999999985612, -27.50000000000000000 ) ) ;
#441 = ADVANCED_FACE ( 'NONE', ( #2957 ), #3362, .F. ) ;
#442 = VECTOR ( 'NONE', #4104, 1000.000000000000000 ) ;
#443 = CARTESIAN_POINT ( 'NONE',  ( 50.89999999999998437, 0.000000000000000000, -37.99999999999998579 ) ) ;
#444 = ORIENTED_EDGE ( 'NONE', *, *, #2290, .F. ) ;
#445 = ORIENTED_EDGE ( 'NONE', *, *, #1462, .F. ) ;
#446 = AXIS2_PLACEMENT_3D ( 'NONE', #2840, #4212, #700 ) ;
#447 = DIRECTION ( 'NONE',  ( -3.965082230804142447E-15, 0.000000000000000000, -1.000000000000000000 ) ) ;
#448 = CARTESIAN_POINT ( 'NONE',  ( 4.999999999999998224, 2.900000000000003464, -39.50000000000000711 ) ) ;
#449 = FACE_OUTER_BOUND ( 'NONE', #4122, .T. ) ;
#450 = PLANE ( 'NONE',  #57 ) ;
#451 = CARTESIAN_POINT ( 'NONE',  ( 58.19999999999999574, -3.799999999999999822, -26.50000000000000000 ) ) ;
#452 = ORIENTED_EDGE ( 'NONE', *, *, #14, .T. ) ;
#453 = PLANE ( 'NONE',  #1184 ) ;
#454 = DIRECTION ( 'NONE',  ( 0.000000000000000000, 0.000000000000000000, -1.000000000000000000 ) ) ;
#455 = CIRCLE ( 'NONE', #3529, 0.5500000000000018208 ) ;
#456 = ORIENTED_EDGE ( 'NONE', *, *, #2487, .T. ) ;
#457 = CARTESIAN_POINT ( 'NONE',  ( -3.000000000000000000, 0.000000000000000000, 0.000000000000000000 ) ) ;
#458 = ADVANCED_FACE ( 'NONE', ( #4304 ), #3606, .F. ) ;
#459 = LINE ( 'NONE', #3175, #341 ) ;
#460 = DIRECTION ( 'NONE',  ( 0.000000000000000000, 1.000000000000000000, 0.000000000000000000 ) ) ;
#461 = EDGE_CURVE ( 'NONE', #1616, #3552, #1903, .T. ) ;
#462 = VERTEX_POINT ( 'NONE', #1238 ) ;
#463 = VERTEX_POINT ( 'NONE', #896 ) ;
#464 = CARTESIAN_POINT ( 'NONE',  ( 41.49999999999999289, 0.000000000000000000, -25.99999999999999645 ) ) ;
#465 = LINE ( 'NONE', #1209, #712 ) ;
#466 = FACE_OUTER_BOUND ( 'NONE', #175, .T. ) ;
#467 = EDGE_CURVE ( 'NONE', #2848, #4378, #3295, .T. ) ;
#468 = EDGE_CURVE ( 'NONE', #26, #462, #1938, .T. ) ;
#469 = FACE_OUTER_BOUND ( 'NONE', #890, .T. ) ;
#470 = CARTESIAN_POINT ( 'NONE',  ( 62.00000000000000711, 0.000000000000000000, -49.50000000000000000 ) ) ;
#471 = VECTOR ( 'NONE', #2918, 1000.000000000000000 ) ;
#472 = EDGE_LOOP ( 'NONE', ( #3348, #2523, #3712, #1583, #1244 ) ) ;
#473 = FACE_BOUND ( 'NONE', #2888, .T. ) ;
#474 = VECTOR ( 'NONE', #2474, 1000.000000000000000 ) ;
#475 = DIRECTION ( 'NONE',  ( -0.000000000000000000, 1.000000000000000000, 0.000000000000000000 ) ) ;
#476 = VECTOR ( 'NONE', #1316, 1000.000000000000000 ) ;
#477 = ORIENTED_EDGE ( 'NONE', *, *, #891, .T. ) ;
#478 = ORIENTED_EDGE ( 'NONE', *, *, #3902, .F. ) ;
#479 = VERTEX_POINT ( 'NONE', #3427 ) ;
#480 = LINE ( 'NONE', #1509, #2117 ) ;
#481 = CIRCLE ( 'NONE', #1840, 0.4999999999999865663 ) ;
#482 = CARTESIAN_POINT ( 'NONE',  ( 62.69999999999998863, 2.900000000000003464, -44.00000000000001421 ) ) ;
#483 = ADVANCED_FACE ( 'NONE', ( #2080, #4393, #2401, #48, #2732, #29, #656, #1414, #2038, #3095, #3741 ), #1370, .F. ) ;
#484 = CARTESIAN_POINT ( 'NONE',  ( 2.081668171172175140E-14, -3.799999999999999822, -21.00000000000006040 ) ) ;
#485 = EDGE_LOOP ( 'NONE', ( #93, #3796, #68, #1047, #3075, #2170 ) ) ;
#486 = ORIENTED_EDGE ( 'NONE', *, *, #2425, .T. ) ;
#487 = DIRECTION ( 'NONE',  ( -0.000000000000000000, 1.000000000000000000, -0.000000000000000000 ) ) ;
#488 = CARTESIAN_POINT ( 'NONE',  ( 8.673617379884038628E-15, -3.799999999999999822, -26.00000000000001066 ) ) ;
#489 = LINE ( 'NONE', #2165, #2380 ) ;
#490 = ORIENTED_EDGE ( 'NONE', *, *, #672, .T. ) ;
#491 = AXIS2_PLACEMENT_3D ( 'NONE', #3045, #586, #3693 ) ;
#492 = EDGE_CURVE ( 'NONE', #2818, #1162, #3654, .T. ) ;
#493 = VECTOR ( 'NONE', #3531, 1000.000000000000000 ) ;
#494 = VECTOR ( 'NONE', #2469, 1000.000000000000000 ) ;
#495 = DIRECTION ( 'NONE',  ( 7.009341333409809235E-16, 0.7071067811865376918, -0.7071067811865573427 ) ) ;
#496 = CARTESIAN_POINT ( 'NONE',  ( 3.500000000000000000, 2.900000000000003464, -53.79999999999999716 ) ) ;
#497 = ORIENTED_EDGE ( 'NONE', *, *, #4178, .F. ) ;
#498 = CARTESIAN_POINT ( 'NONE',  ( 3.500000000000000000, 0.000000000000000000, -52.50000000000000000 ) ) ;
#499 = CARTESIAN_POINT ( 'NONE',  ( 49.89999999999999147, -3.299999999999999378, -26.99999999999999289 ) ) ;
#500 = VECTOR ( 'NONE', #99, 999.9999999999998863 ) ;
#501 = ORIENTED_EDGE ( 'NONE', *, *, #3134, .T. ) ;
#502 = ORIENTED_EDGE ( 'NONE', *, *, #2764, .T. ) ;
#503 = VERTEX_POINT ( 'NONE', #360 ) ;
#504 = APPLICATION_CONTEXT ( 'configuration controlled 3d designs of mechanical parts and assemblies' ) ;
#505 = DIRECTION ( 'NONE',  ( 0.000000000000000000, 0.000000000000000000, -1.000000000000000000 ) ) ;
#506 = DIRECTION ( 'NONE',  ( 0.000000000000000000, -1.000000000000000000, 0.000000000000000000 ) ) ;
#507 = EDGE_CURVE ( 'NONE', #1300, #3614, #679, .T. ) ;
#508 = DIRECTION ( 'NONE',  ( -0.000000000000000000, 0.000000000000000000, -1.000000000000000000 ) ) ;
#509 = ORIENTED_EDGE ( 'NONE', *, *, #4026, .T. ) ;
#510 = VERTEX_POINT ( 'NONE', #2441 ) ;
#511 = VECTOR ( 'NONE', #783, 1000.000000000000000 ) ;
#512 = DIRECTION ( 'NONE',  ( -0.000000000000000000, -0.000000000000000000, 1.000000000000000000 ) ) ;
#513 = VECTOR ( 'NONE', #3414, 1000.000000000000000 ) ;
#514 = CIRCLE ( 'NONE', #3003, 1.400000000000005462 ) ;
#515 = FACE_OUTER_BOUND ( 'NONE', #2451, .T. ) ;
#516 = CARTESIAN_POINT ( 'NONE',  ( 7.200000000000004619, 2.900000000000003464, -42.39999999999998437 ) ) ;
#517 = AXIS2_PLACEMENT_3D ( 'NONE', #367, #323, #1689 ) ;
#518 = CARTESIAN_POINT ( 'NONE',  ( 0.000000000000000000, -5.500000000000000000, -3.000000000000000000 ) ) ;
#519 = VECTOR ( 'NONE', #880, 1000.000000000000000 ) ;
#520 = DIRECTION ( 'NONE',  ( -0.7071067811865376918, 0.7071067811865573427, 3.774260717989791201E-16 ) ) ;
#521 = VERTEX_POINT ( 'NONE', #3405 ) ;
#522 =( LENGTH_UNIT ( ) NAMED_UNIT ( * ) SI_UNIT ( .MILLI., .METRE. ) );
#523 = ADVANCED_FACE ( 'NONE', ( #1034 ), #1724, .T. ) ;
#524 = FACE_OUTER_BOUND ( 'NONE', #2197, .T. ) ;
#525 = VERTEX_POINT ( 'NONE', #316 ) ;
#526 = ORIENTED_EDGE ( 'NONE', *, *, #419, .F. ) ;
#527 = VERTEX_POINT ( 'NONE', #381 ) ;
#528 = FACE_OUTER_BOUND ( 'NONE', #1999, .T. ) ;
#529 = CYLINDRICAL_SURFACE ( 'NONE', #2602, 3.000000000000002665 ) ;
#530 = EDGE_CURVE ( 'NONE', #3614, #2524, #217, .T. ) ;
#531 = ADVANCED_FACE ( 'NONE', ( #4119 ), #2101, .F. ) ;
#532 = CARTESIAN_POINT ( 'NONE',  ( 59.00000000000000711, 0.000000000000000000, -52.50000000000000711 ) ) ;
#533 = ADVANCED_FACE ( 'NONE', ( #3049 ), #1727, .F. ) ;
#534 = ORIENTED_EDGE ( 'NONE', *, *, #385, .T. ) ;
#535 = VERTEX_POINT ( 'NONE', #3810 ) ;
#536 = CARTESIAN_POINT ( 'NONE',  ( 66.20000000000000284, 2.899999999999999911, -55.00000000000000000 ) ) ;
#537 = ORIENTED_EDGE ( 'NONE', *, *, #3856, .T. ) ;
#538 = CARTESIAN_POINT ( 'NONE',  ( 65.20000000000000284, 2.899999999999999911, -55.00000000000000000 ) ) ;
#539 = CARTESIAN_POINT ( 'NONE',  ( 0.000000000000000000, -3.799999999999999822, -38.49999999999997868 ) ) ;
#540 = EDGE_LOOP ( 'NONE', ( #2348, #1629, #2423, #245 ) ) ;
#541 = DIRECTION ( 'NONE',  ( 0.000000000000000000, 1.000000000000000000, 0.000000000000000000 ) ) ;
#542 = DIRECTION ( 'NONE',  ( 0.000000000000000000, 0.000000000000000000, 1.000000000000000000 ) ) ;
#543 = ORIENTED_EDGE ( 'NONE', *, *, #467, .F. ) ;
#544 = CARTESIAN_POINT ( 'NONE',  ( 0.000000000000000000, 0.000000000000000000, 0.000000000000000000 ) ) ;
#545 = CARTESIAN_POINT ( 'NONE',  ( 41.49999999999998579, -3.299999999999999378, -38.99999999999999289 ) ) ;
#546 = FACE_OUTER_BOUND ( 'NONE', #2501, .T. ) ;
#547 = AXIS2_PLACEMENT_3D ( 'NONE', #1556, #1315, #256 ) ;
#548 = VERTEX_POINT ( 'NONE', #743 ) ;
#549 = ORIENTED_EDGE ( 'NONE', *, *, #1532, .T. ) ;
#550 = EDGE_CURVE ( 'NONE', #1814, #3090, #2481, .T. ) ;
#551 = CARTESIAN_POINT ( 'NONE',  ( 46.50000000000000711, 0.6999999999999992895, -23.00000000000000000 ) ) ;
#552 = ADVANCED_FACE ( 'NONE', ( #698 ), #402, .T. ) ;
#553 = DIRECTION ( 'NONE',  ( -0.000000000000000000, 1.000000000000000000, 0.000000000000000000 ) ) ;
#554 = AXIS2_PLACEMENT_3D ( 'NONE', #1774, #3139, #1404 ) ;
#555 = VECTOR ( 'NONE', #2607, 999.9999999999998863 ) ;
#556 = PLANE ( 'NONE',  #3152 ) ;
#557 = VECTOR ( 'NONE', #4027, 1000.000000000000000 ) ;
#558 = ORIENTED_EDGE ( 'NONE', *, *, #2358, .F. ) ;
#559 = EDGE_LOOP ( 'NONE', ( #904, #4322, #2097, #1606 ) ) ;
#560 = VERTEX_POINT ( 'NONE', #2354 ) ;
#561 = PLANE ( 'NONE',  #2064 ) ;
#562 = LINE ( 'NONE', #3871, #3022 ) ;
#563 = ORIENTED_EDGE ( 'NONE', *, *, #3051, .F. ) ;
#564 = CARTESIAN_POINT ( 'NONE',  ( 59.20000000000000284, 0.000000000000000000, -45.71414284285430085 ) ) ;
#565 = AXIS2_PLACEMENT_3D ( 'NONE', #1495, #3870, #2859 ) ;
#566 = EDGE_CURVE ( 'NONE', #1611, #1493, #2057, .T. ) ;
#567 = CARTESIAN_POINT ( 'NONE',  ( 66.20000000000000284, 2.900000000000003464, -38.02262259013050283 ) ) ;
#568 = ORIENTED_EDGE ( 'NONE', *, *, #3727, .F. ) ;
#569 = PERSON_AND_ORGANIZATION_ROLE ( 'classification_officer' ) ;
#570 = DIRECTION ( 'NONE',  ( 0.000000000000000000, -1.000000000000000000, 0.000000000000000000 ) ) ;
#571 = ORIENTED_EDGE ( 'NONE', *, *, #2579, .T. ) ;
#572 = VECTOR ( 'NONE', #1116, 1000.000000000000000 ) ;
#573 = ORIENTED_EDGE ( 'NONE', *, *, #2649, .T. ) ;
#574 = ORIENTED_EDGE ( 'NONE', *, *, #2850, .F. ) ;
#575 = ADVANCED_FACE ( 'NONE', ( #2708 ), #1013, .F. ) ;
#576 = DIRECTION ( 'NONE',  ( 0.000000000000000000, 0.000000000000000000, -1.000000000000000000 ) ) ;
#577 = CARTESIAN_POINT ( 'NONE',  ( 0.000000000000000000, 2.899999999999999911, -3.000000000000000000 ) ) ;
#578 = AXIS2_PLACEMENT_3D ( 'NONE', #3188, #789, #1821 ) ;
#579 = DIRECTION ( 'NONE',  ( -0.5854905538443596624, 0.000000000000000000, 0.8106792283998801585 ) ) ;
#580 = AXIS2_PLACEMENT_3D ( 'NONE', #2382, #271, #3364 ) ;
#581 = AXIS2_PLACEMENT_3D ( 'NONE', #1079, #1750, #3115 ) ;
#582 = VERTEX_POINT ( 'NONE', #73 ) ;
#583 = ORIENTED_EDGE ( 'NONE', *, *, #2203, .F. ) ;
#584 = EDGE_CURVE ( 'NONE', #503, #242, #4170, .T. ) ;
#585 = ORIENTED_EDGE ( 'NONE', *, *, #1797, .F. ) ;
#586 = DIRECTION ( 'NONE',  ( 0.000000000000000000, -1.000000000000000000, 0.000000000000000000 ) ) ;
#587 = CARTESIAN_POINT ( 'NONE',  ( 46.50000000000000711, 0.000000000000000000, -20.99999999999999645 ) ) ;
#588 = ORIENTED_EDGE ( 'NONE', *, *, #4307, .T. ) ;
#589 = VECTOR ( 'NONE', #361, 1000.000000000000000 ) ;
#590 = FACE_OUTER_BOUND ( 'NONE', #782, .T. ) ;
#591 = VECTOR ( 'NONE', #2309, 999.9999999999998863 ) ;
#592 = FACE_OUTER_BOUND ( 'NONE', #1552, .T. ) ;
#593 = FACE_OUTER_BOUND ( 'NONE', #1961, .T. ) ;
#594 = EDGE_CURVE ( 'NONE', #4278, #3552, #982, .T. ) ;
#595 = ORIENTED_EDGE ( 'NONE', *, *, #1120, .F. ) ;
#596 = CARTESIAN_POINT ( 'NONE',  ( 68.70000000000000284, 0.000000000000000000, -32.72737740986950428 ) ) ;
#597 = EDGE_LOOP ( 'NONE', ( #3098, #549, #379, #1970 ) ) ;
#598 = ORIENTED_EDGE ( 'NONE', *, *, #2190, .T. ) ;
#599 = VERTEX_POINT ( 'NONE', #2475 ) ;
#600 = CARTESIAN_POINT ( 'NONE',  ( 36.50000000000000711, 0.000000000000000000, -26.99999999999999289 ) ) ;
#601 = CARTESIAN_POINT ( 'NONE',  ( 24.00000000000001066, -0.000000000000000000, -6.405132834375906395E-15 ) ) ;
#602 = AXIS2_PLACEMENT_3D ( 'NONE', #2070, #3709, #2655 ) ;
#603 = FACE_OUTER_BOUND ( 'NONE', #377, .T. ) ;
#604 = EDGE_CURVE ( 'NONE', #1808, #1103, #777, .T. ) ;
#605 = ORIENTED_EDGE ( 'NONE', *, *, #2114, .T. ) ;
#606 = EDGE_LOOP ( 'NONE', ( #2417, #2675, #43, #1417 ) ) ;
#607 = DIRECTION ( 'NONE',  ( -1.000000000000000000, 0.000000000000000000, 1.309225264888155637E-16 ) ) ;
#608 = EDGE_CURVE ( 'NONE', #4162, #1492, #2763, .T. ) ;
#609 = LINE ( 'NONE', #4413, #4233 ) ;
#610 = ORIENTED_EDGE ( 'NONE', *, *, #1792, .F. ) ;
#611 = EDGE_CURVE ( 'NONE', #2387, #2376, #3266, .T. ) ;
#612 = LINE ( 'NONE', #3630, #2932 ) ;
#613 = LINE ( 'NONE', #2289, #3571 ) ;
#614 = CARTESIAN_POINT ( 'NONE',  ( 3.500000000000003109, 2.900000000000003464, -2.200000000000000622 ) ) ;
#615 = ORIENTED_EDGE ( 'NONE', *, *, #3155, .T. ) ;
#616 = LINE ( 'NONE', #3344, #519 ) ;
#617 = AXIS2_PLACEMENT_3D ( 'NONE', #498, #1485, #2152 ) ;
#618 = DIRECTION ( 'NONE',  ( 0.000000000000000000, 1.000000000000000000, 0.000000000000000000 ) ) ;
#619 = EDGE_CURVE ( 'NONE', #152, #462, #1425, .T. ) ;
#620 = VERTEX_POINT ( 'NONE', #2661 ) ;
#621 = VERTEX_POINT ( 'NONE', #349 ) ;
#622 = ORIENTED_EDGE ( 'NONE', *, *, #3239, .T. ) ;
#623 = DIRECTION ( 'NONE',  ( -0.000000000000000000, 1.000000000000000000, -0.000000000000000000 ) ) ;
#624 = LINE ( 'NONE', #1267, #4049 ) ;
#625 = DIRECTION ( 'NONE',  ( -0.000000000000000000, 1.000000000000000000, 0.000000000000000000 ) ) ;
#626 = FACE_OUTER_BOUND ( 'NONE', #817, .T. ) ;
#627 = VECTOR ( 'NONE', #1827, 999.9999999999998863 ) ;
#628 = EDGE_CURVE ( 'NONE', #1199, #4300, #2122, .T. ) ;
#629 = VECTOR ( 'NONE', #2028, 1000.000000000000000 ) ;
#630 = ORIENTED_EDGE ( 'NONE', *, *, #3087, .F. ) ;
#631 = LINE ( 'NONE', #3357, #2205 ) ;
#632 = CIRCLE ( 'NONE', #3133, 1.000000000000000888 ) ;
#633 = DIRECTION ( 'NONE',  ( 0.000000000000000000, 0.000000000000000000, -1.000000000000000000 ) ) ;
#634 = ORIENTED_EDGE ( 'NONE', *, *, #2517, .T. ) ;
#635 = CARTESIAN_POINT ( 'NONE',  ( 35.50000000000000000, -2.799999999999999822, -37.99999999999999289 ) ) ;
#636 = DIRECTION ( 'NONE',  ( 0.000000000000000000, 0.000000000000000000, -1.000000000000000000 ) ) ;
#637 = CARTESIAN_POINT ( 'NONE',  ( 25.00000000000000355, -2.299999999999999378, -25.99999999999999645 ) ) ;
#638 = ADVANCED_FACE ( 'NONE', ( #2789 ), #3754, .T. ) ;
#639 = VERTEX_POINT ( 'NONE', #3841 ) ;
#640 = CARTESIAN_POINT ( 'NONE',  ( 1.734723475976807094E-15, 0.000000000000000000, -39.50000000000000000 ) ) ;
#641 = CARTESIAN_POINT ( 'NONE',  ( 64.20000000000003126, -3.799999999999999822, -1.272791396088126793E-13 ) ) ;
#642 = EDGE_LOOP ( 'NONE', ( #1980, #3446, #3813, #2748 ) ) ;
#643 = FACE_OUTER_BOUND ( 'NONE', #1746, .T. ) ;
#644 = CIRCLE ( 'NONE', #2920, 1.000000000000000888 ) ;
#645 = DIRECTION ( 'NONE',  ( 0.000000000000000000, 0.000000000000000000, -1.000000000000000000 ) ) ;
#646 = DIRECTION ( 'NONE',  ( 0.000000000000000000, 0.000000000000000000, -1.000000000000000000 ) ) ;
#647 = CIRCLE ( 'NONE', #1213, 3.000000000000002665 ) ;
#648 = AXIS2_PLACEMENT_3D ( 'NONE', #2426, #3056, #3770 ) ;
#649 = CYLINDRICAL_SURFACE ( 'NONE', #2571, 1.000000000000000888 ) ;
#650 = CIRCLE ( 'NONE', #1218, 3.000000000000000888 ) ;
#651 = VECTOR ( 'NONE', #2313, 1000.000000000000000 ) ;
#652 = VERTEX_POINT ( 'NONE', #1717 ) ;
#653 = CYLINDRICAL_SURFACE ( 'NONE', #3561, 1.000000000000000888 ) ;
#654 = CARTESIAN_POINT ( 'NONE',  ( 62.00000000000000711, -5.499999999999998224, -49.50000000000000000 ) ) ;
#655 = ORIENTED_EDGE ( 'NONE', *, *, #4174, .F. ) ;
#656 = FACE_OUTER_BOUND ( 'NONE', #277, .T. ) ;
#657 = LINE ( 'NONE', #1973, #786 ) ;
#658 = LINE ( 'NONE', #1327, #651 ) ;
#659 = ORIENTED_EDGE ( 'NONE', *, *, #303, .F. ) ;
#660 = DIRECTION ( 'NONE',  ( 0.000000000000000000, -1.000000000000000000, 0.000000000000000000 ) ) ;
#661 = CIRCLE ( 'NONE', #3164, 1.300000000000002043 ) ;
#662 = AXIS2_PLACEMENT_3D ( 'NONE', #1290, #278, #976 ) ;
#663 = LINE ( 'NONE', #2024, #1641 ) ;
#664 = ORIENTED_EDGE ( 'NONE', *, *, #961, .T. ) ;
#665 = PLANE ( 'NONE',  #799 ) ;
#666 = EDGE_CURVE ( 'NONE', #1620, #548, #2458, .T. ) ;
#667 = CARTESIAN_POINT ( 'NONE',  ( 5.000000000000000000, 0.000000000000000000, -36.50000000000000711 ) ) ;
#668 = AXIS2_PLACEMENT_3D ( 'NONE', #765, #3829, #362 ) ;
#669 = DIRECTION ( 'NONE',  ( 0.000000000000000000, 0.000000000000000000, -1.000000000000000000 ) ) ;
#670 = DIRECTION ( 'NONE',  ( 0.000000000000000000, 0.7071067811865574537, -0.7071067811865376918 ) ) ;
#671 = DIRECTION ( 'NONE',  ( 0.000000000000000000, 0.000000000000000000, -1.000000000000000000 ) ) ;
#672 = EDGE_CURVE ( 'NONE', #1031, #3401, #3820, .T. ) ;
#673 = EDGE_CURVE ( 'NONE', #2331, #1620, #4111, .T. ) ;
#674 = VERTEX_POINT ( 'NONE', #3799 ) ;
#675 = DIRECTION ( 'NONE',  ( 0.000000000000000000, 0.000000000000000000, -1.000000000000000000 ) ) ;
#676 = DIRECTION ( 'NONE',  ( -0.000000000000000000, -1.000000000000000000, -0.000000000000000000 ) ) ;
#677 = ORIENTED_EDGE ( 'NONE', *, *, #1860, .F. ) ;
#678 = AXIS2_PLACEMENT_3D ( 'NONE', #1202, #1940, #1247 ) ;
#679 = LINE ( 'NONE', #3448, #4297 ) ;
#680 = CARTESIAN_POINT ( 'NONE',  ( 47.49999999999998579, 2.900000000000003464, -20.00000000000000000 ) ) ;
#681 = DIRECTION ( 'NONE',  ( 0.000000000000000000, -1.000000000000000000, 0.000000000000000000 ) ) ;
#682 = ORIENTED_EDGE ( 'NONE', *, *, #3453, .T. ) ;
#683 = DIRECTION ( 'NONE',  ( 0.000000000000000000, 0.000000000000000000, -1.000000000000000000 ) ) ;
#684 = LINE ( 'NONE', #3412, #1432 ) ;
#685 = ORIENTED_EDGE ( 'NONE', *, *, #2800, .T. ) ;
#686 = CARTESIAN_POINT ( 'NONE',  ( 3.500000000000000000, 0.000000000000000000, -53.79999999999999716 ) ) ;
#687 = DIRECTION ( 'NONE',  ( -0.000000000000000000, -0.000000000000000000, 1.000000000000000000 ) ) ;
#688 = CARTESIAN_POINT ( 'NONE',  ( 58.89999999999999858, 2.900000000000003464, -42.39999999999999147 ) ) ;
#689 = ADVANCED_FACE ( 'NONE', ( #1448 ), #3062, .T. ) ;
#690 = CARTESIAN_POINT ( 'NONE',  ( 52.50000000000000711, 0.000000000000000000, -15.00000000000000000 ) ) ;
#691 = ADVANCED_FACE ( 'NONE', ( #4183 ), #1044, .F. ) ;
#692 = DIRECTION ( 'NONE',  ( 1.000000000000000000, 0.000000000000000000, 0.000000000000000000 ) ) ;
#693 = ORIENTED_EDGE ( 'NONE', *, *, #3746, .F. ) ;
#694 = VERTEX_POINT ( 'NONE', #19 ) ;
#695 = AXIS2_PLACEMENT_3D ( 'NONE', #3665, #1291, #4360 ) ;
#696 = CARTESIAN_POINT ( 'NONE',  ( 50.50000000000000000, 0.6999999999999992895, -15.00000000000000000 ) ) ;
#697 = ORIENTED_EDGE ( 'NONE', *, *, #4387, .T. ) ;
#698 = FACE_OUTER_BOUND ( 'NONE', #3857, .T. ) ;
#699 = CARTESIAN_POINT ( 'NONE',  ( 9.000000000000001776, -5.500000000000000000, -50.99999999999999289 ) ) ;
#700 = DIRECTION ( 'NONE',  ( 1.000000000000000000, 0.000000000000000000, 3.336006684570784088E-16 ) ) ;
#701 = AXIS2_PLACEMENT_3D ( 'NONE', #85, #3153, #2812 ) ;
#702 = ORIENTED_EDGE ( 'NONE', *, *, #2072, .T. ) ;
#703 = DIRECTION ( 'NONE',  ( -0.000000000000000000, -1.000000000000000000, -0.000000000000000000 ) ) ;
#704 = EDGE_CURVE ( 'NONE', #548, #838, #481, .T. ) ;
#705 = DIRECTION ( 'NONE',  ( 0.000000000000000000, -1.000000000000000000, 0.000000000000000000 ) ) ;
#706 = ORIENTED_EDGE ( 'NONE', *, *, #2191, .F. ) ;
#707 = LINE ( 'NONE', #955, #3232 ) ;
#708 = EDGE_LOOP ( 'NONE', ( #366, #4345, #2990, #792 ) ) ;
#709 = DIRECTION ( 'NONE',  ( -0.000000000000000000, 0.000000000000000000, 1.000000000000000000 ) ) ;
#710 = DIRECTION ( 'NONE',  ( 0.000000000000000000, 0.000000000000000000, -1.000000000000000000 ) ) ;
#711 = DIRECTION ( 'NONE',  ( 1.962615573354691780E-16, 0.7071067811865573427, -0.7071067811865376918 ) ) ;
#712 = VECTOR ( 'NONE', #1857, 1000.000000000000000 ) ;
#713 = DIRECTION ( 'NONE',  ( 0.000000000000000000, 0.000000000000000000, -1.000000000000000000 ) ) ;
#714 = ORIENTED_EDGE ( 'NONE', *, *, #1065, .T. ) ;
#715 = EDGE_LOOP ( 'NONE', ( #1255, #2215, #2948, #3013 ) ) ;
#716 = LINE ( 'NONE', #2728, #1144 ) ;
#717 = EDGE_CURVE ( 'NONE', #1919, #2856, #4363, .T. ) ;
#718 = VERTEX_POINT ( 'NONE', #690 ) ;
#719 = AXIS2_PLACEMENT_3D ( 'NONE', #1705, #2356, #4079 ) ;
#720 = DIRECTION ( 'NONE',  ( 0.000000000000000000, 0.000000000000000000, 1.000000000000000000 ) ) ;
#721 = CARTESIAN_POINT ( 'NONE',  ( 70.70000000000000284, 10.00000000000000000, -1.000000000000000000 ) ) ;
#722 = CARTESIAN_POINT ( 'NONE',  ( 0.000000000000000000, -5.499999999999998224, 0.000000000000000000 ) ) ;
#723 = ORIENTED_EDGE ( 'NONE', *, *, #3424, .T. ) ;
#724 = PLANE ( 'NONE',  #4145 ) ;
#725 = VERTEX_POINT ( 'NONE', #2412 ) ;
#726 = DIRECTION ( 'NONE',  ( 0.000000000000000000, 0.000000000000000000, -1.000000000000000000 ) ) ;
#727 = ADVANCED_FACE ( 'NONE', ( #2049 ), #1383, .F. ) ;
#728 = ORIENTED_EDGE ( 'NONE', *, *, #2542, .T. ) ;
#729 = CARTESIAN_POINT ( 'NONE',  ( 62.69999999999998863, 0.000000000000000000, -44.00000000000001421 ) ) ;
#730 = CIRCLE ( 'NONE', #1231, 2.000000000000001776 ) ;
#731 = DIRECTION ( 'NONE',  ( -0.000000000000000000, -1.000000000000000000, -0.000000000000000000 ) ) ;
#732 = DIRECTION ( 'NONE',  ( -0.000000000000000000, -1.000000000000000000, -0.000000000000000000 ) ) ;
#733 = AXIS2_PLACEMENT_3D ( 'NONE', #4402, #4042, #3750 ) ;
#734 = DIRECTION ( 'NONE',  ( 0.000000000000000000, 1.000000000000000000, -0.000000000000000000 ) ) ;
#735 = DIRECTION ( 'NONE',  ( 0.000000000000000000, 1.000000000000000000, 0.000000000000000000 ) ) ;
#736 =( GEOMETRIC_REPRESENTATION_CONTEXT ( 3 ) GLOBAL_UNCERTAINTY_ASSIGNED_CONTEXT ( ( #2207 ) ) GLOBAL_UNIT_ASSIGNED_CONTEXT ( ( #522, #3611, #3298 ) ) REPRESENTATION_CONTEXT ( 'NONE', 'WORKASPACE' ) );
#737 = EDGE_CURVE ( 'NONE', #1688, #527, #2071, .T. ) ;
#738 = ORIENTED_EDGE ( 'NONE', *, *, #1045, .T. ) ;
#739 = ORIENTED_EDGE ( 'NONE', *, *, #3740, .T. ) ;
#740 = DIRECTION ( 'NONE',  ( -1.000000000000000000, 0.000000000000000000, 0.000000000000000000 ) ) ;
#741 = ORIENTED_EDGE ( 'NONE', *, *, #4069, .F. ) ;
#742 = CIRCLE ( 'NONE', #28, 1.000000000000000888 ) ;
#743 = CARTESIAN_POINT ( 'NONE',  ( 24.50000000000001421, -2.799999999999999822, -37.99999999999999289 ) ) ;
#744 = DIRECTION ( 'NONE',  ( -0.000000000000000000, 1.000000000000000000, -0.000000000000000000 ) ) ;
#745 = CARTESIAN_POINT ( 'NONE',  ( 50.39999999999999147, -3.799999999999999822, -2.690155790437879140E-14 ) ) ;
#746 = ORIENTED_EDGE ( 'NONE', *, *, #1045, .F. ) ;
#747 = ADVANCED_FACE ( 'NONE', ( #3108 ), #40, .T. ) ;
#748 = CARTESIAN_POINT ( 'NONE',  ( 63.20000000000000284, 0.000000000000000000, -48.00000000000000000 ) ) ;
#749 = EDGE_LOOP ( 'NONE', ( #1864, #2817, #1643, #3579, #1250, #1009 ) ) ;
#750 = FACE_OUTER_BOUND ( 'NONE', #1529, .T. ) ;
#751 = ORIENTED_EDGE ( 'NONE', *, *, #1020, .T. ) ;
#752 = DIRECTION ( 'NONE',  ( 0.000000000000000000, 0.000000000000000000, -1.000000000000000000 ) ) ;
#753 = EDGE_CURVE ( 'NONE', #3369, #2119, #1850, .T. ) ;
#754 = DIRECTION ( 'NONE',  ( -0.000000000000000000, -1.000000000000000000, -0.000000000000000000 ) ) ;
#755 = CARTESIAN_POINT ( 'NONE',  ( 3.500000000000003109, 0.000000000000000000, -4.799999999999999822 ) ) ;
#756 = DIRECTION ( 'NONE',  ( 0.000000000000000000, 0.000000000000000000, -1.000000000000000000 ) ) ;
#757 = CARTESIAN_POINT ( 'NONE',  ( 36.50000000000002132, -0.000000000000000000, -1.948227903789338096E-14 ) ) ;
#758 = CIRCLE ( 'NONE', #3690, 1.300000000000002487 ) ;
#759 = ORIENTED_EDGE ( 'NONE', *, *, #2849, .T. ) ;
#760 = DIRECTION ( 'NONE',  ( 1.000000000000000000, 0.000000000000000000, 0.000000000000000000 ) ) ;
#761 = ORIENTED_EDGE ( 'NONE', *, *, #1151, .F. ) ;
#762 = ORIENTED_EDGE ( 'NONE', *, *, #2909, .T. ) ;
#763 = VECTOR ( 'NONE', #2299, 1000.000000000000000 ) ;
#764 = CARTESIAN_POINT ( 'NONE',  ( 36.50000000000000711, -2.799999999999999822, -26.99999999999999289 ) ) ;
#765 = CARTESIAN_POINT ( 'NONE',  ( -3.000000000000000000, 0.000000000000000000, 0.000000000000000000 ) ) ;
#766 = EDGE_CURVE ( 'NONE', #4059, #652, #2792, .T. ) ;
#767 = VECTOR ( 'NONE', #3129, 1000.000000000000000 ) ;
#768 = EDGE_CURVE ( 'NONE', #1236, #3347, #1697, .T. ) ;
#769 = AXIS2_PLACEMENT_3D ( 'NONE', #3634, #925, #231 ) ;
#770 = DIRECTION ( 'NONE',  ( 0.000000000000000000, -1.000000000000000000, 0.000000000000000000 ) ) ;
#771 = EDGE_LOOP ( 'NONE', ( #2062, #1551, #2556, #2108 ) ) ;
#772 = LINE ( 'NONE', #36, #2211 ) ;
#773 = ORIENTED_EDGE ( 'NONE', *, *, #3424, .F. ) ;
#774 = CARTESIAN_POINT ( 'NONE',  ( 63.19999999999998153, 0.000000000000000000, -26.49999999999999645 ) ) ;
#775 = ADVANCED_FACE ( 'NONE', ( #3158 ), #1510, .T. ) ;
#776 = CARTESIAN_POINT ( 'NONE',  ( 58.20000000000000284, 2.900000000000003464, -45.71414284285430085 ) ) ;
#777 = LINE ( 'NONE', #1093, #767 ) ;
#778 = CARTESIAN_POINT ( 'NONE',  ( 49.89999999999999147, -3.799999999999999822, -26.50000000000000711 ) ) ;
#779 = DIRECTION ( 'NONE',  ( -0.000000000000000000, 1.000000000000000000, -0.000000000000000000 ) ) ;
#780 = CARTESIAN_POINT ( 'NONE',  ( 0.000000000000000000, -5.500000000000000000, 0.000000000000000000 ) ) ;
#781 = ORIENTED_EDGE ( 'NONE', *, *, #1081, .F. ) ;
#782 = EDGE_LOOP ( 'NONE', ( #984, #751, #1208, #3499 ) ) ;
#783 = DIRECTION ( 'NONE',  ( -0.000000000000000000, -0.000000000000000000, -1.000000000000000000 ) ) ;
#784 = CYLINDRICAL_SURFACE ( 'NONE', #3920, 3.000000000000002665 ) ;
#785 = DIRECTION ( 'NONE',  ( 1.000000000000000000, 0.000000000000000000, 0.000000000000000000 ) ) ;
#786 = VECTOR ( 'NONE', #1371, 1000.000000000000000 ) ;
#787 = DIRECTION ( 'NONE',  ( 0.000000000000000000, 0.000000000000000000, 1.000000000000000000 ) ) ;
#788 = EDGE_CURVE ( 'NONE', #1236, #2970, #3487, .T. ) ;
#789 = DIRECTION ( 'NONE',  ( 0.000000000000000000, 1.000000000000000000, 0.000000000000000000 ) ) ;
#790 = AXIS2_PLACEMENT_3D ( 'NONE', #2291, #520, #3657 ) ;
#791 = AXIS2_PLACEMENT_3D ( 'NONE', #2018, #2752, #3386 ) ;
#792 = ORIENTED_EDGE ( 'NONE', *, *, #1749, .T. ) ;
#793 = PLANE ( 'NONE',  #2330 ) ;
#794 = LINE ( 'NONE', #84, #3768 ) ;
#795 = ORIENTED_EDGE ( 'NONE', *, *, #1926, .T. ) ;
#796 = EDGE_CURVE ( 'NONE', #463, #225, #459, .T. ) ;
#797 = FACE_OUTER_BOUND ( 'NONE', #3220, .T. ) ;
#798 = DIRECTION ( 'NONE',  ( 0.000000000000000000, 1.000000000000000000, 0.000000000000000000 ) ) ;
#799 = AXIS2_PLACEMENT_3D ( 'NONE', #1645, #1314, #4065 ) ;
#800 = DIRECTION ( 'NONE',  ( 0.000000000000000000, 0.000000000000000000, -1.000000000000000000 ) ) ;
#801 = EDGE_LOOP ( 'NONE', ( #1759, #3476, #1259, #1369 ) ) ;
#802 = ORIENTED_EDGE ( 'NONE', *, *, #1120, .T. ) ;
#803 = AXIS2_PLACEMENT_3D ( 'NONE', #3536, #3269, #1565 ) ;
#804 = EDGE_CURVE ( 'NONE', #1408, #1117, #1451, .T. ) ;
#805 = EDGE_CURVE ( 'NONE', #3728, #1616, #3201, .T. ) ;
#806 = CARTESIAN_POINT ( 'NONE',  ( 63.19999999999998153, -3.799999999999999822, -26.99999999999999645 ) ) ;
#807 = LINE ( 'NONE', #4254, #2564 ) ;
#808 = LINE ( 'NONE', #2214, #2228 ) ;
#809 = AXIS2_PLACEMENT_3D ( 'NONE', #3731, #3753, #669 ) ;
#810 = DIRECTION ( 'NONE',  ( 1.000000000000000000, 0.000000000000000000, -2.668805347656627171E-16 ) ) ;
#811 = CARTESIAN_POINT ( 'NONE',  ( 47.49999999999997868, 0.7000000000000000666, -2.999999999999999112 ) ) ;
#812 = ORIENTED_EDGE ( 'NONE', *, *, #2534, .T. ) ;
#813 = CARTESIAN_POINT ( 'NONE',  ( 57.19999999999999574, -3.299999999999985612, -21.50000000000000000 ) ) ;
#814 = EDGE_CURVE ( 'NONE', #3124, #1826, #1828, .T. ) ;
#815 = LINE ( 'NONE', #102, #3674 ) ;
#816 = ORIENTED_EDGE ( 'NONE', *, *, #3688, .F. ) ;
#817 = EDGE_LOOP ( 'NONE', ( #3204, #1514, #4064, #2462 ) ) ;
#818 = DIRECTION ( 'NONE',  ( 0.000000000000000000, 0.000000000000000000, -1.000000000000000000 ) ) ;
#819 = LINE ( 'NONE', #3507, #4349 ) ;
#820 = EDGE_CURVE ( 'NONE', #510, #867, #2478, .T. ) ;
#821 = CARTESIAN_POINT ( 'NONE',  ( 7.200000000000004619, 2.900000000000003464, -42.39999999999998437 ) ) ;
#822 = ORIENTED_EDGE ( 'NONE', *, *, #2815, .F. ) ;
#823 = ORIENTED_EDGE ( 'NONE', *, *, #1562, .T. ) ;
#824 = CARTESIAN_POINT ( 'NONE',  ( 3.500000000000003109, 0.000000000000000000, -2.200000000000000622 ) ) ;
#825 = CARTESIAN_POINT ( 'NONE',  ( 62.00000000000000711, -5.499999999999998224, -52.50000000000000711 ) ) ;
#826 = CYLINDRICAL_SURFACE ( 'NONE', #94, 1.399999999999998579 ) ;
#827 = DIRECTION ( 'NONE',  ( -0.000000000000000000, -1.000000000000000000, -0.000000000000000000 ) ) ;
#828 = DIRECTION ( 'NONE',  ( 0.000000000000000000, 1.000000000000000000, 0.000000000000000000 ) ) ;
#829 = AXIS2_PLACEMENT_3D ( 'NONE', #1676, #2032, #3399 ) ;
#830 = ORIENTED_EDGE ( 'NONE', *, *, #3860, .F. ) ;
#831 = DIRECTION ( 'NONE',  ( -0.000000000000000000, -1.000000000000000000, -0.000000000000000000 ) ) ;
#832 = VECTOR ( 'NONE', #4061, 1000.000000000000000 ) ;
#833 = CARTESIAN_POINT ( 'NONE',  ( 49.89999999999999147, -3.299999999999999378, -25.99999999999999289 ) ) ;
#834 = EDGE_CURVE ( 'NONE', #718, #3879, #3846, .T. ) ;
#835 = CIRCLE ( 'NONE', #1772, 1.299999999999999600 ) ;
#836 = ORIENTED_EDGE ( 'NONE', *, *, #3185, .F. ) ;
#837 = ORIENTED_EDGE ( 'NONE', *, *, #3789, .F. ) ;
#838 = VERTEX_POINT ( 'NONE', #3883 ) ;
#839 = AXIS2_PLACEMENT_3D ( 'NONE', #1567, #919, #2577 ) ;
#840 = CARTESIAN_POINT ( 'NONE',  ( 56.50000000000000000, 0.000000000000000000, -15.00000000000000000 ) ) ;
#841 = CARTESIAN_POINT ( 'NONE',  ( 63.19999999999998153, 0.000000000000000000, -27.49999999999999645 ) ) ;
#842 = CARTESIAN_POINT ( 'NONE',  ( 35.50000000000000711, -2.799999999999999822, -26.50000000000000711 ) ) ;
#843 = ORIENTED_EDGE ( 'NONE', *, *, #1403, .T. ) ;
#844 = ORIENTED_EDGE ( 'NONE', *, *, #121, .T. ) ;
#845 = LINE ( 'NONE', #2819, #3732 ) ;
#846 = DIRECTION ( 'NONE',  ( 0.000000000000000000, 0.000000000000000000, 1.000000000000000000 ) ) ;
#847 = EDGE_CURVE ( 'NONE', #2630, #3381, #819, .T. ) ;
#848 = DIRECTION ( 'NONE',  ( -0.000000000000000000, 1.000000000000000000, 0.000000000000000000 ) ) ;
#849 = AXIS2_PLACEMENT_3D ( 'NONE', #699, #2058, #1751 ) ;
#850 = VECTOR ( 'NONE', #3806, 1000.000000000000000 ) ;
#851 = VECTOR ( 'NONE', #365, 999.9999999999998863 ) ;
#852 = DIRECTION ( 'NONE',  ( -0.000000000000000000, 1.000000000000000000, -0.000000000000000000 ) ) ;
#853 = DIRECTION ( 'NONE',  ( 0.000000000000000000, 0.000000000000000000, -1.000000000000000000 ) ) ;
#854 = AXIS2_PLACEMENT_3D ( 'NONE', #216, #2946, #2324 ) ;
#855 = EDGE_LOOP ( 'NONE', ( #3004, #1060, #4283, #1436 ) ) ;
#856 = DIRECTION ( 'NONE',  ( 1.000000000000000000, 0.000000000000000000, 0.000000000000000000 ) ) ;
#857 = DIRECTION ( 'NONE',  ( -1.000000000000000000, 0.000000000000000000, 0.000000000000000000 ) ) ;
#858 = EDGE_CURVE ( 'NONE', #2777, #100, #2833, .T. ) ;
#859 = AXIS2_PLACEMENT_3D ( 'NONE', #4259, #3918, #853 ) ;
#860 = EDGE_CURVE ( 'NONE', #3621, #1211, #4321, .T. ) ;
#861 = ORIENTED_EDGE ( 'NONE', *, *, #3542, .T. ) ;
#862 = ORIENTED_EDGE ( 'NONE', *, *, #1215, .T. ) ;
#863 = ORIENTED_EDGE ( 'NONE', *, *, #3308, .F. ) ;
#864 = CARTESIAN_POINT ( 'NONE',  ( 64.20000000000000284, 0.000000000000000000, -49.00000000000000000 ) ) ;
#865 = FACE_OUTER_BOUND ( 'NONE', #3951, .T. ) ;
#866 = CARTESIAN_POINT ( 'NONE',  ( 58.19999999999999574, -3.799999999999999822, -27.00000000000000000 ) ) ;
#867 = VERTEX_POINT ( 'NONE', #1471 ) ;
#868 = VERTEX_POINT ( 'NONE', #4205 ) ;
#869 = PLANE ( 'NONE',  #4228 ) ;
#870 = AXIS2_PLACEMENT_3D ( 'NONE', #2036, #1701, #2619 ) ;
#871 = ORIENTED_EDGE ( 'NONE', *, *, #1237, .T. ) ;
#872 = DIRECTION ( 'NONE',  ( 0.000000000000000000, -1.000000000000000000, 0.000000000000000000 ) ) ;
#873 = CARTESIAN_POINT ( 'NONE',  ( 58.89999999999999858, 2.900000000000003464, -42.39999999999999147 ) ) ;
#874 = VERTEX_POINT ( 'NONE', #482 ) ;
#875 = VECTOR ( 'NONE', #4172, 1000.000000000000000 ) ;
#876 = DIRECTION ( 'NONE',  ( 0.000000000000000000, 0.000000000000000000, -1.000000000000000000 ) ) ;
#877 = FACE_OUTER_BOUND ( 'NONE', #2916, .T. ) ;
#878 = EDGE_CURVE ( 'NONE', #24, #2244, #455, .T. ) ;
#879 = VERTEX_POINT ( 'NONE', #2158 ) ;
#880 = DIRECTION ( 'NONE',  ( 0.000000000000000000, 0.000000000000000000, 1.000000000000000000 ) ) ;
#881 = CYLINDRICAL_SURFACE ( 'NONE', #1549, 1.000000000000000888 ) ;
#882 = ORIENTED_EDGE ( 'NONE', *, *, #2764, .F. ) ;
#883 = ORIENTED_EDGE ( 'NONE', *, *, #2896, .F. ) ;
#884 = ORIENTED_EDGE ( 'NONE', *, *, #2351, .T. ) ;
#885 = LINE ( 'NONE', #189, #2477 ) ;
#886 = AXIS2_PLACEMENT_3D ( 'NONE', #3928, #2202, #2591 ) ;
#887 = CARTESIAN_POINT ( 'NONE',  ( 45.99999999999998579, 2.900000000000003464, -20.00000000000000000 ) ) ;
#888 = DIRECTION ( 'NONE',  ( 0.000000000000000000, 1.000000000000000000, -0.000000000000000000 ) ) ;
#889 = ORIENTED_EDGE ( 'NONE', *, *, #146, .F. ) ;
#890 = EDGE_LOOP ( 'NONE', ( #4032, #3973, #1197, #2310 ) ) ;
#891 = EDGE_CURVE ( 'NONE', #4245, #1885, #1178, .T. ) ;
#892 = EDGE_LOOP ( 'NONE', ( #3234, #3065, #3326, #434 ) ) ;
#893 = DIRECTION ( 'NONE',  ( 1.000000000000000000, 0.000000000000000000, 0.000000000000000000 ) ) ;
#894 = CARTESIAN_POINT ( 'NONE',  ( 56.50000000000000000, 0.6999999999999992895, -15.00000000000000000 ) ) ;
#895 = EDGE_LOOP ( 'NONE', ( #1637, #3932, #3135, #1343 ) ) ;
#896 = CARTESIAN_POINT ( 'NONE',  ( 0.000000000000000000, -5.499999999999998224, -56.00000000000000000 ) ) ;
#897 = EDGE_CURVE ( 'NONE', #4227, #2736, #3216, .T. ) ;
#898 = CARTESIAN_POINT ( 'NONE',  ( 64.19999999999998863, -3.299999999999985612, -21.50000000000000000 ) ) ;
#899 = ORIENTED_EDGE ( 'NONE', *, *, #2116, .F. ) ;
#900 = SECURITY_CLASSIFICATION_LEVEL ( 'unclassified' ) ;
#901 = FACE_OUTER_BOUND ( 'NONE', #3512, .T. ) ;
#902 = CARTESIAN_POINT ( 'NONE',  ( 64.20000000000000284, 2.900000000000003464, -45.00000000000001421 ) ) ;
#903 = AXIS2_PLACEMENT_3D ( 'NONE', #1114, #2540, #4267 ) ;
#904 = ORIENTED_EDGE ( 'NONE', *, *, #3843, .T. ) ;
#905 = ORIENTED_EDGE ( 'NONE', *, *, #4108, .T. ) ;
#906 = ADVANCED_FACE ( 'NONE', ( #4223 ), #2031, .T. ) ;
#907 = DIRECTION ( 'NONE',  ( -0.000000000000000000, -1.000000000000000000, -0.000000000000000000 ) ) ;
#908 = CARTESIAN_POINT ( 'NONE',  ( 0.000000000000000000, 10.00000000000000000, -56.00000000000000000 ) ) ;
#909 = LINE ( 'NONE', #4025, #1362 ) ;
#910 = VECTOR ( 'NONE', #1159, 1000.000000000000000 ) ;
#911 = EDGE_LOOP ( 'NONE', ( #3297, #1400, #2923, #938 ) ) ;
#912 = VERTEX_POINT ( 'NONE', #841 ) ;
#913 = EDGE_CURVE ( 'NONE', #4245, #3047, #4317, .T. ) ;
#914 = ORIENTED_EDGE ( 'NONE', *, *, #3652, .T. ) ;
#915 = DIRECTION ( 'NONE',  ( -0.000000000000000000, -1.000000000000000000, -0.000000000000000000 ) ) ;
#916 = LINE ( 'NONE', #3650, #2515 ) ;
#917 = ORIENTED_EDGE ( 'NONE', *, *, #3616, .F. ) ;
#918 = ORIENTED_EDGE ( 'NONE', *, *, #2584, .T. ) ;
#919 = DIRECTION ( 'NONE',  ( 0.000000000000000000, 1.000000000000000000, 0.000000000000000000 ) ) ;
#920 = CIRCLE ( 'NONE', #280, 3.000000000000002665 ) ;
#921 = CARTESIAN_POINT ( 'NONE',  ( 60.20000000000000284, 0.000000000000000000, -49.00000000000000000 ) ) ;
#922 = DIRECTION ( 'NONE',  ( -0.000000000000000000, -1.000000000000000000, -0.000000000000000000 ) ) ;
#923 = ORIENTED_EDGE ( 'NONE', *, *, #2439, .T. ) ;
#924 = DATE_AND_TIME ( #251, #1311 ) ;
#925 = DIRECTION ( 'NONE',  ( 0.000000000000000000, -1.000000000000000000, 0.000000000000000000 ) ) ;
#926 = ADVANCED_FACE ( 'NONE', ( #1293 ), #3597, .F. ) ;
#927 = CARTESIAN_POINT ( 'NONE',  ( 2.032104643287123103E-14, -3.299999999999985612, -20.50000000000006040 ) ) ;
#928 = CIRCLE ( 'NONE', #2429, 0.5500000000000035971 ) ;
#929 = ORIENTED_EDGE ( 'NONE', *, *, #704, .F. ) ;
#930 = ORIENTED_EDGE ( 'NONE', *, *, #374, .T. ) ;
#931 = DIRECTION ( 'NONE',  ( 0.000000000000000000, -1.000000000000000000, 0.000000000000000000 ) ) ;
#932 = DIRECTION ( 'NONE',  ( 0.000000000000000000, 0.000000000000000000, 1.000000000000000000 ) ) ;
#933 = AXIS2_PLACEMENT_3D ( 'NONE', #980, #1338, #3980 ) ;
#934 = ADVANCED_FACE ( 'NONE', ( #1531 ), #529, .T. ) ;
#935 = CARTESIAN_POINT ( 'NONE',  ( 64.50000000000000000, 0.000000000000000000, -3.499999999999999556 ) ) ;
#936 = ORIENTED_EDGE ( 'NONE', *, *, #385, .F. ) ;
#937 = ADVANCED_FACE ( 'NONE', ( #3904 ), #238, .F. ) ;
#938 = ORIENTED_EDGE ( 'NONE', *, *, #2909, .F. ) ;
#939 = CARTESIAN_POINT ( 'NONE',  ( 35.50000000000000711, -2.799999999999999822, -26.99999999999999289 ) ) ;
#940 = LINE ( 'NONE', #313, #591 ) ;
#941 = EDGE_CURVE ( 'NONE', #1707, #4290, #3391, .T. ) ;
#942 = EDGE_CURVE ( 'NONE', #4251, #2690, #3570, .T. ) ;
#943 = ORIENTED_EDGE ( 'NONE', *, *, #34, .T. ) ;
#944 = VECTOR ( 'NONE', #1538, 1000.000000000000000 ) ;
#945 = DIRECTION ( 'NONE',  ( 0.000000000000000000, 0.000000000000000000, -1.000000000000000000 ) ) ;
#946 = VECTOR ( 'NONE', #302, 1000.000000000000000 ) ;
#947 = DIRECTION ( 'NONE',  ( -0.000000000000000000, -1.000000000000000000, 0.000000000000000000 ) ) ;
#948 = FACE_OUTER_BOUND ( 'NONE', #2670, .T. ) ;
#949 = ORIENTED_EDGE ( 'NONE', *, *, #2849, .F. ) ;
#950 = CARTESIAN_POINT ( 'NONE',  ( 7.200000000000004619, 2.900000000000003464, -43.79999999999998295 ) ) ;
#951 = CC_DESIGN_APPROVAL ( #3420, ( #2091 ) ) ;
#952 = DIRECTION ( 'NONE',  ( 0.000000000000000000, -1.000000000000000000, 0.000000000000000000 ) ) ;
#953 = VERTEX_POINT ( 'NONE', #2229 ) ;
#954 = ORIENTED_EDGE ( 'NONE', *, *, #3884, .F. ) ;
#955 = CARTESIAN_POINT ( 'NONE',  ( 50.50000000000000000, 0.6999999999999992895, -23.00000000000000000 ) ) ;
#956 = EDGE_CURVE ( 'NONE', #1062, #199, #172, .T. ) ;
#957 = CARTESIAN_POINT ( 'NONE',  ( 0.000000000000000000, 2.900000000000003464, -13.50000000000000000 ) ) ;
#958 = CARTESIAN_POINT ( 'NONE',  ( 25.00000000000000355, -2.799999999999999822, -26.99999999999999645 ) ) ;
#959 = CIRCLE ( 'NONE', #809, 1.399999999999998579 ) ;
#960 = FACE_OUTER_BOUND ( 'NONE', #2199, .T. ) ;
#961 = EDGE_CURVE ( 'NONE', #1193, #463, #2242, .T. ) ;
#962 = ADVANCED_FACE ( 'NONE', ( #3618 ), #4269, .T. ) ;
#963 = DIRECTION ( 'NONE',  ( 0.000000000000000000, 0.000000000000000000, -1.000000000000000000 ) ) ;
#964 = ORIENTED_EDGE ( 'NONE', *, *, #147, .F. ) ;
#965 = LINE ( 'NONE', #1276, #3210 ) ;
#966 = FACE_OUTER_BOUND ( 'NONE', #2938, .T. ) ;
#967 = EDGE_LOOP ( 'NONE', ( #1766, #3422, #3574, #3221 ) ) ;
#968 = CARTESIAN_POINT ( 'NONE',  ( 6.003876203757290142, -5.500000000000000000, -50.84754608044341495 ) ) ;
#969 = CARTESIAN_POINT ( 'NONE',  ( 5.999999999999999112, 2.899999999999999911, -50.99999999999999289 ) ) ;
#970 = FACE_OUTER_BOUND ( 'NONE', #3887, .T. ) ;
#971 = ORIENTED_EDGE ( 'NONE', *, *, #3594, .F. ) ;
#972 = VECTOR ( 'NONE', #3836, 1000.000000000000000 ) ;
#973 = FACE_OUTER_BOUND ( 'NONE', #3868, .T. ) ;
#974 = ORIENTED_EDGE ( 'NONE', *, *, #1001, .F. ) ;
#975 = ORIENTED_EDGE ( 'NONE', *, *, #3128, .F. ) ;
#976 = DIRECTION ( 'NONE',  ( 0.000000000000000000, 0.000000000000000000, -1.000000000000000000 ) ) ;
#977 = CARTESIAN_POINT ( 'NONE',  ( 58.50000000000000000, -5.499999999999998224, 0.000000000000000000 ) ) ;
#978 = LINE ( 'NONE', #1741, #3906 ) ;
#979 = VECTOR ( 'NONE', #3419, 1000.000000000000000 ) ;
#980 = CARTESIAN_POINT ( 'NONE',  ( 0.000000000000000000, 10.00000000000000000, -56.00000000000000000 ) ) ;
#981 = CIRCLE ( 'NONE', #2685, 1.000000000000000888 ) ;
#982 = CIRCLE ( 'NONE', #554, 1.000000000000000888 ) ;
#983 = CIRCLE ( 'NONE', #2551, 0.5500000000000018208 ) ;
#984 = ORIENTED_EDGE ( 'NONE', *, *, #4326, .T. ) ;
#985 = CARTESIAN_POINT ( 'NONE',  ( -3.000000000000000000, -5.499999999999998224, -6.500000000000007105 ) ) ;
#986 = VECTOR ( 'NONE', #2886, 1000.000000000000000 ) ;
#987 = CARTESIAN_POINT ( 'NONE',  ( 8.000000000000000000, 0.000000000000000000, -36.50000000000000711 ) ) ;
#988 = ORIENTED_EDGE ( 'NONE', *, *, #2534, .F. ) ;
#989 = EDGE_CURVE ( 'NONE', #1605, #4356, #1916, .T. ) ;
#990 = DIRECTION ( 'NONE',  ( -0.000000000000000000, 1.000000000000000000, -0.000000000000000000 ) ) ;
#991 = CARTESIAN_POINT ( 'NONE',  ( 1.734723475976807094E-15, 2.900000000000003464, -39.50000000000000000 ) ) ;
#992 = CARTESIAN_POINT ( 'NONE',  ( 61.30000000000000426, 2.900000000000003464, -37.99999999999997868 ) ) ;
#993 = ORIENTED_EDGE ( 'NONE', *, *, #2048, .F. ) ;
#994 = CARTESIAN_POINT ( 'NONE',  ( 1.892425610156517763E-15, 0.000000000000000000, -39.50000000000000000 ) ) ;
#995 = EDGE_LOOP ( 'NONE', ( #3147, #3160, #1040, #3628 ) ) ;
#996 = VERTEX_POINT ( 'NONE', #3305 ) ;
#997 = CARTESIAN_POINT ( 'NONE',  ( 40.25517241379321831, -0.000000000000000000, -55.73793103448275588 ) ) ;
#998 = ADVANCED_FACE ( 'NONE', ( #865 ), #1893, .F. ) ;
#999 = CIRCLE ( 'NONE', #3070, 1.499999999999997780 ) ;
#1000 = DIRECTION ( 'NONE',  ( -0.000000000000000000, 1.000000000000000000, -0.000000000000000000 ) ) ;
#1001 = EDGE_CURVE ( 'NONE', #3998, #2331, #3258, .T. ) ;
#1002 = DIRECTION ( 'NONE',  ( 0.000000000000000000, 0.7071067811865376918, -0.7071067811865574537 ) ) ;
#1003 = EDGE_CURVE ( 'NONE', #3401, #3054, #835, .T. ) ;
#1004 = AXIS2_PLACEMENT_3D ( 'NONE', #1876, #1533, #3238 ) ;
#1005 = CARTESIAN_POINT ( 'NONE',  ( 63.19999999999998153, -3.799999999999999822, -26.99999999999999645 ) ) ;
#1006 = CARTESIAN_POINT ( 'NONE',  ( 40.49999999999999289, 0.000000000000000000, -26.99999999999999645 ) ) ;
#1007 = AXIS2_PLACEMENT_3D ( 'NONE', #3991, #3318, #2334 ) ;
#1008 = VECTOR ( 'NONE', #2710, 999.9999999999998863 ) ;
#1009 = ORIENTED_EDGE ( 'NONE', *, *, #2896, .T. ) ;
#1010 = FACE_OUTER_BOUND ( 'NONE', #892, .T. ) ;
#1011 = PLANE ( 'NONE',  #20 ) ;
#1012 = EDGE_LOOP ( 'NONE', ( #3112, #2156 ) ) ;
#1013 = CYLINDRICAL_SURFACE ( 'NONE', #3483, 1.300000000000001599 ) ;
#1014 = CARTESIAN_POINT ( 'NONE',  ( 64.20000000000003126, -3.299999999999985612, -1.272791396088126793E-13 ) ) ;
#1015 = CARTESIAN_POINT ( 'NONE',  ( 59.00000000000000711, 2.899999999999999911, -56.00000000000000000 ) ) ;
#1016 = ORIENTED_EDGE ( 'NONE', *, *, #3447, .F. ) ;
#1017 = EDGE_CURVE ( 'NONE', #2033, #2470, #2413, .T. ) ;
#1018 = CARTESIAN_POINT ( 'NONE',  ( 58.50000000000000000, -30.26336871769660775, -3.500000000000000444 ) ) ;
#1019 = DIRECTION ( 'NONE',  ( 0.000000000000000000, 0.000000000000000000, -1.000000000000000000 ) ) ;
#1020 = EDGE_CURVE ( 'NONE', #3496, #868, #1557, .T. ) ;
#1021 = EDGE_LOOP ( 'NONE', ( #1332, #2703, #2780, #526 ) ) ;
#1022 = CARTESIAN_POINT ( 'NONE',  ( 25.00000000000000000, -2.799999999999999822, -37.99999999999999289 ) ) ;
#1023 = CARTESIAN_POINT ( 'NONE',  ( 40.49999999999999289, -3.299999999999999378, -26.99999999999999645 ) ) ;
#1024 = VECTOR ( 'NONE', #2486, 1000.000000000000000 ) ;
#1025 = CARTESIAN_POINT ( 'NONE',  ( 36.50000000000000000, -2.299999999999999378, -37.99999999999999289 ) ) ;
#1026 = CARTESIAN_POINT ( 'NONE',  ( 44.50000000000000711, 0.6999999999999992895, -20.99999999999999645 ) ) ;
#1027 = ORIENTED_EDGE ( 'NONE', *, *, #2543, .F. ) ;
#1028 = ORIENTED_EDGE ( 'NONE', *, *, #3377, .T. ) ;
#1029 = CARTESIAN_POINT ( 'NONE',  ( -2.999999999999997335, 2.900000000000003464, -16.50000000000000000 ) ) ;
#1030 = DIRECTION ( 'NONE',  ( 1.000000000000000000, 0.000000000000000000, 9.912705577010348229E-16 ) ) ;
#1031 = VERTEX_POINT ( 'NONE', #3955 ) ;
#1032 = EDGE_CURVE ( 'NONE', #2639, #3369, #1053, .T. ) ;
#1033 = AXIS2_PLACEMENT_3D ( 'NONE', #1874, #506, #3237 ) ;
#1034 = FACE_OUTER_BOUND ( 'NONE', #2662, .T. ) ;
#1035 = DIRECTION ( 'NONE',  ( 0.000000000000000000, 0.000000000000000000, -1.000000000000000000 ) ) ;
#1036 = DIRECTION ( 'NONE',  ( 0.000000000000000000, 0.000000000000000000, -1.000000000000000000 ) ) ;
#1037 = ORIENTED_EDGE ( 'NONE', *, *, #2116, .T. ) ;
#1038 = FACE_OUTER_BOUND ( 'NONE', #2797, .T. ) ;
#1039 = DIRECTION ( 'NONE',  ( 0.000000000000000000, 0.000000000000000000, -1.000000000000000000 ) ) ;
#1040 = ORIENTED_EDGE ( 'NONE', *, *, #108, .T. ) ;
#1041 = DIRECTION ( 'NONE',  ( 0.000000000000000000, 1.000000000000000000, 0.000000000000000000 ) ) ;
#1042 = DIRECTION ( 'NONE',  ( -0.000000000000000000, 1.000000000000000000, -0.000000000000000000 ) ) ;
#1043 = CYLINDRICAL_SURFACE ( 'NONE', #602, 1.000000000000000888 ) ;
#1044 = CYLINDRICAL_SURFACE ( 'NONE', #1272, 1.399999999999998579 ) ;
#1045 = EDGE_CURVE ( 'NONE', #1600, #582, #3976, .T. ) ;
#1046 = DIRECTION ( 'NONE',  ( 0.000000000000000000, -1.000000000000000000, 0.000000000000000000 ) ) ;
#1047 = ORIENTED_EDGE ( 'NONE', *, *, #4085, .T. ) ;
#1048 = ORIENTED_EDGE ( 'NONE', *, *, #3872, .F. ) ;
#1049 = VECTOR ( 'NONE', #2632, 1000.000000000000000 ) ;
#1050 = DIRECTION ( 'NONE',  ( -5.337610695313252371E-16, 0.000000000000000000, -1.000000000000000000 ) ) ;
#1051 = ORIENTED_EDGE ( 'NONE', *, *, #492, .F. ) ;
#1052 = VECTOR ( 'NONE', #1782, 1000.000000000000000 ) ;
#1053 = CIRCLE ( 'NONE', #3700, 1.499999999999997780 ) ;
#1054 = EDGE_CURVE ( 'NONE', #2989, #2387, #2700, .T. ) ;
#1055 = DIRECTION ( 'NONE',  ( -0.000000000000000000, 1.000000000000000000, -0.000000000000000000 ) ) ;
#1056 = LINE ( 'NONE', #3471, #2657 ) ;
#1057 = LINE ( 'NONE', #722, #1235 ) ;
#1058 = ORIENTED_EDGE ( 'NONE', *, *, #1054, .F. ) ;
#1059 = DIRECTION ( 'NONE',  ( 0.000000000000000000, 1.000000000000000000, 0.000000000000000000 ) ) ;
#1060 = ORIENTED_EDGE ( 'NONE', *, *, #4053, .T. ) ;
#1061 = DIRECTION ( 'NONE',  ( 0.000000000000000000, -0.000000000000000000, -1.000000000000000000 ) ) ;
#1062 = VERTEX_POINT ( 'NONE', #3396 ) ;
#1063 = FACE_OUTER_BOUND ( 'NONE', #3301, .T. ) ;
#1064 = DIRECTION ( 'NONE',  ( -1.000000000000000000, -0.000000000000000000, 6.308085367188390241E-16 ) ) ;
#1065 = EDGE_CURVE ( 'NONE', #3702, #1993, #18, .T. ) ;
#1066 = CARTESIAN_POINT ( 'NONE',  ( 24.00000000000000000, -2.799999999999999822, -37.99999999999999289 ) ) ;
#1067 = AXIS2_PLACEMENT_3D ( 'NONE', #403, #3117, #1415 ) ;
#1068 = CARTESIAN_POINT ( 'NONE',  ( 0.000000000000000000, -5.499999999999998224, 0.000000000000000000 ) ) ;
#1069 = AXIS2_PLACEMENT_3D ( 'NONE', #3092, #3159, #4096 ) ;
#1070 = EDGE_CURVE ( 'NONE', #1469, #2561, #325, .T. ) ;
#1071 = CIRCLE ( 'NONE', #2209, 0.4999999999999865663 ) ;
#1072 = ORIENTED_EDGE ( 'NONE', *, *, #1925, .T. ) ;
#1073 = VERTEX_POINT ( 'NONE', #688 ) ;
#1074 = DIRECTION ( 'NONE',  ( -0.000000000000000000, 1.000000000000000000, -0.000000000000000000 ) ) ;
#1075 = CIRCLE ( 'NONE', #2366, 1.000000000000000888 ) ;
#1076 = EDGE_CURVE ( 'NONE', #1444, #2913, #1838, .T. ) ;
#1077 = ORIENTED_EDGE ( 'NONE', *, *, #2176, .T. ) ;
#1078 = VECTOR ( 'NONE', #2088, 1000.000000000000000 ) ;
#1079 = CARTESIAN_POINT ( 'NONE',  ( 0.000000000000000000, 2.900000000000003464, -4.288080502414579146E-16 ) ) ;
#1080 = CARTESIAN_POINT ( 'NONE',  ( 47.49999999999998579, 0.7000000000000000666, -20.00000000000000000 ) ) ;
#1081 = EDGE_CURVE ( 'NONE', #11, #4076, #3549, .T. ) ;
#1082 = DIRECTION ( 'NONE',  ( -0.000000000000000000, 1.000000000000000000, -0.000000000000000000 ) ) ;
#1083 = ORIENTED_EDGE ( 'NONE', *, *, #405, .T. ) ;
#1084 = CARTESIAN_POINT ( 'NONE',  ( 0.000000000000000000, 10.00000000000000000, 0.000000000000000000 ) ) ;
#1085 = ORIENTED_EDGE ( 'NONE', *, *, #847, .F. ) ;
#1086 = LINE ( 'NONE', #2806, #1147 ) ;
#1087 = EDGE_LOOP ( 'NONE', ( #2446, #3592, #1932, #2572, #2730, #1920, #630, #1990 ) ) ;
#1088 = FACE_BOUND ( 'NONE', #422, .T. ) ;
#1089 = VECTOR ( 'NONE', #2901, 1000.000000000000000 ) ;
#1090 = CARTESIAN_POINT ( 'NONE',  ( -3.000000000000000000, 0.000000000000000000, -13.50000000000000000 ) ) ;
#1091 = CIRCLE ( 'NONE', #3944, 2.000000000000001776 ) ;
#1092 = AXIS2_PLACEMENT_3D ( 'NONE', #1935, #1287, #4313 ) ;
#1093 = CARTESIAN_POINT ( 'NONE',  ( 64.20000000000000284, 0.000000000000000000, -49.00000000000000000 ) ) ;
#1094 = VECTOR ( 'NONE', #115, 1000.000000000000000 ) ;
#1095 = DIRECTION ( 'NONE',  ( 0.000000000000000000, -0.7071067811865574537, -0.7071067811865376918 ) ) ;
#1096 = CARTESIAN_POINT ( 'NONE',  ( 58.20000000000000284, 2.900000000000003464, -45.71414284285430085 ) ) ;
#1097 = CIRCLE ( 'NONE', #1667, 2.000000000000001776 ) ;
#1098 = ORIENTED_EDGE ( 'NONE', *, *, #2773, .F. ) ;
#1099 = VERTEX_POINT ( 'NONE', #1715 ) ;
#1100 = CARTESIAN_POINT ( 'NONE',  ( 64.20000000000000284, 2.900000000000003464, -44.00000000000001421 ) ) ;
#1101 = EDGE_CURVE ( 'NONE', #1031, #996, #262, .T. ) ;
#1102 = ORIENTED_EDGE ( 'NONE', *, *, #4377, .T. ) ;
#1103 = VERTEX_POINT ( 'NONE', #4384 ) ;
#1104 = ADVANCED_FACE ( 'NONE', ( #2323 ), #3416, .F. ) ;
#1105 = DIRECTION ( 'NONE',  ( -0.000000000000000000, 1.000000000000000000, -0.000000000000000000 ) ) ;
#1106 = CARTESIAN_POINT ( 'NONE',  ( 61.30000000000000426, 2.900000000000003464, -36.59999999999997300 ) ) ;
#1107 = DIRECTION ( 'NONE',  ( -0.7071067811865573427, -0.7071067811865376918, 0.000000000000000000 ) ) ;
#1108 = ORIENTED_EDGE ( 'NONE', *, *, #3830, .F. ) ;
#1109 = CYLINDRICAL_SURFACE ( 'NONE', #578, 2.000000000000001776 ) ;
#1110 = VERTEX_POINT ( 'NONE', #2007 ) ;
#1111 = DIRECTION ( 'NONE',  ( -1.000000000000000000, 0.000000000000000000, -2.775557561562891844E-16 ) ) ;
#1112 = CARTESIAN_POINT ( 'NONE',  ( 70.70000000000000284, 10.00000000000000000, -32.72737740986950428 ) ) ;
#1113 = CARTESIAN_POINT ( 'NONE',  ( 25.00000000000000000, -2.799999999999999822, -37.99999999999999289 ) ) ;
#1114 = CARTESIAN_POINT ( 'NONE',  ( 69.70000000000000284, 0.000000000000000000, -1.000000000000000000 ) ) ;
#1115 = CARTESIAN_POINT ( 'NONE',  ( -3.000000000000002665, 2.899999999999999911, -53.00000000000000000 ) ) ;
#1116 = DIRECTION ( 'NONE',  ( 0.000000000000000000, -1.000000000000000000, 0.000000000000000000 ) ) ;
#1117 = VERTEX_POINT ( 'NONE', #3061 ) ;
#1118 = ORIENTED_EDGE ( 'NONE', *, *, #147, .T. ) ;
#1119 = CARTESIAN_POINT ( 'NONE',  ( 61.69999999999999574, 0.000000000000000000, -42.39999999999999147 ) ) ;
#1120 = EDGE_CURVE ( 'NONE', #1492, #2884, #1413, .T. ) ;
#1121 = VECTOR ( 'NONE', #2393, 1000.000000000000000 ) ;
#1122 = CARTESIAN_POINT ( 'NONE',  ( 50.50000000000000000, 0.000000000000000000, -20.99999999999999645 ) ) ;
#1123 = LINE ( 'NONE', #1800, #3590 ) ;
#1124 = VECTOR ( 'NONE', #1783, 1000.000000000000000 ) ;
#1125 = EDGE_CURVE ( 'NONE', #560, #2856, #978, .T. ) ;
#1126 = AXIS2_PLACEMENT_3D ( 'NONE', #3725, #660, #1977 ) ;
#1127 = CARTESIAN_POINT ( 'NONE',  ( 36.50000000000000000, 0.000000000000000000, -37.99999999999999289 ) ) ;
#1128 = AXIS2_PLACEMENT_3D ( 'NONE', #3777, #711, #1742 ) ;
#1129 = DIRECTION ( 'NONE',  ( 0.000000000000000000, -1.000000000000000000, 0.000000000000000000 ) ) ;
#1130 = ORIENTED_EDGE ( 'NONE', *, *, #1911, .F. ) ;
#1131 = DIRECTION ( 'NONE',  ( 0.000000000000000000, 0.000000000000000000, -1.000000000000000000 ) ) ;
#1132 = CARTESIAN_POINT ( 'NONE',  ( 67.02901889231128507, 8.400000000000000355, -36.40126413333074140 ) ) ;
#1133 = EDGE_CURVE ( 'NONE', #4227, #4071, #2391, .T. ) ;
#1134 = VERTEX_POINT ( 'NONE', #2345 ) ;
#1135 = ADVANCED_FACE ( 'NONE', ( #1382 ), #1043, .F. ) ;
#1136 = ADVANCED_FACE ( 'NONE', ( #3373 ), #3352, .F. ) ;
#1137 = CARTESIAN_POINT ( 'NONE',  ( 24.50000000000002487, -2.799999999999999822, -6.538573101758743596E-15 ) ) ;
#1138 = CARTESIAN_POINT ( 'NONE',  ( 47.49999999999997868, 2.900000000000003464, -2.999999999999999112 ) ) ;
#1139 = VECTOR ( 'NONE', #915, 1000.000000000000000 ) ;
#1140 = CARTESIAN_POINT ( 'NONE',  ( 63.19999999999998153, 0.000000000000000000, -20.49999999999999645 ) ) ;
#1141 = ORIENTED_EDGE ( 'NONE', *, *, #584, .F. ) ;
#1142 = ORIENTED_EDGE ( 'NONE', *, *, #221, .T. ) ;
#1143 = LINE ( 'NONE', #806, #298 ) ;
#1144 = VECTOR ( 'NONE', #1074, 1000.000000000000000 ) ;
#1145 = DIRECTION ( 'NONE',  ( 0.000000000000000000, 0.000000000000000000, -1.000000000000000000 ) ) ;
#1146 = DIRECTION ( 'NONE',  ( 0.000000000000000000, 0.000000000000000000, 1.000000000000000000 ) ) ;
#1147 = VECTOR ( 'NONE', #2824, 1000.000000000000000 ) ;
#1148 = CARTESIAN_POINT ( 'NONE',  ( 7.216449660063517513E-15, -2.299999999999999378, -26.00000000000000355 ) ) ;
#1149 = LINE ( 'NONE', #3833, #2928 ) ;
#1150 = CIRCLE ( 'NONE', #4083, 1.000000000000000888 ) ;
#1151 = EDGE_CURVE ( 'NONE', #3552, #1408, #348, .T. ) ;
#1152 = VERTEX_POINT ( 'NONE', #1025 ) ;
#1153 = DIRECTION ( 'NONE',  ( -0.7071067811865376918, -0.7071067811865573427, 0.000000000000000000 ) ) ;
#1154 = FACE_OUTER_BOUND ( 'NONE', #749, .T. ) ;
#1155 = ADVANCED_FACE ( 'NONE', ( #2411 ), #1520, .T. ) ;
#1156 = EDGE_LOOP ( 'NONE', ( #3823, #1505, #1175, #3253 ) ) ;
#1157 = AXIS2_PLACEMENT_3D ( 'NONE', #4039, #1331, #3055 ) ;
#1158 = DIRECTION ( 'NONE',  ( -0.7071067811865376918, -0.7071067811865573427, 1.887130358994896340E-16 ) ) ;
#1159 = DIRECTION ( 'NONE',  ( 0.000000000000000000, 1.000000000000000000, -0.000000000000000000 ) ) ;
#1160 = VECTOR ( 'NONE', #3772, 1000.000000000000000 ) ;
#1161 = CARTESIAN_POINT ( 'NONE',  ( 64.19999999999998863, 0.000000000000000000, -21.50000000000000000 ) ) ;
#1162 = VERTEX_POINT ( 'NONE', #2368 ) ;
#1163 = ORIENTED_EDGE ( 'NONE', *, *, #2600, .F. ) ;
#1164 = DIRECTION ( 'NONE',  ( 0.000000000000000000, 0.000000000000000000, 1.000000000000000000 ) ) ;
#1165 = CARTESIAN_POINT ( 'NONE',  ( 57.19999999999999574, -3.299999999999985612, -26.50000000000000000 ) ) ;
#1166 = CARTESIAN_POINT ( 'NONE',  ( 63.20000000000000284, 2.900000000000003464, -49.00000000000000000 ) ) ;
#1167 = ORIENTED_EDGE ( 'NONE', *, *, #2114, .F. ) ;
#1168 = EDGE_CURVE ( 'NONE', #582, #1073, #959, .T. ) ;
#1169 = FACE_OUTER_BOUND ( 'NONE', #1455, .T. ) ;
#1170 = CARTESIAN_POINT ( 'NONE',  ( 41.49999999999998579, -3.799999999999999822, -37.99999999999999289 ) ) ;
#1171 = VERTEX_POINT ( 'NONE', #2722 ) ;
#1172 = LINE ( 'NONE', #3896, #3482 ) ;
#1173 = CARTESIAN_POINT ( 'NONE',  ( 3.500000000000003109, 0.000000000000000000, -3.500000000000000000 ) ) ;
#1174 = ORIENTED_EDGE ( 'NONE', *, *, #3397, .F. ) ;
#1175 = ORIENTED_EDGE ( 'NONE', *, *, #4013, .F. ) ;
#1176 = ORIENTED_EDGE ( 'NONE', *, *, #3150, .F. ) ;
#1177 = DIRECTION ( 'NONE',  ( 0.000000000000000000, -0.7071067811865376918, 0.7071067811865574537 ) ) ;
#1178 = LINE ( 'NONE', #3527, #1602 ) ;
#1179 = ADVANCED_FACE ( 'NONE', ( #3191 ), #414, .F. ) ;
#1180 = CARTESIAN_POINT ( 'NONE',  ( 41.49999999999998579, -3.299999999999999378, -38.99999999999999289 ) ) ;
#1181 = ORIENTED_EDGE ( 'NONE', *, *, #2135, .F. ) ;
#1182 = DESIGN_CONTEXT ( 'detailed design', #4397, 'design' ) ;
#1183 = ORIENTED_EDGE ( 'NONE', *, *, #4252, .T. ) ;
#1184 = AXIS2_PLACEMENT_3D ( 'NONE', #3148, #1153, #2513 ) ;
#1185 = DIRECTION ( 'NONE',  ( 0.000000000000000000, 0.000000000000000000, -1.000000000000000000 ) ) ;
#1186 = DIRECTION ( 'NONE',  ( -1.000000000000000000, 0.000000000000000000, 0.000000000000000000 ) ) ;
#1187 = CARTESIAN_POINT ( 'NONE',  ( 44.50000000000000711, 0.000000000000000000, -20.99999999999999645 ) ) ;
#1188 = EDGE_LOOP ( 'NONE', ( #884, #3274, #4242, #1273, #971, #3252, #3924, #883, #3692, #1574, #1665, #3815 ) ) ;
#1189 = EDGE_CURVE ( 'NONE', #1688, #3455, #169, .T. ) ;
#1190 = LINE ( 'NONE', #3580, #494 ) ;
#1191 = DIRECTION ( 'NONE',  ( 0.000000000000000000, 1.000000000000000000, 0.000000000000000000 ) ) ;
#1192 = VECTOR ( 'NONE', #2702, 1000.000000000000000 ) ;
#1193 = VERTEX_POINT ( 'NONE', #4133 ) ;
#1194 = AXIS2_PLACEMENT_3D ( 'NONE', #3971, #2196, #2626 ) ;
#1195 = DIRECTION ( 'NONE',  ( 0.000000000000000000, 0.000000000000000000, -1.000000000000000000 ) ) ;
#1196 = VECTOR ( 'NONE', #625, 1000.000000000000000 ) ;
#1197 = ORIENTED_EDGE ( 'NONE', *, *, #4343, .F. ) ;
#1198 = EDGE_LOOP ( 'NONE', ( #714, #2298, #1387, #3950 ) ) ;
#1199 = VERTEX_POINT ( 'NONE', #1486 ) ;
#1200 = CYLINDRICAL_SURFACE ( 'NONE', #3409, 1.499999999999997780 ) ;
#1201 = EDGE_CURVE ( 'NONE', #2281, #2695, #3314, .T. ) ;
#1202 = CARTESIAN_POINT ( 'NONE',  ( 0.000000000000000000, -3.799999999999999822, 0.000000000000000000 ) ) ;
#1203 = DIRECTION ( 'NONE',  ( -1.156482317317870344E-15, 0.000000000000000000, -1.000000000000000000 ) ) ;
#1204 = ORIENTED_EDGE ( 'NONE', *, *, #1125, .F. ) ;
#1205 = ORIENTED_EDGE ( 'NONE', *, *, #1394, .F. ) ;
#1206 = CARTESIAN_POINT ( 'NONE',  ( 55.73172798364528546, 0.000000000000000000, -25.68172798364529541 ) ) ;
#1207 = EDGE_CURVE ( 'NONE', #4147, #4063, #3461, .T. ) ;
#1208 = ORIENTED_EDGE ( 'NONE', *, *, #3979, .T. ) ;
#1209 = CARTESIAN_POINT ( 'NONE',  ( 44.49999999999998579, 2.900000000000003464, -2.999999999999999112 ) ) ;
#1210 = DIRECTION ( 'NONE',  ( -0.000000000000000000, -1.000000000000000000, -0.000000000000000000 ) ) ;
#1211 = VERTEX_POINT ( 'NONE', #2847 ) ;
#1212 = AXIS2_PLACEMENT_3D ( 'NONE', #155, #2882, #2549 ) ;
#1213 = AXIS2_PLACEMENT_3D ( 'NONE', #2160, #460, #1829 ) ;
#1214 = AXIS2_PLACEMENT_3D ( 'NONE', #1734, #1059, #1039 ) ;
#1215 = EDGE_CURVE ( 'NONE', #409, #1620, #742, .T. ) ;
#1216 = CARTESIAN_POINT ( 'NONE',  ( 3.500000000000000000, 0.000000000000000000, -51.19999999999999574 ) ) ;
#1217 = DIRECTION ( 'NONE',  ( 0.000000000000000000, -1.000000000000000000, 0.000000000000000000 ) ) ;
#1218 = AXIS2_PLACEMENT_3D ( 'NONE', #1802, #1129, #2489 ) ;
#1219 = ORIENTED_EDGE ( 'NONE', *, *, #3504, .F. ) ;
#1220 = DIRECTION ( 'NONE',  ( 0.000000000000000000, 0.000000000000000000, 1.000000000000000000 ) ) ;
#1221 = ORIENTED_EDGE ( 'NONE', *, *, #2253, .F. ) ;
#1222 = ORIENTED_EDGE ( 'NONE', *, *, #804, .T. ) ;
#1223 = ORIENTED_EDGE ( 'NONE', *, *, #3776, .F. ) ;
#1224 = LINE ( 'NONE', #4292, #186 ) ;
#1225 = ADVANCED_FACE ( 'NONE', ( #1154 ), #3151, .F. ) ;
#1226 = DIRECTION ( 'NONE',  ( -0.000000000000000000, -1.000000000000000000, -0.000000000000000000 ) ) ;
#1227 = CARTESIAN_POINT ( 'NONE',  ( 64.20000000000000284, -5.500999999999998558, -49.00000000000000000 ) ) ;
#1228 = ORIENTED_EDGE ( 'NONE', *, *, #3371, .F. ) ;
#1229 = ORIENTED_EDGE ( 'NONE', *, *, #1385, .T. ) ;
#1230 = EDGE_CURVE ( 'NONE', #2777, #2281, #3541, .T. ) ;
#1231 = AXIS2_PLACEMENT_3D ( 'NONE', #96, #4100, #1458 ) ;
#1232 = ORIENTED_EDGE ( 'NONE', *, *, #158, .T. ) ;
#1233 = PLANE ( 'NONE',  #1634 ) ;
#1234 = DIRECTION ( 'NONE',  ( -0.000000000000000000, -1.000000000000000000, -0.000000000000000000 ) ) ;
#1235 = VECTOR ( 'NONE', #2754, 1000.000000000000000 ) ;
#1236 = VERTEX_POINT ( 'NONE', #1424 ) ;
#1237 = EDGE_CURVE ( 'NONE', #1753, #2585, #391, .T. ) ;
#1238 = CARTESIAN_POINT ( 'NONE',  ( 61.50000000000000711, 2.900000000000003464, -4.800000000000002487 ) ) ;
#1239 = CARTESIAN_POINT ( 'NONE',  ( 62.69999999999998863, 2.900000000000003464, -43.00000000000000711 ) ) ;
#1240 = ORIENTED_EDGE ( 'NONE', *, *, #1943, .T. ) ;
#1241 = PERSON_AND_ORGANIZATION ( #3907, #3451 ) ;
#1242 = DIRECTION ( 'NONE',  ( -0.000000000000000000, 1.000000000000000000, -0.000000000000000000 ) ) ;
#1243 = ORIENTED_EDGE ( 'NONE', *, *, #4391, .T. ) ;
#1244 = ORIENTED_EDGE ( 'NONE', *, *, #3436, .T. ) ;
#1245 = ORIENTED_EDGE ( 'NONE', *, *, #146, .T. ) ;
#1246 = CYLINDRICAL_SURFACE ( 'NONE', #2109, 1.400000000000005462 ) ;
#1247 = DIRECTION ( 'NONE',  ( 0.000000000000000000, -0.000000000000000000, -1.000000000000000000 ) ) ;
#1248 = DIRECTION ( 'NONE',  ( 1.000000000000000000, 0.000000000000000000, 0.000000000000000000 ) ) ;
#1249 = ORIENTED_EDGE ( 'NONE', *, *, #3937, .T. ) ;
#1250 = ORIENTED_EDGE ( 'NONE', *, *, #4252, .F. ) ;
#1251 = EDGE_LOOP ( 'NONE', ( #2805, #1373, #871, #1619 ) ) ;
#1252 = DIRECTION ( 'NONE',  ( 1.000000000000000000, 0.000000000000000000, 3.336006684570783101E-16 ) ) ;
#1253 = DIRECTION ( 'NONE',  ( 4.081702296416016490E-16, 0.000000000000000000, -1.000000000000000000 ) ) ;
#1254 = ORIENTED_EDGE ( 'NONE', *, *, #4359, .F. ) ;
#1255 = ORIENTED_EDGE ( 'NONE', *, *, #3514, .F. ) ;
#1256 = ADVANCED_FACE ( 'NONE', ( #3878 ), #1744, .T. ) ;
#1257 = FACE_OUTER_BOUND ( 'NONE', #3593, .T. ) ;
#1258 = CARTESIAN_POINT ( 'NONE',  ( 7.200000000000004619, 2.900000000000003464, -40.99999999999998579 ) ) ;
#1259 = ORIENTED_EDGE ( 'NONE', *, *, #1756, .F. ) ;
#1260 = APPROVAL_ROLE ( '' ) ;
#1261 = EDGE_CURVE ( 'NONE', #599, #2397, #815, .T. ) ;
#1262 = CARTESIAN_POINT ( 'NONE',  ( 61.69999999999999574, 2.900000000000003464, -42.39999999999999147 ) ) ;
#1263 = ORIENTED_EDGE ( 'NONE', *, *, #3331, .F. ) ;
#1264 = CIRCLE ( 'NONE', #4196, 1.000000000000000888 ) ;
#1265 = ORIENTED_EDGE ( 'NONE', *, *, #2870, .T. ) ;
#1266 = ORIENTED_EDGE ( 'NONE', *, *, #3110, .F. ) ;
#1267 = CARTESIAN_POINT ( 'NONE',  ( 59.00000000000000711, 8.399999999999998579, -51.00000000000000000 ) ) ;
#1268 = CARTESIAN_POINT ( 'NONE',  ( 58.50000000000000000, 0.6999999999999992895, 0.000000000000000000 ) ) ;
#1269 = EDGE_CURVE ( 'NONE', #2988, #4147, #2878, .T. ) ;
#1270 = EDGE_CURVE ( 'NONE', #242, #4420, #794, .T. ) ;
#1271 = LINE ( 'NONE', #1626, #3929 ) ;
#1272 = AXIS2_PLACEMENT_3D ( 'NONE', #3086, #732, #2326 ) ;
#1273 = ORIENTED_EDGE ( 'NONE', *, *, #4113, .T. ) ;
#1274 = ORIENTED_EDGE ( 'NONE', *, *, #3746, .T. ) ;
#1275 = ORIENTED_EDGE ( 'NONE', *, *, #467, .T. ) ;
#1276 = CARTESIAN_POINT ( 'NONE',  ( 0.000000000000000000, -5.499999999999998224, -56.00000000000000000 ) ) ;
#1277 = CYLINDRICAL_SURFACE ( 'NONE', #1659, 1.000000000000000888 ) ;
#1278 = ORIENTED_EDGE ( 'NONE', *, *, #788, .F. ) ;
#1279 = FACE_OUTER_BOUND ( 'NONE', #2900, .T. ) ;
#1280 = AXIS2_PLACEMENT_3D ( 'NONE', #3985, #2973, #1320 ) ;
#1281 = EDGE_CURVE ( 'NONE', #182, #353, #2761, .T. ) ;
#1282 = CARTESIAN_POINT ( 'NONE',  ( 70.70000000000000284, 0.000000000000000000, -32.72737740986950428 ) ) ;
#1283 = CARTESIAN_POINT ( 'NONE',  ( 50.50000000000000000, 33.82582403567251816, -23.00000000000000000 ) ) ;
#1284 = ORIENTED_EDGE ( 'NONE', *, *, #3740, .F. ) ;
#1285 = COORDINATED_UNIVERSAL_TIME_OFFSET ( 8, 0, .AHEAD. ) ;
#1286 = DIRECTION ( 'NONE',  ( -1.000000000000000000, 0.000000000000000000, -0.000000000000000000 ) ) ;
#1287 = DIRECTION ( 'NONE',  ( 1.000000000000000000, 0.000000000000000000, -0.000000000000000000 ) ) ;
#1288 = ORIENTED_EDGE ( 'NONE', *, *, #2885, .F. ) ;
#1289 = ORIENTED_EDGE ( 'NONE', *, *, #4013, .T. ) ;
#1290 = CARTESIAN_POINT ( 'NONE',  ( 62.69999999999998863, 2.900000000000003464, -43.00000000000000711 ) ) ;
#1291 = DIRECTION ( 'NONE',  ( -0.000000000000000000, 1.000000000000000000, -0.000000000000000000 ) ) ;
#1292 = EDGE_CURVE ( 'NONE', #1211, #357, #2092, .T. ) ;
#1293 = FACE_OUTER_BOUND ( 'NONE', #3684, .T. ) ;
#1294 = VECTOR ( 'NONE', #4034, 1000.000000000000000 ) ;
#1295 = DIRECTION ( 'NONE',  ( 0.8106792283998801585, 0.000000000000000000, 0.5854905538443596624 ) ) ;
#1296 = CARTESIAN_POINT ( 'NONE',  ( 35.50000000000000000, -2.799999999999999822, -38.99999999999999289 ) ) ;
#1297 = ORIENTED_EDGE ( 'NONE', *, *, #3068, .T. ) ;
#1298 = DIRECTION ( 'NONE',  ( 0.000000000000000000, -1.000000000000000000, 0.000000000000000000 ) ) ;
#1299 = CARTESIAN_POINT ( 'NONE',  ( 56.00000000000000000, -30.26336871769660775, -51.00000000000000000 ) ) ;
#1300 = VERTEX_POINT ( 'NONE', #3524 ) ;
#1301 = AXIS2_PLACEMENT_3D ( 'NONE', #1516, #4189, #176 ) ;
#1302 = AXIS2_PLACEMENT_3D ( 'NONE', #2296, #3325, #4400 ) ;
#1303 = DIRECTION ( 'NONE',  ( 0.000000000000000000, 1.000000000000000000, 0.000000000000000000 ) ) ;
#1304 = AXIS2_PLACEMENT_3D ( 'NONE', #4347, #291, #3715 ) ;
#1305 = DIRECTION ( 'NONE',  ( 0.000000000000000000, 0.000000000000000000, -1.000000000000000000 ) ) ;
#1306 = EDGE_CURVE ( 'NONE', #674, #3437, #4181, .T. ) ;
#1307 = CARTESIAN_POINT ( 'NONE',  ( 5.000000000000000000, -5.500999999999998558, -36.50000000000000711 ) ) ;
#1308 = EDGE_LOOP ( 'NONE', ( #2899, #3079, #738, #3705, #1473, #1501, #2567, #3648, #66, #2825, #352, #2596, #3817 ) ) ;
#1309 = APPROVAL_ROLE ( '' ) ;
#1310 = DIRECTION ( 'NONE',  ( 0.000000000000000000, 0.000000000000000000, 1.000000000000000000 ) ) ;
#1311 = LOCAL_TIME ( 11, 1, 36.00000000000000000, #1285 ) ;
#1312 = DIRECTION ( 'NONE',  ( 1.000000000000000000, 0.000000000000000000, 9.912705577010328508E-16 ) ) ;
#1313 = ORIENTED_EDGE ( 'NONE', *, *, #897, .T. ) ;
#1314 = DIRECTION ( 'NONE',  ( -0.000000000000000000, 0.000000000000000000, 1.000000000000000000 ) ) ;
#1315 = DIRECTION ( 'NONE',  ( -0.000000000000000000, 1.000000000000000000, -0.000000000000000000 ) ) ;
#1316 = DIRECTION ( 'NONE',  ( -0.000000000000000000, -0.000000000000000000, 1.000000000000000000 ) ) ;
#1317 = CARTESIAN_POINT ( 'NONE',  ( 39.46827201635469606, -5.500999999999998558, -9.968272016354712051 ) ) ;
#1318 = EDGE_CURVE ( 'NONE', #2615, #79, #2810, .T. ) ;
#1319 = EDGE_LOOP ( 'NONE', ( #2053, #3564, #781, #2364 ) ) ;
#1320 = DIRECTION ( 'NONE',  ( 0.000000000000000000, 0.000000000000000000, -1.000000000000000000 ) ) ;
#1321 = CARTESIAN_POINT ( 'NONE',  ( 69.87098110768872061, -5.500000000000000000, -34.34873586666926570 ) ) ;
#1322 = ORIENTED_EDGE ( 'NONE', *, *, #1825, .F. ) ;
#1323 = ADVANCED_FACE ( 'NONE', ( #3501 ), #3837, .T. ) ;
#1324 = CARTESIAN_POINT ( 'NONE',  ( 45.99999999999997868, 0.7000000000000000666, -2.999999999999999112 ) ) ;
#1325 = LINE ( 'NONE', #1613, #4364 ) ;
#1326 = ADVANCED_FACE ( 'NONE', ( #1468 ), #2270, .T. ) ;
#1327 = CARTESIAN_POINT ( 'NONE',  ( 4.999999999999998224, 2.900000000000003464, -39.50000000000000711 ) ) ;
#1328 = EDGE_CURVE ( 'NONE', #2470, #2033, #1771, .T. ) ;
#1329 = EDGE_LOOP ( 'NONE', ( #1407, #3984, #605, #3302, #3009, #685, #1232, #2034 ) ) ;
#1330 = AXIS2_PLACEMENT_3D ( 'NONE', #1823, #435, #752 ) ;
#1331 = DIRECTION ( 'NONE',  ( -0.000000000000000000, 1.000000000000000000, -0.000000000000000000 ) ) ;
#1332 = ORIENTED_EDGE ( 'NONE', *, *, #1360, .T. ) ;
#1333 = EDGE_LOOP ( 'NONE', ( #2004, #2132, #2594, #4208 ) ) ;
#1334 = CYLINDRICAL_SURFACE ( 'NONE', #4305, 2.000000000000001776 ) ;
#1335 = PLANE ( 'NONE',  #2694 ) ;
#1336 = DIRECTION ( 'NONE',  ( 0.000000000000000000, 0.000000000000000000, 1.000000000000000000 ) ) ;
#1337 = CIRCLE ( 'NONE', #3478, 1.300000000000001599 ) ;
#1338 = DIRECTION ( 'NONE',  ( 0.000000000000000000, 0.000000000000000000, 1.000000000000000000 ) ) ;
#1339 = AXIS2_PLACEMENT_3D ( 'NONE', #4180, #1781, #3818 ) ;
#1340 = FACE_OUTER_BOUND ( 'NONE', #1669, .T. ) ;
#1341 = AXIS2_PLACEMENT_3D ( 'NONE', #392, #2113, #963 ) ;
#1342 = CIRCLE ( 'NONE', #3842, 1.000000000000000888 ) ;
#1343 = ORIENTED_EDGE ( 'NONE', *, *, #1943, .F. ) ;
#1344 = CARTESIAN_POINT ( 'NONE',  ( 64.20000000000000284, 0.000000000000000000, -48.00000000000000000 ) ) ;
#1345 = DIRECTION ( 'NONE',  ( 0.000000000000000000, -1.000000000000000000, 0.000000000000000000 ) ) ;
#1346 = ADVANCED_FACE ( 'NONE', ( #524 ), #3995, .F. ) ;
#1347 = ORIENTED_EDGE ( 'NONE', *, *, #2358, .T. ) ;
#1348 = EDGE_CURVE ( 'NONE', #718, #199, #1622, .T. ) ;
#1349 = DIRECTION ( 'NONE',  ( 1.000000000000000000, 0.000000000000000000, 9.912705577010348229E-16 ) ) ;
#1350 = PLANE ( 'NONE',  #77 ) ;
#1351 = DIRECTION ( 'NONE',  ( 0.000000000000000000, 0.000000000000000000, 1.000000000000000000 ) ) ;
#1352 = ORIENTED_EDGE ( 'NONE', *, *, #942, .T. ) ;
#1353 = PLANE ( 'NONE',  #3020 ) ;
#1354 = LINE ( 'NONE', #78, #75 ) ;
#1355 = VERTEX_POINT ( 'NONE', #3562 ) ;
#1356 = DIRECTION ( 'NONE',  ( -0.8106792283998801585, 0.000000000000000000, -0.5854905538443596624 ) ) ;
#1357 = CARTESIAN_POINT ( 'NONE',  ( 63.69999999999998153, -3.799999999999999822, -26.50000000000000000 ) ) ;
#1358 = DIRECTION ( 'NONE',  ( 1.000000000000000000, 0.000000000000000000, 3.336006684570784088E-16 ) ) ;
#1359 = CIRCLE ( 'NONE', #1069, 0.5500000000000035971 ) ;
#1360 = EDGE_CURVE ( 'NONE', #674, #3235, #3948, .T. ) ;
#1361 = LINE ( 'NONE', #4158, #1409 ) ;
#1362 = VECTOR ( 'NONE', #2996, 1000.000000000000000 ) ;
#1363 = ORIENTED_EDGE ( 'NONE', *, *, #4312, .T. ) ;
#1364 = ORIENTED_EDGE ( 'NONE', *, *, #1812, .T. ) ;
#1365 = LINE ( 'NONE', #2438, #4072 ) ;
#1366 = AXIS2_PLACEMENT_3D ( 'NONE', #2264, #2241, #1952 ) ;
#1367 = LINE ( 'NONE', #2729, #946 ) ;
#1368 = EDGE_CURVE ( 'NONE', #4315, #3289, #194, .T. ) ;
#1369 = ORIENTED_EDGE ( 'NONE', *, *, #2943, .F. ) ;
#1370 = PLANE ( 'NONE',  #581 ) ;
#1371 = DIRECTION ( 'NONE',  ( 0.000000000000000000, 1.000000000000000000, 0.000000000000000000 ) ) ;
#1372 = DIRECTION ( 'NONE',  ( 0.000000000000000000, -1.000000000000000000, 0.000000000000000000 ) ) ;
#1373 = ORIENTED_EDGE ( 'NONE', *, *, #3048, .T. ) ;
#1374 = LINE ( 'NONE', #2738, #442 ) ;
#1375 = EDGE_CURVE ( 'NONE', #3552, #1355, #1958, .T. ) ;
#1376 = AXIS2_PLACEMENT_3D ( 'NONE', #3059, #1671, #2409 ) ;
#1377 = PLANE ( 'NONE',  #3568 ) ;
#1378 = ORIENTED_EDGE ( 'NONE', *, *, #2517, .F. ) ;
#1379 = CARTESIAN_POINT ( 'NONE',  ( 35.50000000000000711, -2.799999999999999822, -26.99999999999999289 ) ) ;
#1380 = LINE ( 'NONE', #324, #3827 ) ;
#1381 = AXIS2_PLACEMENT_3D ( 'NONE', #1393, #427, #97 ) ;
#1382 = FACE_OUTER_BOUND ( 'NONE', #1319, .T. ) ;
#1383 = PLANE ( 'NONE',  #1128 ) ;
#1384 = CARTESIAN_POINT ( 'NONE',  ( 59.00000000000000711, -30.26336871769660775, 0.000000000000000000 ) ) ;
#1385 = EDGE_CURVE ( 'NONE', #209, #2615, #2187, .T. ) ;
#1386 = AXIS2_PLACEMENT_3D ( 'NONE', #2494, #2786, #60 ) ;
#1387 = ORIENTED_EDGE ( 'NONE', *, *, #788, .T. ) ;
#1388 = ORIENTED_EDGE ( 'NONE', *, *, #3398, .F. ) ;
#1389 = LINE ( 'NONE', #1435, #2782 ) ;
#1390 = ORIENTED_EDGE ( 'NONE', *, *, #27, .F. ) ;
#1391 = CARTESIAN_POINT ( 'NONE',  ( 64.50000000000000000, -30.26336871769660775, 0.000000000000000000 ) ) ;
#1392 = CARTESIAN_POINT ( 'NONE',  ( 58.50000000000000000, -5.499999999999998224, 0.000000000000000000 ) ) ;
#1393 = CARTESIAN_POINT ( 'NONE',  ( 65.00000000000022737, -30.26336871769660775, -2.577303450022701126E-13 ) ) ;
#1394 = EDGE_CURVE ( 'NONE', #4187, #2089, #1909, .T. ) ;
#1395 = ORIENTED_EDGE ( 'NONE', *, *, #2665, .F. ) ;
#1396 = CARTESIAN_POINT ( 'NONE',  ( 61.30000000000000426, 2.900000000000003464, -36.59999999999997300 ) ) ;
#1397 = ORIENTED_EDGE ( 'NONE', *, *, #356, .F. ) ;
#1398 = FACE_OUTER_BOUND ( 'NONE', #715, .T. ) ;
#1399 = ADVANCED_FACE ( 'NONE', ( #3921 ), #2222, .F. ) ;
#1400 = ORIENTED_EDGE ( 'NONE', *, *, #3239, .F. ) ;
#1401 = DIRECTION ( 'NONE',  ( 0.000000000000000000, 0.000000000000000000, -1.000000000000000000 ) ) ;
#1402 = DIRECTION ( 'NONE',  ( -6.938893903907222067E-15, 0.000000000000000000, -1.000000000000000000 ) ) ;
#1403 = EDGE_CURVE ( 'NONE', #1408, #2490, #1342, .T. ) ;
#1404 = DIRECTION ( 'NONE',  ( 0.000000000000000000, 0.000000000000000000, -1.000000000000000000 ) ) ;
#1405 = DIRECTION ( 'NONE',  ( 0.000000000000000000, 0.000000000000000000, -1.000000000000000000 ) ) ;
#1406 = ADVANCED_FACE ( 'NONE', ( #3251 ), #2535, .F. ) ;
#1407 = ORIENTED_EDGE ( 'NONE', *, *, #428, .T. ) ;
#1408 = VERTEX_POINT ( 'NONE', #833 ) ;
#1409 = VECTOR ( 'NONE', #1095, 999.9999999999998863 ) ;
#1410 = PLANE ( 'NONE',  #2922 ) ;
#1411 = EDGE_LOOP ( 'NONE', ( #497, #3610, #272, #2041 ) ) ;
#1412 = VECTOR ( 'NONE', #754, 1000.000000000000000 ) ;
#1413 = CIRCLE ( 'NONE', #3340, 3.000000000000002665 ) ;
#1414 = FACE_BOUND ( 'NONE', #1955, .T. ) ;
#1415 = DIRECTION ( 'NONE',  ( 0.000000000000000000, 0.000000000000000000, -1.000000000000000000 ) ) ;
#1416 = DIRECTION ( 'NONE',  ( 0.000000000000000000, 1.000000000000000000, 0.000000000000000000 ) ) ;
#1417 = ORIENTED_EDGE ( 'NONE', *, *, #4166, .F. ) ;
#1418 = ADVANCED_FACE ( 'NONE', ( #3276 ), #4286, .F. ) ;
#1419 = CARTESIAN_POINT ( 'NONE',  ( 5.000000000000002665, 2.900000000000003464, -19.49999999999999645 ) ) ;
#1420 = ORIENTED_EDGE ( 'NONE', *, *, #805, .T. ) ;
#1421 = CARTESIAN_POINT ( 'NONE',  ( 48.50000000000000000, 0.000000000000000000, -23.00000000000000000 ) ) ;
#1422 = ORIENTED_EDGE ( 'NONE', *, *, #3688, .T. ) ;
#1423 = DIRECTION ( 'NONE',  ( 2.602085213965208275E-15, 0.000000000000000000, -1.000000000000000000 ) ) ;
#1424 = CARTESIAN_POINT ( 'NONE',  ( 57.19999999999999574, -3.299999999999985612, -21.50000000000000000 ) ) ;
#1425 = LINE ( 'NONE', #4134, #4054 ) ;
#1426 = ADVANCED_FACE ( 'NONE', ( #901 ), #881, .T. ) ;
#1427 = AXIS2_PLACEMENT_3D ( 'NONE', #4144, #2799, #3428 ) ;
#1428 = ADVANCED_FACE ( 'NONE', ( #1526 ), #2890, .F. ) ;
#1429 = DIRECTION ( 'NONE',  ( 0.7071067811865574537, 0.7071067811865376918, 0.000000000000000000 ) ) ;
#1430 = AXIS2_PLACEMENT_3D ( 'NONE', #4224, #4273, #109 ) ;
#1431 = DIRECTION ( 'NONE',  ( 1.982541115402065702E-15, 0.000000000000000000, 1.000000000000000000 ) ) ;
#1432 = VECTOR ( 'NONE', #10, 1000.000000000000000 ) ;
#1433 = EDGE_LOOP ( 'NONE', ( #746, #4151, #1632, #2384 ) ) ;
#1434 = ORIENTED_EDGE ( 'NONE', *, *, #2604, .T. ) ;
#1435 = CARTESIAN_POINT ( 'NONE',  ( 49.89999999999998437, -3.799999999999999822, -38.99999999999999289 ) ) ;
#1436 = ORIENTED_EDGE ( 'NONE', *, *, #961, .F. ) ;
#1437 = AXIS2_PLACEMENT_3D ( 'NONE', #4282, #4328, #3894 ) ;
#1438 = DIRECTION ( 'NONE',  ( -0.000000000000000000, -1.000000000000000000, -0.000000000000000000 ) ) ;
#1439 = CARTESIAN_POINT ( 'NONE',  ( 57.69999999999999574, -3.799999999999999822, -21.50000000000000000 ) ) ;
#1440 = DIRECTION ( 'NONE',  ( -3.965082230804142447E-15, 0.000000000000000000, -1.000000000000000000 ) ) ;
#1441 = CARTESIAN_POINT ( 'NONE',  ( 6.000000000000000000, -5.500000000000000000, -55.99999999999998579 ) ) ;
#1442 = ORIENTED_EDGE ( 'NONE', *, *, #2104, .F. ) ;
#1443 = CARTESIAN_POINT ( 'NONE',  ( 6.003876203757290142, 3.199537796937528711, -50.84754608044341495 ) ) ;
#1444 = VERTEX_POINT ( 'NONE', #3612 ) ;
#1445 = LINE ( 'NONE', #3480, #3255 ) ;
#1446 = AXIS2_PLACEMENT_3D ( 'NONE', #3162, #3851, #113 ) ;
#1447 = DIRECTION ( 'NONE',  ( 0.7071067811865574537, -0.7071067811865376918, 0.000000000000000000 ) ) ;
#1448 = FACE_OUTER_BOUND ( 'NONE', #540, .T. ) ;
#1449 = VECTOR ( 'NONE', #1440, 1000.000000000000000 ) ;
#1450 = CARTESIAN_POINT ( 'NONE',  ( 36.50000000000002132, -2.799999999999999822, -1.948227903789338096E-14 ) ) ;
#1451 = LINE ( 'NONE', #4185, #3417 ) ;
#1452 = APPROVAL_PERSON_ORGANIZATION ( #1617, #3420, #1309 ) ;
#1453 = DIRECTION ( 'NONE',  ( 0.000000000000000000, 0.000000000000000000, -1.000000000000000000 ) ) ;
#1454 = ADVANCED_FACE ( 'NONE', ( #208 ), #1572, .F. ) ;
#1455 = EDGE_LOOP ( 'NONE', ( #585, #3624, #4116, #2904 ) ) ;
#1456 = ORIENTED_EDGE ( 'NONE', *, *, #1281, .T. ) ;
#1457 = FACE_OUTER_BOUND ( 'NONE', #3452, .T. ) ;
#1458 = DIRECTION ( 'NONE',  ( 0.000000000000000000, 0.000000000000000000, 1.000000000000000000 ) ) ;
#1459 = FACE_OUTER_BOUND ( 'NONE', #1842, .T. ) ;
#1460 = AXIS2_PLACEMENT_3D ( 'NONE', #1096, #2177, #107 ) ;
#1461 = ADVANCED_FACE ( 'NONE', ( #3322 ), #3767, .T. ) ;
#1462 = EDGE_CURVE ( 'NONE', #2585, #1492, #3346, .T. ) ;
#1463 = LINE ( 'NONE', #1127, #2346 ) ;
#1464 = CARTESIAN_POINT ( 'NONE',  ( -3.000000000000000000, -5.499999999999998224, -3.000000000000000000 ) ) ;
#1465 = EDGE_CURVE ( 'NONE', #3054, #3401, #4056, .T. ) ;
#1466 = ORIENTED_EDGE ( 'NONE', *, *, #419, .T. ) ;
#1467 = DIRECTION ( 'NONE',  ( 0.7071067811865376918, -0.7071067811865574537, 0.000000000000000000 ) ) ;
#1468 = FACE_OUTER_BOUND ( 'NONE', #2545, .T. ) ;
#1469 = VERTEX_POINT ( 'NONE', #2986 ) ;
#1470 = PLANE ( 'NONE',  #3696 ) ;
#1471 = CARTESIAN_POINT ( 'NONE',  ( 58.19999999999999574, -3.299999999999985612, -27.50000000000000000 ) ) ;
#1472 = LINE ( 'NONE', #2832, #1928 ) ;
#1473 = ORIENTED_EDGE ( 'NONE', *, *, #2290, .T. ) ;
#1474 = ORIENTED_EDGE ( 'NONE', *, *, #3783, .F. ) ;
#1475 = DIRECTION ( 'NONE',  ( 0.000000000000000000, 0.000000000000000000, -1.000000000000000000 ) ) ;
#1476 = VECTOR ( 'NONE', #3328, 1000.000000000000000 ) ;
#1477 = EDGE_CURVE ( 'NONE', #2879, #2630, #2673, .T. ) ;
#1478 = CARTESIAN_POINT ( 'NONE',  ( 47.49999999999997868, 2.900000000000003464, -2.999999999999999112 ) ) ;
#1479 = LINE ( 'NONE', #1106, #1094 ) ;
#1480 = EDGE_CURVE ( 'NONE', #1110, #4287, #53, .T. ) ;
#1481 = DIRECTION ( 'NONE',  ( -0.000000000000000000, 1.000000000000000000, 0.000000000000000000 ) ) ;
#1482 = AXIS2_PLACEMENT_3D ( 'NONE', #2814, #779, #2853 ) ;
#1483 = LINE ( 'NONE', #4195, #1078 ) ;
#1484 = ORIENTED_EDGE ( 'NONE', *, *, #3196, .F. ) ;
#1485 = DIRECTION ( 'NONE',  ( 0.000000000000000000, -1.000000000000000000, 0.000000000000000000 ) ) ;
#1486 = CARTESIAN_POINT ( 'NONE',  ( 25.00000000000000355, -2.799999999999999822, -26.50000000000001066 ) ) ;
#1487 = EDGE_LOOP ( 'NONE', ( #1072, #3807, #4154, #3404 ) ) ;
#1488 = CARTESIAN_POINT ( 'NONE',  ( 61.50000000000000711, 2.900000000000003464, -3.500000000000000000 ) ) ;
#1489 = DIRECTION ( 'NONE',  ( 0.000000000000000000, 0.000000000000000000, -1.000000000000000000 ) ) ;
#1490 = EDGE_CURVE ( 'NONE', #1444, #2208, #4084, .T. ) ;
#1491 = FACE_OUTER_BOUND ( 'NONE', #2257, .T. ) ;
#1492 = VERTEX_POINT ( 'NONE', #640 ) ;
#1493 = VERTEX_POINT ( 'NONE', #2361 ) ;
#1494 = FACE_OUTER_BOUND ( 'NONE', #771, .T. ) ;
#1495 = CARTESIAN_POINT ( 'NONE',  ( 9.000000000000001776, 2.899999999999999911, -50.99999999999999289 ) ) ;
#1496 = CARTESIAN_POINT ( 'NONE',  ( 6.000000000000000000, 0.000000000000000000, -50.99999999999999289 ) ) ;
#1497 = ORIENTED_EDGE ( 'NONE', *, *, #1237, .F. ) ;
#1498 = AXIS2_PLACEMENT_3D ( 'NONE', #2303, #1941, #3307 ) ;
#1499 = CARTESIAN_POINT ( 'NONE',  ( 66.20000000000000284, 0.000000000000000000, -38.02262259013050283 ) ) ;
#1500 = CARTESIAN_POINT ( 'NONE',  ( 0.000000000000000000, -5.499999999999998224, 0.000000000000000000 ) ) ;
#1501 = ORIENTED_EDGE ( 'NONE', *, *, #47, .T. ) ;
#1502 = CARTESIAN_POINT ( 'NONE',  ( 61.50000000000000711, 2.900000000000003464, -52.50000000000000711 ) ) ;
#1503 = ADVANCED_FACE ( 'NONE', ( #1038 ), #4398, .T. ) ;
#1504 = DIRECTION ( 'NONE',  ( 0.000000000000000000, 0.000000000000000000, -1.000000000000000000 ) ) ;
#1505 = ORIENTED_EDGE ( 'NONE', *, *, #2395, .F. ) ;
#1506 = VERTEX_POINT ( 'NONE', #3682 ) ;
#1507 = ORIENTED_EDGE ( 'NONE', *, *, #2332, .T. ) ;
#1508 = CIRCLE ( 'NONE', #1446, 1.000000000000000888 ) ;
#1509 = CARTESIAN_POINT ( 'NONE',  ( 25.00000000000000000, -2.299999999999999378, -38.99999999999999289 ) ) ;
#1510 = CYLINDRICAL_SURFACE ( 'NONE', #4204, 3.000000000000000888 ) ;
#1511 = CONICAL_SURFACE ( 'NONE', #1807, 0.4999999999999865663, 0.7853981633974613796 ) ;
#1512 = DIRECTION ( 'NONE',  ( -0.000000000000000000, 1.000000000000000000, -0.000000000000000000 ) ) ;
#1513 = EDGE_CURVE ( 'NONE', #725, #2630, #2022, .T. ) ;
#1514 = ORIENTED_EDGE ( 'NONE', *, *, #3514, .T. ) ;
#1515 = ORIENTED_EDGE ( 'NONE', *, *, #1151, .T. ) ;
#1516 = CARTESIAN_POINT ( 'NONE',  ( 68.70000000000000284, 2.899999999999999911, -32.72737740986950428 ) ) ;
#1517 = DIRECTION ( 'NONE',  ( -0.000000000000000000, -1.000000000000000000, -0.000000000000000000 ) ) ;
#1518 = CARTESIAN_POINT ( 'NONE',  ( 6.000000000000000000, 2.899999999999999911, -56.00000000000000000 ) ) ;
#1519 = ORIENTED_EDGE ( 'NONE', *, *, #4406, .T. ) ;
#1520 = CONICAL_SURFACE ( 'NONE', #3240, 0.4999999999999865663, 0.7853981633974613796 ) ;
#1521 = CYLINDRICAL_SURFACE ( 'NONE', #3909, 3.000000000000002665 ) ;
#1522 = EDGE_CURVE ( 'NONE', #2856, #409, #1666, .T. ) ;
#1523 = CARTESIAN_POINT ( 'NONE',  ( 63.19999999999998153, -3.799999999999999822, -21.50000000000000000 ) ) ;
#1524 = ORIENTED_EDGE ( 'NONE', *, *, #103, .T. ) ;
#1525 = FACE_BOUND ( 'NONE', #2828, .T. ) ;
#1526 = FACE_OUTER_BOUND ( 'NONE', #3983, .T. ) ;
#1527 = ORIENTED_EDGE ( 'NONE', *, *, #3576, .T. ) ;
#1528 = ORIENTED_EDGE ( 'NONE', *, *, #1261, .F. ) ;
#1529 = EDGE_LOOP ( 'NONE', ( #3653, #2516, #3136, #206 ) ) ;
#1530 = CARTESIAN_POINT ( 'NONE',  ( 39.46827201635469606, 0.000000000000000000, -9.418272016354707787 ) ) ;
#1531 = FACE_OUTER_BOUND ( 'NONE', #855, .T. ) ;
#1532 = EDGE_CURVE ( 'NONE', #3867, #3614, #4016, .T. ) ;
#1533 = DIRECTION ( 'NONE',  ( -2.775557561562891844E-16, 0.000000000000000000, 1.000000000000000000 ) ) ;
#1534 = ORIENTED_EDGE ( 'NONE', *, *, #14, .F. ) ;
#1535 = ORIENTED_EDGE ( 'NONE', *, *, #1812, .F. ) ;
#1536 = VECTOR ( 'NONE', #347, 1000.000000000000000 ) ;
#1537 = EDGE_CURVE ( 'NONE', #2244, #24, #983, .T. ) ;
#1538 = DIRECTION ( 'NONE',  ( 0.000000000000000000, 0.000000000000000000, 1.000000000000000000 ) ) ;
#1539 = VERTEX_POINT ( 'NONE', #3011 ) ;
#1540 = DIRECTION ( 'NONE',  ( 0.000000000000000000, -0.000000000000000000, -1.000000000000000000 ) ) ;
#1541 = PLANE ( 'NONE',  #3025 ) ;
#1542 = EDGE_LOOP ( 'NONE', ( #2715, #929, #2440, #389 ) ) ;
#1543 = AXIS2_PLACEMENT_3D ( 'NONE', #3882, #171, #2894 ) ;
#1544 = LINE ( 'NONE', #1148, #4274 ) ;
#1545 = LINE ( 'NONE', #1500, #1573 ) ;
#1546 = CIRCLE ( 'NONE', #190, 1.000000000000000888 ) ;
#1547 = AXIS2_PLACEMENT_3D ( 'NONE', #2136, #2093, #3462 ) ;
#1548 = ORIENTED_EDGE ( 'NONE', *, *, #1607, .T. ) ;
#1549 = AXIS2_PLACEMENT_3D ( 'NONE', #4310, #570, #165 ) ;
#1550 = DIRECTION ( 'NONE',  ( 0.000000000000000000, -1.000000000000000000, 0.000000000000000000 ) ) ;
#1551 = ORIENTED_EDGE ( 'NONE', *, *, #2254, .T. ) ;
#1552 = EDGE_LOOP ( 'NONE', ( #2068, #486, #2454, #1670 ) ) ;
#1553 = ORIENTED_EDGE ( 'NONE', *, *, #1797, .T. ) ;
#1554 = CONICAL_SURFACE ( 'NONE', #839, 0.4999999999999865663, 0.7853981633974613796 ) ;
#1555 = ADVANCED_FACE ( 'NONE', ( #3410 ), #4375, .F. ) ;
#1556 = CARTESIAN_POINT ( 'NONE',  ( 61.50000000000000711, -5.499999999999998224, -52.50000000000000711 ) ) ;
#1557 = LINE ( 'NONE', #2919, #1624 ) ;
#1558 = ADVANCED_FACE ( 'NONE', ( #973 ), #1353, .T. ) ;
#1559 = DIRECTION ( 'NONE',  ( 0.000000000000000000, 0.7071067811865376918, 0.7071067811865574537 ) ) ;
#1560 = VERTEX_POINT ( 'NONE', #297 ) ;
#1561 = ORIENTED_EDGE ( 'NONE', *, *, #1070, .T. ) ;
#1562 = EDGE_CURVE ( 'NONE', #3867, #211, #3660, .T. ) ;
#1563 = ORIENTED_EDGE ( 'NONE', *, *, #2492, .F. ) ;
#1564 = DIRECTION ( 'NONE',  ( 1.000000000000000000, 0.000000000000000000, 3.336006684570784088E-16 ) ) ;
#1565 = DIRECTION ( 'NONE',  ( -5.337610695313252371E-16, 0.000000000000000000, -1.000000000000000000 ) ) ;
#1566 = VECTOR ( 'NONE', #2816, 1000.000000000000000 ) ;
#1567 = CARTESIAN_POINT ( 'NONE',  ( 41.49999999999998579, -3.799999999999999822, -37.99999999999999289 ) ) ;
#1568 = CARTESIAN_POINT ( 'NONE',  ( 0.000000000000000000, -5.500000000000000000, 0.000000000000000000 ) ) ;
#1569 = AXIS2_PLACEMENT_3D ( 'NONE', #3477, #410, #1779 ) ;
#1570 = VERTEX_POINT ( 'NONE', #343 ) ;
#1571 = APPLICATION_PROTOCOL_DEFINITION ( 'international standard', 'config_control_design', 1994, #504 ) ;
#1572 = CYLINDRICAL_SURFACE ( 'NONE', #261, 1.499999999999997780 ) ;
#1573 = VECTOR ( 'NONE', #2865, 1000.000000000000000 ) ;
#1574 = ORIENTED_EDGE ( 'NONE', *, *, #566, .T. ) ;
#1575 = VERTEX_POINT ( 'NONE', #1708 ) ;
#1576 = ORIENTED_EDGE ( 'NONE', *, *, #1375, .T. ) ;
#1577 = VECTOR ( 'NONE', #204, 1000.000000000000000 ) ;
#1578 = CYLINDRICAL_SURFACE ( 'NONE', #2977, 1.000000000000000888 ) ;
#1579 = CARTESIAN_POINT ( 'NONE',  ( 56.50000000000000000, -30.26336871769660775, -13.00000000000000000 ) ) ;
#1580 = LINE ( 'NONE', #1317, #3435 ) ;
#1581 = EDGE_CURVE ( 'NONE', #2075, #3765, #1374, .T. ) ;
#1582 = ORIENTED_EDGE ( 'NONE', *, *, #4206, .T. ) ;
#1583 = ORIENTED_EDGE ( 'NONE', *, *, #1133, .T. ) ;
#1584 = CIRCLE ( 'NONE', #4123, 1.000000000000000888 ) ;
#1585 = ORIENTED_EDGE ( 'NONE', *, *, #1597, .F. ) ;
#1586 = DIRECTION ( 'NONE',  ( 1.000000000000000000, 0.000000000000000000, -1.476360405086644063E-16 ) ) ;
#1587 = ADVANCED_FACE ( 'NONE', ( #2405 ), #3581, .T. ) ;
#1588 = DIRECTION ( 'NONE',  ( -0.000000000000000000, -0.7071067811865573427, -0.7071067811865376918 ) ) ;
#1589 = VECTOR ( 'NONE', #785, 1000.000000000000000 ) ;
#1590 = ORIENTED_EDGE ( 'NONE', *, *, #1946, .F. ) ;
#1591 = CARTESIAN_POINT ( 'NONE',  ( 49.89999999999999147, -3.799999999999999822, -26.99999999999999289 ) ) ;
#1592 = LINE ( 'NONE', #3207, #432 ) ;
#1593 = ORIENTED_EDGE ( 'NONE', *, *, #2314, .F. ) ;
#1594 = PERSON_AND_ORGANIZATION_ROLE ( 'creator' ) ;
#1595 = DIRECTION ( 'NONE',  ( -0.000000000000000000, -0.7071067811865573427, -0.7071067811865376918 ) ) ;
#1596 = EDGE_CURVE ( 'NONE', #3757, #79, #1871, .T. ) ;
#1597 = EDGE_CURVE ( 'NONE', #2208, #3120, #17, .T. ) ;
#1598 = EDGE_LOOP ( 'NONE', ( #1859, #943, #2297, #1058 ) ) ;
#1599 = ORIENTED_EDGE ( 'NONE', *, *, #2995, .F. ) ;
#1600 = VERTEX_POINT ( 'NONE', #2527 ) ;
#1601 = CARTESIAN_POINT ( 'NONE',  ( 67.02901889231128507, 2.899999999999999911, -36.40126413333074140 ) ) ;
#1602 = VECTOR ( 'NONE', #1431, 1000.000000000000000 ) ;
#1603 = DIRECTION ( 'NONE',  ( 0.000000000000000000, 0.000000000000000000, 1.000000000000000000 ) ) ;
#1604 = LINE ( 'NONE', #2969, #2292 ) ;
#1605 = VERTEX_POINT ( 'NONE', #95 ) ;
#1606 = ORIENTED_EDGE ( 'NONE', *, *, #34, .F. ) ;
#1607 = EDGE_CURVE ( 'NONE', #11, #525, #3575, .T. ) ;
#1608 = VERTEX_POINT ( 'NONE', #3515 ) ;
#1609 = LINE ( 'NONE', #2640, #2637 ) ;
#1610 = DIRECTION ( 'NONE',  ( 0.000000000000000000, 0.000000000000000000, -1.000000000000000000 ) ) ;
#1611 = VERTEX_POINT ( 'NONE', #2182 ) ;
#1612 = CARTESIAN_POINT ( 'NONE',  ( 61.50000000000000711, 2.900000000000003464, -3.500000000000000000 ) ) ;
#1613 = CARTESIAN_POINT ( 'NONE',  ( 61.50000000000000711, 0.000000000000000000, -2.199999999999998401 ) ) ;
#1614 = CARTESIAN_POINT ( 'NONE',  ( -3.000000000000002220, 2.899999999999999911, -42.50000000000000000 ) ) ;
#1615 = EDGE_CURVE ( 'NONE', #3249, #4007, #3935, .T. ) ;
#1616 = VERTEX_POINT ( 'NONE', #464 ) ;
#1617 = PERSON_AND_ORGANIZATION ( #3907, #3451 ) ;
#1618 = DIRECTION ( 'NONE',  ( -0.000000000000000000, -1.000000000000000000, -0.000000000000000000 ) ) ;
#1619 = ORIENTED_EDGE ( 'NONE', *, *, #1462, .T. ) ;
#1620 = VERTEX_POINT ( 'NONE', #112 ) ;
#1621 = EDGE_LOOP ( 'NONE', ( #571, #4188, #2844, #3803 ) ) ;
#1622 = CIRCLE ( 'NONE', #769, 2.000000000000001776 ) ;
#1623 = DIRECTION ( 'NONE',  ( 0.000000000000000000, 0.000000000000000000, -1.000000000000000000 ) ) ;
#1624 = VECTOR ( 'NONE', #1226, 1000.000000000000000 ) ;
#1625 = DIRECTION ( 'NONE',  ( 0.000000000000000000, 0.000000000000000000, 1.000000000000000000 ) ) ;
#1626 = CARTESIAN_POINT ( 'NONE',  ( 0.000000000000000000, 0.000000000000000000, 0.000000000000000000 ) ) ;
#1627 = ADVANCED_FACE ( 'NONE', ( #1457 ), #2547, .T. ) ;
#1628 = DIRECTION ( 'NONE',  ( 0.000000000000000000, -1.000000000000000000, 0.000000000000000000 ) ) ;
#1629 = ORIENTED_EDGE ( 'NONE', *, *, #1403, .F. ) ;
#1630 = CARTESIAN_POINT ( 'NONE',  ( 35.99999999999999289, -2.799999999999999822, -26.99999999999999289 ) ) ;
#1631 = CARTESIAN_POINT ( 'NONE',  ( 61.50000000000000711, -5.499999999999998224, -52.50000000000000711 ) ) ;
#1632 = ORIENTED_EDGE ( 'NONE', *, *, #1686, .T. ) ;
#1633 = DIRECTION ( 'NONE',  ( -1.334402673828311367E-16, 0.000000000000000000, 1.000000000000000000 ) ) ;
#1634 = AXIS2_PLACEMENT_3D ( 'NONE', #3290, #3889, #1540 ) ;
#1635 = DIRECTION ( 'NONE',  ( 0.000000000000000000, 0.000000000000000000, 1.000000000000000000 ) ) ;
#1636 = DIRECTION ( 'NONE',  ( 0.000000000000000000, -1.000000000000000000, 0.000000000000000000 ) ) ;
#1637 = ORIENTED_EDGE ( 'NONE', *, *, #135, .T. ) ;
#1638 = AXIS2_PLACEMENT_3D ( 'NONE', #3824, #4165, #1453 ) ;
#1639 = APPROVAL_DATE_TIME ( #4038, #3420 ) ;
#1640 = CARTESIAN_POINT ( 'NONE',  ( 44.50000000000000711, -2.000000000000000000, -6.500000000000007105 ) ) ;
#1641 = VECTOR ( 'NONE', #3454, 1000.000000000000000 ) ;
#1642 = CARTESIAN_POINT ( 'NONE',  ( 61.50000000000000711, 2.900000000000003464, -2.199999999999998401 ) ) ;
#1643 = ORIENTED_EDGE ( 'NONE', *, *, #507, .T. ) ;
#1644 = EDGE_LOOP ( 'NONE', ( #2929, #2857, #3895, #3957 ) ) ;
#1645 = CARTESIAN_POINT ( 'NONE',  ( 0.000000000000000000, -30.26336871769660775, -6.500000000000007105 ) ) ;
#1646 = AXIS2_PLACEMENT_3D ( 'NONE', #2030, #317, #294 ) ;
#1647 = EDGE_CURVE ( 'NONE', #1770, #4251, #2588, .T. ) ;
#1648 = FACE_OUTER_BOUND ( 'NONE', #2538, .T. ) ;
#1649 = DIRECTION ( 'NONE',  ( 0.000000000000000000, -1.000000000000000000, 0.000000000000000000 ) ) ;
#1650 = CIRCLE ( 'NONE', #4296, 1.499999999999997780 ) ;
#1651 = DIRECTION ( 'NONE',  ( -0.000000000000000000, 1.000000000000000000, -0.000000000000000000 ) ) ;
#1652 = EDGE_CURVE ( 'NONE', #1993, #1236, #2881, .T. ) ;
#1653 = EDGE_CURVE ( 'NONE', #3090, #1814, #2302, .T. ) ;
#1654 = VERTEX_POINT ( 'NONE', #1119 ) ;
#1655 = LINE ( 'NONE', #2308, #2997 ) ;
#1656 = DIRECTION ( 'NONE',  ( -0.000000000000000000, 1.000000000000000000, -0.000000000000000000 ) ) ;
#1657 = ORIENTED_EDGE ( 'NONE', *, *, #258, .T. ) ;
#1658 = AXIS2_PLACEMENT_3D ( 'NONE', #2144, #3888, #2570 ) ;
#1659 = AXIS2_PLACEMENT_3D ( 'NONE', #3986, #2641, #3738 ) ;
#1660 = VECTOR ( 'NONE', #1312, 1000.000000000000000 ) ;
#1661 = DIRECTION ( 'NONE',  ( -0.000000000000000000, 1.000000000000000000, -0.000000000000000000 ) ) ;
#1662 = AXIS2_PLACEMENT_3D ( 'NONE', #295, #681, #2335 ) ;
#1663 = CARTESIAN_POINT ( 'NONE',  ( 61.50000000000000711, 0.000000000000000000, -51.20000000000000284 ) ) ;
#1664 = DIRECTION ( 'NONE',  ( 0.000000000000000000, -1.000000000000000000, 0.000000000000000000 ) ) ;
#1665 = ORIENTED_EDGE ( 'NONE', *, *, #2479, .T. ) ;
#1666 = LINE ( 'NONE', #3390, #407 ) ;
#1667 = AXIS2_PLACEMENT_3D ( 'NONE', #1804, #3170, #1131 ) ;
#1668 = EDGE_CURVE ( 'NONE', #409, #2964, #2484, .T. ) ;
#1669 = EDGE_LOOP ( 'NONE', ( #1322, #3680, #3332, #1830 ) ) ;
#1670 = ORIENTED_EDGE ( 'NONE', *, *, #3788, .T. ) ;
#1671 = DIRECTION ( 'NONE',  ( -0.000000000000000000, 1.000000000000000000, -0.000000000000000000 ) ) ;
#1672 = CARTESIAN_POINT ( 'NONE',  ( 6.003876203757289254, 0.000000000000000000, -50.84754608044341495 ) ) ;
#1673 = DIRECTION ( 'NONE',  ( 0.000000000000000000, 1.000000000000000000, 0.000000000000000000 ) ) ;
#1674 = CARTESIAN_POINT ( 'NONE',  ( 63.19999999999998153, -3.299999999999985612, -21.50000000000000000 ) ) ;
#1675 = PRODUCT_DEFINITION ( '未知', '', #2234, #1182 ) ;
#1676 = CARTESIAN_POINT ( 'NONE',  ( 45.99999999999998579, 2.900000000000003464, -20.00000000000000000 ) ) ;
#1677 = ORIENTED_EDGE ( 'NONE', *, *, #4075, .F. ) ;
#1678 = CARTESIAN_POINT ( 'NONE',  ( 25.00000000000000000, -2.799999999999999822, -37.99999999999999289 ) ) ;
#1679 = FACE_OUTER_BOUND ( 'NONE', #3278, .T. ) ;
#1680 = ORIENTED_EDGE ( 'NONE', *, *, #4036, .T. ) ;
#1681 = DIRECTION ( 'NONE',  ( -1.508455196501570690E-16, 0.000000000000000000, -1.000000000000000000 ) ) ;
#1682 = DIRECTION ( 'NONE',  ( -0.000000000000000000, 1.000000000000000000, -0.000000000000000000 ) ) ;
#1683 = DIRECTION ( 'NONE',  ( 0.000000000000000000, -0.000000000000000000, -1.000000000000000000 ) ) ;
#1684 = ORIENTED_EDGE ( 'NONE', *, *, #2815, .T. ) ;
#1685 = CARTESIAN_POINT ( 'NONE',  ( 55.73172798364528546, 2.900000000000003464, -25.68172798364529541 ) ) ;
#1686 = EDGE_CURVE ( 'NONE', #1770, #1654, #845, .T. ) ;
#1687 = DIRECTION ( 'NONE',  ( 0.7071067811865574537, 0.7071067811865376918, 0.000000000000000000 ) ) ;
#1688 = VERTEX_POINT ( 'NONE', #3200 ) ;
#1689 = DIRECTION ( 'NONE',  ( 0.000000000000000000, 0.000000000000000000, -1.000000000000000000 ) ) ;
#1690 = CARTESIAN_POINT ( 'NONE',  ( 69.70000000000000284, 10.00000000000000000, 0.000000000000000000 ) ) ;
#1691 = DIRECTION ( 'NONE',  ( 0.000000000000000000, 0.000000000000000000, -1.000000000000000000 ) ) ;
#1692 = CIRCLE ( 'NONE', #547, 1.300000000000002487 ) ;
#1693 = ADVANCED_FACE ( 'NONE', ( #1494 ), #2858, .T. ) ;
#1694 = LINE ( 'NONE', #63, #4339 ) ;
#1695 = AXIS2_PLACEMENT_3D ( 'NONE', #596, #1550, #1910 ) ;
#1696 = CC_DESIGN_DATE_AND_TIME_ASSIGNMENT ( #1956, #3994, ( #2091 ) ) ;
#1697 = CIRCLE ( 'NONE', #2271, 1.000000000000000888 ) ;
#1698 = EDGE_LOOP ( 'NONE', ( #1680, #4128, #3277, #3279 ) ) ;
#1699 = EDGE_LOOP ( 'NONE', ( #1960, #501, #3886, #3233 ) ) ;
#1700 = CARTESIAN_POINT ( 'NONE',  ( 64.20000000000000284, 2.900000000000003464, -49.00000000000000000 ) ) ;
#1701 = DIRECTION ( 'NONE',  ( -0.000000000000000000, 1.000000000000000000, -0.000000000000000000 ) ) ;
#1702 = EDGE_CURVE ( 'NONE', #3124, #2585, #1730, .T. ) ;
#1703 = ORIENTED_EDGE ( 'NONE', *, *, #3840, .F. ) ;
#1704 = DIRECTION ( 'NONE',  ( 0.000000000000000000, -1.000000000000000000, 0.000000000000000000 ) ) ;
#1705 = CARTESIAN_POINT ( 'NONE',  ( 52.50000000000000711, 0.6999999999999992895, -17.00000000000000000 ) ) ;
#1706 = DIRECTION ( 'NONE',  ( 0.000000000000000000, 0.000000000000000000, -1.000000000000000000 ) ) ;
#1707 = VERTEX_POINT ( 'NONE', #3431 ) ;
#1708 = CARTESIAN_POINT ( 'NONE',  ( 5.000000000000002665, 2.900000000000003464, -16.49999999999999645 ) ) ;
#1709 = AXIS2_PLACEMENT_3D ( 'NONE', #2012, #4323, #675 ) ;
#1710 = FACE_OUTER_BOUND ( 'NONE', #4028, .T. ) ;
#1711 = ORIENTED_EDGE ( 'NONE', *, *, #108, .F. ) ;
#1712 = CARTESIAN_POINT ( 'NONE',  ( 39.46827201635469606, 0.000000000000000000, -9.968272016354712051 ) ) ;
#1713 = EDGE_CURVE ( 'NONE', #996, #3054, #3099, .T. ) ;
#1714 = DIRECTION ( 'NONE',  ( 0.000000000000000000, 0.000000000000000000, -1.000000000000000000 ) ) ;
#1715 = CARTESIAN_POINT ( 'NONE',  ( 50.39999999999997726, -3.799999999999999822, -26.99999999999999289 ) ) ;
#1716 = AXIS2_PLACEMENT_3D ( 'NONE', #1227, #508, #3598 ) ;
#1717 = CARTESIAN_POINT ( 'NONE',  ( 36.50000000000000000, 0.000000000000000000, -37.99999999999999289 ) ) ;
#1718 = CARTESIAN_POINT ( 'NONE',  ( 8.000000000000000000, 2.900000000000003464, -39.50000000000000711 ) ) ;
#1719 = CIRCLE ( 'NONE', #142, 1.000000000000000888 ) ;
#1720 = EDGE_CURVE ( 'NONE', #3987, #527, #364, .T. ) ;
#1721 = ORIENTED_EDGE ( 'NONE', *, *, #604, .T. ) ;
#1722 = ORIENTED_EDGE ( 'NONE', *, *, #1726, .T. ) ;
#1723 = FACE_BOUND ( 'NONE', #3676, .T. ) ;
#1724 = CONICAL_SURFACE ( 'NONE', #791, 0.4999999999999865663, 0.7853981633974613796 ) ;
#1725 = ORIENTED_EDGE ( 'NONE', *, *, #1101, .T. ) ;
#1726 = EDGE_CURVE ( 'NONE', #1611, #211, #1733, .T. ) ;
#1727 = PLANE ( 'NONE',  #1906 ) ;
#1728 = CARTESIAN_POINT ( 'NONE',  ( 59.89999999999999858, 0.000000000000000000, -44.66057746756902702 ) ) ;
#1729 = LINE ( 'NONE', #2061, #875 ) ;
#1730 = CIRCLE ( 'NONE', #4160, 3.000000000000002665 ) ;
#1731 = ORIENTED_EDGE ( 'NONE', *, *, #858, .F. ) ;
#1732 = EDGE_CURVE ( 'NONE', #2400, #879, #1143, .T. ) ;
#1733 = LINE ( 'NONE', #1816, #2509 ) ;
#1734 = CARTESIAN_POINT ( 'NONE',  ( 63.19999999999998153, -3.299999999999985612, -26.49999999999999645 ) ) ;
#1735 = ORIENTED_EDGE ( 'NONE', *, *, #2094, .F. ) ;
#1736 = CARTESIAN_POINT ( 'NONE',  ( 57.19999999999999574, 0.000000000000000000, -26.50000000000000000 ) ) ;
#1737 = VERTEX_POINT ( 'NONE', #536 ) ;
#1738 = CARTESIAN_POINT ( 'NONE',  ( 24.00000000000000355, -2.299999999999999378, -26.99999999999999645 ) ) ;
#1739 = ADVANCED_FACE ( 'NONE', ( #3264 ), #869, .T. ) ;
#1740 = EDGE_CURVE ( 'NONE', #2161, #4335, #2126, .T. ) ;
#1741 = CARTESIAN_POINT ( 'NONE',  ( 35.50000000000000000, -2.799999999999999822, -38.49999999999997868 ) ) ;
#1742 = DIRECTION ( 'NONE',  ( 1.000000000000000000, 0.000000000000000000, 2.775557561562891844E-16 ) ) ;
#1743 = DIRECTION ( 'NONE',  ( 0.000000000000000000, -1.000000000000000000, 0.000000000000000000 ) ) ;
#1744 = CONICAL_SURFACE ( 'NONE', #380, 0.4999999999999865663, 0.7853981633974613796 ) ;
#1745 = ORIENTED_EDGE ( 'NONE', *, *, #2167, .T. ) ;
#1746 = EDGE_LOOP ( 'NONE', ( #478, #634, #2293, #3784 ) ) ;
#1747 = CARTESIAN_POINT ( 'NONE',  ( 69.70000000000000284, 2.899999999999999911, -1.000000000000000000 ) ) ;
#1748 = ORIENTED_EDGE ( 'NONE', *, *, #2254, .F. ) ;
#1749 = EDGE_CURVE ( 'NONE', #4287, #1062, #1775, .T. ) ;
#1750 = DIRECTION ( 'NONE',  ( 0.000000000000000000, -1.000000000000000000, 0.000000000000000000 ) ) ;
#1751 = DIRECTION ( 'NONE',  ( 6.938893903907222067E-15, 0.000000000000000000, -1.000000000000000000 ) ) ;
#1752 = CARTESIAN_POINT ( 'NONE',  ( 61.30000000000000426, 0.000000000000000000, -36.59999999999997300 ) ) ;
#1753 = VERTEX_POINT ( 'NONE', #448 ) ;
#1754 = EDGE_CURVE ( 'NONE', #2835, #4059, #1508, .T. ) ;
#1755 = FACE_OUTER_BOUND ( 'NONE', #3384, .T. ) ;
#1756 = EDGE_CURVE ( 'NONE', #1966, #2397, #88, .T. ) ;
#1757 = EDGE_LOOP ( 'NONE', ( #1745, #82 ) ) ;
#1758 = CARTESIAN_POINT ( 'NONE',  ( 61.69999999999999574, 2.900000000000003464, -43.00000000000000711 ) ) ;
#1759 = ORIENTED_EDGE ( 'NONE', *, *, #47, .F. ) ;
#1760 = VECTOR ( 'NONE', #2533, 999.9999999999998863 ) ;
#1761 = CARTESIAN_POINT ( 'NONE',  ( 61.50000000000000711, -30.26336871769660775, -3.500000000000000000 ) ) ;
#1762 = DIRECTION ( 'NONE',  ( 0.000000000000000000, 0.000000000000000000, -1.000000000000000000 ) ) ;
#1763 = DIRECTION ( 'NONE',  ( 0.000000000000000000, -1.000000000000000000, 0.000000000000000000 ) ) ;
#1764 = PLANE ( 'NONE',  #3336 ) ;
#1765 = CARTESIAN_POINT ( 'NONE',  ( 2.676430505792799899E-14, -3.799999999999999822, -27.00000000000006040 ) ) ;
#1766 = ORIENTED_EDGE ( 'NONE', *, *, #717, .T. ) ;
#1767 = VERTEX_POINT ( 'NONE', #3140 ) ;
#1768 = VECTOR ( 'NONE', #393, 999.9999999999998863 ) ;
#1769 = LINE ( 'NONE', #67, #283 ) ;
#1770 = VERTEX_POINT ( 'NONE', #2081 ) ;
#1771 = CIRCLE ( 'NONE', #1194, 1.300000000000002487 ) ;
#1772 = AXIS2_PLACEMENT_3D ( 'NONE', #3329, #257, #191 ) ;
#1773 = AXIS2_PLACEMENT_3D ( 'NONE', #3537, #3167, #98 ) ;
#1774 = CARTESIAN_POINT ( 'NONE',  ( 41.49999999999999289, -3.299999999999999378, -26.99999999999999645 ) ) ;
#1775 = LINE ( 'NONE', #1122, #2864 ) ;
#1776 = FACE_OUTER_BOUND ( 'NONE', #3091, .T. ) ;
#1777 = DIRECTION ( 'NONE',  ( 1.000000000000000000, 0.000000000000000000, -1.387778780781444492E-15 ) ) ;
#1778 = ORIENTED_EDGE ( 'NONE', *, *, #2256, .T. ) ;
#1779 = DIRECTION ( 'NONE',  ( -1.982541115402065702E-15, 0.000000000000000000, -1.000000000000000000 ) ) ;
#1780 = VERTEX_POINT ( 'NONE', #1439 ) ;
#1781 = DIRECTION ( 'NONE',  ( 0.000000000000000000, 1.000000000000000000, -0.000000000000000000 ) ) ;
#1782 = DIRECTION ( 'NONE',  ( 0.000000000000000000, 1.000000000000000000, -0.000000000000000000 ) ) ;
#1783 = DIRECTION ( 'NONE',  ( -0.000000000000000000, 1.000000000000000000, -0.000000000000000000 ) ) ;
#1784 = EDGE_CURVE ( 'NONE', #463, #2576, #3493, .T. ) ;
#1785 = AXIS2_PLACEMENT_3D ( 'NONE', #3577, #1186, #3554 ) ;
#1786 = DIRECTION ( 'NONE',  ( 1.000000000000000000, 0.000000000000000000, -5.337610695313252371E-16 ) ) ;
#1787 = CIRCLE ( 'NONE', #3146, 3.000000000000002665 ) ;
#1788 = DIRECTION ( 'NONE',  ( -5.337610695313252371E-16, 0.000000000000000000, -1.000000000000000000 ) ) ;
#1789 = CIRCLE ( 'NONE', #2785, 1.000000000000000888 ) ;
#1790 = DIRECTION ( 'NONE',  ( -0.000000000000000000, -1.000000000000000000, -0.000000000000000000 ) ) ;
#1791 = AXIS2_PLACEMENT_3D ( 'NONE', #451, #117, #388 ) ;
#1792 = EDGE_CURVE ( 'NONE', #4378, #725, #2485, .T. ) ;
#1793 = EDGE_LOOP ( 'NONE', ( #2002, #2419, #1219, #2605 ) ) ;
#1794 = ORIENTED_EDGE ( 'NONE', *, *, #3978, .T. ) ;
#1795 = EDGE_CURVE ( 'NONE', #4059, #2124, #2102, .T. ) ;
#1796 = VECTOR ( 'NONE', #3743, 1000.000000000000000 ) ;
#1797 = EDGE_CURVE ( 'NONE', #3591, #1469, #153, .T. ) ;
#1798 = AXIS2_PLACEMENT_3D ( 'NONE', #1591, #1972, #2667 ) ;
#1799 = DIRECTION ( 'NONE',  ( 0.000000000000000000, 0.000000000000000000, -1.000000000000000000 ) ) ;
#1800 = CARTESIAN_POINT ( 'NONE',  ( 44.50000000000000711, 0.6999999999999992895, -1.653273178848926867E-15 ) ) ;
#1801 = CARTESIAN_POINT ( 'NONE',  ( 6.599999999999999645, -5.499999999999998224, 0.000000000000000000 ) ) ;
#1802 = CARTESIAN_POINT ( 'NONE',  ( 0.000000000000000000, 0.000000000000000000, -13.50000000000000000 ) ) ;
#1803 = VERTEX_POINT ( 'NONE', #1392 ) ;
#1804 = CARTESIAN_POINT ( 'NONE',  ( 46.50000000000000711, 0.6999999999999992895, -20.99999999999999645 ) ) ;
#1805 = AXIS2_PLACEMENT_3D ( 'NONE', #1206, #1832, #3869 ) ;
#1806 = CARTESIAN_POINT ( 'NONE',  ( 48.50000000000000000, 33.82582403567251816, -20.99999999999999645 ) ) ;
#1807 = AXIS2_PLACEMENT_3D ( 'NONE', #1022, #2388, #4021 ) ;
#1808 = VERTEX_POINT ( 'NONE', #2753 ) ;
#1809 = DIRECTION ( 'NONE',  ( 0.000000000000000000, 0.000000000000000000, -1.000000000000000000 ) ) ;
#1810 = DIRECTION ( 'NONE',  ( 0.000000000000000000, 0.000000000000000000, -1.000000000000000000 ) ) ;
#1811 = EDGE_CURVE ( 'NONE', #1780, #3286, #1056, .T. ) ;
#1812 = EDGE_CURVE ( 'NONE', #621, #152, #661, .T. ) ;
#1813 = FACE_OUTER_BOUND ( 'NONE', #642, .T. ) ;
#1814 = VERTEX_POINT ( 'NONE', #2421 ) ;
#1815 = VERTEX_POINT ( 'NONE', #3787 ) ;
#1816 = CARTESIAN_POINT ( 'NONE',  ( 64.50000000000000000, -5.499999999999998224, 0.000000000000000000 ) ) ;
#1817 = DIRECTION ( 'NONE',  ( -0.000000000000000000, 1.000000000000000000, -0.000000000000000000 ) ) ;
#1818 = PLANE ( 'NONE',  #446 ) ;
#1819 = AXIS2_PLACEMENT_3D ( 'NONE', #577, #2895, #1625 ) ;
#1820 = DIRECTION ( 'NONE',  ( -0.000000000000000000, 1.000000000000000000, 0.000000000000000000 ) ) ;
#1821 = DIRECTION ( 'NONE',  ( 0.000000000000000000, 0.000000000000000000, 1.000000000000000000 ) ) ;
#1822 = ORIENTED_EDGE ( 'NONE', *, *, #4166, .T. ) ;
#1823 = CARTESIAN_POINT ( 'NONE',  ( 60.29999999999999716, 0.000000000000000000, -42.39999999999999147 ) ) ;
#1824 = DIRECTION ( 'NONE',  ( 0.000000000000000000, 1.000000000000000000, 0.000000000000000000 ) ) ;
#1825 = EDGE_CURVE ( 'NONE', #4063, #2950, #730, .T. ) ;
#1826 = VERTEX_POINT ( 'NONE', #2820 ) ;
#1827 = DIRECTION ( 'NONE',  ( 0.000000000000000000, 0.7071067811865376918, 0.7071067811865574537 ) ) ;
#1828 = LINE ( 'NONE', #1115, #3989 ) ;
#1829 = DIRECTION ( 'NONE',  ( 0.000000000000000000, 0.000000000000000000, 1.000000000000000000 ) ) ;
#1830 = ORIENTED_EDGE ( 'NONE', *, *, #237, .F. ) ;
#1831 = EDGE_LOOP ( 'NONE', ( #1524, #4341, #1877, #1223 ) ) ;
#1832 = DIRECTION ( 'NONE',  ( -0.000000000000000000, 1.000000000000000000, -0.000000000000000000 ) ) ;
#1833 = AXIS2_PLACEMENT_3D ( 'NONE', #2966, #3954, #3617 ) ;
#1834 = FACE_OUTER_BOUND ( 'NONE', #3261, .T. ) ;
#1835 = ADVANCED_FACE ( 'NONE', ( #2775 ), #784, .F. ) ;
#1836 = FACE_OUTER_BOUND ( 'NONE', #895, .T. ) ;
#1837 = AXIS2_PLACEMENT_3D ( 'NONE', #3299, #1595, #857 ) ;
#1838 = CIRCLE ( 'NONE', #4126, 1.399999999999998579 ) ;
#1839 = CARTESIAN_POINT ( 'NONE',  ( 69.87098110768872061, -0.000000000000000000, -34.34873586666927281 ) ) ;
#1840 = AXIS2_PLACEMENT_3D ( 'NONE', #1113, #1628, #2998 ) ;
#1841 = CARTESIAN_POINT ( 'NONE',  ( 57.19999999999999574, 0.000000000000000000, -21.50000000000000000 ) ) ;
#1842 = EDGE_LOOP ( 'NONE', ( #741, #4082, #4388, #1891 ) ) ;
#1843 = CARTESIAN_POINT ( 'NONE',  ( 6.600000000000000533, -30.26336871769660775, -6.500000000000007105 ) ) ;
#1844 = DIRECTION ( 'NONE',  ( 0.000000000000000000, 0.000000000000000000, 1.000000000000000000 ) ) ;
#1845 = EDGE_CURVE ( 'NONE', #3940, #4420, #2402, .T. ) ;
#1846 = ORIENTED_EDGE ( 'NONE', *, *, #3068, .F. ) ;
#1847 = ORIENTED_EDGE ( 'NONE', *, *, #1860, .T. ) ;
#1848 = ORIENTED_EDGE ( 'NONE', *, *, #1596, .F. ) ;
#1849 = DIRECTION ( 'NONE',  ( 0.000000000000000000, 0.000000000000000000, 1.000000000000000000 ) ) ;
#1850 = LINE ( 'NONE', #1138, #2987 ) ;
#1851 = VECTOR ( 'NONE', #1586, 1000.000000000000000 ) ;
#1852 = CARTESIAN_POINT ( 'NONE',  ( 41.49999999999998579, 0.000000000000000000, -37.99999999999999289 ) ) ;
#1853 = ORIENTED_EDGE ( 'NONE', *, *, #878, .F. ) ;
#1854 = EDGE_LOOP ( 'NONE', ( #2280, #2706 ) ) ;
#1855 = CARTESIAN_POINT ( 'NONE',  ( 25.00000000000000000, -2.799999999999999822, -38.99999999999999289 ) ) ;
#1856 = EDGE_CURVE ( 'NONE', #4106, #397, #3354, .T. ) ;
#1857 = DIRECTION ( 'NONE',  ( -0.000000000000000000, -1.000000000000000000, -0.000000000000000000 ) ) ;
#1858 = CARTESIAN_POINT ( 'NONE',  ( 64.19999999999997442, 0.000000000000000000, -26.50000000000000000 ) ) ;
#1859 = ORIENTED_EDGE ( 'NONE', *, *, #3555, .T. ) ;
#1860 = EDGE_CURVE ( 'NONE', #3309, #3559, #4141, .T. ) ;
#1861 = CARTESIAN_POINT ( 'NONE',  ( 0.000000000000000000, -5.500000000000000000, 0.000000000000000000 ) ) ;
#1862 = CARTESIAN_POINT ( 'NONE',  ( 25.00000000000000000, 0.000000000000000000, -38.99999999999999289 ) ) ;
#1863 = EDGE_CURVE ( 'NONE', #1300, #3879, #4213, .T. ) ;
#1864 = ORIENTED_EDGE ( 'NONE', *, *, #3313, .T. ) ;
#1865 = FACE_BOUND ( 'NONE', #51, .T. ) ;
#1866 = CARTESIAN_POINT ( 'NONE',  ( 59.89999999999999858, 2.900000000000003464, -44.66057746756902702 ) ) ;
#1867 = VERTEX_POINT ( 'NONE', #1080 ) ;
#1868 = ORIENTED_EDGE ( 'NONE', *, *, #1003, .F. ) ;
#1869 = ORIENTED_EDGE ( 'NONE', *, *, #4173, .T. ) ;
#1870 = ADVANCED_FACE ( 'NONE', ( #2442 ), #3828, .F. ) ;
#1871 = CIRCLE ( 'NONE', #1301, 1.999999999999994893 ) ;
#1872 = DIRECTION ( 'NONE',  ( 0.000000000000000000, 1.000000000000000000, 0.000000000000000000 ) ) ;
#1873 = AXIS2_PLACEMENT_3D ( 'NONE', #641, #1912, #3300 ) ;
#1874 = CARTESIAN_POINT ( 'NONE',  ( 0.000000000000000000, -5.500000000000000000, -53.00000000000000000 ) ) ;
#1875 = AXIS2_PLACEMENT_3D ( 'NONE', #1299, #3067, #633 ) ;
#1876 = CARTESIAN_POINT ( 'NONE',  ( 7.216449660063517513E-15, -2.799999999999999822, -26.00000000000000355 ) ) ;
#1877 = ORIENTED_EDGE ( 'NONE', *, *, #2787, .F. ) ;
#1878 = ORIENTED_EDGE ( 'NONE', *, *, #2600, .T. ) ;
#1879 = DIRECTION ( 'NONE',  ( 0.000000000000000000, 0.000000000000000000, 1.000000000000000000 ) ) ;
#1880 = LINE ( 'NONE', #2185, #2493 ) ;
#1881 = DIRECTION ( 'NONE',  ( -0.000000000000000000, -1.000000000000000000, -0.000000000000000000 ) ) ;
#1882 = LINE ( 'NONE', #2218, #2910 ) ;
#1883 = PLANE ( 'NONE',  #2791 ) ;
#1884 = EDGE_CURVE ( 'NONE', #2892, #2884, #4230, .T. ) ;
#1885 = VERTEX_POINT ( 'NONE', #2213 ) ;
#1886 = APPROVAL_ROLE ( '' ) ;
#1887 = CARTESIAN_POINT ( 'NONE',  ( 61.50000000000000711, 0.000000000000000000, -3.500000000000000000 ) ) ;
#1888 = EDGE_CURVE ( 'NONE', #3522, #1506, #920, .T. ) ;
#1889 = VERTEX_POINT ( 'NONE', #2164 ) ;
#1890 = EDGE_LOOP ( 'NONE', ( #3685, #4264, #1142, #2727 ) ) ;
#1891 = ORIENTED_EDGE ( 'NONE', *, *, #1537, .T. ) ;
#1892 = CARTESIAN_POINT ( 'NONE',  ( 0.000000000000000000, -5.499999999999998224, -49.50000000000000711 ) ) ;
#1893 = CYLINDRICAL_SURFACE ( 'NONE', #3769, 2.000000000000000000 ) ;
#1894 = DIRECTION ( 'NONE',  ( -0.000000000000000000, 1.000000000000000000, -0.000000000000000000 ) ) ;
#1895 = ORIENTED_EDGE ( 'NONE', *, *, #4062, .F. ) ;
#1896 = ORIENTED_EDGE ( 'NONE', *, *, #468, .F. ) ;
#1897 = AXIS2_PLACEMENT_3D ( 'NONE', #4066, #709, #3438 ) ;
#1898 = DIRECTION ( 'NONE',  ( 1.000000000000000000, 0.000000000000000000, 9.912705577010328508E-16 ) ) ;
#1899 = ORIENTED_EDGE ( 'NONE', *, *, #4173, .F. ) ;
#1900 = CARTESIAN_POINT ( 'NONE',  ( 59.05000000000000426, 0.000000000000000000, -45.18736015521166394 ) ) ;
#1901 = DIRECTION ( 'NONE',  ( 1.000000000000000000, 0.000000000000000000, 3.154042683594194627E-16 ) ) ;
#1902 = CIRCLE ( 'NONE', #1833, 3.000000000000002665 ) ;
#1903 = LINE ( 'NONE', #3271, #1577 ) ;
#1904 = CARTESIAN_POINT ( 'NONE',  ( -3.000000000000000000, 0.000000000000000000, -49.50000000000000711 ) ) ;
#1905 = VECTOR ( 'NONE', #4403, 1000.000000000000000 ) ;
#1906 = AXIS2_PLACEMENT_3D ( 'NONE', #3762, #4417, #1349 ) ;
#1907 = EDGE_LOOP ( 'NONE', ( #1275, #1944, #1869, #3862 ) ) ;
#1908 = APPROVAL_STATUS ( 'not_yet_approved' ) ;
#1909 = CIRCLE ( 'NONE', #2907, 1.000000000000000888 ) ;
#1910 = DIRECTION ( 'NONE',  ( 0.000000000000000000, 0.000000000000000000, -1.000000000000000000 ) ) ;
#1911 = EDGE_CURVE ( 'NONE', #1539, #2490, #807, .T. ) ;
#1912 = DIRECTION ( 'NONE',  ( 1.000000000000000000, 0.000000000000000000, -1.982541115402065702E-15 ) ) ;
#1913 = ORIENTED_EDGE ( 'NONE', *, *, #956, .F. ) ;
#1914 = ORIENTED_EDGE ( 'NONE', *, *, #1522, .F. ) ;
#1915 = CARTESIAN_POINT ( 'NONE',  ( 6.599999999999999645, -30.26336871769660775, 0.000000000000000000 ) ) ;
#1916 = LINE ( 'NONE', #1268, #315 ) ;
#1917 = ADVANCED_FACE ( 'NONE', ( #1923, #4279 ), #1233, .T. ) ;
#1918 = DIRECTION ( 'NONE',  ( 0.000000000000000000, 1.000000000000000000, 0.000000000000000000 ) ) ;
#1919 = VERTEX_POINT ( 'NONE', #2905 ) ;
#1920 = ORIENTED_EDGE ( 'NONE', *, *, #4219, .T. ) ;
#1921 = EDGE_CURVE ( 'NONE', #4238, #1737, #644, .T. ) ;
#1922 = EDGE_LOOP ( 'NONE', ( #4429, #2336, #563, #1519 ) ) ;
#1923 = FACE_OUTER_BOUND ( 'NONE', #3993, .T. ) ;
#1924 = LINE ( 'NONE', #2529, #2945 ) ;
#1925 = EDGE_CURVE ( 'NONE', #3455, #1737, #3202, .T. ) ;
#1926 = EDGE_CURVE ( 'NONE', #3465, #1162, #465, .T. ) ;
#1927 = ORIENTED_EDGE ( 'NONE', *, *, #2009, .T. ) ;
#1928 = VECTOR ( 'NONE', #2204, 1000.000000000000000 ) ;
#1929 = LINE ( 'NONE', #4011, #3488 ) ;
#1930 = CARTESIAN_POINT ( 'NONE',  ( 3.500000000000000000, 2.900000000000003464, -52.50000000000000000 ) ) ;
#1931 = CIRCLE ( 'NONE', #1498, 1.000000000000000888 ) ;
#1932 = ORIENTED_EDGE ( 'NONE', *, *, #2751, .T. ) ;
#1933 = DIRECTION ( 'NONE',  ( 0.000000000000000000, 0.000000000000000000, 1.000000000000000000 ) ) ;
#1934 = AXIS2_PLACEMENT_3D ( 'NONE', #1283, #1036, #4352 ) ;
#1935 = CARTESIAN_POINT ( 'NONE',  ( 64.20000000000000284, -5.500999999999998558, -49.00000000000000000 ) ) ;
#1936 = ORIENTED_EDGE ( 'NONE', *, *, #3230, .F. ) ;
#1937 = ORIENTED_EDGE ( 'NONE', *, *, #3970, .F. ) ;
#1938 = CIRCLE ( 'NONE', #3294, 1.300000000000001599 ) ;
#1939 = DIRECTION ( 'NONE',  ( 0.000000000000000000, 1.000000000000000000, -0.000000000000000000 ) ) ;
#1940 = DIRECTION ( 'NONE',  ( 0.000000000000000000, -1.000000000000000000, 0.000000000000000000 ) ) ;
#1941 = DIRECTION ( 'NONE',  ( -0.000000000000000000, 1.000000000000000000, -0.000000000000000000 ) ) ;
#1942 = ORIENTED_EDGE ( 'NONE', *, *, #1348, .T. ) ;
#1943 = EDGE_CURVE ( 'NONE', #35, #2129, #1880, .T. ) ;
#1944 = ORIENTED_EDGE ( 'NONE', *, *, #1792, .T. ) ;
#1945 = VECTOR ( 'NONE', #3358, 1000.000000000000000 ) ;
#1946 = EDGE_CURVE ( 'NONE', #2964, #1919, #2573, .T. ) ;
#1947 = ORIENTED_EDGE ( 'NONE', *, *, #804, .F. ) ;
#1948 = DIRECTION ( 'NONE',  ( 0.000000000000000000, -1.000000000000000000, 0.000000000000000000 ) ) ;
#1949 = DIRECTION ( 'NONE',  ( -1.334402673828311367E-16, 0.000000000000000000, 1.000000000000000000 ) ) ;
#1950 = VECTOR ( 'NONE', #318, 999.9999999999998863 ) ;
#1951 = ORIENTED_EDGE ( 'NONE', *, *, #71, .T. ) ;
#1952 = DIRECTION ( 'NONE',  ( 0.000000000000000000, 0.000000000000000000, 1.000000000000000000 ) ) ;
#1953 = PLANE ( 'NONE',  #1007 ) ;
#1954 = DIRECTION ( 'NONE',  ( -0.000000000000000000, 1.000000000000000000, -0.000000000000000000 ) ) ;
#1955 = EDGE_LOOP ( 'NONE', ( #170, #1102 ) ) ;
#1956 = DATE_AND_TIME ( #4331, #3385 ) ;
#1957 = AXIS2_PLACEMENT_3D ( 'NONE', #4199, #2514, #3819 ) ;
#1958 = LINE ( 'NONE', #2914, #2765 ) ;
#1959 = LINE ( 'NONE', #1978, #2447 ) ;
#1960 = ORIENTED_EDGE ( 'NONE', *, *, #1795, .T. ) ;
#1961 = EDGE_LOOP ( 'NONE', ( #2893, #2044, #342, #3189 ) ) ;
#1962 = LINE ( 'NONE', #4022, #1476 ) ;
#1963 = EDGE_CURVE ( 'NONE', #2647, #1780, #3785, .T. ) ;
#1964 = DIRECTION ( 'NONE',  ( -2.668805347656626678E-16, 0.000000000000000000, -1.000000000000000000 ) ) ;
#1965 = CARTESIAN_POINT ( 'NONE',  ( 59.20000000000000284, 0.000000000000000000, -49.00000000000000000 ) ) ;
#1966 = VERTEX_POINT ( 'NONE', #1900 ) ;
#1967 = ORIENTED_EDGE ( 'NONE', *, *, #4307, .F. ) ;
#1968 = CARTESIAN_POINT ( 'NONE',  ( 56.00000000000000000, 2.899999999999999911, -47.99999999999999289 ) ) ;
#1969 = FACE_OUTER_BOUND ( 'NONE', #58, .T. ) ;
#1970 = ORIENTED_EDGE ( 'NONE', *, *, #405, .F. ) ;
#1971 = EDGE_CURVE ( 'NONE', #2635, #2174, #2778, .T. ) ;
#1972 = DIRECTION ( 'NONE',  ( 0.000000000000000000, -1.000000000000000000, 0.000000000000000000 ) ) ;
#1973 = CARTESIAN_POINT ( 'NONE',  ( -3.000000000000000000, -5.499999999999998224, -49.50000000000000711 ) ) ;
#1974 = CARTESIAN_POINT ( 'NONE',  ( 0.000000000000000000, 0.7000000000000000666, 0.000000000000000000 ) ) ;
#1975 = ORIENTED_EDGE ( 'NONE', *, *, #1306, .F. ) ;
#1976 = PERSON_AND_ORGANIZATION ( #3907, #3451 ) ;
#1977 = DIRECTION ( 'NONE',  ( 0.000000000000000000, 0.000000000000000000, -1.000000000000000000 ) ) ;
#1978 = CARTESIAN_POINT ( 'NONE',  ( 70.70000000000000284, 2.899999999999999911, -1.000000000000000000 ) ) ;
#1979 = AXIS2_PLACEMENT_3D ( 'NONE', #2875, #2562, #1809 ) ;
#1980 = ORIENTED_EDGE ( 'NONE', *, *, #604, .F. ) ;
#1981 = ORIENTED_EDGE ( 'NONE', *, *, #717, .F. ) ;
#1982 = DIRECTION ( 'NONE',  ( 0.000000000000000000, 0.000000000000000000, -1.000000000000000000 ) ) ;
#1983 = AXIS2_PLACEMENT_3D ( 'NONE', #274, #703, #1310 ) ;
#1984 = CARTESIAN_POINT ( 'NONE',  ( 55.73172798364528546, -5.500999999999998558, -26.23172798364529612 ) ) ;
#1985 = VECTOR ( 'NONE', #3107, 1000.000000000000000 ) ;
#1986 = DIRECTION ( 'NONE',  ( 1.000000000000000000, 0.000000000000000000, 0.000000000000000000 ) ) ;
#1987 = ADVANCED_FACE ( 'NONE', ( #1834 ), #3268, .F. ) ;
#1988 = CIRCLE ( 'NONE', #2768, 3.000000000000000000 ) ;
#1989 = LINE ( 'NONE', #1965, #3361 ) ;
#1990 = ORIENTED_EDGE ( 'NONE', *, *, #3584, .T. ) ;
#1991 = CARTESIAN_POINT ( 'NONE',  ( 41.49999999999999289, -3.799999999999999822, -26.99999999999999645 ) ) ;
#1992 = LINE ( 'NONE', #3694, #1945 ) ;
#1993 = VERTEX_POINT ( 'NONE', #1165 ) ;
#1994 = ADVANCED_FACE ( 'NONE', ( #3223 ), #2528, .T. ) ;
#1995 = DIRECTION ( 'NONE',  ( 0.000000000000000000, 0.000000000000000000, -1.000000000000000000 ) ) ;
#1996 = AXIS2_PLACEMENT_3D ( 'NONE', #3811, #744, #200 ) ;
#1997 = DIRECTION ( 'NONE',  ( -0.000000000000000000, -1.000000000000000000, -0.000000000000000000 ) ) ;
#1998 = LINE ( 'NONE', #340, #3519 ) ;
#1999 = EDGE_LOOP ( 'NONE', ( #1484, #568, #3739, #1245 ) ) ;
#2000 = DIRECTION ( 'NONE',  ( -5.337610695313252371E-16, 0.000000000000000000, -1.000000000000000000 ) ) ;
#2001 = VECTOR ( 'NONE', #1820, 1000.000000000000000 ) ;
#2002 = ORIENTED_EDGE ( 'NONE', *, *, #666, .T. ) ;
#2003 = ADVANCED_FACE ( 'NONE', ( #515 ), #2930, .F. ) ;
#2004 = ORIENTED_EDGE ( 'NONE', *, *, #2439, .F. ) ;
#2005 = DIRECTION ( 'NONE',  ( 0.000000000000000000, 0.000000000000000000, -1.000000000000000000 ) ) ;
#2006 = LINE ( 'NONE', #2743, #396 ) ;
#2007 = CARTESIAN_POINT ( 'NONE',  ( 48.50000000000000000, 0.6999999999999992895, -23.00000000000000000 ) ) ;
#2008 = AXIS2_PLACEMENT_3D ( 'NONE', #1170, #2531, #2912 ) ;
#2009 = EDGE_CURVE ( 'NONE', #2892, #3496, #2597, .T. ) ;
#2010 = PLANE ( 'NONE',  #933 ) ;
#2011 = ORIENTED_EDGE ( 'NONE', *, *, #2616, .T. ) ;
#2012 = CARTESIAN_POINT ( 'NONE',  ( 61.50000000000000711, -5.499999999999998224, -3.500000000000000000 ) ) ;
#2013 = CARTESIAN_POINT ( 'NONE',  ( 3.500000000000000000, 0.000000000000000000, -49.50000000000000711 ) ) ;
#2014 = ORIENTED_EDGE ( 'NONE', *, *, #1720, .F. ) ;
#2015 = AXIS2_PLACEMENT_3D ( 'NONE', #74, #3182, #1035 ) ;
#2016 = CONICAL_SURFACE ( 'NONE', #89, 0.5000000000000004441, 0.7853981633974335130 ) ;
#2017 = ADVANCED_FACE ( 'NONE', ( #2260 ), #561, .F. ) ;
#2018 = CARTESIAN_POINT ( 'NONE',  ( 49.89999999999998437, -3.799999999999999822, -37.99999999999998579 ) ) ;
#2019 = LINE ( 'NONE', #4371, #287 ) ;
#2020 = DIRECTION ( 'NONE',  ( 0.000000000000000000, 0.000000000000000000, -1.000000000000000000 ) ) ;
#2021 = VERTEX_POINT ( 'NONE', #1344 ) ;
#2022 = LINE ( 'NONE', #1640, #832 ) ;
#2023 = ADVANCED_FACE ( 'NONE', ( #312 ), #2035, .T. ) ;
#2024 = CARTESIAN_POINT ( 'NONE',  ( 58.19999999999999574, -3.799999999999999822, -27.50000000000000000 ) ) ;
#2025 = ORIENTED_EDGE ( 'NONE', *, *, #3110, .T. ) ;
#2026 = CARTESIAN_POINT ( 'NONE',  ( 5.000000000000002665, 0.000000000000000000, -16.49999999999999645 ) ) ;
#2027 = FACE_OUTER_BOUND ( 'NONE', #597, .T. ) ;
#2028 = DIRECTION ( 'NONE',  ( 1.000000000000000000, 0.000000000000000000, 9.912705577010328508E-16 ) ) ;
#2029 = EDGE_CURVE ( 'NONE', #4315, #2586, #3382, .T. ) ;
#2030 = CARTESIAN_POINT ( 'NONE',  ( -3.000000000000000000, -5.500999999999998558, -39.50000000000000000 ) ) ;
#2031 = CONICAL_SURFACE ( 'NONE', #3176, 0.4999999999999865663, 0.7853981633974613796 ) ;
#2032 = DIRECTION ( 'NONE',  ( 0.000000000000000000, -1.000000000000000000, 0.000000000000000000 ) ) ;
#2033 = VERTEX_POINT ( 'NONE', #2683 ) ;
#2034 = ORIENTED_EDGE ( 'NONE', *, *, #3185, .T. ) ;
#2035 = CYLINDRICAL_SURFACE ( 'NONE', #134, 1.000000000000000888 ) ;
#2036 = CARTESIAN_POINT ( 'NONE',  ( 3.500000000000000000, 0.000000000000000000, -52.50000000000000000 ) ) ;
#2037 = ORIENTED_EDGE ( 'NONE', *, *, #62, .T. ) ;
#2038 = FACE_BOUND ( 'NONE', #3026, .T. ) ;
#2039 = CARTESIAN_POINT ( 'NONE',  ( 50.90000000000000568, -3.299999999999999378, -2.716843843914445791E-14 ) ) ;
#2040 = DIRECTION ( 'NONE',  ( 0.7071067811865574537, -0.7071067811865376918, 0.000000000000000000 ) ) ;
#2041 = ORIENTED_EDGE ( 'NONE', *, *, #1754, .F. ) ;
#2042 = DIRECTION ( 'NONE',  ( -0.000000000000000000, -1.000000000000000000, -0.000000000000000000 ) ) ;
#2043 = CARTESIAN_POINT ( 'NONE',  ( -3.000000000000000444, 2.899999999999999911, -13.49999999999999822 ) ) ;
#2044 = ORIENTED_EDGE ( 'NONE', *, *, #2659, .F. ) ;
#2045 = CARTESIAN_POINT ( 'NONE',  ( 6.600000000000000533, -2.000000000000000000, 0.000000000000000000 ) ) ;
#2046 = DIRECTION ( 'NONE',  ( 0.000000000000000000, -1.000000000000000000, 0.000000000000000000 ) ) ;
#2047 = DIRECTION ( 'NONE',  ( 0.000000000000000000, 0.000000000000000000, -1.000000000000000000 ) ) ;
#2048 = EDGE_CURVE ( 'NONE', #2054, #1867, #999, .T. ) ;
#2049 = FACE_OUTER_BOUND ( 'NONE', #3489, .T. ) ;
#2050 = CARTESIAN_POINT ( 'NONE',  ( 62.69999999999998863, -5.500999999999998558, -44.00000000000001421 ) ) ;
#2051 = EDGE_CURVE ( 'NONE', #2879, #4227, #4346, .T. ) ;
#2052 = VECTOR ( 'NONE', #2460, 1000.000000000000000 ) ;
#2053 = ORIENTED_EDGE ( 'NONE', *, *, #3651, .F. ) ;
#2054 = VERTEX_POINT ( 'NONE', #4389 ) ;
#2055 = DIRECTION ( 'NONE',  ( -1.000000000000000000, 0.000000000000000000, 0.000000000000000000 ) ) ;
#2056 = ORIENTED_EDGE ( 'NONE', *, *, #550, .T. ) ;
#2057 = LINE ( 'NONE', #1391, #192 ) ;
#2058 = DIRECTION ( 'NONE',  ( -0.000000000000000000, 1.000000000000000000, -0.000000000000000000 ) ) ;
#2059 = EDGE_CURVE ( 'NONE', #152, #621, #3639, .T. ) ;
#2060 = ADVANCED_FACE ( 'NONE', ( #1010 ), #4073, .T. ) ;
#2061 = CARTESIAN_POINT ( 'NONE',  ( 36.50000000000002132, -2.299999999999999378, -1.948227903789338096E-14 ) ) ;
#2062 = ORIENTED_EDGE ( 'NONE', *, *, #1740, .F. ) ;
#2063 = DIRECTION ( 'NONE',  ( -0.000000000000000000, 1.000000000000000000, -0.000000000000000000 ) ) ;
#2064 = AXIS2_PLACEMENT_3D ( 'NONE', #1478, #2839, #2951 ) ;
#2065 = CARTESIAN_POINT ( 'NONE',  ( 44.49999999999998579, 2.900000000000003464, -20.00000000000000000 ) ) ;
#2066 = ORIENTED_EDGE ( 'NONE', *, *, #1360, .F. ) ;
#2067 = DIRECTION ( 'NONE',  ( 0.000000000000000000, 0.000000000000000000, 1.000000000000000000 ) ) ;
#2068 = ORIENTED_EDGE ( 'NONE', *, *, #2216, .T. ) ;
#2069 = LINE ( 'NONE', #38, #1905 ) ;
#2070 = CARTESIAN_POINT ( 'NONE',  ( 63.20000000000000284, -5.500999999999998558, -45.00000000000001421 ) ) ;
#2071 = LINE ( 'NONE', #3440, #124 ) ;
#2072 = EDGE_CURVE ( 'NONE', #1616, #1117, #1609, .T. ) ;
#2073 = CARTESIAN_POINT ( 'NONE',  ( 35.50000000000000000, 0.000000000000000000, -37.99999999999999289 ) ) ;
#2074 = VECTOR ( 'NONE', #4351, 1000.000000000000000 ) ;
#2075 = VERTEX_POINT ( 'NONE', #4050 ) ;
#2076 = ORIENTED_EDGE ( 'NONE', *, *, #1368, .F. ) ;
#2077 = DIRECTION ( 'NONE',  ( 0.000000000000000000, -1.000000000000000000, 0.000000000000000000 ) ) ;
#2078 = EDGE_LOOP ( 'NONE', ( #3393, #914, #4265, #936 ) ) ;
#2079 = ADVANCED_FACE ( 'NONE', ( #2618 ), #223, .F. ) ;
#2080 = FACE_BOUND ( 'NONE', #1854, .T. ) ;
#2081 = CARTESIAN_POINT ( 'NONE',  ( 61.69999999999999574, 0.000000000000000000, -43.00000000000000711 ) ) ;
#2082 = CARTESIAN_POINT ( 'NONE',  ( 58.19999999999999574, -3.799999999999999822, -26.50000000000000000 ) ) ;
#2083 = AXIS2_PLACEMENT_3D ( 'NONE', #4210, #3243, #1185 ) ;
#2084 = ORIENTED_EDGE ( 'NONE', *, *, #1270, .T. ) ;
#2085 = CIRCLE ( 'NONE', #733, 1.000000000000000888 ) ;
#2086 = DIRECTION ( 'NONE',  ( 1.000000000000000000, 0.000000000000000000, 0.000000000000000000 ) ) ;
#2087 = VERTEX_POINT ( 'NONE', #3737 ) ;
#2088 = DIRECTION ( 'NONE',  ( 0.000000000000000000, 0.000000000000000000, 1.000000000000000000 ) ) ;
#2089 = VERTEX_POINT ( 'NONE', #2704 ) ;
#2090 = LINE ( 'NONE', #1690, #4405 ) ;
#2091 = SECURITY_CLASSIFICATION ( '', '', #900 ) ;
#2092 = LINE ( 'NONE', #2457, #1412 ) ;
#2093 = DIRECTION ( 'NONE',  ( -0.000000000000000000, 1.000000000000000000, -0.000000000000000000 ) ) ;
#2094 = EDGE_CURVE ( 'NONE', #3658, #3114, #965, .T. ) ;
#2095 = LINE ( 'NONE', #3463, #1768 ) ;
#2096 = CARTESIAN_POINT ( 'NONE',  ( 49.89999999999998437, -3.299999999999999378, -37.99999999999998579 ) ) ;
#2097 = ORIENTED_EDGE ( 'NONE', *, *, #2787, .T. ) ;
#2098 = ORIENTED_EDGE ( 'NONE', *, *, #219, .T. ) ;
#2099 = CARTESIAN_POINT ( 'NONE',  ( 46.50000000000000711, 0.000000000000000000, -23.00000000000000000 ) ) ;
#2100 = ORIENTED_EDGE ( 'NONE', *, *, #628, .T. ) ;
#2101 = PLANE ( 'NONE',  #4416 ) ;
#2102 = LINE ( 'NONE', #764, #2444 ) ;
#2103 = CYLINDRICAL_SURFACE ( 'NONE', #232, 0.5500000000000018208 ) ;
#2104 = EDGE_CURVE ( 'NONE', #2174, #953, #2349, .T. ) ;
#2105 = FACE_BOUND ( 'NONE', #1012, .T. ) ;
#2106 = ORIENTED_EDGE ( 'NONE', *, *, #3602, .F. ) ;
#2107 = PLANE ( 'NONE',  #1569 ) ;
#2108 = ORIENTED_EDGE ( 'NONE', *, *, #3913, .F. ) ;
#2109 = AXIS2_PLACEMENT_3D ( 'NONE', #3975, #907, #4336 ) ;
#2110 = LINE ( 'NONE', #1843, #3116 ) ;
#2111 = DIRECTION ( 'NONE',  ( 0.000000000000000000, 0.000000000000000000, 1.000000000000000000 ) ) ;
#2112 = ADVANCED_FACE ( 'NONE', ( #3714 ), #653, .T. ) ;
#2113 = DIRECTION ( 'NONE',  ( 0.000000000000000000, -1.000000000000000000, 0.000000000000000000 ) ) ;
#2114 = EDGE_CURVE ( 'NONE', #1355, #3940, #2424, .T. ) ;
#2115 = CYLINDRICAL_SURFACE ( 'NONE', #2762, 2.000000000000001776 ) ;
#2116 = EDGE_CURVE ( 'NONE', #353, #2879, #1655, .T. ) ;
#2117 = VECTOR ( 'NONE', #1177, 999.9999999999998863 ) ;
#2118 = CARTESIAN_POINT ( 'NONE',  ( 0.000000000000000000, -5.500999999999998558, -13.50000000000000000 ) ) ;
#2119 = VERTEX_POINT ( 'NONE', #3333 ) ;
#2120 = CIRCLE ( 'NONE', #4045, 3.000000000000002665 ) ;
#2121 = FACE_OUTER_BOUND ( 'NONE', #4319, .T. ) ;
#2122 = CIRCLE ( 'NONE', #1341, 0.4999999999999865663 ) ;
#2123 = ORIENTED_EDGE ( 'NONE', *, *, #594, .F. ) ;
#2124 = VERTEX_POINT ( 'NONE', #264 ) ;
#2125 = AXIS2_PLACEMENT_3D ( 'NONE', #1262, #2868, #3589 ) ;
#2126 = LINE ( 'NONE', #721, #589 ) ;
#2127 = FACE_OUTER_BOUND ( 'NONE', #1487, .T. ) ;
#2128 = DIRECTION ( 'NONE',  ( 1.000000000000000000, 0.000000000000000000, 2.775557561562891844E-16 ) ) ;
#2129 = VERTEX_POINT ( 'NONE', #1630 ) ;
#2130 = CARTESIAN_POINT ( 'NONE',  ( 6.600000000000000533, -2.000000000000000000, 0.000000000000000000 ) ) ;
#2131 = EDGE_CURVE ( 'NONE', #3559, #1300, #3001, .T. ) ;
#2132 = ORIENTED_EDGE ( 'NONE', *, *, #2212, .T. ) ;
#2133 = DIRECTION ( 'NONE',  ( -0.000000000000000000, 1.000000000000000000, -0.000000000000000000 ) ) ;
#2134 = DIRECTION ( 'NONE',  ( 0.000000000000000000, 1.000000000000000000, 0.000000000000000000 ) ) ;
#2135 = EDGE_CURVE ( 'NONE', #3522, #2794, #631, .T. ) ;
#2136 = CARTESIAN_POINT ( 'NONE',  ( 63.19999999999998153, 0.000000000000000000, -21.50000000000000000 ) ) ;
#2137 = CARTESIAN_POINT ( 'NONE',  ( 58.50000000000000000, -5.499999999999998224, -3.500000000000000444 ) ) ;
#2138 = VECTOR ( 'NONE', #2055, 1000.000000000000000 ) ;
#2139 = CARTESIAN_POINT ( 'NONE',  ( 58.19999999999999574, -3.299999999999985612, -21.50000000000000000 ) ) ;
#2140 = CARTESIAN_POINT ( 'NONE',  ( 50.39999999999997016, -3.799999999999999822, -37.99999999999998579 ) ) ;
#2141 = AXIS2_PLACEMENT_3D ( 'NONE', #4129, #3103, #1061 ) ;
#2142 = ORIENTED_EDGE ( 'NONE', *, *, #273, .F. ) ;
#2143 = ORIENTED_EDGE ( 'NONE', *, *, #4414, .T. ) ;
#2144 = CARTESIAN_POINT ( 'NONE',  ( 69.70000000000000284, 10.00000000000000000, -1.000000000000000000 ) ) ;
#2145 = AXIS2_PLACEMENT_3D ( 'NONE', #2959, #3631, #3945 ) ;
#2146 = DIRECTION ( 'NONE',  ( 0.000000000000000000, -1.000000000000000000, 0.000000000000000000 ) ) ;
#2147 = DIRECTION ( 'NONE',  ( 0.000000000000000000, -1.000000000000000000, -0.000000000000000000 ) ) ;
#2148 = EDGE_CURVE ( 'NONE', #3335, #1767, #3027, .T. ) ;
#2149 = FACE_OUTER_BOUND ( 'NONE', #1890, .T. ) ;
#2150 = DIRECTION ( 'NONE',  ( -0.000000000000000000, -1.000000000000000000, 0.000000000000000000 ) ) ;
#2151 = ORIENTED_EDGE ( 'NONE', *, *, #3371, .T. ) ;
#2152 = DIRECTION ( 'NONE',  ( 0.000000000000000000, 0.000000000000000000, -1.000000000000000000 ) ) ;
#2153 = EDGE_CURVE ( 'NONE', #3120, #2208, #2360, .T. ) ;
#2154 = CARTESIAN_POINT ( 'NONE',  ( 41.49999999999998579, -3.799999999999999822, -38.99999999999999289 ) ) ;
#2155 = AXIS2_PLACEMENT_3D ( 'NONE', #2767, #4136, #671 ) ;
#2156 = ORIENTED_EDGE ( 'NONE', *, *, #1017, .T. ) ;
#2157 = PLANE ( 'NONE',  #401 ) ;
#2158 = CARTESIAN_POINT ( 'NONE',  ( 63.19999999999998153, -3.799999999999999822, -26.99999999999999645 ) ) ;
#2159 = EDGE_CURVE ( 'NONE', #874, #4076, #3066, .T. ) ;
#2160 = CARTESIAN_POINT ( 'NONE',  ( 56.00000000000000000, 2.899999999999999911, -51.00000000000000000 ) ) ;
#2161 = VERTEX_POINT ( 'NONE', #355 ) ;
#2162 = VERTEX_POINT ( 'NONE', #4432 ) ;
#2163 = DIRECTION ( 'NONE',  ( 1.000000000000000000, 0.000000000000000000, 9.912705577010348229E-16 ) ) ;
#2164 = CARTESIAN_POINT ( 'NONE',  ( 49.89999999999999147, -3.799999999999999822, -26.50000000000000711 ) ) ;
#2165 = CARTESIAN_POINT ( 'NONE',  ( 58.19999999999999574, -3.299999999999985612, -27.50000000000000000 ) ) ;
#2166 = VECTOR ( 'NONE', #3464, 1000.000000000000000 ) ;
#2167 = EDGE_CURVE ( 'NONE', #334, #3661, #1359, .T. ) ;
#2168 = DIRECTION ( 'NONE',  ( -2.668805347656627171E-16, 0.000000000000000000, -1.000000000000000000 ) ) ;
#2169 = DIRECTION ( 'NONE',  ( -0.000000000000000000, -1.000000000000000000, -0.000000000000000000 ) ) ;
#2170 = ORIENTED_EDGE ( 'NONE', *, *, #2681, .T. ) ;
#2171 = DIRECTION ( 'NONE',  ( 0.000000000000000000, 1.000000000000000000, 0.000000000000000000 ) ) ;
#2172 = DIRECTION ( 'NONE',  ( 0.000000000000000000, 1.000000000000000000, 0.000000000000000000 ) ) ;
#2173 = ORIENTED_EDGE ( 'NONE', *, *, #3411, .T. ) ;
#2174 = VERTEX_POINT ( 'NONE', #4139 ) ;
#2175 = DIRECTION ( 'NONE',  ( -0.000000000000000000, -1.000000000000000000, -0.000000000000000000 ) ) ;
#2176 = EDGE_CURVE ( 'NONE', #838, #560, #1365, .T. ) ;
#2177 = DIRECTION ( 'NONE',  ( -0.000000000000000000, 1.000000000000000000, -0.000000000000000000 ) ) ;
#2178 = DIRECTION ( 'NONE',  ( 0.000000000000000000, -1.000000000000000000, 0.000000000000000000 ) ) ;
#2179 = EDGE_CURVE ( 'NONE', #3658, #2999, #716, .T. ) ;
#2180 = ORIENTED_EDGE ( 'NONE', *, *, #3475, .F. ) ;
#2181 = ORIENTED_EDGE ( 'NONE', *, *, #2059, .F. ) ;
#2182 = CARTESIAN_POINT ( 'NONE',  ( 64.50000000000000000, -5.499999999999998224, 0.000000000000000000 ) ) ;
#2183 = CIRCLE ( 'NONE', #331, 0.5000000000000004441 ) ;
#2184 = ADVANCED_FACE ( 'NONE', ( #2771 ), #1410, .F. ) ;
#2185 = CARTESIAN_POINT ( 'NONE',  ( 36.00000000000000711, -2.799999999999999822, -1.921539850312771130E-14 ) ) ;
#2186 = DIRECTION ( 'NONE',  ( 0.000000000000000000, -0.7071067811865574537, 0.7071067811865376918 ) ) ;
#2187 = CIRCLE ( 'NONE', #1695, 2.000000000000001776 ) ;
#2188 = AXIS2_PLACEMENT_3D ( 'NONE', #4090, #1649, #1691 ) ;
#2189 = VECTOR ( 'NONE', #430, 1000.000000000000000 ) ;
#2190 = EDGE_CURVE ( 'NONE', #4087, #3105, #3137, .T. ) ;
#2191 = EDGE_CURVE ( 'NONE', #4007, #1575, #2463, .T. ) ;
#2192 = CARTESIAN_POINT ( 'NONE',  ( 65.00000000000001421, -30.26336871769660775, -52.50000000000000711 ) ) ;
#2193 = CARTESIAN_POINT ( 'NONE',  ( 66.20000000000000284, 0.000000000000000000, -38.02262259013050283 ) ) ;
#2194 = ORIENTED_EDGE ( 'NONE', *, *, #4391, .F. ) ;
#2195 = FACE_OUTER_BOUND ( 'NONE', #197, .T. ) ;
#2196 = DIRECTION ( 'NONE',  ( -0.000000000000000000, 1.000000000000000000, -0.000000000000000000 ) ) ;
#2197 = EDGE_LOOP ( 'NONE', ( #2181, #4380, #1896, #1395 ) ) ;
#2198 = PRODUCT ( '散热上壳（下）（CNC）', '散热上壳（下）（CNC）', '', ( #2294 ) ) ;
#2199 = EDGE_LOOP ( 'NONE', ( #1937, #2223, #3848, #4357 ) ) ;
#2200 = ORIENTED_EDGE ( 'NONE', *, *, #3436, .F. ) ;
#2201 = LINE ( 'NONE', #778, #627 ) ;
#2202 = DIRECTION ( 'NONE',  ( -3.154042683594194627E-16, 0.000000000000000000, 1.000000000000000000 ) ) ;
#2203 = EDGE_CURVE ( 'NONE', #3309, #1171, #3467, .T. ) ;
#2204 = DIRECTION ( 'NONE',  ( -1.000000000000000000, 0.000000000000000000, -0.000000000000000000 ) ) ;
#2205 = VECTOR ( 'NONE', #290, 1000.000000000000000 ) ;
#2206 = VERTEX_POINT ( 'NONE', #399 ) ;
#2207 = UNCERTAINTY_MEASURE_WITH_UNIT (LENGTH_MEASURE( 1.000000000000000082E-05 ), #522, 'distance_accuracy_value', 'NONE');
#2208 = VERTEX_POINT ( 'NONE', #3759 ) ;
#2209 = AXIS2_PLACEMENT_3D ( 'NONE', #4086, #705, #1019 ) ;
#2210 = DIRECTION ( 'NONE',  ( 0.000000000000000000, 0.000000000000000000, -1.000000000000000000 ) ) ;
#2211 = VECTOR ( 'NONE', #3497, 1000.000000000000000 ) ;
#2212 = EDGE_CURVE ( 'NONE', #2913, #3120, #1769, .T. ) ;
#2213 = CARTESIAN_POINT ( 'NONE',  ( 63.69999999999999574, -3.799999999999999822, -21.50000000000000000 ) ) ;
#2214 = CARTESIAN_POINT ( 'NONE',  ( 59.00000000000000711, 2.899999999999999911, -56.00000000000000000 ) ) ;
#2215 = ORIENTED_EDGE ( 'NONE', *, *, #1596, .T. ) ;
#2216 = EDGE_CURVE ( 'NONE', #2695, #100, #1389, .T. ) ;
#2217 = VECTOR ( 'NONE', #1351, 1000.000000000000000 ) ;
#2218 = CARTESIAN_POINT ( 'NONE',  ( 63.20000000000000284, 0.000000000000000000, -44.00000000000001421 ) ) ;
#2219 = LINE ( 'NONE', #3248, #2217 ) ;
#2220 = ORIENTED_EDGE ( 'NONE', *, *, #2638, .F. ) ;
#2221 = CALENDAR_DATE ( 2025, 6, 12 ) ;
#2222 = PLANE ( 'NONE',  #2125 ) ;
#2223 = ORIENTED_EDGE ( 'NONE', *, *, #2521, .T. ) ;
#2224 = EDGE_LOOP ( 'NONE', ( #4415, #1722, #1083, #1221 ) ) ;
#2225 = ORIENTED_EDGE ( 'NONE', *, *, #2305, .T. ) ;
#2226 = VECTOR ( 'NONE', #487, 1000.000000000000000 ) ;
#2227 = CYLINDRICAL_SURFACE ( 'NONE', #3766, 0.5500000000000018208 ) ;
#2228 = VECTOR ( 'NONE', #3578, 1000.000000000000000 ) ;
#2229 = CARTESIAN_POINT ( 'NONE',  ( 56.00000000000000000, 2.899999999999999911, -47.99999999999999289 ) ) ;
#2230 = CIRCLE ( 'NONE', #305, 0.5500000000000035971 ) ;
#2231 = LINE ( 'NONE', #3177, #2287 ) ;
#2232 = ORIENTED_EDGE ( 'NONE', *, *, #1713, .T. ) ;
#2233 = ORIENTED_EDGE ( 'NONE', *, *, #1477, .F. ) ;
#2234 = PRODUCT_DEFINITION_FORMATION_WITH_SPECIFIED_SOURCE ( '任何', '', #2198, .NOT_KNOWN. ) ;
#2235 = CARTESIAN_POINT ( 'NONE',  ( 2.032104643287123103E-14, -3.799999999999999822, -20.50000000000006040 ) ) ;
#2236 = ORIENTED_EDGE ( 'NONE', *, *, #2542, .F. ) ;
#2237 = DIRECTION ( 'NONE',  ( 1.000000000000000000, 0.000000000000000000, 0.000000000000000000 ) ) ;
#2238 = CARTESIAN_POINT ( 'NONE',  ( 58.19999999999999574, -3.299999999999985612, -20.50000000000000355 ) ) ;
#2239 = ORIENTED_EDGE ( 'NONE', *, *, #3460, .F. ) ;
#2240 = PRODUCT_DEFINITION_SHAPE ( 'NONE', 'NONE',  #1675 ) ;
#2241 = DIRECTION ( 'NONE',  ( 0.000000000000000000, 1.000000000000000000, 0.000000000000000000 ) ) ;
#2242 = CIRCLE ( 'NONE', #1033, 3.000000000000002665 ) ;
#2243 = DIRECTION ( 'NONE',  ( -0.000000000000000000, 1.000000000000000000, -0.000000000000000000 ) ) ;
#2244 = VERTEX_POINT ( 'NONE', #2796 ) ;
#2245 = APPROVAL_DATE_TIME ( #230, #90 ) ;
#2246 = ADVANCED_FACE ( 'NONE', ( #2121, #1723 ), #3847, .T. ) ;
#2247 = DIRECTION ( 'NONE',  ( 0.000000000000000000, 0.000000000000000000, 1.000000000000000000 ) ) ;
#2248 = ORIENTED_EDGE ( 'NONE', *, *, #3789, .T. ) ;
#2249 = ORIENTED_EDGE ( 'NONE', *, *, #2314, .T. ) ;
#2250 = ORIENTED_EDGE ( 'NONE', *, *, #2574, .T. ) ;
#2251 = CARTESIAN_POINT ( 'NONE',  ( 64.20000000000000284, 0.000000000000000000, -45.00000000000001421 ) ) ;
#2252 = DIRECTION ( 'NONE',  ( 0.000000000000000000, -1.000000000000000000, 0.000000000000000000 ) ) ;
#2253 = EDGE_CURVE ( 'NONE', #1493, #2524, #420, .T. ) ;
#2254 = EDGE_CURVE ( 'NONE', #2161, #1560, #3565, .T. ) ;
#2255 = DIRECTION ( 'NONE',  ( 0.000000000000000000, 0.000000000000000000, 1.000000000000000000 ) ) ;
#2256 = EDGE_CURVE ( 'NONE', #1539, #2281, #332, .T. ) ;
#2257 = EDGE_LOOP ( 'NONE', ( #573, #3433, #2285, #1936 ) ) ;
#2258 = EDGE_LOOP ( 'NONE', ( #3311, #1167, #276, #2123 ) ) ;
#2259 = EDGE_LOOP ( 'NONE', ( #3911, #3213, #133, #4041 ) ) ;
#2260 = FACE_OUTER_BOUND ( 'NONE', #2259, .T. ) ;
#2261 = DIRECTION ( 'NONE',  ( 0.000000000000000000, 0.000000000000000000, 1.000000000000000000 ) ) ;
#2262 = ORIENTED_EDGE ( 'NONE', *, *, #3475, .T. ) ;
#2263 = CIRCLE ( 'NONE', #2691, 0.5500000000000035971 ) ;
#2264 = CARTESIAN_POINT ( 'NONE',  ( 46.50000000000000711, 33.82582403567251816, -20.99999999999999645 ) ) ;
#2265 = CYLINDRICAL_SURFACE ( 'NONE', #2145, 1.300000000000002487 ) ;
#2266 = VECTOR ( 'NONE', #3418, 999.9999999999998863 ) ;
#2267 = VERTEX_POINT ( 'NONE', #2418 ) ;
#2268 = PERSON_AND_ORGANIZATION ( #3907, #3451 ) ;
#2269 = AXIS2_PLACEMENT_3D ( 'NONE', #1887, #1242, #1220 ) ;
#2270 = PLANE ( 'NONE',  #1837 ) ;
#2271 = AXIS2_PLACEMENT_3D ( 'NONE', #2139, #735, #3822 ) ;
#2272 = ORIENTED_EDGE ( 'NONE', *, *, #1189, .F. ) ;
#2273 = ORIENTED_EDGE ( 'NONE', *, *, #753, .T. ) ;
#2274 = ORIENTED_EDGE ( 'NONE', *, *, #3776, .T. ) ;
#2275 = EDGE_CURVE ( 'NONE', #1993, #3286, #3445, .T. ) ;
#2276 = CARTESIAN_POINT ( 'NONE',  ( 4.999999999999998224, 0.000000000000000000, -39.50000000000000711 ) ) ;
#2277 = EDGE_CURVE ( 'NONE', #4226, #2586, #2497, .T. ) ;
#2278 = CARTESIAN_POINT ( 'NONE',  ( 0.000000000000000000, 0.000000000000000000, -53.00000000000000000 ) ) ;
#2279 = DIRECTION ( 'NONE',  ( 0.000000000000000000, 0.000000000000000000, 1.000000000000000000 ) ) ;
#2280 = ORIENTED_EDGE ( 'NONE', *, *, #3727, .T. ) ;
#2281 = VERTEX_POINT ( 'NONE', #443 ) ;
#2282 = EDGE_LOOP ( 'NONE', ( #1297, #1725 ) ) ;
#2283 = DIRECTION ( 'NONE',  ( 0.000000000000000000, 1.000000000000000000, 0.000000000000000000 ) ) ;
#2284 = LINE ( 'NONE', #3315, #2306 ) ;
#2285 = ORIENTED_EDGE ( 'NONE', *, *, #4178, .T. ) ;
#2286 = ORIENTED_EDGE ( 'NONE', *, *, #820, .F. ) ;
#2287 = VECTOR ( 'NONE', #800, 1000.000000000000000 ) ;
#2288 = DIRECTION ( 'NONE',  ( -0.000000000000000000, 1.000000000000000000, -0.000000000000000000 ) ) ;
#2289 = CARTESIAN_POINT ( 'NONE',  ( 25.00000000000000355, -2.799999999999999822, -25.99999999999999645 ) ) ;
#2290 = EDGE_CURVE ( 'NONE', #1073, #2267, #2231, .T. ) ;
#2291 = CARTESIAN_POINT ( 'NONE',  ( 50.90000000000000568, -3.299999999999999378, -2.716843843914445791E-14 ) ) ;
#2292 = VECTOR ( 'NONE', #1651, 1000.000000000000000 ) ;
#2293 = ORIENTED_EDGE ( 'NONE', *, *, #3247, .T. ) ;
#2294 = MECHANICAL_CONTEXT ( 'NONE', #504, 'mechanical' ) ;
#2295 = DIRECTION ( 'NONE',  ( 0.000000000000000000, -0.7071067811865376918, -0.7071067811865574537 ) ) ;
#2296 = CARTESIAN_POINT ( 'NONE',  ( 59.89999999999999858, 2.900000000000003464, -44.66057746756902702 ) ) ;
#2297 = ORIENTED_EDGE ( 'NONE', *, *, #3970, .T. ) ;
#2298 = ORIENTED_EDGE ( 'NONE', *, *, #1652, .T. ) ;
#2299 = DIRECTION ( 'NONE',  ( 1.000000000000000000, 0.000000000000000000, 0.000000000000000000 ) ) ;
#2300 = MANIFOLD_SOLID_BREP ( '倒角1', #3227 ) ;
#2301 = DIRECTION ( 'NONE',  ( 0.000000000000000000, 0.000000000000000000, 1.000000000000000000 ) ) ;
#2302 = CIRCLE ( 'NONE', #1805, 0.5500000000000018208 ) ;
#2303 = CARTESIAN_POINT ( 'NONE',  ( 49.89999999999999147, 0.000000000000000000, -26.99999999999999289 ) ) ;
#2304 = ORIENTED_EDGE ( 'NONE', *, *, #1281, .F. ) ;
#2305 = EDGE_CURVE ( 'NONE', #3212, #4396, #928, .T. ) ;
#2306 = VECTOR ( 'NONE', #3028, 1000.000000000000000 ) ;
#2307 = EDGE_LOOP ( 'NONE', ( #2965, #2871, #615, #3199, #110, #795, #3539, #3645, #1899, #2861 ) ) ;
#2308 = CARTESIAN_POINT ( 'NONE',  ( -3.000000000000000000, 0.000000000000000000, -49.50000000000000711 ) ) ;
#2309 = DIRECTION ( 'NONE',  ( 0.7071067811865574537, -0.7071067811865376918, 0.000000000000000000 ) ) ;
#2310 = ORIENTED_EDGE ( 'NONE', *, *, #1652, .F. ) ;
#2311 = CARTESIAN_POINT ( 'NONE',  ( 64.50000000000000000, -30.26336871769660775, -3.499999999999999556 ) ) ;
#2312 = LINE ( 'NONE', #1014, #1294 ) ;
#2313 = DIRECTION ( 'NONE',  ( 0.000000000000000000, 1.000000000000000000, 0.000000000000000000 ) ) ;
#2314 = EDGE_CURVE ( 'NONE', #4348, #3228, #4295, .T. ) ;
#2315 = ORIENTED_EDGE ( 'NONE', *, *, #2339, .T. ) ;
#2316 = VECTOR ( 'NONE', #1064, 1000.000000000000000 ) ;
#2317 = DIRECTION ( 'NONE',  ( 0.000000000000000000, -0.000000000000000000, -1.000000000000000000 ) ) ;
#2318 = ORIENTED_EDGE ( 'NONE', *, *, #1261, .T. ) ;
#2319 = ORIENTED_EDGE ( 'NONE', *, *, #1756, .T. ) ;
#2320 = ORIENTED_EDGE ( 'NONE', *, *, #1740, .T. ) ;
#2321 = DIRECTION ( 'NONE',  ( 0.000000000000000000, -1.000000000000000000, 0.000000000000000000 ) ) ;
#2322 = CARTESIAN_POINT ( 'NONE',  ( 8.673617379884035472E-16, 2.900000000000003464, -16.50000000000000000 ) ) ;
#2323 = FACE_OUTER_BOUND ( 'NONE', #319, .T. ) ;
#2324 = DIRECTION ( 'NONE',  ( 0.000000000000000000, 0.000000000000000000, 1.000000000000000000 ) ) ;
#2325 = ADVANCED_FACE ( 'NONE', ( #1813 ), #2877, .F. ) ;
#2326 = DIRECTION ( 'NONE',  ( 0.000000000000000000, 0.000000000000000000, -1.000000000000000000 ) ) ;
#2327 = VERTEX_POINT ( 'NONE', #532 ) ;
#2328 = CARTESIAN_POINT ( 'NONE',  ( -6.284281271463146270E-15, -0.000000000000000000, -47.99999999999998579 ) ) ;
#2329 = CARTESIAN_POINT ( 'NONE',  ( 41.49999999999999289, -3.299999999999999378, -25.99999999999999645 ) ) ;
#2330 = AXIS2_PLACEMENT_3D ( 'NONE', #4198, #2455, #413 ) ;
#2331 = VERTEX_POINT ( 'NONE', #2921 ) ;
#2332 = EDGE_CURVE ( 'NONE', #1152, #2856, #424, .T. ) ;
#2333 = LINE ( 'NONE', #1216, #4060 ) ;
#2334 = DIRECTION ( 'NONE',  ( 1.000000000000000000, 0.000000000000000000, 0.000000000000000000 ) ) ;
#2335 = DIRECTION ( 'NONE',  ( 0.000000000000000000, 0.000000000000000000, -1.000000000000000000 ) ) ;
#2336 = ORIENTED_EDGE ( 'NONE', *, *, #1926, .F. ) ;
#2337 = AXIS2_PLACEMENT_3D ( 'NONE', #1137, #1158, #2496 ) ;
#2338 = DIRECTION ( 'NONE',  ( 1.000000000000000000, 0.000000000000000000, -5.337610695313252371E-16 ) ) ;
#2339 = EDGE_CURVE ( 'NONE', #620, #2647, #173, .T. ) ;
#2340 = ORIENTED_EDGE ( 'NONE', *, *, #2277, .F. ) ;
#2341 = VECTOR ( 'NONE', #734, 1000.000000000000000 ) ;
#2342 = ORIENTED_EDGE ( 'NONE', *, *, #1911, .T. ) ;
#2343 = LINE ( 'NONE', #997, #3304 ) ;
#2344 = FACE_OUTER_BOUND ( 'NONE', #708, .T. ) ;
#2345 = CARTESIAN_POINT ( 'NONE',  ( 61.50000000000000711, -5.499999999999998224, -53.80000000000000426 ) ) ;
#2346 = VECTOR ( 'NONE', #1481, 1000.000000000000000 ) ;
#2347 = CARTESIAN_POINT ( 'NONE',  ( 63.19999999999998153, -3.799999999999999822, -21.50000000000000000 ) ) ;
#2348 = ORIENTED_EDGE ( 'NONE', *, *, #3830, .T. ) ;
#2349 = LINE ( 'NONE', #1968, #1851 ) ;
#2350 = FACE_OUTER_BOUND ( 'NONE', #967, .T. ) ;
#2351 = EDGE_CURVE ( 'NONE', #1560, #1707, #1472, .T. ) ;
#2352 = ORIENTED_EDGE ( 'NONE', *, *, #3651, .T. ) ;
#2353 = ADVANCED_FACE ( 'NONE', ( #1491 ), #4207, .T. ) ;
#2354 = CARTESIAN_POINT ( 'NONE',  ( 35.50000000000000000, -2.799999999999999822, -38.49999999999997868 ) ) ;
#2355 = VECTOR ( 'NONE', #2237, 1000.000000000000000 ) ;
#2356 = DIRECTION ( 'NONE',  ( -0.000000000000000000, 1.000000000000000000, -0.000000000000000000 ) ) ;
#2357 = CYLINDRICAL_SURFACE ( 'NONE', #2504, 3.000000000000002665 ) ;
#2358 = EDGE_CURVE ( 'NONE', #3437, #503, #3923, .T. ) ;
#2359 = ORIENTED_EDGE ( 'NONE', *, *, #3635, .T. ) ;
#2360 = CIRCLE ( 'NONE', #1638, 1.399999999999998579 ) ;
#2361 = CARTESIAN_POINT ( 'NONE',  ( 64.50000000000000000, 0.000000000000000000, 0.000000000000000000 ) ) ;
#2362 = AXIS2_PLACEMENT_3D ( 'NONE', #2739, #2086, #3748 ) ;
#2363 = CARTESIAN_POINT ( 'NONE',  ( 70.69999999999998863, 2.899999999999999911, -32.72737740986950428 ) ) ;
#2364 = ORIENTED_EDGE ( 'NONE', *, *, #268, .F. ) ;
#2365 = FACE_OUTER_BOUND ( 'NONE', #4168, .T. ) ;
#2366 = AXIS2_PLACEMENT_3D ( 'NONE', #2843, #3123, #4152 ) ;
#2367 = CARTESIAN_POINT ( 'NONE',  ( 25.00000000000000355, -2.799999999999999822, -26.99999999999999645 ) ) ;
#2368 = CARTESIAN_POINT ( 'NONE',  ( 44.50000000000000711, 0.6999999999999992895, -2.999999999999999112 ) ) ;
#2369 = CONICAL_SURFACE ( 'NONE', #3293, 0.5000000000000004441, 0.7853981633974335130 ) ;
#2370 = AXIS2_PLACEMENT_3D ( 'NONE', #1324, #1704, #4078 ) ;
#2371 = FACE_OUTER_BOUND ( 'NONE', #1251, .T. ) ;
#2372 = CARTESIAN_POINT ( 'NONE',  ( 0.000000000000000000, 0.000000000000000000, -38.99999999999999289 ) ) ;
#2373 = ORIENTED_EDGE ( 'NONE', *, *, #2072, .F. ) ;
#2374 = DIRECTION ( 'NONE',  ( 0.000000000000000000, 0.000000000000000000, 1.000000000000000000 ) ) ;
#2375 = LINE ( 'NONE', #1321, #4161 ) ;
#2376 = VERTEX_POINT ( 'NONE', #1161 ) ;
#2377 = AXIS2_PLACEMENT_3D ( 'NONE', #2385, #3745, #683 ) ;
#2378 = VECTOR ( 'NONE', #1253, 1000.000000000000000 ) ;
#2379 = CARTESIAN_POINT ( 'NONE',  ( 61.50000000000000711, 0.000000000000000000, -3.500000000000000000 ) ) ;
#2380 = VECTOR ( 'NONE', #2186, 999.9999999999998863 ) ;
#2381 = CARTESIAN_POINT ( 'NONE',  ( 58.19999999999999574, -3.799999999999999822, -20.99999999999999645 ) ) ;
#2382 = CARTESIAN_POINT ( 'NONE',  ( 3.500000000000003109, -5.499999999999998224, -3.500000000000000000 ) ) ;
#2383 = ADVANCED_FACE ( 'NONE', ( #3259 ), #3218, .F. ) ;
#2384 = ORIENTED_EDGE ( 'NONE', *, *, #4047, .F. ) ;
#2385 = CARTESIAN_POINT ( 'NONE',  ( 61.50000000000000711, -5.499999999999998224, -3.500000000000000000 ) ) ;
#2386 = FACE_OUTER_BOUND ( 'NONE', #1198, .T. ) ;
#2387 = VERTEX_POINT ( 'NONE', #1140 ) ;
#2388 = DIRECTION ( 'NONE',  ( 0.000000000000000000, 1.000000000000000000, 0.000000000000000000 ) ) ;
#2389 = EDGE_CURVE ( 'NONE', #4335, #2615, #2565, .T. ) ;
#2390 = CARTESIAN_POINT ( 'NONE',  ( 50.50000000000000000, 0.6999999999999992895, -20.99999999999999645 ) ) ;
#2391 = LINE ( 'NONE', #3040, #1985 ) ;
#2392 = VECTOR ( 'NONE', #4003, 999.9999999999998863 ) ;
#2393 = DIRECTION ( 'NONE',  ( -0.000000000000000000, 1.000000000000000000, -0.000000000000000000 ) ) ;
#2394 = EDGE_CURVE ( 'NONE', #2327, #2794, #1787, .T. ) ;
#2395 = EDGE_CURVE ( 'NONE', #2755, #1110, #3572, .T. ) ;
#2396 = VERTEX_POINT ( 'NONE', #2140 ) ;
#2397 = VERTEX_POINT ( 'NONE', #2499 ) ;
#2398 = DIRECTION ( 'NONE',  ( 0.000000000000000000, 0.000000000000000000, 1.000000000000000000 ) ) ;
#2399 = LINE ( 'NONE', #4433, #4383 ) ;
#2400 = VERTEX_POINT ( 'NONE', #866 ) ;
#2401 = FACE_BOUND ( 'NONE', #1308, .T. ) ;
#2402 = LINE ( 'NONE', #3763, #423 ) ;
#2403 = PLANE ( 'NONE',  #3722 ) ;
#2404 = EDGE_LOOP ( 'NONE', ( #1364, #4095 ) ) ;
#2405 = FACE_OUTER_BOUND ( 'NONE', #2258, .T. ) ;
#2406 = EDGE_CURVE ( 'NONE', #953, #2747, #647, .T. ) ;
#2407 = DIRECTION ( 'NONE',  ( -0.000000000000000000, -1.000000000000000000, -0.000000000000000000 ) ) ;
#2408 = EDGE_LOOP ( 'NONE', ( #2482, #837, #3736, #3192 ) ) ;
#2409 = DIRECTION ( 'NONE',  ( 0.000000000000000000, 0.000000000000000000, 1.000000000000000000 ) ) ;
#2410 = DIRECTION ( 'NONE',  ( -0.000000000000000000, 1.000000000000000000, -0.000000000000000000 ) ) ;
#2411 = FACE_OUTER_BOUND ( 'NONE', #3111, .T. ) ;
#2412 = CARTESIAN_POINT ( 'NONE',  ( 44.50000000000000711, -2.000000000000000000, -6.500000000000007105 ) ) ;
#2413 = CIRCLE ( 'NONE', #2981, 1.300000000000002487 ) ;
#2414 = CC_DESIGN_PERSON_AND_ORGANIZATION_ASSIGNMENT ( #1241, #3969, ( #2234 ) ) ;
#2415 = FACE_OUTER_BOUND ( 'NONE', #3717, .T. ) ;
#2416 = ORIENTED_EDGE ( 'NONE', *, *, #2256, .F. ) ;
#2417 = ORIENTED_EDGE ( 'NONE', *, *, #2991, .T. ) ;
#2418 = CARTESIAN_POINT ( 'NONE',  ( 58.89999999999999858, 2.900000000000003464, -44.66057746756902702 ) ) ;
#2419 = ORIENTED_EDGE ( 'NONE', *, *, #3635, .F. ) ;
#2420 = DIRECTION ( 'NONE',  ( -0.000000000000000000, 1.000000000000000000, -0.000000000000000000 ) ) ;
#2421 = CARTESIAN_POINT ( 'NONE',  ( 55.73172798364528546, 0.000000000000000000, -26.23172798364529612 ) ) ;
#2422 = CARTESIAN_POINT ( 'NONE',  ( 41.49999999999998579, -3.799999999999999822, -38.49999999999997868 ) ) ;
#2423 = ORIENTED_EDGE ( 'NONE', *, *, #3934, .F. ) ;
#2424 = CIRCLE ( 'NONE', #491, 0.4999999999999865663 ) ;
#2425 = EDGE_CURVE ( 'NONE', #100, #674, #3197, .T. ) ;
#2426 = CARTESIAN_POINT ( 'NONE',  ( 61.30000000000000426, 0.000000000000000000, -37.99999999999997868 ) ) ;
#2427 = ORIENTED_EDGE ( 'NONE', *, *, #2631, .F. ) ;
#2428 = CARTESIAN_POINT ( 'NONE',  ( 59.00000000000000711, -5.499999999999998224, 0.000000000000000000 ) ) ;
#2429 = AXIS2_PLACEMENT_3D ( 'NONE', #3908, #126, #3509 ) ;
#2430 = ORIENTED_EDGE ( 'NONE', *, *, #2479, .F. ) ;
#2431 = CYLINDRICAL_SURFACE ( 'NONE', #4257, 1.000000000000000888 ) ;
#2432 = DIRECTION ( 'NONE',  ( 0.000000000000000000, 0.000000000000000000, -1.000000000000000000 ) ) ;
#2433 = CARTESIAN_POINT ( 'NONE',  ( 24.00000000000000000, -2.299999999999999378, -37.99999999999999289 ) ) ;
#2434 = LINE ( 'NONE', #2372, #260 ) ;
#2435 = VECTOR ( 'NONE', #3816, 1000.000000000000000 ) ;
#2436 = ORIENTED_EDGE ( 'NONE', *, *, #3342, .F. ) ;
#2437 = ORIENTED_EDGE ( 'NONE', *, *, #3016, .T. ) ;
#2438 = CARTESIAN_POINT ( 'NONE',  ( 35.50000000000000000, -2.799999999999999822, -38.49999999999997868 ) ) ;
#2439 = EDGE_CURVE ( 'NONE', #2913, #1444, #3713, .T. ) ;
#2440 = ORIENTED_EDGE ( 'NONE', *, *, #666, .F. ) ;
#2441 = CARTESIAN_POINT ( 'NONE',  ( 63.19999999999998153, -3.299999999999985612, -27.49999999999999645 ) ) ;
#2442 = FACE_OUTER_BOUND ( 'NONE', #2682, .T. ) ;
#2443 = LINE ( 'NONE', #76, #1449 ) ;
#2444 = VECTOR ( 'NONE', #30, 1000.000000000000000 ) ;
#2445 = CIRCLE ( 'NONE', #3094, 1.000000000000000888 ) ;
#2446 = ORIENTED_EDGE ( 'NONE', *, *, #1054, .T. ) ;
#2447 = VECTOR ( 'NONE', #3704, 1000.000000000000000 ) ;
#2448 = CIRCLE ( 'NONE', #1304, 3.000000000000002665 ) ;
#2449 = ADVANCED_FACE ( 'NONE', ( #150 ), #3353, .F. ) ;
#2450 = LINE ( 'NONE', #386, #284 ) ;
#2451 = EDGE_LOOP ( 'NONE', ( #4320, #3952, #3093, #2939 ) ) ;
#2452 = CARTESIAN_POINT ( 'NONE',  ( 35.50000000000000000, -2.299999999999999378, -38.99999999999999289 ) ) ;
#2453 = EDGE_CURVE ( 'NONE', #242, #4278, #239, .T. ) ;
#2454 = ORIENTED_EDGE ( 'NONE', *, *, #1306, .T. ) ;
#2455 = DIRECTION ( 'NONE',  ( 0.000000000000000000, -1.000000000000000000, 0.000000000000000000 ) ) ;
#2456 = AXIS2_PLACEMENT_3D ( 'NONE', #774, #2133, #3500 ) ;
#2457 = CARTESIAN_POINT ( 'NONE',  ( 59.20000000000000284, -5.500999999999998558, -45.71414284285430085 ) ) ;
#2458 = LINE ( 'NONE', #2433, #2266 ) ;
#2459 = CARTESIAN_POINT ( 'NONE',  ( 40.49999999999999289, 0.000000000000000000, -26.99999999999999645 ) ) ;
#2460 = DIRECTION ( 'NONE',  ( -1.000000000000000000, 0.000000000000000000, -9.912705577010348229E-16 ) ) ;
#2461 = ADVANCED_FACE ( 'NONE', ( #626 ), #556, .F. ) ;
#2462 = ORIENTED_EDGE ( 'NONE', *, *, #1207, .T. ) ;
#2463 = LINE ( 'NONE', #1029, #3356 ) ;
#2464 = ORIENTED_EDGE ( 'NONE', *, *, #461, .T. ) ;
#2465 = ORIENTED_EDGE ( 'NONE', *, *, #3380, .F. ) ;
#2466 = DIRECTION ( 'NONE',  ( 0.000000000000000000, 0.000000000000000000, -1.000000000000000000 ) ) ;
#2467 = CARTESIAN_POINT ( 'NONE',  ( 39.46827201635469606, 2.900000000000003464, -8.868272016354703524 ) ) ;
#2468 = ADVANCED_FACE ( 'NONE', ( #603 ), #2010, .F. ) ;
#2469 = DIRECTION ( 'NONE',  ( 0.000000000000000000, 1.000000000000000000, 0.000000000000000000 ) ) ;
#2470 = VERTEX_POINT ( 'NONE', #4362 ) ;
#2471 = LINE ( 'NONE', #4215, #429 ) ;
#2472 = ORIENTED_EDGE ( 'NONE', *, *, #2216, .F. ) ;
#2473 = CARTESIAN_POINT ( 'NONE',  ( 35.50000000000000711, -2.799999999999999822, -26.50000000000000711 ) ) ;
#2474 = DIRECTION ( 'NONE',  ( 0.000000000000000000, 1.000000000000000000, 0.000000000000000000 ) ) ;
#2475 = CARTESIAN_POINT ( 'NONE',  ( 58.89999999999999858, 0.000000000000000000, -42.39999999999999147 ) ) ;
#2476 = CARTESIAN_POINT ( 'NONE',  ( 69.87098110768872061, 2.899999999999999911, -34.34873586666926570 ) ) ;
#2477 = VECTOR ( 'NONE', #931, 1000.000000000000000 ) ;
#2478 = LINE ( 'NONE', #440, #2052 ) ;
#2479 = EDGE_CURVE ( 'NONE', #1493, #3964, #1271, .T. ) ;
#2480 = DIRECTION ( 'NONE',  ( 1.000000000000000000, 0.000000000000000000, 3.154042683594194627E-16 ) ) ;
#2481 = CIRCLE ( 'NONE', #4200, 0.5500000000000018208 ) ;
#2482 = ORIENTED_EDGE ( 'NONE', *, *, #4225, .F. ) ;
#2483 = ORIENTED_EDGE ( 'NONE', *, *, #2389, .T. ) ;
#2484 = LINE ( 'NONE', #1855, #1089 ) ;
#2485 = LINE ( 'NONE', #4120, #4017 ) ;
#2486 = DIRECTION ( 'NONE',  ( 5.337610695313252371E-16, 0.000000000000000000, 1.000000000000000000 ) ) ;
#2487 = EDGE_CURVE ( 'NONE', #1134, #521, #1604, .T. ) ;
#2488 = CARTESIAN_POINT ( 'NONE',  ( 39.46827201635469606, 0.000000000000000000, -8.868272016354703524 ) ) ;
#2489 = DIRECTION ( 'NONE',  ( 0.000000000000000000, 0.000000000000000000, -1.000000000000000000 ) ) ;
#2490 = VERTEX_POINT ( 'NONE', #3375 ) ;
#2491 = LINE ( 'NONE', #813, #42 ) ;
#2492 = EDGE_CURVE ( 'NONE', #1889, #1355, #909, .T. ) ;
#2493 = VECTOR ( 'NONE', #131, 1000.000000000000000 ) ;
#2494 = CARTESIAN_POINT ( 'NONE',  ( 65.20000000000000284, 0.000000000000000000, -55.00000000000000000 ) ) ;
#2495 = ORIENTED_EDGE ( 'NONE', *, *, #3184, .F. ) ;
#2496 = DIRECTION ( 'NONE',  ( 2.668805347656627171E-16, 0.000000000000000000, 1.000000000000000000 ) ) ;
#2497 = CIRCLE ( 'NONE', #4216, 3.000000000000002665 ) ;
#2498 = CARTESIAN_POINT ( 'NONE',  ( 55.73172798364528546, 2.900000000000003464, -25.68172798364529541 ) ) ;
#2499 = CARTESIAN_POINT ( 'NONE',  ( 58.89999999999999858, 0.000000000000000000, -44.66057746756902702 ) ) ;
#2500 = AXIS2_PLACEMENT_3D ( 'NONE', #3339, #3406, #1305 ) ;
#2501 = EDGE_LOOP ( 'NONE', ( #4392, #2560, #1548, #3511 ) ) ;
#2502 = ORIENTED_EDGE ( 'NONE', *, *, #2153, .F. ) ;
#2503 = DIRECTION ( 'NONE',  ( 0.000000000000000000, -1.000000000000000000, 0.000000000000000000 ) ) ;
#2504 = AXIS2_PLACEMENT_3D ( 'NONE', #1307, #2645, #4080 ) ;
#2505 = AXIS2_PLACEMENT_3D ( 'NONE', #293, #2623, #4327 ) ;
#2506 = CARTESIAN_POINT ( 'NONE',  ( 0.000000000000000000, 0.000000000000000000, -38.99999999999999289 ) ) ;
#2507 = CARTESIAN_POINT ( 'NONE',  ( 58.50000000000000000, 0.6999999999999992895, 0.000000000000000000 ) ) ;
#2508 = CARTESIAN_POINT ( 'NONE',  ( 24.00000000000001066, -2.799999999999999822, -6.405132834375906395E-15 ) ) ;
#2509 = VECTOR ( 'NONE', #3181, 1000.000000000000000 ) ;
#2510 = ADVANCED_FACE ( 'NONE', ( #960 ), #649, .T. ) ;
#2511 = LINE ( 'NONE', #1758, #3647 ) ;
#2512 = ORIENTED_EDGE ( 'NONE', *, *, #3150, .T. ) ;
#2513 = DIRECTION ( 'NONE',  ( -0.000000000000000000, 0.000000000000000000, 1.000000000000000000 ) ) ;
#2514 = DIRECTION ( 'NONE',  ( 1.000000000000000000, 0.000000000000000000, 0.000000000000000000 ) ) ;
#2515 = VECTOR ( 'NONE', #1949, 1000.000000000000000 ) ;
#2516 = ORIENTED_EDGE ( 'NONE', *, *, #2616, .F. ) ;
#2517 = EDGE_CURVE ( 'NONE', #3661, #4396, #1580, .T. ) ;
#2518 = ORIENTED_EDGE ( 'NONE', *, *, #2212, .F. ) ;
#2519 = PLANE ( 'NONE',  #1979 ) ;
#2520 = DIRECTION ( 'NONE',  ( -1.000000000000000000, 0.000000000000000000, -9.912705577010348229E-16 ) ) ;
#2521 = EDGE_CURVE ( 'NONE', #479, #2872, #1719, .T. ) ;
#2522 = CARTESIAN_POINT ( 'NONE',  ( 70.70000000000000284, 0.000000000000000000, 0.000000000000000000 ) ) ;
#2523 = ORIENTED_EDGE ( 'NONE', *, *, #246, .T. ) ;
#2524 = VERTEX_POINT ( 'NONE', #935 ) ;
#2525 = ADVANCED_FACE ( 'NONE', ( #2701 ), #3021, .T. ) ;
#2526 = ADVANCED_FACE ( 'NONE', ( #3643 ), #4338, .T. ) ;
#2527 = CARTESIAN_POINT ( 'NONE',  ( 61.69999999999999574, 2.900000000000003464, -43.00000000000000711 ) ) ;
#2528 = PLANE ( 'NONE',  #3142 ) ;
#2529 = CARTESIAN_POINT ( 'NONE',  ( -2.999999999999997335, 0.000000000000000000, -16.50000000000000000 ) ) ;
#2530 = CARTESIAN_POINT ( 'NONE',  ( 6.000000000000000000, -5.500000000000000000, -55.99999999999998579 ) ) ;
#2531 = DIRECTION ( 'NONE',  ( 0.000000000000000000, -1.000000000000000000, 0.000000000000000000 ) ) ;
#2532 = ORIENTED_EDGE ( 'NONE', *, *, #1348, .F. ) ;
#2533 = DIRECTION ( 'NONE',  ( 0.7071067811865574537, 0.7071067811865376918, 0.000000000000000000 ) ) ;
#2534 = EDGE_CURVE ( 'NONE', #2162, #3421, #2634, .T. ) ;
#2535 = CYLINDRICAL_SURFACE ( 'NONE', #3270, 1.299999999999999600 ) ;
#2536 = ORIENTED_EDGE ( 'NONE', *, *, #2406, .F. ) ;
#2537 = ORIENTED_EDGE ( 'NONE', *, *, #135, .F. ) ;
#2538 = EDGE_LOOP ( 'NONE', ( #2711, #3974, #3849, #917 ) ) ;
#2539 = CIRCLE ( 'NONE', #617, 2.999999999999988898 ) ;
#2540 = DIRECTION ( 'NONE',  ( 0.000000000000000000, -1.000000000000000000, 0.000000000000000000 ) ) ;
#2541 = DIRECTION ( 'NONE',  ( 0.000000000000000000, 0.000000000000000000, -1.000000000000000000 ) ) ;
#2542 = EDGE_CURVE ( 'NONE', #1110, #4087, #4046, .T. ) ;
#2543 = EDGE_CURVE ( 'NONE', #1117, #1539, #1931, .T. ) ;
#2544 = DIRECTION ( 'NONE',  ( -0.000000000000000000, 1.000000000000000000, -0.000000000000000000 ) ) ;
#2545 = EDGE_LOOP ( 'NONE', ( #1204, #3771, #954, #1914 ) ) ;
#2546 = EDGE_LOOP ( 'NONE', ( #3613, #1561, #2621, #812 ) ) ;
#2547 = CYLINDRICAL_SURFACE ( 'NONE', #3374, 1.000000000000000888 ) ;
#2548 = VECTOR ( 'NONE', #3901, 1000.000000000000000 ) ;
#2549 = DIRECTION ( 'NONE',  ( 1.000000000000000000, 0.000000000000000000, -1.309225264888155637E-16 ) ) ;
#2550 = CARTESIAN_POINT ( 'NONE',  ( 57.69999999999999574, -3.799999999999999822, -26.50000000000000000 ) ) ;
#2551 = AXIS2_PLACEMENT_3D ( 'NONE', #1685, #618, #3367 ) ;
#2552 = VECTOR ( 'NONE', #1964, 1000.000000000000000 ) ;
#2553 = VECTOR ( 'NONE', #3225, 1000.000000000000000 ) ;
#2554 = FACE_OUTER_BOUND ( 'NONE', #559, .T. ) ;
#2555 = CARTESIAN_POINT ( 'NONE',  ( -3.000000000000000000, 0.000000000000000000, -42.50000000000000000 ) ) ;
#2556 = ORIENTED_EDGE ( 'NONE', *, *, #4262, .F. ) ;
#2557 = DIRECTION ( 'NONE',  ( 0.000000000000000000, 0.000000000000000000, 1.000000000000000000 ) ) ;
#2558 = DIRECTION ( 'NONE',  ( -0.000000000000000000, 1.000000000000000000, -0.000000000000000000 ) ) ;
#2559 = EDGE_LOOP ( 'NONE', ( #1422, #1363, #2100, #2359, #3343, #1077, #739, #1240 ) ) ;
#2560 = ORIENTED_EDGE ( 'NONE', *, *, #268, .T. ) ;
#2561 = VERTEX_POINT ( 'NONE', #3619 ) ;
#2562 = DIRECTION ( 'NONE',  ( 1.000000000000000000, 0.000000000000000000, 0.000000000000000000 ) ) ;
#2563 = DIRECTION ( 'NONE',  ( 1.000000000000000000, 0.000000000000000000, 1.180909413463519543E-16 ) ) ;
#2564 = VECTOR ( 'NONE', #3938, 1000.000000000000000 ) ;
#2565 = LINE ( 'NONE', #2522, #72 ) ;
#2566 = AXIS2_PLACEMENT_3D ( 'NONE', #1852, #1512, #2897 ) ;
#2567 = ORIENTED_EDGE ( 'NONE', *, *, #860, .T. ) ;
#2568 = ORIENTED_EDGE ( 'NONE', *, *, #1318, .T. ) ;
#2569 = CIRCLE ( 'NONE', #3149, 2.999999999999999112 ) ;
#2570 = DIRECTION ( 'NONE',  ( 0.000000000000000000, 0.000000000000000000, -1.000000000000000000 ) ) ;
#2571 = AXIS2_PLACEMENT_3D ( 'NONE', #2347, #1918, #2279 ) ;
#2572 = ORIENTED_EDGE ( 'NONE', *, *, #4409, .T. ) ;
#2573 = LINE ( 'NONE', #2506, #2355 ) ;
#2574 = EDGE_CURVE ( 'NONE', #2075, #357, #1989, .T. ) ;
#2575 = FACE_OUTER_BOUND ( 'NONE', #118, .T. ) ;
#2576 = VERTEX_POINT ( 'NONE', #259 ) ;
#2577 = DIRECTION ( 'NONE',  ( 0.000000000000000000, 0.000000000000000000, 1.000000000000000000 ) ) ;
#2578 = FACE_OUTER_BOUND ( 'NONE', #2078, .T. ) ;
#2579 = EDGE_CURVE ( 'NONE', #879, #510, #4068, .T. ) ;
#2580 = ORIENTED_EDGE ( 'NONE', *, *, #4312, .F. ) ;
#2581 = APPROVAL_STATUS ( 'not_yet_approved' ) ;
#2582 = DIRECTION ( 'NONE',  ( -0.000000000000000000, 1.000000000000000000, -0.000000000000000000 ) ) ;
#2583 = ADVANCED_FACE ( 'NONE', ( #2371 ), #3733, .F. ) ;
#2584 = EDGE_CURVE ( 'NONE', #879, #4245, #4148, .T. ) ;
#2585 = VERTEX_POINT ( 'NONE', #991 ) ;
#2586 = VERTEX_POINT ( 'NONE', #2644 ) ;
#2587 = ORIENTED_EDGE ( 'NONE', *, *, #4075, .T. ) ;
#2588 = CIRCLE ( 'NONE', #2083, 1.000000000000000888 ) ;
#2589 = DIRECTION ( 'NONE',  ( -0.000000000000000000, 1.000000000000000000, -0.000000000000000000 ) ) ;
#2590 = VECTOR ( 'NONE', #3686, 1000.000000000000000 ) ;
#2591 = DIRECTION ( 'NONE',  ( 1.000000000000000000, 0.000000000000000000, 3.154042683594194627E-16 ) ) ;
#2592 = VECTOR ( 'NONE', #1210, 1000.000000000000000 ) ;
#2593 = CARTESIAN_POINT ( 'NONE',  ( 39.46827201635469606, -5.500999999999998558, -9.418272016354707787 ) ) ;
#2594 = ORIENTED_EDGE ( 'NONE', *, *, #2153, .T. ) ;
#2595 = ORIENTED_EDGE ( 'NONE', *, *, #1032, .T. ) ;
#2596 = ORIENTED_EDGE ( 'NONE', *, *, #1607, .F. ) ;
#2597 = LINE ( 'NONE', #3961, #2846 ) ;
#2598 = DIRECTION ( 'NONE',  ( -0.000000000000000000, -1.000000000000000000, -0.000000000000000000 ) ) ;
#2599 = EDGE_LOOP ( 'NONE', ( #3327, #2495, #3891, #241 ) ) ;
#2600 = EDGE_CURVE ( 'NONE', #2873, #1171, #3861, .T. ) ;
#2601 = CARTESIAN_POINT ( 'NONE',  ( 35.50000000000000711, -2.299999999999999378, -26.99999999999999289 ) ) ;
#2602 = AXIS2_PLACEMENT_3D ( 'NONE', #2278, #2967, #2301 ) ;
#2603 = CARTESIAN_POINT ( 'NONE',  ( -3.000000000000000000, 0.000000000000000000, -6.500000000000007105 ) ) ;
#2604 = EDGE_CURVE ( 'NONE', #4238, #1688, #4012, .T. ) ;
#2605 = ORIENTED_EDGE ( 'NONE', *, *, #3510, .F. ) ;
#2606 = CALENDAR_DATE ( 2025, 6, 12 ) ;
#2607 = DIRECTION ( 'NONE',  ( 0.000000000000000000, -0.7071067811865376918, 0.7071067811865574537 ) ) ;
#2608 = ORIENTED_EDGE ( 'NONE', *, *, #3128, .T. ) ;
#2609 = ORIENTED_EDGE ( 'NONE', *, *, #3779, .T. ) ;
#2610 = ORIENTED_EDGE ( 'NONE', *, *, #1189, .T. ) ;
#2611 = CARTESIAN_POINT ( 'NONE',  ( 6.600000000000000533, -5.499999999999998224, -6.500000000000007105 ) ) ;
#2612 = DIRECTION ( 'NONE',  ( 0.000000000000000000, 0.000000000000000000, 1.000000000000000000 ) ) ;
#2613 = CARTESIAN_POINT ( 'NONE',  ( 50.50000000000000000, 0.6999999999999992895, -23.00000000000000000 ) ) ;
#2614 = ORIENTED_EDGE ( 'NONE', *, *, #2721, .F. ) ;
#2615 = VERTEX_POINT ( 'NONE', #1282 ) ;
#2616 = EDGE_CURVE ( 'NONE', #2872, #3047, #2312, .T. ) ;
#2617 = ORIENTED_EDGE ( 'NONE', *, *, #834, .T. ) ;
#2618 = FACE_OUTER_BOUND ( 'NONE', #3241, .T. ) ;
#2619 = DIRECTION ( 'NONE',  ( 0.000000000000000000, 0.000000000000000000, 1.000000000000000000 ) ) ;
#2620 = EDGE_LOOP ( 'NONE', ( #2750, #32, #2537, #1284 ) ) ;
#2621 = ORIENTED_EDGE ( 'NONE', *, *, #3860, .T. ) ;
#2622 = CIRCLE ( 'NONE', #829, 1.499999999999997780 ) ;
#2623 = DIRECTION ( 'NONE',  ( 0.000000000000000000, 0.000000000000000000, -1.000000000000000000 ) ) ;
#2624 = DIRECTION ( 'NONE',  ( -0.000000000000000000, -1.000000000000000000, -0.000000000000000000 ) ) ;
#2625 = ORIENTED_EDGE ( 'NONE', *, *, #608, .T. ) ;
#2626 = DIRECTION ( 'NONE',  ( 0.000000000000000000, 0.000000000000000000, -1.000000000000000000 ) ) ;
#2627 = VECTOR ( 'NONE', #3132, 1000.000000000000000 ) ;
#2628 = LINE ( 'NONE', #927, #1660 ) ;
#2629 = ORIENTED_EDGE ( 'NONE', *, *, #70, .F. ) ;
#2630 = VERTEX_POINT ( 'NONE', #3656 ) ;
#2631 = EDGE_CURVE ( 'NONE', #2586, #2174, #2019, .T. ) ;
#2632 = DIRECTION ( 'NONE',  ( -0.000000000000000000, 1.000000000000000000, -0.000000000000000000 ) ) ;
#2633 = DIRECTION ( 'NONE',  ( 1.000000000000000000, 0.000000000000000000, -0.000000000000000000 ) ) ;
#2634 = LINE ( 'NONE', #4004, #359 ) ;
#2635 = VERTEX_POINT ( 'NONE', #969 ) ;
#2636 = ORIENTED_EDGE ( 'NONE', *, *, #468, .T. ) ;
#2637 = VECTOR ( 'NONE', #1252, 1000.000000000000000 ) ;
#2638 = EDGE_CURVE ( 'NONE', #535, #3760, #3363, .T. ) ;
#2639 = VERTEX_POINT ( 'NONE', #3387 ) ;
#2640 = CARTESIAN_POINT ( 'NONE',  ( 8.673617379884038628E-15, 0.000000000000000000, -26.00000000000001066 ) ) ;
#2641 = DIRECTION ( 'NONE',  ( 0.000000000000000000, -1.000000000000000000, 0.000000000000000000 ) ) ;
#2642 = ORIENTED_EDGE ( 'NONE', *, *, #3379, .F. ) ;
#2643 = DIRECTION ( 'NONE',  ( 0.000000000000000000, -1.000000000000000000, 0.000000000000000000 ) ) ;
#2644 = CARTESIAN_POINT ( 'NONE',  ( 9.000000000000001776, -0.000000000000000000, -47.99999999999998579 ) ) ;
#2645 = DIRECTION ( 'NONE',  ( 0.000000000000000000, -1.000000000000000000, 0.000000000000000000 ) ) ;
#2646 = AXIS2_PLACEMENT_3D ( 'NONE', #3283, #888, #2255 ) ;
#2647 = VERTEX_POINT ( 'NONE', #2381 ) ;
#2648 = DIRECTION ( 'NONE',  ( -0.000000000000000000, 1.000000000000000000, -0.000000000000000000 ) ) ;
#2649 = EDGE_CURVE ( 'NONE', #2206, #2089, #613, .T. ) ;
#2650 = DIRECTION ( 'NONE',  ( -0.000000000000000000, -1.000000000000000000, -0.000000000000000000 ) ) ;
#2651 = ORIENTED_EDGE ( 'NONE', *, *, #1615, .F. ) ;
#2652 = ORIENTED_EDGE ( 'NONE', *, *, #273, .T. ) ;
#2653 = LINE ( 'NONE', #686, #1160 ) ;
#2654 = DIRECTION ( 'NONE',  ( 0.000000000000000000, 0.000000000000000000, 1.000000000000000000 ) ) ;
#2655 = DIRECTION ( 'NONE',  ( 0.000000000000000000, 0.000000000000000000, -1.000000000000000000 ) ) ;
#2656 = ADVANCED_FACE ( 'NONE', ( #592 ), #1953, .F. ) ;
#2657 = VECTOR ( 'NONE', #49, 1000.000000000000000 ) ;
#2658 = DIRECTION ( 'NONE',  ( 0.000000000000000000, 0.000000000000000000, -1.000000000000000000 ) ) ;
#2659 = EDGE_CURVE ( 'NONE', #1767, #1103, #4394, .T. ) ;
#2660 = CIRCLE ( 'NONE', #3734, 1.300000000000002487 ) ;
#2661 = CARTESIAN_POINT ( 'NONE',  ( 63.19999999999998153, -3.799999999999999822, -20.99999999999999645 ) ) ;
#2662 = EDGE_LOOP ( 'NONE', ( #2437, #1731, #2194, #3310 ) ) ;
#2663 = DIRECTION ( 'NONE',  ( 0.000000000000000000, 0.000000000000000000, -1.000000000000000000 ) ) ;
#2664 = CARTESIAN_POINT ( 'NONE',  ( 44.49999999999998579, 2.900000000000003464, -2.999999999999999112 ) ) ;
#2665 = EDGE_CURVE ( 'NONE', #621, #26, #1325, .T. ) ;
#2666 = EDGE_LOOP ( 'NONE', ( #4430, #490, #151, #3603 ) ) ;
#2667 = DIRECTION ( 'NONE',  ( 0.000000000000000000, 0.000000000000000000, -1.000000000000000000 ) ) ;
#2668 = DIRECTION ( 'NONE',  ( -0.000000000000000000, 1.000000000000000000, -0.000000000000000000 ) ) ;
#2669 = CARTESIAN_POINT ( 'NONE',  ( 55.73172798364528546, 0.000000000000000000, -25.13172798364529470 ) ) ;
#2670 = EDGE_LOOP ( 'NONE', ( #595, #445, #2880, #655 ) ) ;
#2671 = COORDINATED_UNIVERSAL_TIME_OFFSET ( 8, 0, .AHEAD. ) ;
#2672 = AXIS2_PLACEMENT_3D ( 'NONE', #1806, #120, #2111 ) ;
#2673 = LINE ( 'NONE', #3035, #3627 ) ;
#2674 = FACE_OUTER_BOUND ( 'NONE', #3285, .T. ) ;
#2675 = ORIENTED_EDGE ( 'NONE', *, *, #2135, .T. ) ;
#2676 = CARTESIAN_POINT ( 'NONE',  ( 55.73172798364528546, -5.500999999999998558, -25.13172798364529470 ) ) ;
#2677 = CARTESIAN_POINT ( 'NONE',  ( 6.000000000000000888, -5.500000000000000000, -50.99999999999999289 ) ) ;
#2678 = CARTESIAN_POINT ( 'NONE',  ( 40.49999999999999289, -3.799999999999999822, 0.000000000000000000 ) ) ;
#2679 = DIRECTION ( 'NONE',  ( 0.000000000000000000, 1.000000000000000000, 0.000000000000000000 ) ) ;
#2680 = ADVANCED_FACE ( 'NONE', ( #2688 ), #2855, .T. ) ;
#2681 = EDGE_CURVE ( 'NONE', #4325, #2892, #657, .T. ) ;
#2682 = EDGE_LOOP ( 'NONE', ( #296, #1846, #2232, #1868 ) ) ;
#2683 = CARTESIAN_POINT ( 'NONE',  ( 3.500000000000000000, -5.499999999999998224, -53.79999999999999716 ) ) ;
#2684 = CYLINDRICAL_SURFACE ( 'NONE', #870, 1.300000000000002487 ) ;
#2685 = AXIS2_PLACEMENT_3D ( 'NONE', #4425, #2719, #645 ) ;
#2686 = ORIENTED_EDGE ( 'NONE', *, *, #1480, .T. ) ;
#2687 = DIRECTION ( 'NONE',  ( 0.000000000000000000, -1.000000000000000000, 0.000000000000000000 ) ) ;
#2688 = FACE_OUTER_BOUND ( 'NONE', #1621, .T. ) ;
#2689 = CARTESIAN_POINT ( 'NONE',  ( 64.19999999999997442, -3.299999999999985612, -26.50000000000000000 ) ) ;
#2690 = VERTEX_POINT ( 'NONE', #3050 ) ;
#2691 = AXIS2_PLACEMENT_3D ( 'NONE', #1530, #3156, #818 ) ;
#2692 = CARTESIAN_POINT ( 'NONE',  ( 0.000000000000000000, -3.799999999999999822, 0.000000000000000000 ) ) ;
#2693 = EDGE_LOOP ( 'NONE', ( #2340, #1265, #3946, #863, #376, #2427 ) ) ;
#2694 = AXIS2_PLACEMENT_3D ( 'NONE', #3125, #369, #3395 ) ;
#2695 = VERTEX_POINT ( 'NONE', #4418 ) ;
#2696 = AXIS2_PLACEMENT_3D ( 'NONE', #3031, #2687, #4099 ) ;
#2697 = CARTESIAN_POINT ( 'NONE',  ( 52.50000000000000711, 33.82582403567251816, -17.00000000000000000 ) ) ;
#2698 = AXIS2_PLACEMENT_3D ( 'NONE', #776, #437, #3171 ) ;
#2699 = LINE ( 'NONE', #977, #3265 ) ;
#2700 = LINE ( 'NONE', #282, #629 ) ;
#2701 = FACE_OUTER_BOUND ( 'NONE', #3443, .T. ) ;
#2702 = DIRECTION ( 'NONE',  ( -4.081702296416016490E-16, -0.000000000000000000, 1.000000000000000000 ) ) ;
#2703 = ORIENTED_EDGE ( 'NONE', *, *, #2985, .F. ) ;
#2704 = CARTESIAN_POINT ( 'NONE',  ( 25.00000000000000355, -2.299999999999999378, -25.99999999999999645 ) ) ;
#2705 = DIRECTION ( 'NONE',  ( 0.000000000000000000, 0.000000000000000000, -1.000000000000000000 ) ) ;
#2706 = ORIENTED_EDGE ( 'NONE', *, *, #2995, .T. ) ;
#2707 = ADVANCED_FACE ( 'NONE', ( #270 ), #1350, .F. ) ;
#2708 = FACE_OUTER_BOUND ( 'NONE', #4179, .T. ) ;
#2709 = CARTESIAN_POINT ( 'NONE',  ( 44.50000000000000711, 33.82582403567251816, -1.653273178848926867E-15 ) ) ;
#2710 = DIRECTION ( 'NONE',  ( 0.000000000000000000, 0.7071067811865376918, -0.7071067811865574537 ) ) ;
#2711 = ORIENTED_EDGE ( 'NONE', *, *, #550, .F. ) ;
#2712 = AXIS2_PLACEMENT_3D ( 'NONE', #821, #2178, #3550 ) ;
#2713 = CARTESIAN_POINT ( 'NONE',  ( 50.90000000000000568, -3.799999999999999822, -2.716843843914445791E-14 ) ) ;
#2714 = CARTESIAN_POINT ( 'NONE',  ( 61.50000000000000711, -5.499999999999998224, -4.800000000000002487 ) ) ;
#2715 = ORIENTED_EDGE ( 'NONE', *, *, #3884, .T. ) ;
#2716 = DIRECTION ( 'NONE',  ( -0.000000000000000000, 1.000000000000000000, -0.000000000000000000 ) ) ;
#2717 = VECTOR ( 'NONE', #947, 1000.000000000000000 ) ;
#2718 = EDGE_CURVE ( 'NONE', #3369, #1867, #3742, .T. ) ;
#2719 = DIRECTION ( 'NONE',  ( 0.000000000000000000, -1.000000000000000000, 0.000000000000000000 ) ) ;
#2720 = EDGE_CURVE ( 'NONE', #2490, #2777, #2980, .T. ) ;
#2721 = EDGE_CURVE ( 'NONE', #3728, #503, #337, .T. ) ;
#2722 = CARTESIAN_POINT ( 'NONE',  ( 52.50000000000000711, 0.6999999999999992895, -15.00000000000000000 ) ) ;
#2723 = VECTOR ( 'NONE', #2624, 1000.000000000000000 ) ;
#2724 = AXIS2_PLACEMENT_3D ( 'NONE', #2774, #3786, #336 ) ;
#2725 = LINE ( 'NONE', #1026, #1121 ) ;
#2726 = ORIENTED_EDGE ( 'NONE', *, *, #766, .T. ) ;
#2727 = ORIENTED_EDGE ( 'NONE', *, *, #1001, .T. ) ;
#2728 = CARTESIAN_POINT ( 'NONE',  ( 59.00000000000000711, -30.26336871769660775, -56.00000000000000000 ) ) ;
#2729 = CARTESIAN_POINT ( 'NONE',  ( -3.000000000000002665, 2.899999999999999911, -53.00000000000000000 ) ) ;
#2730 = ORIENTED_EDGE ( 'NONE', *, *, #3563, .F. ) ;
#2731 = CIRCLE ( 'NONE', #3808, 1.499999999999997780 ) ;
#2732 = FACE_BOUND ( 'NONE', #3835, .T. ) ;
#2733 = AXIS2_PLACEMENT_3D ( 'NONE', #2082, #3118, #3450 ) ;
#2734 = CARTESIAN_POINT ( 'NONE',  ( 61.50000000000000711, -5.499999999999998224, -3.500000000000000000 ) ) ;
#2735 = CYLINDRICAL_SURFACE ( 'NONE', #3084, 3.000000000000002665 ) ;
#2736 = VERTEX_POINT ( 'NONE', #1464 ) ;
#2737 = ADVANCED_FACE ( 'NONE', ( #3794 ), #2758, .T. ) ;
#2738 = CARTESIAN_POINT ( 'NONE',  ( 59.20000000000000284, 2.900000000000003464, -48.00000000000000000 ) ) ;
#2739 = CARTESIAN_POINT ( 'NONE',  ( 57.19999999999999574, -3.799999999999999822, 0.000000000000000000 ) ) ;
#2740 = CC_DESIGN_PERSON_AND_ORGANIZATION_ASSIGNMENT ( #207, #1594, ( #2234 ) ) ;
#2741 = EDGE_LOOP ( 'NONE', ( #2518, #188, #128, #387 ) ) ;
#2742 = FACE_OUTER_BOUND ( 'NONE', #3267, .T. ) ;
#2743 = CARTESIAN_POINT ( 'NONE',  ( 45.99999999999998579, 2.900000000000003464, -21.50000000000000000 ) ) ;
#2744 = CARTESIAN_POINT ( 'NONE',  ( 8.000000000000003553, 2.900000000000003464, -19.49999999999999645 ) ) ;
#2745 = DIRECTION ( 'NONE',  ( -1.000000000000000000, 0.000000000000000000, 6.308085367188390241E-16 ) ) ;
#2746 = DIRECTION ( 'NONE',  ( 0.000000000000000000, -1.000000000000000000, 0.000000000000000000 ) ) ;
#2747 = VERTEX_POINT ( 'NONE', #4177 ) ;
#2748 = ORIENTED_EDGE ( 'NONE', *, *, #2659, .T. ) ;
#2749 = DIRECTION ( 'NONE',  ( 0.000000000000000000, 0.000000000000000000, 1.000000000000000000 ) ) ;
#2750 = ORIENTED_EDGE ( 'NONE', *, *, #1125, .T. ) ;
#2751 = EDGE_CURVE ( 'NONE', #2376, #1815, #3854, .T. ) ;
#2752 = DIRECTION ( 'NONE',  ( 0.000000000000000000, 1.000000000000000000, 0.000000000000000000 ) ) ;
#2753 = CARTESIAN_POINT ( 'NONE',  ( 63.20000000000000284, 0.000000000000000000, -49.00000000000000000 ) ) ;
#2754 = DIRECTION ( 'NONE',  ( -1.000000000000000000, 0.000000000000000000, 0.000000000000000000 ) ) ;
#2755 = VERTEX_POINT ( 'NONE', #1421 ) ;
#2756 = DIRECTION ( 'NONE',  ( -8.673617379884035472E-16, 0.000000000000000000, 1.000000000000000000 ) ) ;
#2757 = EDGE_LOOP ( 'NONE', ( #759, #4010, #728, #598 ) ) ;
#2758 = PLANE ( 'NONE',  #2141 ) ;
#2759 = EDGE_LOOP ( 'NONE', ( #4221, #1397, #1593, #816 ) ) ;
#2760 = DIRECTION ( 'NONE',  ( -0.000000000000000000, -1.000000000000000000, -0.000000000000000000 ) ) ;
#2761 = LINE ( 'NONE', #1090, #4202 ) ;
#2762 = AXIS2_PLACEMENT_3D ( 'NONE', #4070, #327, #1405 ) ;
#2763 = LINE ( 'NONE', #61, #3058 ) ;
#2764 = EDGE_CURVE ( 'NONE', #3672, #3658, #3168, .T. ) ;
#2765 = VECTOR ( 'NONE', #2295, 999.9999999999998863 ) ;
#2766 = AXIS2_PLACEMENT_3D ( 'NONE', #371, #4426, #646 ) ;
#2767 = CARTESIAN_POINT ( 'NONE',  ( 35.50000000000000000, -2.799999999999999822, -37.99999999999999289 ) ) ;
#2768 = AXIS2_PLACEMENT_3D ( 'NONE', #518, #770, #2911 ) ;
#2769 = EDGE_LOOP ( 'NONE', ( #2793, #923 ) ) ;
#2770 = ORIENTED_EDGE ( 'NONE', *, *, #1368, .T. ) ;
#2771 = FACE_OUTER_BOUND ( 'NONE', #3899, .T. ) ;
#2772 = ORIENTED_EDGE ( 'NONE', *, *, #3324, .T. ) ;
#2773 = EDGE_CURVE ( 'NONE', #353, #3249, #650, .T. ) ;
#2774 = CARTESIAN_POINT ( 'NONE',  ( 61.50000000000000711, 0.000000000000000000, -3.500000000000000000 ) ) ;
#2775 = FACE_OUTER_BOUND ( 'NONE', #2693, .T. ) ;
#2776 = DIRECTION ( 'NONE',  ( 0.000000000000000000, 0.000000000000000000, 1.000000000000000000 ) ) ;
#2777 = VERTEX_POINT ( 'NONE', #3875 ) ;
#2778 = CIRCLE ( 'NONE', #565, 3.000000000000002665 ) ;
#2779 = CARTESIAN_POINT ( 'NONE',  ( 50.50000000000000000, 0.000000000000000000, -17.00000000000000000 ) ) ;
#2780 = ORIENTED_EDGE ( 'NONE', *, *, #1270, .F. ) ;
#2781 = LINE ( 'NONE', #431, #500 ) ;
#2782 = VECTOR ( 'NONE', #3423, 1000.000000000000000 ) ;
#2783 = ORIENTED_EDGE ( 'NONE', *, *, #737, .T. ) ;
#2784 = PLANE ( 'NONE',  #1897 ) ;
#2785 = AXIS2_PLACEMENT_3D ( 'NONE', #748, #33, #54 ) ;
#2786 = DIRECTION ( 'NONE',  ( 0.000000000000000000, -1.000000000000000000, 0.000000000000000000 ) ) ;
#2787 = EDGE_CURVE ( 'NONE', #620, #479, #2781, .T. ) ;
#2788 = VECTOR ( 'NONE', #248, 1000.000000000000000 ) ;
#2789 = FACE_OUTER_BOUND ( 'NONE', #2559, .T. ) ;
#2790 = DIRECTION ( 'NONE',  ( 0.000000000000000000, 0.000000000000000000, 1.000000000000000000 ) ) ;
#2791 = AXIS2_PLACEMENT_3D ( 'NONE', #1568, #1217, #228 ) ;
#2792 = LINE ( 'NONE', #757, #3629 ) ;
#2793 = ORIENTED_EDGE ( 'NONE', *, *, #1076, .T. ) ;
#2794 = VERTEX_POINT ( 'NONE', #470 ) ;
#2795 = ADVANCED_FACE ( 'NONE', ( #1398 ), #1109, .T. ) ;
#2796 = CARTESIAN_POINT ( 'NONE',  ( 55.73172798364528546, 2.900000000000003464, -25.13172798364529470 ) ) ;
#2797 = EDGE_LOOP ( 'NONE', ( #2274, #2315, #3573, #3161, #622, #3169, #918, #477 ) ) ;
#2798 = CARTESIAN_POINT ( 'NONE',  ( 40.49999999999999289, -3.799999999999999822, -37.99999999999999289 ) ) ;
#2799 = DIRECTION ( 'NONE',  ( -0.000000000000000000, 1.000000000000000000, -0.000000000000000000 ) ) ;
#2800 = EDGE_CURVE ( 'NONE', #3235, #2087, #1086, .T. ) ;
#2801 = CARTESIAN_POINT ( 'NONE',  ( 64.20000000000000284, 0.000000000000000000, -48.00000000000000000 ) ) ;
#2802 = VECTOR ( 'NONE', #1234, 1000.000000000000000 ) ;
#2803 = VECTOR ( 'NONE', #4231, 1000.000000000000000 ) ;
#2804 = FACE_OUTER_BOUND ( 'NONE', #2960, .T. ) ;
#2805 = ORIENTED_EDGE ( 'NONE', *, *, #608, .F. ) ;
#2806 = CARTESIAN_POINT ( 'NONE',  ( 49.89999999999998437, -3.799999999999999822, -38.49999999999997868 ) ) ;
#2807 = ORIENTED_EDGE ( 'NONE', *, *, #2394, .T. ) ;
#2808 = CARTESIAN_POINT ( 'NONE',  ( 47.49999999999997868, 2.900000000000003464, -2.999999999999999112 ) ) ;
#2809 = APPROVAL_PERSON_ORGANIZATION ( #2984, #3530, #1260 ) ;
#2810 = LINE ( 'NONE', #1112, #474 ) ;
#2811 = EDGE_CURVE ( 'NONE', #1600, #1770, #2511, .T. ) ;
#2812 = DIRECTION ( 'NONE',  ( 0.000000000000000000, 0.000000000000000000, 1.000000000000000000 ) ) ;
#2813 = DIRECTION ( 'NONE',  ( -0.000000000000000000, 1.000000000000000000, -0.000000000000000000 ) ) ;
#2814 = CARTESIAN_POINT ( 'NONE',  ( 41.49999999999999289, 0.000000000000000000, -26.99999999999999645 ) ) ;
#2815 = EDGE_CURVE ( 'NONE', #1171, #718, #772, .T. ) ;
#2816 = DIRECTION ( 'NONE',  ( 1.000000000000000000, -0.000000000000000000, -1.387778780781444492E-15 ) ) ;
#2817 = ORIENTED_EDGE ( 'NONE', *, *, #2131, .T. ) ;
#2818 = VERTEX_POINT ( 'NONE', #811 ) ;
#2819 = CARTESIAN_POINT ( 'NONE',  ( 61.69999999999999574, 0.000000000000000000, -42.39999999999999147 ) ) ;
#2820 = CARTESIAN_POINT ( 'NONE',  ( -3.000000000000002665, 2.899999999999999911, -53.00000000000000000 ) ) ;
#2821 = EDGE_CURVE ( 'NONE', #1162, #1605, #1483, .T. ) ;
#2822 = PLANE ( 'NONE',  #668 ) ;
#2823 = CARTESIAN_POINT ( 'NONE',  ( 24.00000000000000355, 0.000000000000000000, -26.99999999999999645 ) ) ;
#2824 = DIRECTION ( 'NONE',  ( 1.000000000000000000, 0.000000000000000000, 0.000000000000000000 ) ) ;
#2825 = ORIENTED_EDGE ( 'NONE', *, *, #2148, .F. ) ;
#2826 = FACE_BOUND ( 'NONE', #4299, .T. ) ;
#2827 = CARTESIAN_POINT ( 'NONE',  ( -3.000000000000000000, 2.900000000000003464, -39.50000000000000000 ) ) ;
#2828 = EDGE_LOOP ( 'NONE', ( #702, #4163, #1778, #3360, #3491, #1347, #2614, #1420 ) ) ;
#2829 = FACE_OUTER_BOUND ( 'NONE', #1793, .T. ) ;
#2830 = VECTOR ( 'NONE', #3173, 999.9999999999998863 ) ;
#2831 = DIRECTION ( 'NONE',  ( 0.000000000000000000, 1.000000000000000000, 0.000000000000000000 ) ) ;
#2832 = CARTESIAN_POINT ( 'NONE',  ( -5.510910596163088569E-16, 2.899999999999999911, 0.000000000000000000 ) ) ;
#2833 = CIRCLE ( 'NONE', #4182, 1.000000000000000888 ) ;
#2834 = ORIENTED_EDGE ( 'NONE', *, *, #2991, .F. ) ;
#2835 = VERTEX_POINT ( 'NONE', #3521 ) ;
#2836 = DIRECTION ( 'NONE',  ( 0.000000000000000000, 1.000000000000000000, 0.000000000000000000 ) ) ;
#2837 = ADVANCED_FACE ( 'NONE', ( #3456 ), #3718, .T. ) ;
#2838 = AXIS2_PLACEMENT_3D ( 'NONE', #1765, #3547, #2520 ) ;
#2839 = DIRECTION ( 'NONE',  ( 1.000000000000000000, -0.000000000000000000, 4.081702296416016490E-16 ) ) ;
#2840 = CARTESIAN_POINT ( 'NONE',  ( 8.673617379884038628E-15, -3.299999999999999378, -26.00000000000001066 ) ) ;
#2841 = EDGE_CURVE ( 'NONE', #3765, #1767, #1075, .T. ) ;
#2842 = DIRECTION ( 'NONE',  ( -0.000000000000000000, -1.000000000000000000, 0.000000000000000000 ) ) ;
#2843 = CARTESIAN_POINT ( 'NONE',  ( 60.20000000000000284, 2.900000000000003464, -48.00000000000000000 ) ) ;
#2844 = ORIENTED_EDGE ( 'NONE', *, *, #913, .F. ) ;
#2845 = CARTESIAN_POINT ( 'NONE',  ( 70.70000000000000284, 0.000000000000000000, -1.000000000000000000 ) ) ;
#2846 = VECTOR ( 'NONE', #893, 1000.000000000000000 ) ;
#2847 = CARTESIAN_POINT ( 'NONE',  ( 59.20000000000000284, 2.900000000000003464, -45.71414284285430085 ) ) ;
#2848 = VERTEX_POINT ( 'NONE', #2130 ) ;
#2849 = EDGE_CURVE ( 'NONE', #3105, #2755, #2471, .T. ) ;
#2850 = EDGE_CURVE ( 'NONE', #639, #1608, #1149, .T. ) ;
#2851 = LINE ( 'NONE', #2476, #2830 ) ;
#2852 = VECTOR ( 'NONE', #378, 999.9999999999998863 ) ;
#2853 = DIRECTION ( 'NONE',  ( 0.000000000000000000, 0.000000000000000000, -1.000000000000000000 ) ) ;
#2854 = DIRECTION ( 'NONE',  ( 0.000000000000000000, 0.000000000000000000, -1.000000000000000000 ) ) ;
#2855 = CONICAL_SURFACE ( 'NONE', #3502, 0.5000000000000004441, 0.7853981633974335130 ) ;
#2856 = VERTEX_POINT ( 'NONE', #2452 ) ;
#2857 = ORIENTED_EDGE ( 'NONE', *, *, #2943, .T. ) ;
#2858 = CYLINDRICAL_SURFACE ( 'NONE', #1658, 1.000000000000000000 ) ;
#2859 = DIRECTION ( 'NONE',  ( 0.000000000000000000, 0.000000000000000000, 1.000000000000000000 ) ) ;
#2860 = CARTESIAN_POINT ( 'NONE',  ( 60.29999999999999716, 2.900000000000003464, -42.39999999999999147 ) ) ;
#2861 = ORIENTED_EDGE ( 'NONE', *, *, #1513, .T. ) ;
#2862 = ADVANCED_FACE ( 'NONE', ( #750 ), #2107, .F. ) ;
#2863 = LINE ( 'NONE', #4214, #2189 ) ;
#2864 = VECTOR ( 'NONE', #2146, 1000.000000000000000 ) ;
#2865 = DIRECTION ( 'NONE',  ( -1.000000000000000000, 0.000000000000000000, 0.000000000000000000 ) ) ;
#2866 = VERTEX_POINT ( 'NONE', #3145 ) ;
#2867 = FACE_BOUND ( 'NONE', #2971, .T. ) ;
#2868 = DIRECTION ( 'NONE',  ( 1.000000000000000000, -0.000000000000000000, 0.000000000000000000 ) ) ;
#2869 = VECTOR ( 'NONE', #848, 1000.000000000000000 ) ;
#2870 = EDGE_CURVE ( 'NONE', #4226, #397, #80, .T. ) ;
#2871 = ORIENTED_EDGE ( 'NONE', *, *, #3845, .T. ) ;
#2872 = VERTEX_POINT ( 'NONE', #898 ) ;
#2873 = VERTEX_POINT ( 'NONE', #2934 ) ;
#2874 = LOCAL_TIME ( 11, 1, 36.00000000000000000, #2889 ) ;
#2875 = CARTESIAN_POINT ( 'NONE',  ( 64.50000000000000000, -30.26336871769660775, 0.000000000000000000 ) ) ;
#2876 = DIRECTION ( 'NONE',  ( 1.000000000000000000, 0.000000000000000000, 0.000000000000000000 ) ) ;
#2877 = PLANE ( 'NONE',  #1716 ) ;
#2878 = CIRCLE ( 'NONE', #3959, 2.000000000000001776 ) ;
#2879 = VERTEX_POINT ( 'NONE', #2603 ) ;
#2880 = ORIENTED_EDGE ( 'NONE', *, *, #1702, .F. ) ;
#2881 = LINE ( 'NONE', #4253, #944 ) ;
#2882 = DIRECTION ( 'NONE',  ( 1.309225264888155637E-16, 0.000000000000000000, 1.000000000000000000 ) ) ;
#2883 = DIRECTION ( 'NONE',  ( 1.000000000000000000, 0.000000000000000000, 0.000000000000000000 ) ) ;
#2884 = VERTEX_POINT ( 'NONE', #2555 ) ;
#2885 = EDGE_CURVE ( 'NONE', #874, #1600, #215, .T. ) ;
#2886 = DIRECTION ( 'NONE',  ( -0.000000000000000000, 1.000000000000000000, -0.000000000000000000 ) ) ;
#2887 = CARTESIAN_POINT ( 'NONE',  ( 58.19999999999999574, 0.000000000000000000, -20.50000000000000000 ) ) ;
#2888 = EDGE_LOOP ( 'NONE', ( #3366, #4197, #1352, #2352, #3600, #3825, #1721, #1794, #2250, #905, #2319, #1528, #1967 ) ) ;
#2889 = COORDINATED_UNIVERSAL_TIME_OFFSET ( 8, 0, .AHEAD. ) ;
#2890 = CYLINDRICAL_SURFACE ( 'NONE', #4271, 1.300000000000002487 ) ;
#2891 = ORIENTED_EDGE ( 'NONE', *, *, #2131, .F. ) ;
#2892 = VERTEX_POINT ( 'NONE', #1904 ) ;
#2893 = ORIENTED_EDGE ( 'NONE', *, *, #3978, .F. ) ;
#2894 = DIRECTION ( 'NONE',  ( 0.000000000000000000, 0.000000000000000000, -1.000000000000000000 ) ) ;
#2895 = DIRECTION ( 'NONE',  ( -0.000000000000000000, -1.000000000000000000, -0.000000000000000000 ) ) ;
#2896 = EDGE_CURVE ( 'NONE', #1803, #4356, #1592, .T. ) ;
#2897 = DIRECTION ( 'NONE',  ( 0.000000000000000000, 0.000000000000000000, -1.000000000000000000 ) ) ;
#2898 = CIRCLE ( 'NONE', #695, 2.000000000000001776 ) ;
#2899 = ORIENTED_EDGE ( 'NONE', *, *, #2159, .F. ) ;
#2900 = EDGE_LOOP ( 'NONE', ( #4276, #1507, #1981, #693 ) ) ;
#2901 = DIRECTION ( 'NONE',  ( 0.000000000000000000, 1.000000000000000000, 0.000000000000000000 ) ) ;
#2902 = VECTOR ( 'NONE', #4132, 1000.000000000000000 ) ;
#2903 = VECTOR ( 'NONE', #1438, 1000.000000000000000 ) ;
#2904 = ORIENTED_EDGE ( 'NONE', *, *, #1070, .F. ) ;
#2905 = CARTESIAN_POINT ( 'NONE',  ( 35.50000000000000000, 0.000000000000000000, -38.99999999999999289 ) ) ;
#2906 = DIRECTION ( 'NONE',  ( 0.000000000000000000, 0.000000000000000000, -1.000000000000000000 ) ) ;
#2907 = AXIS2_PLACEMENT_3D ( 'NONE', #141, #4332, #1504 ) ;
#2908 = ADVANCED_FACE ( 'NONE', ( #161, #3967 ), #1883, .T. ) ;
#2909 = EDGE_CURVE ( 'NONE', #867, #1993, #4153, .T. ) ;
#2910 = VECTOR ( 'NONE', #2842, 1000.000000000000000 ) ;
#2911 = DIRECTION ( 'NONE',  ( 0.000000000000000000, 0.000000000000000000, -1.000000000000000000 ) ) ;
#2912 = DIRECTION ( 'NONE',  ( 0.000000000000000000, 0.000000000000000000, -1.000000000000000000 ) ) ;
#2913 = VERTEX_POINT ( 'NONE', #1258 ) ;
#2914 = CARTESIAN_POINT ( 'NONE',  ( 41.49999999999999289, -3.299999999999999378, -25.99999999999999645 ) ) ;
#2915 = ORIENTED_EDGE ( 'NONE', *, *, #2994, .T. ) ;
#2916 = EDGE_LOOP ( 'NONE', ( #1181, #3037, #2652, #975 ) ) ;
#2917 = ORIENTED_EDGE ( 'NONE', *, *, #1394, .T. ) ;
#2918 = DIRECTION ( 'NONE',  ( -0.000000000000000000, 1.000000000000000000, -0.000000000000000000 ) ) ;
#2919 = CARTESIAN_POINT ( 'NONE',  ( 3.500000000000000000, 3.199537796937528711, -49.50000000000000711 ) ) ;
#2920 = AXIS2_PLACEMENT_3D ( 'NONE', #538, #1517, #3625 ) ;
#2921 = CARTESIAN_POINT ( 'NONE',  ( 24.00000000000000000, 0.000000000000000000, -37.99999999999999289 ) ) ;
#2922 = AXIS2_PLACEMENT_3D ( 'NONE', #3782, #740, #2398 ) ;
#2923 = ORIENTED_EDGE ( 'NONE', *, *, #2275, .F. ) ;
#2924 = ADVANCED_FACE ( 'NONE', ( #2578 ), #2265, .F. ) ;
#2925 = VERTEX_POINT ( 'NONE', #496 ) ;
#2926 = VECTOR ( 'NONE', #3814, 1000.000000000000000 ) ;
#2927 = ADVANCED_FACE ( 'NONE', ( #877 ), #3992, .T. ) ;
#2928 = VECTOR ( 'NONE', #2169, 1000.000000000000000 ) ;
#2929 = ORIENTED_EDGE ( 'NONE', *, *, #860, .F. ) ;
#2930 = PLANE ( 'NONE',  #1212 ) ;
#2931 = CARTESIAN_POINT ( 'NONE',  ( 47.49999999999998579, 2.900000000000003464, -20.00000000000000000 ) ) ;
#2932 = VECTOR ( 'NONE', #3005, 1000.000000000000000 ) ;
#2933 = LINE ( 'NONE', #2311, #8 ) ;
#2934 = CARTESIAN_POINT ( 'NONE',  ( 50.50000000000000000, 0.6999999999999992895, -17.00000000000000000 ) ) ;
#2935 = ORIENTED_EDGE ( 'NONE', *, *, #2179, .F. ) ;
#2936 = CARTESIAN_POINT ( 'NONE',  ( 45.99999999999998579, 2.900000000000003464, -20.00000000000000000 ) ) ;
#2937 = ORIENTED_EDGE ( 'NONE', *, *, #530, .F. ) ;
#2938 = EDGE_LOOP ( 'NONE', ( #330, #3254, #534, #4094 ) ) ;
#2939 = ORIENTED_EDGE ( 'NONE', *, *, #2631, .T. ) ;
#2940 = AXIS2_PLACEMENT_3D ( 'NONE', #3912, #2836, #1879 ) ;
#2941 = CARTESIAN_POINT ( 'NONE',  ( 63.20000000000000284, -5.500999999999998558, -48.00000000000000000 ) ) ;
#2942 = AXIS2_PLACEMENT_3D ( 'NONE', #3735, #2746, #713 ) ;
#2943 = EDGE_CURVE ( 'NONE', #3621, #1966, #4237, .T. ) ;
#2944 = CARTESIAN_POINT ( 'NONE',  ( 64.20000000000000284, 0.000000000000000000, -44.00000000000001421 ) ) ;
#2945 = VECTOR ( 'NONE', #1901, 1000.000000000000000 ) ;
#2946 = DIRECTION ( 'NONE',  ( 0.000000000000000000, 1.000000000000000000, 0.000000000000000000 ) ) ;
#2947 = ORIENTED_EDGE ( 'NONE', *, *, #1168, .F. ) ;
#2948 = ORIENTED_EDGE ( 'NONE', *, *, #1318, .F. ) ;
#2949 = ADVANCED_FACE ( 'NONE', ( #3226 ), #2369, .T. ) ;
#2950 = VERTEX_POINT ( 'NONE', #567 ) ;
#2951 = DIRECTION ( 'NONE',  ( 4.081702296416016490E-16, 0.000000000000000000, -1.000000000000000000 ) ) ;
#2952 = CARTESIAN_POINT ( 'NONE',  ( 59.00000000000000711, 0.000000000000000000, -51.00000000000000000 ) ) ;
#2953 = ORIENTED_EDGE ( 'NONE', *, *, #1845, .F. ) ;
#2954 = PRODUCT_RELATED_PRODUCT_CATEGORY ( 'detail', '', ( #2198 ) ) ;
#2955 = ORIENTED_EDGE ( 'NONE', *, *, #737, .F. ) ;
#2956 = EDGE_CURVE ( 'NONE', #2925, #3029, #3864, .T. ) ;
#2957 = FACE_OUTER_BOUND ( 'NONE', #4131, .T. ) ;
#2958 = VECTOR ( 'NONE', #3667, 1000.000000000000000 ) ;
#2959 = CARTESIAN_POINT ( 'NONE',  ( 3.500000000000000000, 0.000000000000000000, -52.50000000000000000 ) ) ;
#2960 = EDGE_LOOP ( 'NONE', ( #240, #368, #1703, #664, #3479, #4353, #3389 ) ) ;
#2961 = COORDINATED_UNIVERSAL_TIME_OFFSET ( 8, 0, .AHEAD. ) ;
#2962 = CARTESIAN_POINT ( 'NONE',  ( 56.00000000000000000, 0.000000000000000000, -51.00000000000000000 ) ) ;
#2963 = PLANE ( 'NONE',  #1092 ) ;
#2964 = VERTEX_POINT ( 'NONE', #1862 ) ;
#2965 = ORIENTED_EDGE ( 'NONE', *, *, #847, .T. ) ;
#2966 = CARTESIAN_POINT ( 'NONE',  ( 0.000000000000000000, 2.899999999999999911, -53.00000000000000000 ) ) ;
#2967 = DIRECTION ( 'NONE',  ( 0.000000000000000000, 1.000000000000000000, -0.000000000000000000 ) ) ;
#2968 = ADVANCED_FACE ( 'NONE', ( #3296 ), #181, .F. ) ;
#2969 = CARTESIAN_POINT ( 'NONE',  ( 61.50000000000000711, 0.000000000000000000, -53.80000000000000426 ) ) ;
#2970 = VERTEX_POINT ( 'NONE', #1841 ) ;
#2971 = EDGE_LOOP ( 'NONE', ( #3781, #438, #2726, #1274, #1590, #3316, #974, #3543 ) ) ;
#2972 = ORIENTED_EDGE ( 'NONE', *, *, #3542, .F. ) ;
#2973 = DIRECTION ( 'NONE',  ( -0.000000000000000000, -1.000000000000000000, -0.000000000000000000 ) ) ;
#2974 = CARTESIAN_POINT ( 'NONE',  ( 44.49999999999998579, 2.900000000000003464, -2.999999999999999112 ) ) ;
#2975 = EDGE_LOOP ( 'NONE', ( #2915, #329, #4366, #3910 ) ) ;
#2976 = EDGE_CURVE ( 'NONE', #292, #4308, #1545, .T. ) ;
#2977 = AXIS2_PLACEMENT_3D ( 'NONE', #2941, #3017, #4316 ) ;
#2978 = DIRECTION ( 'NONE',  ( -0.000000000000000000, -1.000000000000000000, -0.000000000000000000 ) ) ;
#2979 = AXIS2_PLACEMENT_3D ( 'NONE', #4421, #9, #252 ) ;
#2980 = LINE ( 'NONE', #2039, #2074 ) ;
#2981 = AXIS2_PLACEMENT_3D ( 'NONE', #3282, #2993, #4361 ) ;
#2982 = LINE ( 'NONE', #4014, #81 ) ;
#2983 = ORIENTED_EDGE ( 'NONE', *, *, #1201, .F. ) ;
#2984 = PERSON_AND_ORGANIZATION ( #3907, #3451 ) ;
#2985 = EDGE_CURVE ( 'NONE', #4420, #3235, #6, .T. ) ;
#2986 = CARTESIAN_POINT ( 'NONE',  ( 8.000000000000003553, 0.000000000000000000, -19.49999999999999645 ) ) ;
#2987 = VECTOR ( 'NONE', #418, 1000.000000000000000 ) ;
#2988 = VERTEX_POINT ( 'NONE', #2193 ) ;
#2989 = VERTEX_POINT ( 'NONE', #2887 ) ;
#2990 = ORIENTED_EDGE ( 'NONE', *, *, #3664, .T. ) ;
#2991 = EDGE_CURVE ( 'NONE', #3672, #3522, #3157, .T. ) ;
#2992 = LINE ( 'NONE', #1915, #471 ) ;
#2993 = DIRECTION ( 'NONE',  ( -0.000000000000000000, 1.000000000000000000, -0.000000000000000000 ) ) ;
#2994 = EDGE_CURVE ( 'NONE', #3765, #1211, #2219, .T. ) ;
#2995 = EDGE_CURVE ( 'NONE', #144, #639, #3365, .T. ) ;
#2996 = DIRECTION ( 'NONE',  ( -1.000000000000000000, 0.000000000000000000, -3.336006684570784088E-16 ) ) ;
#2997 = VECTOR ( 'NONE', #3673, 1000.000000000000000 ) ;
#2998 = DIRECTION ( 'NONE',  ( 0.000000000000000000, 0.000000000000000000, -1.000000000000000000 ) ) ;
#2999 = VERTEX_POINT ( 'NONE', #1015 ) ;
#3000 = AXIS2_PLACEMENT_3D ( 'NONE', #2593, #1894, #195 ) ;
#3001 = LINE ( 'NONE', #4367, #4288 ) ;
#3002 = CARTESIAN_POINT ( 'NONE',  ( 3.500000000000003109, 2.900000000000003464, -4.799999999999999822 ) ) ;
#3003 = AXIS2_PLACEMENT_3D ( 'NONE', #3036, #952, #300 ) ;
#3004 = ORIENTED_EDGE ( 'NONE', *, *, #4085, .F. ) ;
#3005 = DIRECTION ( 'NONE',  ( -0.000000000000000000, -1.000000000000000000, -0.000000000000000000 ) ) ;
#3006 = ADVANCED_FACE ( 'NONE', ( #3052 ), #4419, .F. ) ;
#3007 = CARTESIAN_POINT ( 'NONE',  ( 40.49999999999999289, 0.000000000000000000, 0.000000000000000000 ) ) ;
#3008 = DIRECTION ( 'NONE',  ( 0.000000000000000000, -1.000000000000000000, 0.000000000000000000 ) ) ;
#3009 = ORIENTED_EDGE ( 'NONE', *, *, #2985, .T. ) ;
#3010 = APPROVAL_STATUS ( 'not_yet_approved' ) ;
#3011 = CARTESIAN_POINT ( 'NONE',  ( 50.89999999999999147, 0.000000000000000000, -26.99999999999999289 ) ) ;
#3012 = ORIENTED_EDGE ( 'NONE', *, *, #1653, .T. ) ;
#3013 = ORIENTED_EDGE ( 'NONE', *, *, #1385, .F. ) ;
#3014 = ORIENTED_EDGE ( 'NONE', *, *, #4102, .T. ) ;
#3015 = DIRECTION ( 'NONE',  ( 0.000000000000000000, 0.000000000000000000, -1.000000000000000000 ) ) ;
#3016 = EDGE_CURVE ( 'NONE', #2087, #100, #5, .T. ) ;
#3017 = DIRECTION ( 'NONE',  ( 0.000000000000000000, -1.000000000000000000, 0.000000000000000000 ) ) ;
#3018 = EDGE_CURVE ( 'NONE', #3879, #3309, #2982, .T. ) ;
#3019 = DIRECTION ( 'NONE',  ( -0.000000000000000000, -1.000000000000000000, -0.000000000000000000 ) ) ;
#3020 = AXIS2_PLACEMENT_3D ( 'NONE', #2713, #2338, #2000 ) ;
#3021 = CYLINDRICAL_SURFACE ( 'NONE', #2646, 1.000000000000000888 ) ;
#3022 = VECTOR ( 'NONE', #3291, 1000.000000000000000 ) ;
#3023 = CIRCLE ( 'NONE', #3585, 1.000000000000000888 ) ;
#3024 = SHAPE_DEFINITION_REPRESENTATION ( #2240, #16 ) ;
#3025 = AXIS2_PLACEMENT_3D ( 'NONE', #539, #1588, #3890 ) ;
#3026 = EDGE_LOOP ( 'NONE', ( #2037, #3458 ) ) ;
#3027 = LINE ( 'NONE', #1700, #850 ) ;
#3028 = DIRECTION ( 'NONE',  ( -0.000000000000000000, -1.000000000000000000, 0.000000000000000000 ) ) ;
#3029 = VERTEX_POINT ( 'NONE', #3407 ) ;
#3030 = APPROVAL_PERSON_ORGANIZATION ( #1976, #90, #1886 ) ;
#3031 = CARTESIAN_POINT ( 'NONE',  ( 63.19999999999998153, -3.799999999999999822, -26.49999999999999645 ) ) ;
#3032 = DIRECTION ( 'NONE',  ( -0.000000000000000000, -1.000000000000000000, -0.000000000000000000 ) ) ;
#3033 = CARTESIAN_POINT ( 'NONE',  ( 7.200000000000004619, 0.000000000000000000, -40.99999999999998579 ) ) ;
#3034 = ORIENTED_EDGE ( 'NONE', *, *, #246, .F. ) ;
#3035 = CARTESIAN_POINT ( 'NONE',  ( 0.000000000000000000, 0.000000000000000000, -6.500000000000007105 ) ) ;
#3036 = CARTESIAN_POINT ( 'NONE',  ( 61.30000000000000426, 0.000000000000000000, -37.99999999999997868 ) ) ;
#3037 = ORIENTED_EDGE ( 'NONE', *, *, #1888, .T. ) ;
#3038 = CYLINDRICAL_SURFACE ( 'NONE', #662, 1.000000000000000888 ) ;
#3039 = CARTESIAN_POINT ( 'NONE',  ( -3.000000000000000000, -5.499999999999998224, -6.500000000000007105 ) ) ;
#3040 = CARTESIAN_POINT ( 'NONE',  ( 0.000000000000000000, -5.499999999999998224, -6.500000000000007105 ) ) ;
#3041 = DIRECTION ( 'NONE',  ( -0.000000000000000000, -1.000000000000000000, -0.000000000000000000 ) ) ;
#3042 = DIRECTION ( 'NONE',  ( 0.000000000000000000, 0.000000000000000000, -1.000000000000000000 ) ) ;
#3043 = ADVANCED_FACE ( 'NONE', ( #970 ), #2357, .F. ) ;
#3044 = EDGE_LOOP ( 'NONE', ( #3208, #862, #3242, #122 ) ) ;
#3045 = CARTESIAN_POINT ( 'NONE',  ( 41.49999999999999289, -3.799999999999999822, -26.99999999999999645 ) ) ;
#3046 = CARTESIAN_POINT ( 'NONE',  ( 0.000000000000000000, -2.799999999999999822, -38.99999999999999289 ) ) ;
#3047 = VERTEX_POINT ( 'NONE', #2689 ) ;
#3048 = EDGE_CURVE ( 'NONE', #4162, #1753, #658, .T. ) ;
#3049 = FACE_OUTER_BOUND ( 'NONE', #995, .T. ) ;
#3050 = CARTESIAN_POINT ( 'NONE',  ( 63.20000000000000284, 0.000000000000000000, -44.00000000000001421 ) ) ;
#3051 = EDGE_CURVE ( 'NONE', #2119, #3465, #1650, .T. ) ;
#3052 = FACE_OUTER_BOUND ( 'NONE', #2757, .T. ) ;
#3053 = ADVANCED_FACE ( 'NONE', ( #948 ), #2735, .T. ) ;
#3054 = VERTEX_POINT ( 'NONE', #614 ) ;
#3055 = DIRECTION ( 'NONE',  ( 0.000000000000000000, 0.000000000000000000, 1.000000000000000000 ) ) ;
#3056 = DIRECTION ( 'NONE',  ( 0.000000000000000000, -1.000000000000000000, 0.000000000000000000 ) ) ;
#3057 = ORIENTED_EDGE ( 'NONE', *, *, #3247, .F. ) ;
#3058 = VECTOR ( 'NONE', #2745, 1000.000000000000000 ) ;
#3059 = CARTESIAN_POINT ( 'NONE',  ( 39.46827201635469606, -5.500999999999998558, -9.418272016354707787 ) ) ;
#3060 = DIRECTION ( 'NONE',  ( -0.000000000000000000, 1.000000000000000000, -0.000000000000000000 ) ) ;
#3061 = CARTESIAN_POINT ( 'NONE',  ( 49.89999999999999147, 0.000000000000000000, -25.99999999999999289 ) ) ;
#3062 = CONICAL_SURFACE ( 'NONE', #701, 0.4999999999999865663, 0.7853981633974613796 ) ;
#3063 = LINE ( 'NONE', #4427, #406 ) ;
#3064 = ORIENTED_EDGE ( 'NONE', *, *, #2051, .T. ) ;
#3065 = ORIENTED_EDGE ( 'NONE', *, *, #594, .T. ) ;
#3066 = LINE ( 'NONE', #1100, #1566 ) ;
#3067 = DIRECTION ( 'NONE',  ( 0.000000000000000000, -1.000000000000000000, 0.000000000000000000 ) ) ;
#3068 = EDGE_CURVE ( 'NONE', #996, #1031, #3506, .T. ) ;
#3069 = ORIENTED_EDGE ( 'NONE', *, *, #941, .T. ) ;
#3070 = AXIS2_PLACEMENT_3D ( 'NONE', #243, #1948, #2663 ) ;
#3071 = ADVANCED_FACE ( 'NONE', ( #3388 ), #2403, .T. ) ;
#3072 = CARTESIAN_POINT ( 'NONE',  ( 8.000000000000000000, -5.500999999999998558, -39.50000000000000711 ) ) ;
#3073 = CARTESIAN_POINT ( 'NONE',  ( 65.20000000000000284, 10.00000000000000000, -56.00000000000000000 ) ) ;
#3074 = CARTESIAN_POINT ( 'NONE',  ( 62.00000000000000711, 0.000000000000000000, -52.50000000000000711 ) ) ;
#3075 = ORIENTED_EDGE ( 'NONE', *, *, #3840, .T. ) ;
#3076 = VECTOR ( 'NONE', #1050, 1000.000000000000000 ) ;
#3077 = DIRECTION ( 'NONE',  ( 0.000000000000000000, 0.000000000000000000, -1.000000000000000000 ) ) ;
#3078 = CARTESIAN_POINT ( 'NONE',  ( 35.99999999999998579, -2.799999999999999822, -37.99999999999999289 ) ) ;
#3079 = ORIENTED_EDGE ( 'NONE', *, *, #2885, .T. ) ;
#3080 = CYLINDRICAL_SURFACE ( 'NONE', #1376, 0.5500000000000035971 ) ;
#3081 = VECTOR ( 'NONE', #670, 999.9999999999998863 ) ;
#3082 = LINE ( 'NONE', #4089, #2902 ) ;
#3083 = CARTESIAN_POINT ( 'NONE',  ( 7.200000000000004619, 2.900000000000003464, -42.39999999999998437 ) ) ;
#3084 = AXIS2_PLACEMENT_3D ( 'NONE', #3319, #1372, #2020 ) ;
#3085 = AXIS2_PLACEMENT_3D ( 'NONE', #3990, #3655, #1633 ) ;
#3086 = CARTESIAN_POINT ( 'NONE',  ( 7.200000000000004619, 2.900000000000003464, -42.39999999999998437 ) ) ;
#3087 = EDGE_CURVE ( 'NONE', #2970, #3702, #4101, .T. ) ;
#3088 = DIRECTION ( 'NONE',  ( -1.508455196501570690E-16, -0.000000000000000000, -1.000000000000000000 ) ) ;
#3089 = AXIS2_PLACEMENT_3D ( 'NONE', #3534, #2503, #2210 ) ;
#3090 = VERTEX_POINT ( 'NONE', #2669 ) ;
#3091 = EDGE_LOOP ( 'NONE', ( #2142, #3637, #2262, #2014 ) ) ;
#3092 = CARTESIAN_POINT ( 'NONE',  ( 39.46827201635469606, 0.000000000000000000, -9.418272016354707787 ) ) ;
#3093 = ORIENTED_EDGE ( 'NONE', *, *, #2029, .T. ) ;
#3094 = AXIS2_PLACEMENT_3D ( 'NONE', #4424, #2716, #3015 ) ;
#3095 = FACE_BOUND ( 'NONE', #4256, .T. ) ;
#3096 = CARTESIAN_POINT ( 'NONE',  ( 0.000000000000000000, 8.400000000000000355, -56.00000000000000000 ) ) ;
#3097 = LINE ( 'NONE', #2801, #4093 ) ;
#3098 = ORIENTED_EDGE ( 'NONE', *, *, #1562, .F. ) ;
#3099 = LINE ( 'NONE', #824, #2226 ) ;
#3100 = ADVANCED_FACE ( 'NONE', ( #593 ), #4035, .F. ) ;
#3101 = LINE ( 'NONE', #3078, #3926 ) ;
#3102 = ORIENTED_EDGE ( 'NONE', *, *, #1065, .F. ) ;
#3103 = DIRECTION ( 'NONE',  ( 0.000000000000000000, -1.000000000000000000, 0.000000000000000000 ) ) ;
#3104 = VECTOR ( 'NONE', #475, 1000.000000000000000 ) ;
#3105 = VERTEX_POINT ( 'NONE', #4058 ) ;
#3106 = FACE_OUTER_BOUND ( 'NONE', #1698, .T. ) ;
#3107 = DIRECTION ( 'NONE',  ( 1.000000000000000000, 0.000000000000000000, 0.000000000000000000 ) ) ;
#3108 = FACE_OUTER_BOUND ( 'NONE', #157, .T. ) ;
#3109 = CARTESIAN_POINT ( 'NONE',  ( 69.87098110768872061, 2.899999999999999911, -34.34873586666925860 ) ) ;
#3110 = EDGE_CURVE ( 'NONE', #2089, #1199, #3701, .T. ) ;
#3111 = EDGE_LOOP ( 'NONE', ( #218, #3551, #1266, #1205 ) ) ;
#3112 = ORIENTED_EDGE ( 'NONE', *, *, #1328, .T. ) ;
#3113 = CARTESIAN_POINT ( 'NONE',  ( 9.000000000000001776, 0.000000000000000000, -50.99999999999999289 ) ) ;
#3114 = VERTEX_POINT ( 'NONE', #249 ) ;
#3115 = DIRECTION ( 'NONE',  ( 0.000000000000000000, -0.000000000000000000, -1.000000000000000000 ) ) ;
#3116 = VECTOR ( 'NONE', #3190, 1000.000000000000000 ) ;
#3117 = DIRECTION ( 'NONE',  ( 0.000000000000000000, -1.000000000000000000, 0.000000000000000000 ) ) ;
#3118 = DIRECTION ( 'NONE',  ( 0.000000000000000000, -1.000000000000000000, 0.000000000000000000 ) ) ;
#3119 = EDGE_CURVE ( 'NONE', #4278, #3940, #1998, .T. ) ;
#3120 = VERTEX_POINT ( 'NONE', #3033 ) ;
#3121 = CARTESIAN_POINT ( 'NONE',  ( 49.89999999999998437, -3.299999999999999378, -38.99999999999999289 ) ) ;
#3122 = ORIENTED_EDGE ( 'NONE', *, *, #4053, .F. ) ;
#3123 = DIRECTION ( 'NONE',  ( 0.000000000000000000, -1.000000000000000000, 0.000000000000000000 ) ) ;
#3124 = VERTEX_POINT ( 'NONE', #1614 ) ;
#3125 = CARTESIAN_POINT ( 'NONE',  ( 50.50000000000000000, 33.82582403567251816, -23.00000000000000000 ) ) ;
#3126 = CARTESIAN_POINT ( 'NONE',  ( 35.50000000000000000, -2.799999999999999822, -37.99999999999999289 ) ) ;
#3127 = CIRCLE ( 'NONE', #1543, 1.000000000000000888 ) ;
#3128 = EDGE_CURVE ( 'NONE', #2794, #3987, #3306, .T. ) ;
#3129 = DIRECTION ( 'NONE',  ( -1.000000000000000000, 0.000000000000000000, 0.000000000000000000 ) ) ;
#3130 = VECTOR ( 'NONE', #3019, 1000.000000000000000 ) ;
#3131 = DIRECTION ( 'NONE',  ( 0.000000000000000000, 0.000000000000000000, -1.000000000000000000 ) ) ;
#3132 = DIRECTION ( 'NONE',  ( 1.000000000000000000, 0.000000000000000000, 0.000000000000000000 ) ) ;
#3133 = AXIS2_PLACEMENT_3D ( 'NONE', #2601, #541, #4350 ) ;
#3134 = EDGE_CURVE ( 'NONE', #2124, #1152, #1729, .T. ) ;
#3135 = ORIENTED_EDGE ( 'NONE', *, *, #3800, .F. ) ;
#3136 = ORIENTED_EDGE ( 'NONE', *, *, #103, .F. ) ;
#3137 = LINE ( 'NONE', #2099, #572 ) ;
#3138 = ORIENTED_EDGE ( 'NONE', *, *, #3380, .T. ) ;
#3139 = DIRECTION ( 'NONE',  ( 0.000000000000000000, 1.000000000000000000, 0.000000000000000000 ) ) ;
#3140 = CARTESIAN_POINT ( 'NONE',  ( 60.20000000000000284, 2.900000000000003464, -49.00000000000000000 ) ) ;
#3141 = DIRECTION ( 'NONE',  ( 0.000000000000000000, 0.000000000000000000, 1.000000000000000000 ) ) ;
#3142 = AXIS2_PLACEMENT_3D ( 'NONE', #488, #4301, #1564 ) ;
#3143 = FACE_OUTER_BOUND ( 'NONE', #1188, .T. ) ;
#3144 = ORIENTED_EDGE ( 'NONE', *, *, #4343, .T. ) ;
#3145 = CARTESIAN_POINT ( 'NONE',  ( 44.49999999999998579, 0.7000000000000000666, -20.00000000000000000 ) ) ;
#3146 = AXIS2_PLACEMENT_3D ( 'NONE', #3930, #2544, #2854 ) ;
#3147 = ORIENTED_EDGE ( 'NONE', *, *, #415, .T. ) ;
#3148 = CARTESIAN_POINT ( 'NONE',  ( 41.00000000000000711, -3.799999999999999822, 0.000000000000000000 ) ) ;
#3149 = AXIS2_PLACEMENT_3D ( 'NONE', #1419, #3432, #4175 ) ;
#3150 = EDGE_CURVE ( 'NONE', #2999, #4238, #31, .T. ) ;
#3151 = PLANE ( 'NONE',  #1957 ) ;
#3152 = AXIS2_PLACEMENT_3D ( 'NONE', #3669, #579, #1295 ) ;
#3153 = DIRECTION ( 'NONE',  ( 0.000000000000000000, 1.000000000000000000, 0.000000000000000000 ) ) ;
#3154 = ADVANCED_FACE ( 'NONE', ( #2127 ), #3183, .F. ) ;
#3155 = EDGE_CURVE ( 'NONE', #3262, #2866, #1123, .T. ) ;
#3156 = DIRECTION ( 'NONE',  ( -0.000000000000000000, 1.000000000000000000, -0.000000000000000000 ) ) ;
#3157 = CIRCLE ( 'NONE', #859, 3.000000000000002665 ) ;
#3158 = FACE_OUTER_BOUND ( 'NONE', #4048, .T. ) ;
#3159 = DIRECTION ( 'NONE',  ( -0.000000000000000000, 1.000000000000000000, -0.000000000000000000 ) ) ;
#3160 = ORIENTED_EDGE ( 'NONE', *, *, #820, .T. ) ;
#3161 = ORIENTED_EDGE ( 'NONE', *, *, #1811, .T. ) ;
#3162 = CARTESIAN_POINT ( 'NONE',  ( 35.50000000000000711, 0.000000000000000000, -26.99999999999999289 ) ) ;
#3163 = DIRECTION ( 'NONE',  ( 0.000000000000000000, 0.000000000000000000, 1.000000000000000000 ) ) ;
#3164 = AXIS2_PLACEMENT_3D ( 'NONE', #2734, #1105, #1799 ) ;
#3165 = CIRCLE ( 'NONE', #2942, 1.400000000000005462 ) ;
#3166 = CIRCLE ( 'NONE', #2733, 0.5000000000000004441 ) ;
#3167 = DIRECTION ( 'NONE',  ( 0.000000000000000000, -1.000000000000000000, 0.000000000000000000 ) ) ;
#3168 = LINE ( 'NONE', #2428, #4294 ) ;
#3169 = ORIENTED_EDGE ( 'NONE', *, *, #1732, .T. ) ;
#3170 = DIRECTION ( 'NONE',  ( 0.000000000000000000, -1.000000000000000000, 0.000000000000000000 ) ) ;
#3171 = DIRECTION ( 'NONE',  ( 0.000000000000000000, 0.000000000000000000, 1.000000000000000000 ) ) ;
#3172 = ORIENTED_EDGE ( 'NONE', *, *, #768, .T. ) ;
#3173 = DIRECTION ( 'NONE',  ( 0.8106792283998799364, -0.000000000000000000, 0.5854905538443597734 ) ) ;
#3174 = ADVANCED_FACE ( 'NONE', ( #3790 ), #2822, .T. ) ;
#3175 = CARTESIAN_POINT ( 'NONE',  ( 0.000000000000000000, -5.499999999999998224, -56.00000000000000000 ) ) ;
#3176 = AXIS2_PLACEMENT_3D ( 'NONE', #149, #395, #932 ) ;
#3177 = CARTESIAN_POINT ( 'NONE',  ( 58.89999999999999858, 2.900000000000003464, -42.39999999999999147 ) ) ;
#3178 = ADVANCED_FACE ( 'NONE', ( #1776 ), #3517, .T. ) ;
#3179 = ORIENTED_EDGE ( 'NONE', *, *, #3755, .F. ) ;
#3180 = ORIENTED_EDGE ( 'NONE', *, *, #2487, .F. ) ;
#3181 = DIRECTION ( 'NONE',  ( 0.000000000000000000, 0.000000000000000000, -1.000000000000000000 ) ) ;
#3182 = DIRECTION ( 'NONE',  ( -0.000000000000000000, 1.000000000000000000, -0.000000000000000000 ) ) ;
#3183 = PLANE ( 'NONE',  #4169 ) ;
#3184 = EDGE_CURVE ( 'NONE', #525, #2021, #3097, .T. ) ;
#3185 = EDGE_CURVE ( 'NONE', #2396, #1099, #50, .T. ) ;
#3186 = EDGE_CURVE ( 'NONE', #1611, #1803, #1057, .T. ) ;
#3187 = CYLINDRICAL_SURFACE ( 'NONE', #1773, 2.999999999999999112 ) ;
#3188 = CARTESIAN_POINT ( 'NONE',  ( 68.70000000000000284, 10.00000000000000000, -32.72737740986950428 ) ) ;
#3189 = ORIENTED_EDGE ( 'NONE', *, *, #1581, .F. ) ;
#3190 = DIRECTION ( 'NONE',  ( -0.000000000000000000, 1.000000000000000000, -0.000000000000000000 ) ) ;
#3191 = FACE_OUTER_BOUND ( 'NONE', #1156, .T. ) ;
#3192 = ORIENTED_EDGE ( 'NONE', *, *, #3460, .T. ) ;
#3193 = DIRECTION ( 'NONE',  ( -1.000000000000000000, 0.000000000000000000, 0.000000000000000000 ) ) ;
#3194 = CIRCLE ( 'NONE', #4268, 2.999999999999988898 ) ;
#3195 = DIRECTION ( 'NONE',  ( 0.000000000000000000, 0.000000000000000000, 1.000000000000000000 ) ) ;
#3196 = EDGE_CURVE ( 'NONE', #144, #3214, #1479, .T. ) ;
#3197 = LINE ( 'NONE', #1180, #3855 ) ;
#3198 = EDGE_LOOP ( 'NONE', ( #1975, #1466, #1141, #558 ) ) ;
#3199 = ORIENTED_EDGE ( 'NONE', *, *, #202, .F. ) ;
#3200 = CARTESIAN_POINT ( 'NONE',  ( 65.20000000000000284, 0.000000000000000000, -56.00000000000000000 ) ) ;
#3201 = CIRCLE ( 'NONE', #1482, 1.000000000000000888 ) ;
#3202 = LINE ( 'NONE', #3914, #350 ) ;
#3203 = LINE ( 'NONE', #1496, #2592 ) ;
#3204 = ORIENTED_EDGE ( 'NONE', *, *, #3872, .T. ) ;
#3205 = ADVANCED_FACE ( 'NONE', ( #1459 ), #2103, .F. ) ;
#3206 = CARTESIAN_POINT ( 'NONE',  ( 40.49999999999999289, -3.299999999999999378, -37.99999999999999289 ) ) ;
#3207 = CARTESIAN_POINT ( 'NONE',  ( 58.50000000000000000, -30.26336871769660775, 0.000000000000000000 ) ) ;
#3208 = ORIENTED_EDGE ( 'NONE', *, *, #1668, .F. ) ;
#3209 = CARTESIAN_POINT ( 'NONE',  ( 58.50000000000000000, 0.6999999999999992895, 1.697894417798674900E-31 ) ) ;
#3210 = VECTOR ( 'NONE', #4008, 1000.000000000000000 ) ;
#3211 = DIRECTION ( 'NONE',  ( -0.000000000000000000, 1.000000000000000000, -0.000000000000000000 ) ) ;
#3212 = VERTEX_POINT ( 'NONE', #2467 ) ;
#3213 = ORIENTED_EDGE ( 'NONE', *, *, #4406, .F. ) ;
#3214 = VERTEX_POINT ( 'NONE', #1752 ) ;
#3215 = CARTESIAN_POINT ( 'NONE',  ( 45.99999999999997868, 2.900000000000003464, -2.999999999999999112 ) ) ;
#3216 = LINE ( 'NONE', #125, #2166 ) ;
#3217 = ADVANCED_FACE ( 'NONE', ( #449 ), #1818, .F. ) ;
#3218 = CYLINDRICAL_SURFACE ( 'NONE', #3000, 0.5500000000000035971 ) ;
#3219 = VECTOR ( 'NONE', #3691, 1000.000000000000000 ) ;
#3220 = EDGE_LOOP ( 'NONE', ( #1527, #1456, #1037, #3064, #1313, #2098 ) ) ;
#3221 = ORIENTED_EDGE ( 'NONE', *, *, #1946, .T. ) ;
#3222 = CARTESIAN_POINT ( 'NONE',  ( 65.00000000000022737, -0.000000000000000000, -2.577303450022701126E-13 ) ) ;
#3223 = FACE_OUTER_BOUND ( 'NONE', #3793, .T. ) ;
#3224 = LINE ( 'NONE', #3605, #2802 ) ;
#3225 = DIRECTION ( 'NONE',  ( 0.000000000000000000, 0.000000000000000000, 1.000000000000000000 ) ) ;
#3226 = FACE_OUTER_BOUND ( 'NONE', #1831, .T. ) ;
#3227 = CLOSED_SHELL ( 'NONE', ( #2079, #691, #4114, #3607, #1454, #335, #1555, #1406, #1346, #2924, #4236, #3174, #926, #114, #2184, #2468, #3154, #3528, #575, #1870, #1428, #3809, #193, #2003, #2461, #4002, #3761, #2795, #1693, #1627, #1461, #934, #3473, #1835, #4399, #3586, #394, #2908, #1225, #4270, #3892, #1917, #2927, #3178, #2246, #203, #441, #4248, #3006, #2707, #3071, #2737, #1558, #1994, #1104, #2656, #962, #15, #1739, #162, #533, #1503, #3977, #2353, #338, #3513, #638, #483, #2, #130, #1136, #2325, #2583, #531, #937, #1135, #4125, #3100, #775, #306, #3043, #3053, #3941, #2017, #2449, #436, #998, #3710, #1179, #458, #2510, #552, #3442, #2525, #2060, #4193, #2526, #2112, #2023, #339, #4302, #1426, #2383, #3205, #3323, #1399, #1987, #3272, #4149, #3708, #1323, #1418, #747, #2837, #2680, #279, #2862, #3697, #2949, #285, #3287, #358, #523, #4365, #2968, #1587, #689, #3217, #1326, #3642, #1256, #3999, #3280, #1155, #906, #727 ) ) ;
#3228 = VERTEX_POINT ( 'NONE', #3472 ) ;
#3229 = LINE ( 'NONE', #164, #1760 ) ;
#3230 = EDGE_CURVE ( 'NONE', #2206, #2835, #404, .T. ) ;
#3231 = DIRECTION ( 'NONE',  ( 0.000000000000000000, 1.000000000000000000, 0.000000000000000000 ) ) ;
#3232 = VECTOR ( 'NONE', #2005, 1000.000000000000000 ) ;
#3233 = ORIENTED_EDGE ( 'NONE', *, *, #766, .F. ) ;
#3234 = ORIENTED_EDGE ( 'NONE', *, *, #3779, .F. ) ;
#3235 = VERTEX_POINT ( 'NONE', #2422 ) ;
#3236 = FACE_OUTER_BOUND ( 'NONE', #1699, .T. ) ;
#3237 = DIRECTION ( 'NONE',  ( 0.000000000000000000, 0.000000000000000000, -1.000000000000000000 ) ) ;
#3238 = DIRECTION ( 'NONE',  ( 1.000000000000000000, 0.000000000000000000, 2.775557561562891844E-16 ) ) ;
#3239 = EDGE_CURVE ( 'NONE', #3286, #2400, #3166, .T. ) ;
#3240 = AXIS2_PLACEMENT_3D ( 'NONE', #958, #1673, #1336 ) ;
#3241 = EDGE_LOOP ( 'NONE', ( #1599, #168, #4037, #574 ) ) ;
#3242 = ORIENTED_EDGE ( 'NONE', *, *, #673, .F. ) ;
#3243 = DIRECTION ( 'NONE',  ( 0.000000000000000000, -1.000000000000000000, 0.000000000000000000 ) ) ;
#3244 = DIRECTION ( 'NONE',  ( -0.000000000000000000, 1.000000000000000000, -0.000000000000000000 ) ) ;
#3245 = CARTESIAN_POINT ( 'NONE',  ( 6.000000000000000000, -5.500000000000000000, -55.99999999999998579 ) ) ;
#3246 = LINE ( 'NONE', #4194, #2553 ) ;
#3247 = EDGE_CURVE ( 'NONE', #4396, #3212, #2230, .T. ) ;
#3248 = CARTESIAN_POINT ( 'NONE',  ( 59.20000000000000284, 2.900000000000003464, -49.00000000000000000 ) ) ;
#3249 = VERTEX_POINT ( 'NONE', #4146 ) ;
#3250 = PERSON_AND_ORGANIZATION ( #3907, #3451 ) ;
#3251 = FACE_OUTER_BOUND ( 'NONE', #2666, .T. ) ;
#3252 = ORIENTED_EDGE ( 'NONE', *, *, #198, .F. ) ;
#3253 = ORIENTED_EDGE ( 'NONE', *, *, #1749, .F. ) ;
#3254 = ORIENTED_EDGE ( 'NONE', *, *, #1328, .F. ) ;
#3255 = VECTOR ( 'NONE', #2171, 1000.000000000000000 ) ;
#3256 = LINE ( 'NONE', #1892, #763 ) ;
#3257 = EDGE_CURVE ( 'NONE', #1506, #3114, #2443, .T. ) ;
#3258 = LINE ( 'NONE', #601, #2552 ) ;
#3259 = FACE_OUTER_BOUND ( 'NONE', #139, .T. ) ;
#3260 = VECTOR ( 'NONE', #4112, 1000.000000000000000 ) ;
#3261 = EDGE_LOOP ( 'NONE', ( #2318, #697, #444, #2772 ) ) ;
#3262 = VERTEX_POINT ( 'NONE', #178 ) ;
#3263 = EDGE_CURVE ( 'NONE', #225, #4106, #4280, .T. ) ;
#3264 = FACE_OUTER_BOUND ( 'NONE', #1598, .T. ) ;
#3265 = VECTOR ( 'NONE', #1401, 1000.000000000000000 ) ;
#3266 = CIRCLE ( 'NONE', #1547, 1.000000000000000888 ) ;
#3267 = EDGE_LOOP ( 'NONE', ( #3144, #4260, #3425, #4201 ) ) ;
#3268 = PLANE ( 'NONE',  #1785 ) ;
#3269 = DIRECTION ( 'NONE',  ( -0.7071067811865376918, 0.7071067811865573427, 3.774260717989791201E-16 ) ) ;
#3270 = AXIS2_PLACEMENT_3D ( 'NONE', #1173, #3897, #1933 ) ;
#3271 = CARTESIAN_POINT ( 'NONE',  ( 41.49999999999999289, -3.799999999999999822, -25.99999999999999645 ) ) ;
#3272 = ADVANCED_FACE ( 'NONE', ( #4324 ), #4255, .F. ) ;
#3273 = DIRECTION ( 'NONE',  ( -0.000000000000000000, 1.000000000000000000, -0.000000000000000000 ) ) ;
#3274 = ORIENTED_EDGE ( 'NONE', *, *, #3783, .T. ) ;
#3275 = DATE_AND_TIME ( #2606, #3595 ) ;
#3276 = FACE_OUTER_BOUND ( 'NONE', #801, .T. ) ;
#3277 = ORIENTED_EDGE ( 'NONE', *, *, #2009, .F. ) ;
#3278 = EDGE_LOOP ( 'NONE', ( #212, #4298, #2076, #1016 ) ) ;
#3279 = ORIENTED_EDGE ( 'NONE', *, *, #2681, .F. ) ;
#3280 = ADVANCED_FACE ( 'NONE', ( #1836 ), #224, .F. ) ;
#3281 = CARTESIAN_POINT ( 'NONE',  ( 55.73172798364528546, -5.500999999999998558, -25.68172798364529541 ) ) ;
#3282 = CARTESIAN_POINT ( 'NONE',  ( 3.500000000000000000, -5.499999999999998224, -52.50000000000000000 ) ) ;
#3283 = CARTESIAN_POINT ( 'NONE',  ( 58.19999999999999574, -3.799999999999999822, -26.50000000000000000 ) ) ;
#3284 = VECTOR ( 'NONE', #3711, 1000.000000000000000 ) ;
#3285 = EDGE_LOOP ( 'NONE', ( #1028, #2011, #2151, #3670 ) ) ;
#3286 = VERTEX_POINT ( 'NONE', #2550 ) ;
#3287 = ADVANCED_FACE ( 'NONE', ( #466 ), #1541, .T. ) ;
#3288 = AXIS2_PLACEMENT_3D ( 'NONE', #1239, #3273, #3558 ) ;
#3289 = VERTEX_POINT ( 'NONE', #2952 ) ;
#3290 = CARTESIAN_POINT ( 'NONE',  ( 0.000000000000000000, -5.500000000000000000, 0.000000000000000000 ) ) ;
#3291 = DIRECTION ( 'NONE',  ( -0.000000000000000000, 1.000000000000000000, -0.000000000000000000 ) ) ;
#3292 = ORIENTED_EDGE ( 'NONE', *, *, #796, .F. ) ;
#3293 = AXIS2_PLACEMENT_3D ( 'NONE', #1523, #1191, #542 ) ;
#3294 = AXIS2_PLACEMENT_3D ( 'NONE', #1612, #2978, #3719 ) ;
#3295 = LINE ( 'NONE', #3317, #433 ) ;
#3296 = FACE_OUTER_BOUND ( 'NONE', #4019, .T. ) ;
#3297 = ORIENTED_EDGE ( 'NONE', *, *, #3331, .T. ) ;
#3298 =( NAMED_UNIT ( * ) SI_UNIT ( $, .STERADIAN. ) SOLID_ANGLE_UNIT ( ) );
#3299 = CARTESIAN_POINT ( 'NONE',  ( 0.000000000000000000, -2.799999999999999822, -38.49999999999997868 ) ) ;
#3300 = DIRECTION ( 'NONE',  ( -1.982541115402065702E-15, 0.000000000000000000, -1.000000000000000000 ) ) ;
#3301 = EDGE_LOOP ( 'NONE', ( #250, #2917, #4275, #1390 ) ) ;
#3302 = ORIENTED_EDGE ( 'NONE', *, *, #1845, .T. ) ;
#3303 = FACE_OUTER_BOUND ( 'NONE', #2599, .T. ) ;
#3304 = VECTOR ( 'NONE', #1356, 1000.000000000000000 ) ;
#3305 = CARTESIAN_POINT ( 'NONE',  ( 3.500000000000003109, -5.499999999999998224, -2.200000000000000622 ) ) ;
#3306 = CIRCLE ( 'NONE', #3873, 3.000000000000002665 ) ;
#3307 = DIRECTION ( 'NONE',  ( 0.000000000000000000, 0.000000000000000000, -1.000000000000000000 ) ) ;
#3308 = EDGE_CURVE ( 'NONE', #2635, #4106, #3203, .T. ) ;
#3309 = VERTEX_POINT ( 'NONE', #894 ) ;
#3310 = ORIENTED_EDGE ( 'NONE', *, *, #158, .F. ) ;
#3311 = ORIENTED_EDGE ( 'NONE', *, *, #3119, .T. ) ;
#3312 = DIRECTION ( 'NONE',  ( 0.000000000000000000, 0.000000000000000000, -1.000000000000000000 ) ) ;
#3313 = EDGE_CURVE ( 'NONE', #4356, #3559, #132, .T. ) ;
#3314 = CIRCLE ( 'NONE', #3880, 1.000000000000000888 ) ;
#3315 = CARTESIAN_POINT ( 'NONE',  ( 56.00000000000000000, 0.000000000000000000, -47.99999999999999289 ) ) ;
#3316 = ORIENTED_EDGE ( 'NONE', *, *, #3609, .T. ) ;
#3317 = CARTESIAN_POINT ( 'NONE',  ( 6.600000000000000533, -2.000000000000000000, 0.000000000000000000 ) ) ;
#3318 = DIRECTION ( 'NONE',  ( -0.000000000000000000, 0.000000000000000000, 1.000000000000000000 ) ) ;
#3319 = CARTESIAN_POINT ( 'NONE',  ( 0.000000000000000000, 0.000000000000000000, -42.50000000000000000 ) ) ;
#3320 = ORIENTED_EDGE ( 'NONE', *, *, #3155, .F. ) ;
#3321 = PERSON_AND_ORGANIZATION_ROLE ( 'design_owner' ) ;
#3322 = FACE_OUTER_BOUND ( 'NONE', #3525, .T. ) ;
#3323 = ADVANCED_FACE ( 'NONE', ( #2575 ), #826, .F. ) ;
#3324 = EDGE_CURVE ( 'NONE', #1073, #599, #3915, .T. ) ;
#3325 = DIRECTION ( 'NONE',  ( 0.000000000000000000, -1.000000000000000000, 0.000000000000000000 ) ) ;
#3326 = ORIENTED_EDGE ( 'NONE', *, *, #461, .F. ) ;
#3327 = ORIENTED_EDGE ( 'NONE', *, *, #138, .F. ) ;
#3328 = DIRECTION ( 'NONE',  ( -0.000000000000000000, 1.000000000000000000, -0.000000000000000000 ) ) ;
#3329 = CARTESIAN_POINT ( 'NONE',  ( 3.500000000000003109, 2.900000000000003464, -3.500000000000000000 ) ) ;
#3330 = DIRECTION ( 'NONE',  ( 0.000000000000000000, 0.000000000000000000, 1.000000000000000000 ) ) ;
#3331 = EDGE_CURVE ( 'NONE', #867, #2400, #489, .T. ) ;
#3332 = ORIENTED_EDGE ( 'NONE', *, *, #1269, .F. ) ;
#3333 = CARTESIAN_POINT ( 'NONE',  ( 47.49999999999997868, 2.900000000000003464, -2.999999999999999112 ) ) ;
#3334 = DIRECTION ( 'NONE',  ( -0.000000000000000000, 0.000000000000000000, 1.000000000000000000 ) ) ;
#3335 = VERTEX_POINT ( 'NONE', #1166 ) ;
#3336 = AXIS2_PLACEMENT_3D ( 'NONE', #1384, #3778, #3131 ) ;
#3337 = CYLINDRICAL_SURFACE ( 'NONE', #3508, 2.999999999999988898 ) ;
#3338 = VECTOR ( 'NONE', #2648, 1000.000000000000000 ) ;
#3339 = CARTESIAN_POINT ( 'NONE',  ( 63.19999999999998153, -3.799999999999999822, -26.49999999999999645 ) ) ;
#3340 = AXIS2_PLACEMENT_3D ( 'NONE', #3689, #4044, #2047 ) ;
#3341 = CARTESIAN_POINT ( 'NONE',  ( 45.99999999999997868, 2.900000000000003464, -2.999999999999999112 ) ) ;
#3342 = EDGE_CURVE ( 'NONE', #3249, #3591, #1924, .T. ) ;
#3343 = ORIENTED_EDGE ( 'NONE', *, *, #704, .T. ) ;
#3344 = CARTESIAN_POINT ( 'NONE',  ( 66.20000000000000284, 0.000000000000000000, -56.00000000000000000 ) ) ;
#3345 = VECTOR ( 'NONE', #827, 1000.000000000000000 ) ;
#3346 = LINE ( 'NONE', #994, #3485 ) ;
#3347 = VERTEX_POINT ( 'NONE', #2238 ) ;
#3348 = ORIENTED_EDGE ( 'NONE', *, *, #2976, .T. ) ;
#3349 = ORIENTED_EDGE ( 'NONE', *, *, #3051, .T. ) ;
#3350 = LINE ( 'NONE', #2045, #2590 ) ;
#3351 = DIRECTION ( 'NONE',  ( -0.000000000000000000, 1.000000000000000000, -0.000000000000000000 ) ) ;
#3352 = PLANE ( 'NONE',  #4030 ) ;
#3353 = CYLINDRICAL_SURFACE ( 'NONE', #4431, 1.499999999999997780 ) ;
#3354 = CIRCLE ( 'NONE', #849, 3.000000000000002665 ) ;
#3355 = ORIENTED_EDGE ( 'NONE', *, *, #4062, .T. ) ;
#3356 = VECTOR ( 'NONE', #2480, 1000.000000000000000 ) ;
#3357 = CARTESIAN_POINT ( 'NONE',  ( 62.00000000000000711, -30.26336871769660775, -49.50000000000000000 ) ) ;
#3358 = DIRECTION ( 'NONE',  ( -0.000000000000000000, -1.000000000000000000, -0.000000000000000000 ) ) ;
#3359 = AXIS2_PLACEMENT_3D ( 'NONE', #1861, #3893, #4258 ) ;
#3360 = ORIENTED_EDGE ( 'NONE', *, *, #1201, .T. ) ;
#3361 = VECTOR ( 'NONE', #3330, 1000.000000000000000 ) ;
#3362 = PLANE ( 'NONE',  #2505 ) ;
#3363 = LINE ( 'NONE', #1663, #1 ) ;
#3364 = DIRECTION ( 'NONE',  ( 0.000000000000000000, 0.000000000000000000, -1.000000000000000000 ) ) ;
#3365 = CIRCLE ( 'NONE', #288, 1.400000000000005462 ) ;
#3366 = ORIENTED_EDGE ( 'NONE', *, *, #1686, .F. ) ;
#3367 = DIRECTION ( 'NONE',  ( 0.000000000000000000, 0.000000000000000000, 1.000000000000000000 ) ) ;
#3368 = CARTESIAN_POINT ( 'NONE',  ( 35.99999999999998579, -2.799999999999999822, -37.99999999999999289 ) ) ;
#3369 = VERTEX_POINT ( 'NONE', #2931 ) ;
#3370 = FACE_OUTER_BOUND ( 'NONE', #4052, .T. ) ;
#3371 = EDGE_CURVE ( 'NONE', #3047, #1815, #3556, .T. ) ;
#3372 = DIRECTION ( 'NONE',  ( -0.000000000000000000, -1.000000000000000000, -0.000000000000000000 ) ) ;
#3373 = FACE_OUTER_BOUND ( 'NONE', #2975, .T. ) ;
#3374 = AXIS2_PLACEMENT_3D ( 'NONE', #4277, #154, #1164 ) ;
#3375 = CARTESIAN_POINT ( 'NONE',  ( 50.89999999999999147, -3.299999999999999378, -26.99999999999999289 ) ) ;
#3376 = CIRCLE ( 'NONE', #3666, 0.4999999999999865663 ) ;
#3377 = EDGE_CURVE ( 'NONE', #2376, #2872, #3224, .T. ) ;
#3378 = VECTOR ( 'NONE', #4121, 1000.000000000000000 ) ;
#3379 = EDGE_CURVE ( 'NONE', #3760, #521, #373, .T. ) ;
#3380 = EDGE_CURVE ( 'NONE', #2576, #694, #3626, .T. ) ;
#3381 = VERTEX_POINT ( 'NONE', #1187 ) ;
#3382 = LINE ( 'NONE', #2328, #4285 ) ;
#3383 = CARTESIAN_POINT ( 'NONE',  ( 41.49999999999998579, 0.000000000000000000, -38.99999999999999289 ) ) ;
#3384 = EDGE_LOOP ( 'NONE', ( #363, #537, #289, #1657 ) ) ;
#3385 = LOCAL_TIME ( 11, 1, 36.00000000000000000, #2961 ) ;
#3386 = DIRECTION ( 'NONE',  ( 0.000000000000000000, 0.000000000000000000, 1.000000000000000000 ) ) ;
#3387 = CARTESIAN_POINT ( 'NONE',  ( 45.99999999999998579, 2.900000000000003464, -21.50000000000000000 ) ) ;
#3388 = FACE_OUTER_BOUND ( 'NONE', #3544, .T. ) ;
#3389 = ORIENTED_EDGE ( 'NONE', *, *, #1856, .T. ) ;
#3390 = CARTESIAN_POINT ( 'NONE',  ( 25.00000000000000000, -2.299999999999999378, -38.99999999999999289 ) ) ;
#3391 = CIRCLE ( 'NONE', #1819, 3.000000000000000000 ) ;
#3392 = DIRECTION ( 'NONE',  ( 0.000000000000000000, 0.000000000000000000, -1.000000000000000000 ) ) ;
#3393 = ORIENTED_EDGE ( 'NONE', *, *, #1017, .F. ) ;
#3394 = LINE ( 'NONE', #4088, #513 ) ;
#3395 = DIRECTION ( 'NONE',  ( 0.000000000000000000, 0.000000000000000000, -1.000000000000000000 ) ) ;
#3396 = CARTESIAN_POINT ( 'NONE',  ( 50.50000000000000000, 0.000000000000000000, -20.99999999999999645 ) ) ;
#3397 = EDGE_CURVE ( 'NONE', #199, #2873, #562, .T. ) ;
#3398 = EDGE_CURVE ( 'NONE', #2747, #2999, #808, .T. ) ;
#3399 = DIRECTION ( 'NONE',  ( 0.000000000000000000, 0.000000000000000000, -1.000000000000000000 ) ) ;
#3400 = ORIENTED_EDGE ( 'NONE', *, *, #3186, .T. ) ;
#3401 = VERTEX_POINT ( 'NONE', #3002 ) ;
#3402 = DIRECTION ( 'NONE',  ( 0.000000000000000000, -0.000000000000000000, -1.000000000000000000 ) ) ;
#3403 = CARTESIAN_POINT ( 'NONE',  ( 66.20000000000000284, 0.000000000000000000, -55.00000000000000000 ) ) ;
#3404 = ORIENTED_EDGE ( 'NONE', *, *, #4428, .F. ) ;
#3405 = CARTESIAN_POINT ( 'NONE',  ( 61.50000000000000711, 2.900000000000003464, -53.80000000000000426 ) ) ;
#3406 = DIRECTION ( 'NONE',  ( 0.000000000000000000, -1.000000000000000000, 0.000000000000000000 ) ) ;
#3407 = CARTESIAN_POINT ( 'NONE',  ( 3.500000000000000000, 2.900000000000003464, -51.19999999999999574 ) ) ;
#3408 = ORIENTED_EDGE ( 'NONE', *, *, #2721, .T. ) ;
#3409 = AXIS2_PLACEMENT_3D ( 'NONE', #3215, #148, #3844 ) ;
#3410 = FACE_OUTER_BOUND ( 'NONE', #3430, .T. ) ;
#3411 = EDGE_CURVE ( 'NONE', #3105, #3381, #1091, .T. ) ;
#3412 = CARTESIAN_POINT ( 'NONE',  ( 66.20000000000000284, 2.900000000000003464, -56.00000000000000000 ) ) ;
#3413 = ORIENTED_EDGE ( 'NONE', *, *, #1003, .T. ) ;
#3414 = DIRECTION ( 'NONE',  ( -2.668805347656627171E-16, 0.000000000000000000, -1.000000000000000000 ) ) ;
#3415 = CARTESIAN_POINT ( 'NONE',  ( 24.50000000000001776, -2.799999999999999822, -26.99999999999999645 ) ) ;
#3416 = PLANE ( 'NONE',  #4344 ) ;
#3417 = VECTOR ( 'NONE', #798, 1000.000000000000000 ) ;
#3418 = DIRECTION ( 'NONE',  ( 0.7071067811865574537, -0.7071067811865376918, 0.000000000000000000 ) ) ;
#3419 = DIRECTION ( 'NONE',  ( -0.000000000000000000, 1.000000000000000000, -0.000000000000000000 ) ) ;
#3420 = APPROVAL ( #3010, '未指定' ) ;
#3421 = VERTEX_POINT ( 'NONE', #987 ) ;
#3422 = ORIENTED_EDGE ( 'NONE', *, *, #1522, .T. ) ;
#3423 = DIRECTION ( 'NONE',  ( -0.000000000000000000, -1.000000000000000000, 0.000000000000000000 ) ) ;
#3424 = EDGE_CURVE ( 'NONE', #1753, #2162, #2448, .T. ) ;
#3425 = ORIENTED_EDGE ( 'NONE', *, *, #3843, .F. ) ;
#3426 = AXIS2_PLACEMENT_3D ( 'NONE', #1991, #4029, #3312 ) ;
#3427 = CARTESIAN_POINT ( 'NONE',  ( 63.19999999999998153, -3.299999999999985612, -20.49999999999999645 ) ) ;
#3428 = DIRECTION ( 'NONE',  ( 0.000000000000000000, 0.000000000000000000, -1.000000000000000000 ) ) ;
#3429 = CARTESIAN_POINT ( 'NONE',  ( 7.216449660063517513E-15, 0.000000000000000000, -26.00000000000000355 ) ) ;
#3430 = EDGE_LOOP ( 'NONE', ( #2972, #456, #2642, #2220 ) ) ;
#3431 = CARTESIAN_POINT ( 'NONE',  ( -5.510910596163088569E-16, 2.899999999999999911, 0.000000000000000000 ) ) ;
#3432 = DIRECTION ( 'NONE',  ( 0.000000000000000000, -1.000000000000000000, 0.000000000000000000 ) ) ;
#3433 = ORIENTED_EDGE ( 'NONE', *, *, #303, .T. ) ;
#3434 = FACE_OUTER_BOUND ( 'NONE', #1542, .T. ) ;
#3435 = VECTOR ( 'NONE', #309, 1000.000000000000000 ) ;
#3436 = EDGE_CURVE ( 'NONE', #4071, #292, #916, .T. ) ;
#3437 = VERTEX_POINT ( 'NONE', #3383 ) ;
#3438 = DIRECTION ( 'NONE',  ( 1.000000000000000000, 0.000000000000000000, 0.000000000000000000 ) ) ;
#3439 = DIRECTION ( 'NONE',  ( 0.000000000000000000, -1.000000000000000000, 0.000000000000000000 ) ) ;
#3440 = CARTESIAN_POINT ( 'NONE',  ( 0.000000000000000000, 0.000000000000000000, -56.00000000000000000 ) ) ;
#3441 = LINE ( 'NONE', #4092, #1192 ) ;
#3442 = ADVANCED_FACE ( 'NONE', ( #1969 ), #1277, .T. ) ;
#3443 = EDGE_LOOP ( 'NONE', ( #1711, #762, #3102, #3468 ) ) ;
#3444 = ORIENTED_EDGE ( 'NONE', *, *, #1884, .F. ) ;
#3445 = LINE ( 'NONE', #3490, #2852 ) ;
#3446 = ORIENTED_EDGE ( 'NONE', *, *, #4243, .T. ) ;
#3447 = EDGE_CURVE ( 'NONE', #953, #4315, #2284, .T. ) ;
#3448 = CARTESIAN_POINT ( 'NONE',  ( 58.50000000000000000, 0.000000000000000000, 0.000000000000000000 ) ) ;
#3449 = DIRECTION ( 'NONE',  ( 0.000000000000000000, -1.000000000000000000, 0.000000000000000000 ) ) ;
#3450 = DIRECTION ( 'NONE',  ( 0.000000000000000000, 0.000000000000000000, -1.000000000000000000 ) ) ;
#3451 = ORGANIZATION ( '未指定', '未指定', '' ) ;
#3452 = EDGE_LOOP ( 'NONE', ( #263, #3925, #267, #2272 ) ) ;
#3453 = EDGE_CURVE ( 'NONE', #3465, #4266, #244, .T. ) ;
#3454 = DIRECTION ( 'NONE',  ( 0.000000000000000000, 1.000000000000000000, -0.000000000000000000 ) ) ;
#3455 = VERTEX_POINT ( 'NONE', #3403 ) ;
#3456 = FACE_OUTER_BOUND ( 'NONE', #911, .T. ) ;
#3457 = VECTOR ( 'NONE', #2172, 1000.000000000000000 ) ;
#3458 = ORIENTED_EDGE ( 'NONE', *, *, #2956, .T. ) ;
#3459 = CARTESIAN_POINT ( 'NONE',  ( 44.49999999999999289, 2.900000000000003464, -20.00000000000000000 ) ) ;
#3460 = EDGE_CURVE ( 'NONE', #2866, #2054, #2731, .T. ) ;
#3461 = LINE ( 'NONE', #1132, #3457 ) ;
#3462 = DIRECTION ( 'NONE',  ( 0.000000000000000000, 0.000000000000000000, -1.000000000000000000 ) ) ;
#3463 = CARTESIAN_POINT ( 'NONE',  ( 35.99999999999999289, -2.799999999999999822, -26.99999999999999289 ) ) ;
#3464 = DIRECTION ( 'NONE',  ( 0.000000000000000000, 0.000000000000000000, 1.000000000000000000 ) ) ;
#3465 = VERTEX_POINT ( 'NONE', #2974 ) ;
#3466 = ORIENTED_EDGE ( 'NONE', *, *, #2179, .T. ) ;
#3467 = LINE ( 'NONE', #696, #2138 ) ;
#3468 = ORIENTED_EDGE ( 'NONE', *, *, #4219, .F. ) ;
#3469 = CARTESIAN_POINT ( 'NONE',  ( 55.73172798364528546, 0.000000000000000000, -25.68172798364529541 ) ) ;
#3470 = VECTOR ( 'NONE', #687, 1000.000000000000000 ) ;
#3471 = CARTESIAN_POINT ( 'NONE',  ( 57.69999999999999574, -3.799999999999999822, -26.50000000000000000 ) ) ;
#3472 = CARTESIAN_POINT ( 'NONE',  ( 35.50000000000000711, -2.299999999999999378, -25.99999999999999289 ) ) ;
#3473 = ADVANCED_FACE ( 'NONE', ( #1679 ), #4051, .F. ) ;
#3474 = PLANE ( 'NONE',  #3359 ) ;
#3475 = EDGE_CURVE ( 'NONE', #3114, #527, #333, .T. ) ;
#3476 = ORIENTED_EDGE ( 'NONE', *, *, #4387, .F. ) ;
#3477 = CARTESIAN_POINT ( 'NONE',  ( 64.20000000000003126, -3.299999999999985612, -1.272791396088126793E-13 ) ) ;
#3478 = AXIS2_PLACEMENT_3D ( 'NONE', #1488, #2175, #1849 ) ;
#3479 = ORIENTED_EDGE ( 'NONE', *, *, #796, .T. ) ;
#3480 = CARTESIAN_POINT ( 'NONE',  ( 58.89999999999999858, 2.900000000000003464, -44.66057746756902702 ) ) ;
#3481 = CARTESIAN_POINT ( 'NONE',  ( 50.89999999999998437, 0.000000000000000000, -37.99999999999998579 ) ) ;
#3482 = VECTOR ( 'NONE', #1111, 1000.000000000000000 ) ;
#3483 = AXIS2_PLACEMENT_3D ( 'NONE', #2379, #2420, #720 ) ;
#3484 = DIRECTION ( 'NONE',  ( -0.000000000000000000, -1.000000000000000000, -0.000000000000000000 ) ) ;
#3485 = VECTOR ( 'NONE', #2042, 1000.000000000000000 ) ;
#3486 = LINE ( 'NONE', #4222, #2548 ) ;
#3487 = LINE ( 'NONE', #87, #910 ) ;
#3488 = VECTOR ( 'NONE', #1661, 1000.000000000000000 ) ;
#3489 = EDGE_LOOP ( 'NONE', ( #2025, #2580, #2249, #659 ) ) ;
#3490 = CARTESIAN_POINT ( 'NONE',  ( 57.19999999999999574, -3.299999999999985612, -26.50000000000000000 ) ) ;
#3491 = ORIENTED_EDGE ( 'NONE', *, *, #3788, .F. ) ;
#3492 = ORIENTED_EDGE ( 'NONE', *, *, #1269, .T. ) ;
#3493 = LINE ( 'NONE', #3096, #3943 ) ;
#3494 = CARTESIAN_POINT ( 'NONE',  ( 66.20000000000000284, 0.000000000000000000, -56.00000000000000000 ) ) ;
#3495 = DIRECTION ( 'NONE',  ( 1.000000000000000000, 0.000000000000000000, 9.912705577010328508E-16 ) ) ;
#3496 = VERTEX_POINT ( 'NONE', #2013 ) ;
#3497 = DIRECTION ( 'NONE',  ( 0.000000000000000000, -1.000000000000000000, 0.000000000000000000 ) ) ;
#3498 = AXIS2_PLACEMENT_3D ( 'NONE', #1747, #1790, #2749 ) ;
#3499 = ORIENTED_EDGE ( 'NONE', *, *, #2870, .F. ) ;
#3500 = DIRECTION ( 'NONE',  ( 0.000000000000000000, 0.000000000000000000, -1.000000000000000000 ) ) ;
#3501 = FACE_OUTER_BOUND ( 'NONE', #1644, .T. ) ;
#3502 = AXIS2_PLACEMENT_3D ( 'NONE', #3720, #4057, #4 ) ;
#3503 = CARTESIAN_POINT ( 'NONE',  ( 0.000000000000000000, -2.799999999999999822, 0.000000000000000000 ) ) ;
#3504 = EDGE_CURVE ( 'NONE', #4187, #4300, #940, .T. ) ;
#3505 = DIRECTION ( 'NONE',  ( 0.000000000000000000, 0.000000000000000000, -1.000000000000000000 ) ) ;
#3506 = CIRCLE ( 'NONE', #580, 1.299999999999999600 ) ;
#3507 = CARTESIAN_POINT ( 'NONE',  ( 44.50000000000000711, 0.000000000000000000, -1.653273178848926867E-15 ) ) ;
#3508 = AXIS2_PLACEMENT_3D ( 'NONE', #3966, #269, #1995 ) ;
#3509 = DIRECTION ( 'NONE',  ( 0.000000000000000000, 0.000000000000000000, 1.000000000000000000 ) ) ;
#3510 = EDGE_CURVE ( 'NONE', #1620, #4187, #609, .T. ) ;
#3511 = ORIENTED_EDGE ( 'NONE', *, *, #3184, .T. ) ;
#3512 = EDGE_LOOP ( 'NONE', ( #234, #111, #2472, #2983 ) ) ;
#3513 = ADVANCED_FACE ( 'NONE', ( #2350 ), #1011, .F. ) ;
#3514 = EDGE_CURVE ( 'NONE', #3757, #209, #2375, .T. ) ;
#3515 = CARTESIAN_POINT ( 'NONE',  ( 61.30000000000000426, 0.000000000000000000, -39.39999999999998437 ) ) ;
#3516 = DIRECTION ( 'NONE',  ( 0.000000000000000000, 0.000000000000000000, -1.000000000000000000 ) ) ;
#3517 = PLANE ( 'NONE',  #1381 ) ;
#3518 = CIRCLE ( 'NONE', #2155, 0.4999999999999865663 ) ;
#3519 = VECTOR ( 'NONE', #2040, 999.9999999999998863 ) ;
#3520 = CARTESIAN_POINT ( 'NONE',  ( 2.032104643287123103E-14, -3.299999999999985612, -20.50000000000006040 ) ) ;
#3521 = CARTESIAN_POINT ( 'NONE',  ( 35.50000000000000711, 0.000000000000000000, -25.99999999999999289 ) ) ;
#3522 = VERTEX_POINT ( 'NONE', #654 ) ;
#3523 = FACE_OUTER_BOUND ( 'NONE', #3744, .T. ) ;
#3524 = CARTESIAN_POINT ( 'NONE',  ( 58.50000000000000000, 0.000000000000000000, -13.00000000000000000 ) ) ;
#3525 = EDGE_LOOP ( 'NONE', ( #1474, #3069, #3773, #3034 ) ) ;
#3526 = CARTESIAN_POINT ( 'NONE',  ( 24.00000000000000355, 0.000000000000000000, -26.99999999999999645 ) ) ;
#3527 = CARTESIAN_POINT ( 'NONE',  ( 63.70000000000003126, -3.799999999999999822, -1.262878690511116574E-13 ) ) ;
#3528 = ADVANCED_FACE ( 'NONE', ( #966 ), #2684, .F. ) ;
#3529 = AXIS2_PLACEMENT_3D ( 'NONE', #2498, #64, #3195 ) ;
#3530 = APPROVAL ( #2581, '未指定' ) ;
#3531 = DIRECTION ( 'NONE',  ( -1.000000000000000000, 0.000000000000000000, -9.912705577010328508E-16 ) ) ;
#3532 = ORIENTED_EDGE ( 'NONE', *, *, #3119, .F. ) ;
#3533 = ORIENTED_EDGE ( 'NONE', *, *, #1615, .T. ) ;
#3534 = CARTESIAN_POINT ( 'NONE',  ( 7.200000000000004619, 0.000000000000000000, -42.39999999999998437 ) ) ;
#3535 = CARTESIAN_POINT ( 'NONE',  ( 58.19999999999999574, -3.799999999999999822, -21.50000000000000000 ) ) ;
#3536 = CARTESIAN_POINT ( 'NONE',  ( 36.50000000000002132, -2.299999999999999378, -1.948227903789338096E-14 ) ) ;
#3537 = CARTESIAN_POINT ( 'NONE',  ( 5.000000000000002665, -5.500999999999998558, -19.49999999999999645 ) ) ;
#3538 = DIRECTION ( 'NONE',  ( 1.000000000000000000, -0.000000000000000000, -0.000000000000000000 ) ) ;
#3539 = ORIENTED_EDGE ( 'NONE', *, *, #2821, .T. ) ;
#3540 = CARTESIAN_POINT ( 'NONE',  ( 39.46827201635469606, 2.900000000000003464, -9.968272016354712051 ) ) ;
#3541 = LINE ( 'NONE', #3481, #3104 ) ;
#3542 = EDGE_CURVE ( 'NONE', #1134, #535, #2660, .T. ) ;
#3543 = ORIENTED_EDGE ( 'NONE', *, *, #27, .T. ) ;
#3544 = EDGE_LOOP ( 'NONE', ( #583, #1847, #4232, #4250, #3663, #1051, #3179, #993, #2239, #3320, #2143, #2236, #2686, #314, #1878 ) ) ;
#3545 = FACE_OUTER_BOUND ( 'NONE', #1922, .T. ) ;
#3546 = AXIS2_PLACEMENT_3D ( 'NONE', #957, #3351, #576 ) ;
#3547 = DIRECTION ( 'NONE',  ( 7.009341333409823040E-16, -0.7071067811865376918, -0.7071067811865573427 ) ) ;
#3548 = VECTOR ( 'NONE', #1618, 1000.000000000000000 ) ;
#3549 = CIRCLE ( 'NONE', #2188, 1.000000000000000888 ) ;
#3550 = DIRECTION ( 'NONE',  ( 0.000000000000000000, 0.000000000000000000, -1.000000000000000000 ) ) ;
#3551 = ORIENTED_EDGE ( 'NONE', *, *, #628, .F. ) ;
#3552 = VERTEX_POINT ( 'NONE', #2329 ) ;
#3553 = CARTESIAN_POINT ( 'NONE',  ( 9.462128050782582896E-16, 2.899999999999999911, -16.50000000000000000 ) ) ;
#3554 = DIRECTION ( 'NONE',  ( 0.000000000000000000, 0.000000000000000000, 1.000000000000000000 ) ) ;
#3555 = EDGE_CURVE ( 'NONE', #2989, #3347, #1992, .T. ) ;
#3556 = LINE ( 'NONE', #1858, #2869 ) ;
#3557 = PLANE ( 'NONE',  #265 ) ;
#3558 = DIRECTION ( 'NONE',  ( 0.000000000000000000, 0.000000000000000000, -1.000000000000000000 ) ) ;
#3559 = VERTEX_POINT ( 'NONE', #4097 ) ;
#3560 = CYLINDRICAL_SURFACE ( 'NONE', #1339, 1.000000000000000888 ) ;
#3561 = AXIS2_PLACEMENT_3D ( 'NONE', #939, #2283, #3649 ) ;
#3562 = CARTESIAN_POINT ( 'NONE',  ( 41.49999999999999289, -3.799999999999999822, -26.50000000000001066 ) ) ;
#3563 = EDGE_CURVE ( 'NONE', #1570, #912, #2399, .T. ) ;
#3564 = ORIENTED_EDGE ( 'NONE', *, *, #258, .F. ) ;
#3565 = CIRCLE ( 'NONE', #3498, 1.000000000000000444 ) ;
#3566 = EDGE_LOOP ( 'NONE', ( #1947, #843, #1130, #1027 ) ) ;
#3567 = ORIENTED_EDGE ( 'NONE', *, *, #2094, .T. ) ;
#3568 = AXIS2_PLACEMENT_3D ( 'NONE', #1441, #4127, #4105 ) ;
#3569 = CARTESIAN_POINT ( 'NONE',  ( 69.70000000000000284, 0.000000000000000000, 0.000000000000000000 ) ) ;
#3570 = LINE ( 'NONE', #2944, #3747 ) ;
#3571 = VECTOR ( 'NONE', #3032, 1000.000000000000000 ) ;
#3572 = LINE ( 'NONE', #4249, #210 ) ;
#3573 = ORIENTED_EDGE ( 'NONE', *, *, #1963, .T. ) ;
#3574 = ORIENTED_EDGE ( 'NONE', *, *, #1668, .T. ) ;
#3575 = LINE ( 'NONE', #3850, #511 ) ;
#3576 = EDGE_CURVE ( 'NONE', #4290, #182, #1367, .T. ) ;
#3577 = CARTESIAN_POINT ( 'NONE',  ( 58.89999999999999858, 2.900000000000003464, -42.39999999999999147 ) ) ;
#3578 = DIRECTION ( 'NONE',  ( 0.000000000000000000, 0.000000000000000000, -1.000000000000000000 ) ) ;
#3579 = ORIENTED_EDGE ( 'NONE', *, *, #1532, .F. ) ;
#3580 = CARTESIAN_POINT ( 'NONE',  ( -3.000000000000000000, 10.00000000000000000, -3.000000000000000000 ) ) ;
#3581 = CONICAL_SURFACE ( 'NONE', #2940, 0.4999999999999865663, 0.7853981633974613796 ) ;
#3582 = VECTOR ( 'NONE', #1656, 1000.000000000000000 ) ;
#3583 = DIRECTION ( 'NONE',  ( 0.000000000000000000, 0.000000000000000000, -1.000000000000000000 ) ) ;
#3584 = EDGE_CURVE ( 'NONE', #2970, #2989, #299, .T. ) ;
#3585 = AXIS2_PLACEMENT_3D ( 'NONE', #4355, #4333, #3996 ) ;
#3586 = ADVANCED_FACE ( 'NONE', ( #2365 ), #665, .F. ) ;
#3587 = ORIENTED_EDGE ( 'NONE', *, *, #941, .F. ) ;
#3588 = PERSON_AND_ORGANIZATION ( #3907, #3451 ) ;
#3589 = DIRECTION ( 'NONE',  ( 0.000000000000000000, 0.000000000000000000, -1.000000000000000000 ) ) ;
#3590 = VECTOR ( 'NONE', #3163, 1000.000000000000000 ) ;
#3591 = VERTEX_POINT ( 'NONE', #2026 ) ;
#3592 = ORIENTED_EDGE ( 'NONE', *, *, #611, .T. ) ;
#3593 = EDGE_LOOP ( 'NONE', ( #3876, #543, #143, #2200 ) ) ;
#3594 = EDGE_CURVE ( 'NONE', #4423, #2848, #3350, .T. ) ;
#3595 = LOCAL_TIME ( 11, 1, 36.00000000000000000, #3633 ) ;
#3596 = CARTESIAN_POINT ( 'NONE',  ( 67.02901889231129928, -0.000000000000000000, -36.40126413333074851 ) ) ;
#3597 = PLANE ( 'NONE',  #104 ) ;
#3598 = DIRECTION ( 'NONE',  ( -1.000000000000000000, 0.000000000000000000, 0.000000000000000000 ) ) ;
#3599 = ORIENTED_EDGE ( 'NONE', *, *, #4414, .F. ) ;
#3600 = ORIENTED_EDGE ( 'NONE', *, *, #3916, .T. ) ;
#3601 = DIRECTION ( 'NONE',  ( -9.912705577010328508E-16, 0.000000000000000000, 1.000000000000000000 ) ) ;
#3602 = EDGE_CURVE ( 'NONE', #209, #4147, #2343, .T. ) ;
#3603 = ORIENTED_EDGE ( 'NONE', *, *, #1713, .F. ) ;
#3604 = DIRECTION ( 'NONE',  ( 0.000000000000000000, 0.000000000000000000, -1.000000000000000000 ) ) ;
#3605 = CARTESIAN_POINT ( 'NONE',  ( 64.19999999999998863, -3.799999999999999822, -21.50000000000000000 ) ) ;
#3606 = CYLINDRICAL_SURFACE ( 'NONE', #1366, 2.000000000000001776 ) ;
#3607 = ADVANCED_FACE ( 'NONE', ( #643 ), #3080, .F. ) ;
#3608 = CARTESIAN_POINT ( 'NONE',  ( 59.05000000000000426, 2.900000000000003464, -45.18736015521166394 ) ) ;
#3609 = EDGE_CURVE ( 'NONE', #2964, #2331, #2445, .T. ) ;
#3610 = ORIENTED_EDGE ( 'NONE', *, *, #356, .T. ) ;
#3611 =( NAMED_UNIT ( * ) PLANE_ANGLE_UNIT ( ) SI_UNIT ( $, .RADIAN. ) );
#3612 = CARTESIAN_POINT ( 'NONE',  ( 7.200000000000004619, 2.900000000000003464, -43.79999999999998295 ) ) ;
#3613 = ORIENTED_EDGE ( 'NONE', *, *, #3965, .F. ) ;
#3614 = VERTEX_POINT ( 'NONE', #3729 ) ;
#3615 = ORIENTED_EDGE ( 'NONE', *, *, #2453, .F. ) ;
#3616 = EDGE_CURVE ( 'NONE', #3090, #2244, #4381, .T. ) ;
#3617 = DIRECTION ( 'NONE',  ( 0.000000000000000000, 0.000000000000000000, 1.000000000000000000 ) ) ;
#3618 = FACE_OUTER_BOUND ( 'NONE', #1329, .T. ) ;
#3619 = CARTESIAN_POINT ( 'NONE',  ( 8.000000000000003553, 2.900000000000003464, -19.49999999999999645 ) ) ;
#3620 = CIRCLE ( 'NONE', #903, 1.000000000000000000 ) ;
#3621 = VERTEX_POINT ( 'NONE', #3706 ) ;
#3622 = ORIENTED_EDGE ( 'NONE', *, *, #3018, .F. ) ;
#3623 = VECTOR ( 'NONE', #3484, 1000.000000000000000 ) ;
#3624 = ORIENTED_EDGE ( 'NONE', *, *, #4190, .F. ) ;
#3625 = DIRECTION ( 'NONE',  ( 0.000000000000000000, 0.000000000000000000, 1.000000000000000000 ) ) ;
#3626 = LINE ( 'NONE', #1518, #227 ) ;
#3627 = VECTOR ( 'NONE', #320, 1000.000000000000000 ) ;
#3628 = ORIENTED_EDGE ( 'NONE', *, *, #3563, .T. ) ;
#3629 = VECTOR ( 'NONE', #1788, 1000.000000000000000 ) ;
#3630 = CARTESIAN_POINT ( 'NONE',  ( 63.19999999999998153, -3.799999999999999822, -27.49999999999999645 ) ) ;
#3631 = DIRECTION ( 'NONE',  ( -0.000000000000000000, 1.000000000000000000, -0.000000000000000000 ) ) ;
#3632 = ORIENTED_EDGE ( 'NONE', *, *, #1720, .T. ) ;
#3633 = COORDINATED_UNIVERSAL_TIME_OFFSET ( 8, 0, .AHEAD. ) ;
#3634 = CARTESIAN_POINT ( 'NONE',  ( 52.50000000000000711, 0.000000000000000000, -17.00000000000000000 ) ) ;
#3635 = EDGE_CURVE ( 'NONE', #4300, #548, #3394, .T. ) ;
#3636 = ORIENTED_EDGE ( 'NONE', *, *, #507, .F. ) ;
#3637 = ORIENTED_EDGE ( 'NONE', *, *, #3257, .T. ) ;
#3638 = ORIENTED_EDGE ( 'NONE', *, *, #415, .F. ) ;
#3639 = CIRCLE ( 'NONE', #1709, 1.300000000000002043 ) ;
#3640 = LINE ( 'NONE', #236, #1049 ) ;
#3641 = CARTESIAN_POINT ( 'NONE',  ( 63.69999999999998153, -3.799999999999999822, -26.50000000000000000 ) ) ;
#3642 = ADVANCED_FACE ( 'NONE', ( #3434 ), #1511, .T. ) ;
#3643 = FACE_OUTER_BOUND ( 'NONE', #3566, .T. ) ;
#3644 = AXIS2_PLACEMENT_3D ( 'NONE', #780, #2077, #3402 ) ;
#3645 = ORIENTED_EDGE ( 'NONE', *, *, #198, .T. ) ;
#3646 = ORIENTED_EDGE ( 'NONE', *, *, #2048, .T. ) ;
#3647 = VECTOR ( 'NONE', #2150, 1000.000000000000000 ) ;
#3648 = ORIENTED_EDGE ( 'NONE', *, *, #2994, .F. ) ;
#3649 = DIRECTION ( 'NONE',  ( 0.000000000000000000, 0.000000000000000000, 1.000000000000000000 ) ) ;
#3650 = CARTESIAN_POINT ( 'NONE',  ( 6.599999999999999645, -5.499999999999998224, 8.807057647266854727E-16 ) ) ;
#3651 = EDGE_CURVE ( 'NONE', #2690, #4118, #2085, .T. ) ;
#3652 = EDGE_CURVE ( 'NONE', #2033, #2925, #2653, .T. ) ;
#3653 = ORIENTED_EDGE ( 'NONE', *, *, #913, .T. ) ;
#3654 = CIRCLE ( 'NONE', #2370, 1.499999999999997780 ) ;
#3655 = DIRECTION ( 'NONE',  ( -1.000000000000000000, 0.000000000000000000, -1.334402673828311367E-16 ) ) ;
#3656 = CARTESIAN_POINT ( 'NONE',  ( 44.50000000000000711, 0.000000000000000000, -6.500000000000007105 ) ) ;
#3657 = DIRECTION ( 'NONE',  ( -5.337610695313252371E-16, 0.000000000000000000, -1.000000000000000000 ) ) ;
#3658 = VERTEX_POINT ( 'NONE', #346 ) ;
#3659 = DIRECTION ( 'NONE',  ( 0.000000000000000000, 0.000000000000000000, -1.000000000000000000 ) ) ;
#3660 = CIRCLE ( 'NONE', #2377, 2.999999999999998668 ) ;
#3661 = VERTEX_POINT ( 'NONE', #1712 ) ;
#3662 = ORIENTED_EDGE ( 'NONE', *, *, #2203, .T. ) ;
#3663 = ORIENTED_EDGE ( 'NONE', *, *, #2821, .F. ) ;
#3664 = EDGE_CURVE ( 'NONE', #2873, #4287, #707, .T. ) ;
#3665 = CARTESIAN_POINT ( 'NONE',  ( 48.50000000000000000, 0.000000000000000000, -20.99999999999999645 ) ) ;
#3666 = AXIS2_PLACEMENT_3D ( 'NONE', #1379, #2321, #1982 ) ;
#3667 = DIRECTION ( 'NONE',  ( 0.000000000000000000, 0.000000000000000000, 1.000000000000000000 ) ) ;
#3668 = CC_DESIGN_SECURITY_CLASSIFICATION ( #2091, ( #2234 ) ) ;
#3669 = CARTESIAN_POINT ( 'NONE',  ( 66.20000000000000284, -5.500000000000000000, -37.00000000000000711 ) ) ;
#3670 = ORIENTED_EDGE ( 'NONE', *, *, #2751, .F. ) ;
#3671 = CC_DESIGN_PERSON_AND_ORGANIZATION_ASSIGNMENT ( #3588, #3321, ( #2198 ) ) ;
#3672 = VERTEX_POINT ( 'NONE', #12 ) ;
#3673 = DIRECTION ( 'NONE',  ( 0.000000000000000000, 0.000000000000000000, 1.000000000000000000 ) ) ;
#3674 = VECTOR ( 'NONE', #2432, 1000.000000000000000 ) ;
#3675 = DIRECTION ( 'NONE',  ( -0.000000000000000000, 1.000000000000000000, -0.000000000000000000 ) ) ;
#3676 = EDGE_LOOP ( 'NONE', ( #3014, #861 ) ) ;
#3677 = CARTESIAN_POINT ( 'NONE',  ( 25.00000000000000000, -2.299999999999999378, -38.99999999999999289 ) ) ;
#3678 = DIRECTION ( 'NONE',  ( 0.000000000000000000, 1.000000000000000000, -0.000000000000000000 ) ) ;
#3679 = CARTESIAN_POINT ( 'NONE',  ( 49.89999999999998437, -3.799999999999999822, -38.49999999999997868 ) ) ;
#3680 = ORIENTED_EDGE ( 'NONE', *, *, #1207, .F. ) ;
#3681 = APPLICATION_PROTOCOL_DEFINITION ( 'international standard', 'config_control_design', 1994, #4397 ) ;
#3682 = CARTESIAN_POINT ( 'NONE',  ( 65.00000000000001421, -5.499999999999998224, -52.50000000000000711 ) ) ;
#3683 = LINE ( 'NONE', #2065, #2926 ) ;
#3684 = EDGE_LOOP ( 'NONE', ( #3138, #1895, #3292, #400 ) ) ;
#3685 = ORIENTED_EDGE ( 'NONE', *, *, #673, .T. ) ;
#3686 = DIRECTION ( 'NONE',  ( -1.000000000000000000, -0.000000000000000000, -0.000000000000000000 ) ) ;
#3687 = LINE ( 'NONE', #1984, #3981 ) ;
#3688 = EDGE_CURVE ( 'NONE', #2129, #4348, #3376, .T. ) ;
#3689 = CARTESIAN_POINT ( 'NONE',  ( 0.000000000000000000, 0.000000000000000000, -42.50000000000000000 ) ) ;
#3690 = AXIS2_PLACEMENT_3D ( 'NONE', #1502, #831, #3858 ) ;
#3691 = DIRECTION ( 'NONE',  ( -1.000000000000000000, 0.000000000000000000, 0.000000000000000000 ) ) ;
#3692 = ORIENTED_EDGE ( 'NONE', *, *, #3186, .F. ) ;
#3693 = DIRECTION ( 'NONE',  ( 0.000000000000000000, 0.000000000000000000, -1.000000000000000000 ) ) ;
#3694 = CARTESIAN_POINT ( 'NONE',  ( 58.19999999999999574, -3.799999999999999822, -20.50000000000000355 ) ) ;
#3695 = ORIENTED_EDGE ( 'NONE', *, *, #3576, .F. ) ;
#3696 = AXIS2_PLACEMENT_3D ( 'NONE', #1450, #1786, #4246 ) ;
#3697 = ADVANCED_FACE ( 'NONE', ( #2742 ), #2016, .T. ) ;
#3698 = DIRECTION ( 'NONE',  ( -0.000000000000000000, 1.000000000000000000, -0.000000000000000000 ) ) ;
#3699 = DIRECTION ( 'NONE',  ( -1.000000000000000000, 0.000000000000000000, 0.000000000000000000 ) ) ;
#3700 = AXIS2_PLACEMENT_3D ( 'NONE', #887, #2252, #214 ) ;
#3701 = LINE ( 'NONE', #637, #1950 ) ;
#3702 = VERTEX_POINT ( 'NONE', #1736 ) ;
#3703 = DIRECTION ( 'NONE',  ( -0.000000000000000000, -1.000000000000000000, -0.000000000000000000 ) ) ;
#3704 = DIRECTION ( 'NONE',  ( 4.374073415692235871E-16, -0.000000000000000000, 1.000000000000000000 ) ) ;
#3705 = ORIENTED_EDGE ( 'NONE', *, *, #1168, .T. ) ;
#3706 = CARTESIAN_POINT ( 'NONE',  ( 59.05000000000000426, 2.900000000000003464, -45.18736015521166394 ) ) ;
#3707 = DIRECTION ( 'NONE',  ( 0.000000000000000000, 0.000000000000000000, 1.000000000000000000 ) ) ;
#3708 = ADVANCED_FACE ( 'NONE', ( #4358 ), #3038, .T. ) ;
#3709 = DIRECTION ( 'NONE',  ( 0.000000000000000000, -1.000000000000000000, 0.000000000000000000 ) ) ;
#3710 = ADVANCED_FACE ( 'NONE', ( #3370 ), #1334, .T. ) ;
#3711 = DIRECTION ( 'NONE',  ( 0.000000000000000000, 0.000000000000000000, 1.000000000000000000 ) ) ;
#3712 = ORIENTED_EDGE ( 'NONE', *, *, #897, .F. ) ;
#3713 = CIRCLE ( 'NONE', #2712, 1.399999999999998579 ) ;
#3714 = FACE_OUTER_BOUND ( 'NONE', #1411, .T. ) ;
#3715 = DIRECTION ( 'NONE',  ( 0.000000000000000000, 0.000000000000000000, -1.000000000000000000 ) ) ;
#3716 = CIRCLE ( 'NONE', #1214, 1.000000000000000888 ) ;
#3717 = EDGE_LOOP ( 'NONE', ( #345, #2935, #882, #1822, #1118, #509 ) ) ;
#3718 = CONICAL_SURFACE ( 'NONE', #1791, 0.5000000000000004441, 0.7853981633974335130 ) ;
#3719 = DIRECTION ( 'NONE',  ( 0.000000000000000000, 0.000000000000000000, 1.000000000000000000 ) ) ;
#3720 = CARTESIAN_POINT ( 'NONE',  ( 63.19999999999998153, -3.799999999999999822, -26.49999999999999645 ) ) ;
#3721 = DIRECTION ( 'NONE',  ( -0.000000000000000000, 1.000000000000000000, -0.000000000000000000 ) ) ;
#3722 = AXIS2_PLACEMENT_3D ( 'NONE', #1974, #1636, #1683 ) ;
#3723 = ORIENTED_EDGE ( 'NONE', *, *, #2665, .T. ) ;
#3724 = CIRCLE ( 'NONE', #1798, 0.4999999999999865663 ) ;
#3725 = CARTESIAN_POINT ( 'NONE',  ( 0.000000000000000000, 0.000000000000000000, -3.000000000000000000 ) ) ;
#3726 = CARTESIAN_POINT ( 'NONE',  ( 63.69999999999999574, -3.799999999999999822, -21.50000000000000000 ) ) ;
#3727 = EDGE_CURVE ( 'NONE', #639, #144, #3165, .T. ) ;
#3728 = VERTEX_POINT ( 'NONE', #2459 ) ;
#3729 = CARTESIAN_POINT ( 'NONE',  ( 58.50000000000000000, 0.000000000000000000, -3.500000000000000444 ) ) ;
#3730 = LINE ( 'NONE', #4109, #1536 ) ;
#3731 = CARTESIAN_POINT ( 'NONE',  ( 60.29999999999999716, 2.900000000000003464, -42.39999999999999147 ) ) ;
#3732 = VECTOR ( 'NONE', #512, 1000.000000000000000 ) ;
#3733 = PLANE ( 'NONE',  #1646 ) ;
#3734 = AXIS2_PLACEMENT_3D ( 'NONE', #1631, #4368, #4031 ) ;
#3735 = CARTESIAN_POINT ( 'NONE',  ( 61.30000000000000426, 2.900000000000003464, -37.99999999999997868 ) ) ;
#3736 = ORIENTED_EDGE ( 'NONE', *, *, #202, .T. ) ;
#3737 = CARTESIAN_POINT ( 'NONE',  ( 49.89999999999998437, -3.799999999999999822, -38.49999999999997868 ) ) ;
#3738 = DIRECTION ( 'NONE',  ( 0.000000000000000000, 0.000000000000000000, -1.000000000000000000 ) ) ;
#3739 = ORIENTED_EDGE ( 'NONE', *, *, #2850, .T. ) ;
#3740 = EDGE_CURVE ( 'NONE', #560, #35, #3518, .T. ) ;
#3741 = FACE_BOUND ( 'NONE', #4217, .T. ) ;
#3742 = LINE ( 'NONE', #680, #4006 ) ;
#3743 = DIRECTION ( 'NONE',  ( 0.000000000000000000, 0.000000000000000000, -1.000000000000000000 ) ) ;
#3744 = EDGE_LOOP ( 'NONE', ( #2084, #2953, #3532, #3615 ) ) ;
#3745 = DIRECTION ( 'NONE',  ( 0.000000000000000000, -1.000000000000000000, 0.000000000000000000 ) ) ;
#3746 = EDGE_CURVE ( 'NONE', #652, #1919, #1584, .T. ) ;
#3747 = VECTOR ( 'NONE', #4293, 1000.000000000000000 ) ;
#3748 = DIRECTION ( 'NONE',  ( 0.000000000000000000, 0.000000000000000000, -1.000000000000000000 ) ) ;
#3749 = EDGE_LOOP ( 'NONE', ( #2273, #3349, #682, #2248, #2595 ) ) ;
#3750 = DIRECTION ( 'NONE',  ( 0.000000000000000000, 0.000000000000000000, -1.000000000000000000 ) ) ;
#3751 = CARTESIAN_POINT ( 'NONE',  ( -3.000000000000000000, 2.899999999999999911, -3.000000000000002665 ) ) ;
#3752 = CC_DESIGN_PERSON_AND_ORGANIZATION_ASSIGNMENT ( #2268, #569, ( #2091 ) ) ;
#3753 = DIRECTION ( 'NONE',  ( 0.000000000000000000, -1.000000000000000000, 0.000000000000000000 ) ) ;
#3754 = PLANE ( 'NONE',  #3839 ) ;
#3755 = EDGE_CURVE ( 'NONE', #1867, #2818, #3441, .T. ) ;
#3756 = LINE ( 'NONE', #2050, #979 ) ;
#3757 = VERTEX_POINT ( 'NONE', #3109 ) ;
#3758 = ORIENTED_EDGE ( 'NONE', *, *, #2051, .F. ) ;
#3759 = CARTESIAN_POINT ( 'NONE',  ( 7.200000000000004619, 0.000000000000000000, -43.79999999999998295 ) ) ;
#3760 = VERTEX_POINT ( 'NONE', #4408 ) ;
#3761 = ADVANCED_FACE ( 'NONE', ( #1340 ), #2115, .F. ) ;
#3762 = CARTESIAN_POINT ( 'NONE',  ( 2.725994033677851620E-14, -3.799999999999999822, -27.50000000000006040 ) ) ;
#3763 = CARTESIAN_POINT ( 'NONE',  ( 41.00000000000000711, -3.799999999999999822, -37.99999999999999289 ) ) ;
#3764 = DIRECTION ( 'NONE',  ( 0.000000000000000000, 0.000000000000000000, -1.000000000000000000 ) ) ;
#3765 = VERTEX_POINT ( 'NONE', #375 ) ;
#3766 = AXIS2_PLACEMENT_3D ( 'NONE', #3281, #2589, #2654 ) ;
#3767 = CYLINDRICAL_SURFACE ( 'NONE', #1126, 3.000000000000000000 ) ;
#3768 = VECTOR ( 'NONE', #1447, 999.9999999999998863 ) ;
#3769 = AXIS2_PLACEMENT_3D ( 'NONE', #1579, #553, #2612 ) ;
#3770 = DIRECTION ( 'NONE',  ( 0.000000000000000000, 0.000000000000000000, -1.000000000000000000 ) ) ;
#3771 = ORIENTED_EDGE ( 'NONE', *, *, #2176, .F. ) ;
#3772 = DIRECTION ( 'NONE',  ( -0.000000000000000000, 1.000000000000000000, -0.000000000000000000 ) ) ;
#3773 = ORIENTED_EDGE ( 'NONE', *, *, #219, .F. ) ;
#3774 = DIRECTION ( 'NONE',  ( 0.000000000000000000, 0.000000000000000000, -1.000000000000000000 ) ) ;
#3775 = CARTESIAN_POINT ( 'NONE',  ( 57.19999999999999574, -3.799999999999999822, -26.50000000000000000 ) ) ;
#3776 = EDGE_CURVE ( 'NONE', #1885, #620, #2183, .T. ) ;
#3777 = CARTESIAN_POINT ( 'NONE',  ( 7.216449660063517513E-15, -2.299999999999999378, -26.00000000000000355 ) ) ;
#3778 = DIRECTION ( 'NONE',  ( 1.000000000000000000, 0.000000000000000000, 0.000000000000000000 ) ) ;
#3779 = EDGE_CURVE ( 'NONE', #4278, #3728, #3801, .T. ) ;
#3780 = ORIENTED_EDGE ( 'NONE', *, *, #2720, .T. ) ;
#3781 = ORIENTED_EDGE ( 'NONE', *, *, #3230, .T. ) ;
#3782 = CARTESIAN_POINT ( 'NONE',  ( 70.70000000000000284, 10.00000000000000000, 0.000000000000000000 ) ) ;
#3783 = EDGE_CURVE ( 'NONE', #1707, #4308, #21, .T. ) ;
#3784 = ORIENTED_EDGE ( 'NONE', *, *, #374, .F. ) ;
#3785 = CIRCLE ( 'NONE', #4000, 0.5000000000000004441 ) ;
#3786 = DIRECTION ( 'NONE',  ( 0.000000000000000000, -1.000000000000000000, 0.000000000000000000 ) ) ;
#3787 = CARTESIAN_POINT ( 'NONE',  ( 64.19999999999997442, 0.000000000000000000, -26.50000000000000000 ) ) ;
#3788 = EDGE_CURVE ( 'NONE', #3437, #2695, #2434, .T. ) ;
#3789 = EDGE_CURVE ( 'NONE', #4266, #2639, #2622, .T. ) ;
#3790 = FACE_OUTER_BOUND ( 'NONE', #485, .T. ) ;
#3791 = ORIENTED_EDGE ( 'NONE', *, *, #2029, .F. ) ;
#3792 = CARTESIAN_POINT ( 'NONE',  ( 64.20000000000000284, -5.500999999999998558, -44.00000000000001421 ) ) ;
#3793 = EDGE_LOOP ( 'NONE', ( #2464, #1515, #1222, #2373 ) ) ;
#3794 = FACE_OUTER_BOUND ( 'NONE', #1907, .T. ) ;
#3795 = VECTOR ( 'NONE', #636, 1000.000000000000000 ) ;
#3796 = ORIENTED_EDGE ( 'NONE', *, *, #4174, .T. ) ;
#3797 = LINE ( 'NONE', #13, #3470 ) ;
#3798 = CARTESIAN_POINT ( 'NONE',  ( 49.89999999999998437, 0.000000000000000000, -37.99999999999998579 ) ) ;
#3799 = CARTESIAN_POINT ( 'NONE',  ( 41.49999999999998579, -3.299999999999999378, -38.99999999999999289 ) ) ;
#3800 = EDGE_CURVE ( 'NONE', #2129, #2124, #2095, .T. ) ;
#3801 = LINE ( 'NONE', #1006, #2341 ) ;
#3802 = AXIS2_PLACEMENT_3D ( 'NONE', #1728, #1817, #2466 ) ;
#3803 = ORIENTED_EDGE ( 'NONE', *, *, #2584, .F. ) ;
#3804 = ORIENTED_EDGE ( 'NONE', *, *, #1888, .F. ) ;
#3805 = CIRCLE ( 'NONE', #4379, 1.300000000000002487 ) ;
#3806 = DIRECTION ( 'NONE',  ( -1.000000000000000000, 0.000000000000000000, 0.000000000000000000 ) ) ;
#3807 = ORIENTED_EDGE ( 'NONE', *, *, #166, .F. ) ;
#3808 = AXIS2_PLACEMENT_3D ( 'NONE', #4074, #1345, #1610 ) ;
#3809 = ADVANCED_FACE ( 'NONE', ( #2415 ), #1764, .F. ) ;
#3810 = CARTESIAN_POINT ( 'NONE',  ( 61.50000000000000711, -5.499999999999998224, -51.20000000000000284 ) ) ;
#3811 = CARTESIAN_POINT ( 'NONE',  ( 3.500000000000003109, 0.000000000000000000, -3.500000000000000000 ) ) ;
#3812 = DIRECTION ( 'NONE',  ( -1.000000000000000000, 0.000000000000000000, 0.000000000000000000 ) ) ;
#3813 = ORIENTED_EDGE ( 'NONE', *, *, #2148, .T. ) ;
#3814 = DIRECTION ( 'NONE',  ( -0.000000000000000000, -1.000000000000000000, -0.000000000000000000 ) ) ;
#3815 = ORIENTED_EDGE ( 'NONE', *, *, #4262, .T. ) ;
#3816 = DIRECTION ( 'NONE',  ( -1.982541115402065702E-15, 0.000000000000000000, -1.000000000000000000 ) ) ;
#3817 = ORIENTED_EDGE ( 'NONE', *, *, #1081, .T. ) ;
#3818 = DIRECTION ( 'NONE',  ( 0.000000000000000000, 0.000000000000000000, 1.000000000000000000 ) ) ;
#3819 = DIRECTION ( 'NONE',  ( 0.000000000000000000, 0.000000000000000000, -1.000000000000000000 ) ) ;
#3820 = LINE ( 'NONE', #755, #1124 ) ;
#3821 = DIRECTION ( 'NONE',  ( -0.000000000000000000, 1.000000000000000000, -0.000000000000000000 ) ) ;
#3822 = DIRECTION ( 'NONE',  ( 0.000000000000000000, 0.000000000000000000, -1.000000000000000000 ) ) ;
#3823 = ORIENTED_EDGE ( 'NONE', *, *, #1480, .F. ) ;
#3824 = CARTESIAN_POINT ( 'NONE',  ( 7.200000000000004619, 0.000000000000000000, -42.39999999999998437 ) ) ;
#3825 = ORIENTED_EDGE ( 'NONE', *, *, #138, .T. ) ;
#3826 = EDGE_LOOP ( 'NONE', ( #2436, #3533, #398, #185 ) ) ;
#3827 = VECTOR ( 'NONE', #3372, 1000.000000000000000 ) ;
#3828 = CYLINDRICAL_SURFACE ( 'NONE', #1996, 1.299999999999999600 ) ;
#3829 = DIRECTION ( 'NONE',  ( -1.000000000000000000, 0.000000000000000000, 0.000000000000000000 ) ) ;
#3830 = EDGE_CURVE ( 'NONE', #1099, #2490, #1694, .T. ) ;
#3831 = LINE ( 'NONE', #2823, #2001 ) ;
#3832 = ORIENTED_EDGE ( 'NONE', *, *, #2811, .F. ) ;
#3833 = CARTESIAN_POINT ( 'NONE',  ( 61.30000000000000426, 2.900000000000003464, -39.39999999999998437 ) ) ;
#3834 = VECTOR ( 'NONE', #1872, 1000.000000000000000 ) ;
#3835 = EDGE_LOOP ( 'NONE', ( #37, #3057 ) ) ;
#3836 = DIRECTION ( 'NONE',  ( -0.000000000000000000, -1.000000000000000000, -0.000000000000000000 ) ) ;
#3837 = CYLINDRICAL_SURFACE ( 'NONE', #2698, 1.000000000000000888 ) ;
#3838 = AXIS2_PLACEMENT_3D ( 'NONE', #1761, #3060, #3707 ) ;
#3839 = AXIS2_PLACEMENT_3D ( 'NONE', #3503, #1763, #4157 ) ;
#3840 = EDGE_CURVE ( 'NONE', #1193, #4325, #3063, .T. ) ;
#3841 = CARTESIAN_POINT ( 'NONE',  ( 61.30000000000000426, 2.900000000000003464, -39.39999999999998437 ) ) ;
#3842 = AXIS2_PLACEMENT_3D ( 'NONE', #499, #4240, #1195 ) ;
#3843 = EDGE_CURVE ( 'NONE', #3347, #2647, #1361, .T. ) ;
#3844 = DIRECTION ( 'NONE',  ( 0.000000000000000000, 0.000000000000000000, -1.000000000000000000 ) ) ;
#3845 = EDGE_CURVE ( 'NONE', #3381, #3262, #2725, .T. ) ;
#3846 = LINE ( 'NONE', #4159, #2627 ) ;
#3847 = PLANE ( 'NONE',  #3644 ) ;
#3848 = ORIENTED_EDGE ( 'NONE', *, *, #3377, .F. ) ;
#3849 = ORIENTED_EDGE ( 'NONE', *, *, #878, .T. ) ;
#3850 = CARTESIAN_POINT ( 'NONE',  ( 64.20000000000000284, 2.900000000000003464, -49.00000000000000000 ) ) ;
#3851 = DIRECTION ( 'NONE',  ( -0.000000000000000000, 1.000000000000000000, -0.000000000000000000 ) ) ;
#3852 = CARTESIAN_POINT ( 'NONE',  ( 55.73172798364528546, -5.500999999999998558, -25.68172798364529541 ) ) ;
#3853 = CARTESIAN_POINT ( 'NONE',  ( 64.50000000000000000, -5.499999999999998224, -3.499999999999999556 ) ) ;
#3854 = LINE ( 'NONE', #56, #2435 ) ;
#3855 = VECTOR ( 'NONE', #3885, 1000.000000000000000 ) ;
#3856 = EDGE_CURVE ( 'NONE', #4251, #874, #3756, .T. ) ;
#3857 = EDGE_LOOP ( 'NONE', ( #1228, #844, #3638, #301 ) ) ;
#3858 = DIRECTION ( 'NONE',  ( 0.000000000000000000, 0.000000000000000000, 1.000000000000000000 ) ) ;
#3859 = DIRECTION ( 'NONE',  ( -0.000000000000000000, 1.000000000000000000, -0.000000000000000000 ) ) ;
#3860 = EDGE_CURVE ( 'NONE', #2561, #2162, #351, .T. ) ;
#3861 = CIRCLE ( 'NONE', #719, 2.000000000000001776 ) ;
#3862 = ORIENTED_EDGE ( 'NONE', *, *, #3594, .T. ) ;
#3863 = PLANE ( 'NONE',  #2337 ) ;
#3864 = CIRCLE ( 'NONE', #3931, 1.300000000000002487 ) ;
#3865 = DIRECTION ( 'NONE',  ( 0.000000000000000000, -1.000000000000000000, 0.000000000000000000 ) ) ;
#3866 = DIRECTION ( 'NONE',  ( -0.000000000000000000, 1.000000000000000000, -0.000000000000000000 ) ) ;
#3867 = VERTEX_POINT ( 'NONE', #2137 ) ;
#3868 = EDGE_LOOP ( 'NONE', ( #2342, #3780, #4015, #2416 ) ) ;
#3869 = DIRECTION ( 'NONE',  ( 0.000000000000000000, 0.000000000000000000, -1.000000000000000000 ) ) ;
#3870 = DIRECTION ( 'NONE',  ( 0.000000000000000000, 1.000000000000000000, 0.000000000000000000 ) ) ;
#3871 = CARTESIAN_POINT ( 'NONE',  ( 50.50000000000000000, 33.82582403567251816, -17.00000000000000000 ) ) ;
#3872 = EDGE_CURVE ( 'NONE', #4063, #3757, #2851, .T. ) ;
#3873 = AXIS2_PLACEMENT_3D ( 'NONE', #3074, #1954, #3764 ) ;
#3874 = PLANE ( 'NONE',  #411 ) ;
#3875 = CARTESIAN_POINT ( 'NONE',  ( 50.89999999999998437, -3.299999999999999378, -37.99999999999998579 ) ) ;
#3876 = ORIENTED_EDGE ( 'NONE', *, *, #4359, .T. ) ;
#3877 = FACE_OUTER_BOUND ( 'NONE', #3198, .T. ) ;
#3878 = FACE_OUTER_BOUND ( 'NONE', #2620, .T. ) ;
#3879 = VERTEX_POINT ( 'NONE', #840 ) ;
#3880 = AXIS2_PLACEMENT_3D ( 'NONE', #3798, #3859, #454 ) ;
#3881 = ORIENTED_EDGE ( 'NONE', *, *, #1477, .T. ) ;
#3882 = CARTESIAN_POINT ( 'NONE',  ( 60.20000000000000284, 0.000000000000000000, -48.00000000000000000 ) ) ;
#3883 = CARTESIAN_POINT ( 'NONE',  ( 25.00000000000000000, -2.799999999999999822, -38.49999999999997868 ) ) ;
#3884 = EDGE_CURVE ( 'NONE', #409, #838, #480, .T. ) ;
#3885 = DIRECTION ( 'NONE',  ( -1.000000000000000000, 0.000000000000000000, -0.000000000000000000 ) ) ;
#3886 = ORIENTED_EDGE ( 'NONE', *, *, #328, .T. ) ;
#3887 = EDGE_LOOP ( 'NONE', ( #235, #988, #773, #92 ) ) ;
#3888 = DIRECTION ( 'NONE',  ( 0.000000000000000000, -1.000000000000000000, 0.000000000000000000 ) ) ;
#3889 = DIRECTION ( 'NONE',  ( 0.000000000000000000, -1.000000000000000000, 0.000000000000000000 ) ) ;
#3890 = DIRECTION ( 'NONE',  ( -1.000000000000000000, 0.000000000000000000, 0.000000000000000000 ) ) ;
#3891 = ORIENTED_EDGE ( 'NONE', *, *, #4272, .F. ) ;
#3892 = ADVANCED_FACE ( 'NONE', ( #439 ), #2519, .T. ) ;
#3893 = DIRECTION ( 'NONE',  ( 0.000000000000000000, -1.000000000000000000, 0.000000000000000000 ) ) ;
#3894 = DIRECTION ( 'NONE',  ( 0.000000000000000000, 0.000000000000000000, 1.000000000000000000 ) ) ;
#3895 = ORIENTED_EDGE ( 'NONE', *, *, #4108, .F. ) ;
#3896 = CARTESIAN_POINT ( 'NONE',  ( 7.355227538141668391E-15, -2.799999999999999822, -26.50000000000001776 ) ) ;
#3897 = DIRECTION ( 'NONE',  ( -0.000000000000000000, 1.000000000000000000, -0.000000000000000000 ) ) ;
#3898 = ORIENTED_EDGE ( 'NONE', *, *, #2453, .T. ) ;
#3899 = EDGE_LOOP ( 'NONE', ( #452, #2320, #2483, #2568 ) ) ;
#3900 = ORIENTED_EDGE ( 'NONE', *, *, #2718, .F. ) ;
#3901 = DIRECTION ( 'NONE',  ( -1.508455196501570690E-16, 0.000000000000000000, -1.000000000000000000 ) ) ;
#3902 = EDGE_CURVE ( 'NONE', #3661, #334, #2263, .T. ) ;
#3903 = VECTOR ( 'NONE', #3088, 1000.000000000000000 ) ;
#3904 = FACE_OUTER_BOUND ( 'NONE', #3826, .T. ) ;
#3905 = AXIS2_PLACEMENT_3D ( 'NONE', #1866, #3231, #184 ) ;
#3906 = VECTOR ( 'NONE', #1002, 999.9999999999998863 ) ;
#3907 = PERSON ( '未指定', '未指定', '未指定', ('未指定'), ('未指定'), ('未指定') ) ;
#3908 = CARTESIAN_POINT ( 'NONE',  ( 39.46827201635469606, 2.900000000000003464, -9.418272016354707787 ) ) ;
#3909 = AXIS2_PLACEMENT_3D ( 'NONE', #3917, #852, #787 ) ;
#3910 = ORIENTED_EDGE ( 'NONE', *, *, #1581, .T. ) ;
#3911 = ORIENTED_EDGE ( 'NONE', *, *, #3755, .T. ) ;
#3912 = CARTESIAN_POINT ( 'NONE',  ( 41.49999999999999289, -3.799999999999999822, -26.99999999999999645 ) ) ;
#3913 = EDGE_CURVE ( 'NONE', #4335, #3964, #3620, .T. ) ;
#3914 = CARTESIAN_POINT ( 'NONE',  ( 66.20000000000000284, 0.000000000000000000, -55.00000000000000000 ) ) ;
#3915 = LINE ( 'NONE', #873, #4311 ) ;
#3916 = EDGE_CURVE ( 'NONE', #4118, #2021, #3927, .T. ) ;
#3917 = CARTESIAN_POINT ( 'NONE',  ( 62.00000000000000711, -30.26336871769660775, -52.50000000000000711 ) ) ;
#3918 = DIRECTION ( 'NONE',  ( -0.000000000000000000, 1.000000000000000000, -0.000000000000000000 ) ) ;
#3919 = ORIENTED_EDGE ( 'NONE', *, *, #2389, .F. ) ;
#3920 = AXIS2_PLACEMENT_3D ( 'NONE', #4191, #3449, #3516 ) ;
#3921 = FACE_OUTER_BOUND ( 'NONE', #1433, .T. ) ;
#3922 = ORIENTED_EDGE ( 'NONE', *, *, #1032, .F. ) ;
#3923 = CIRCLE ( 'NONE', #2566, 1.000000000000000888 ) ;
#3924 = ORIENTED_EDGE ( 'NONE', *, *, #989, .T. ) ;
#3925 = ORIENTED_EDGE ( 'NONE', *, *, #1921, .T. ) ;
#3926 = VECTOR ( 'NONE', #1687, 999.9999999999998863 ) ;
#3927 = LINE ( 'NONE', #864, #52 ) ;
#3928 = CARTESIAN_POINT ( 'NONE',  ( -2.999999999999997335, -5.500999999999998558, -16.50000000000000000 ) ) ;
#3929 = VECTOR ( 'NONE', #1248, 1000.000000000000000 ) ;
#3930 = CARTESIAN_POINT ( 'NONE',  ( 62.00000000000000711, 0.000000000000000000, -52.50000000000000711 ) ) ;
#3931 = AXIS2_PLACEMENT_3D ( 'NONE', #1930, #922, #137 ) ;
#3932 = ORIENTED_EDGE ( 'NONE', *, *, #3134, .F. ) ;
#3933 = ORIENTED_EDGE ( 'NONE', *, *, #1726, .F. ) ;
#3934 = EDGE_CURVE ( 'NONE', #1889, #1408, #2201, .T. ) ;
#3935 = LINE ( 'NONE', #3553, #4376 ) ;
#3936 = ORIENTED_EDGE ( 'NONE', *, *, #3913, .T. ) ;
#3937 = EDGE_CURVE ( 'NONE', #462, #26, #1337, .T. ) ;
#3938 = DIRECTION ( 'NONE',  ( -0.000000000000000000, -1.000000000000000000, -0.000000000000000000 ) ) ;
#3939 = DIRECTION ( 'NONE',  ( -0.000000000000000000, -1.000000000000000000, -0.000000000000000000 ) ) ;
#3940 = VERTEX_POINT ( 'NONE', #4184 ) ;
#3941 = ADVANCED_FACE ( 'NONE', ( #3545 ), #1200, .F. ) ;
#3942 = FACE_OUTER_BOUND ( 'NONE', #1021, .T. ) ;
#3943 = VECTOR ( 'NONE', #4171, 1000.000000000000000 ) ;
#3944 = AXIS2_PLACEMENT_3D ( 'NONE', #587, #3675, #2705 ) ;
#3945 = DIRECTION ( 'NONE',  ( 0.000000000000000000, 0.000000000000000000, 1.000000000000000000 ) ) ;
#3946 = ORIENTED_EDGE ( 'NONE', *, *, #1856, .F. ) ;
#3947 = APPROVAL_DATE_TIME ( #924, #3530 ) ;
#3948 = LINE ( 'NONE', #545, #555 ) ;
#3949 = VECTOR ( 'NONE', #2906, 1000.000000000000000 ) ;
#3950 = ORIENTED_EDGE ( 'NONE', *, *, #3087, .T. ) ;
#3951 = EDGE_LOOP ( 'NONE', ( #677, #3622, #145, #2891 ) ) ;
#3952 = ORIENTED_EDGE ( 'NONE', *, *, #3447, .T. ) ;
#3953 = LOCAL_TIME ( 11, 1, 36.00000000000000000, #2671 ) ;
#3954 = DIRECTION ( 'NONE',  ( -0.000000000000000000, -1.000000000000000000, -0.000000000000000000 ) ) ;
#3955 = CARTESIAN_POINT ( 'NONE',  ( 3.500000000000003109, -5.499999999999998224, -4.799999999999999822 ) ) ;
#3956 = DIRECTION ( 'NONE',  ( 0.000000000000000000, 0.000000000000000000, -1.000000000000000000 ) ) ;
#3957 = ORIENTED_EDGE ( 'NONE', *, *, #1292, .F. ) ;
#3958 = ORIENTED_EDGE ( 'NONE', *, *, #3934, .T. ) ;
#3959 = AXIS2_PLACEMENT_3D ( 'NONE', #4156, #3211, #1402 ) ;
#3960 = ORIENTED_EDGE ( 'NONE', *, *, #166, .T. ) ;
#3961 = CARTESIAN_POINT ( 'NONE',  ( 0.000000000000000000, 0.000000000000000000, -49.50000000000000711 ) ) ;
#3962 = DIRECTION ( 'NONE',  ( 0.000000000000000000, 0.000000000000000000, -1.000000000000000000 ) ) ;
#3963 = ORIENTED_EDGE ( 'NONE', *, *, #814, .F. ) ;
#3964 = VERTEX_POINT ( 'NONE', #3569 ) ;
#3965 = EDGE_CURVE ( 'NONE', #1469, #3421, #3486, .T. ) ;
#3966 = CARTESIAN_POINT ( 'NONE',  ( 3.500000000000000000, 3.199537796937528711, -52.50000000000000000 ) ) ;
#3967 = FACE_BOUND ( 'NONE', #2282, .T. ) ;
#3968 = ORIENTED_EDGE ( 'NONE', *, *, #834, .F. ) ;
#3969 = PERSON_AND_ORGANIZATION_ROLE ( 'design_supplier' ) ;
#3970 = EDGE_CURVE ( 'NONE', #479, #2387, #86, .T. ) ;
#3971 = CARTESIAN_POINT ( 'NONE',  ( 3.500000000000000000, -5.499999999999998224, -52.50000000000000000 ) ) ;
#3972 = ORIENTED_EDGE ( 'NONE', *, *, #1921, .F. ) ;
#3973 = ORIENTED_EDGE ( 'NONE', *, *, #1811, .F. ) ;
#3974 = ORIENTED_EDGE ( 'NONE', *, *, #4069, .T. ) ;
#3975 = CARTESIAN_POINT ( 'NONE',  ( 61.30000000000000426, 2.900000000000003464, -37.99999999999997868 ) ) ;
#3976 = LINE ( 'NONE', #39, #476 ) ;
#3977 = ADVANCED_FACE ( 'NONE', ( #3236 ), #1470, .T. ) ;
#3978 = EDGE_CURVE ( 'NONE', #1103, #2075, #3127, .T. ) ;
#3979 = EDGE_CURVE ( 'NONE', #868, #397, #3194, .T. ) ;
#3980 = DIRECTION ( 'NONE',  ( 1.000000000000000000, 0.000000000000000000, -0.000000000000000000 ) ) ;
#3981 = VECTOR ( 'NONE', #4382, 1000.000000000000000 ) ;
#3982 = ORIENTED_EDGE ( 'NONE', *, *, #2800, .F. ) ;
#3983 = EDGE_LOOP ( 'NONE', ( #3180, #255, #127, #4020 ) ) ;
#3984 = ORIENTED_EDGE ( 'NONE', *, *, #2492, .T. ) ;
#3985 = CARTESIAN_POINT ( 'NONE',  ( 61.30000000000000426, 2.900000000000003464, -37.99999999999997868 ) ) ;
#3986 = CARTESIAN_POINT ( 'NONE',  ( 58.19999999999999574, -3.799999999999999822, -21.50000000000000000 ) ) ;
#3987 = VERTEX_POINT ( 'NONE', #106 ) ;
#3988 = ORIENTED_EDGE ( 'NONE', *, *, #1537, .F. ) ;
#3989 = VECTOR ( 'NONE', #4247, 1000.000000000000000 ) ;
#3990 = CARTESIAN_POINT ( 'NONE',  ( 6.599999999999999645, -30.26336871769660775, 8.807057647266854727E-16 ) ) ;
#3991 = CARTESIAN_POINT ( 'NONE',  ( 0.000000000000000000, -3.799999999999999822, -38.99999999999999289 ) ) ;
#3992 = CYLINDRICAL_SURFACE ( 'NONE', #1437, 3.000000000000002665 ) ;
#3993 = EDGE_LOOP ( 'NONE', ( #3400, #1183, #823, #3933 ) ) ;
#3994 = DATE_TIME_ROLE ( 'classification_date' ) ;
#3995 = CYLINDRICAL_SURFACE ( 'NONE', #2269, 1.300000000000001599 ) ;
#3996 = DIRECTION ( 'NONE',  ( 0.000000000000000000, 0.000000000000000000, -1.000000000000000000 ) ) ;
#3997 = ORIENTED_EDGE ( 'NONE', *, *, #4047, .T. ) ;
#3998 = VERTEX_POINT ( 'NONE', #3526 ) ;
#3999 = ADVANCED_FACE ( 'NONE', ( #2829 ), #3863, .T. ) ;
#4000 = AXIS2_PLACEMENT_3D ( 'NONE', #3535, #872, #3604 ) ;
#4001 = DIRECTION ( 'NONE',  ( -0.000000000000000000, -1.000000000000000000, -0.000000000000000000 ) ) ;
#4002 = ADVANCED_FACE ( 'NONE', ( #797 ), #2157, .T. ) ;
#4003 = DIRECTION ( 'NONE',  ( 0.7071067811865376918, 0.7071067811865574537, 0.000000000000000000 ) ) ;
#4004 = CARTESIAN_POINT ( 'NONE',  ( 8.000000000000000000, 0.000000000000000000, -36.50000000000000711 ) ) ;
#4005 = ORIENTED_EDGE ( 'NONE', *, *, #2773, .T. ) ;
#4006 = VECTOR ( 'NONE', #1997, 1000.000000000000000 ) ;
#4007 = VERTEX_POINT ( 'NONE', #2322 ) ;
#4008 = DIRECTION ( 'NONE',  ( 1.000000000000000000, 0.000000000000000000, 0.000000000000000000 ) ) ;
#4009 = CARTESIAN_POINT ( 'NONE',  ( 65.00000000000000000, -30.26336871769660775, -56.00000000000000000 ) ) ;
#4010 = ORIENTED_EDGE ( 'NONE', *, *, #2395, .T. ) ;
#4011 = CARTESIAN_POINT ( 'NONE',  ( 39.46827201635469606, -5.500999999999998558, -8.868272016354703524 ) ) ;
#4012 = LINE ( 'NONE', #3073, #2717 ) ;
#4013 = EDGE_CURVE ( 'NONE', #1062, #2755, #2898, .T. ) ;
#4014 = CARTESIAN_POINT ( 'NONE',  ( 56.50000000000000000, 0.6999999999999992895, -15.00000000000000000 ) ) ;
#4015 = ORIENTED_EDGE ( 'NONE', *, *, #1230, .T. ) ;
#4016 = LINE ( 'NONE', #1018, #3338 ) ;
#4017 = VECTOR ( 'NONE', #425, 1000.000000000000000 ) ;
#4018 = DIRECTION ( 'NONE',  ( 0.000000000000000000, 0.000000000000000000, 1.000000000000000000 ) ) ;
#4019 = EDGE_LOOP ( 'NONE', ( #1243, #4369, #1108, #836 ) ) ;
#4020 = ORIENTED_EDGE ( 'NONE', *, *, #4377, .F. ) ;
#4021 = DIRECTION ( 'NONE',  ( 0.000000000000000000, 0.000000000000000000, 1.000000000000000000 ) ) ;
#4022 = CARTESIAN_POINT ( 'NONE',  ( 6.000000000000000000, -5.500000000000000000, -55.99999999999998579 ) ) ;
#4023 = CARTESIAN_POINT ( 'NONE',  ( 59.20000000000000284, -5.500999999999998558, -49.00000000000000000 ) ) ;
#4024 = CC_DESIGN_APPROVAL ( #90, ( #1675 ) ) ;
#4025 = CARTESIAN_POINT ( 'NONE',  ( 8.840417714112586509E-15, -3.799999999999999822, -26.50000000000002487 ) ) ;
#4026 = EDGE_CURVE ( 'NONE', #3289, #2747, #624, .T. ) ;
#4027 = DIRECTION ( 'NONE',  ( -0.000000000000000000, -1.000000000000000000, 0.000000000000000000 ) ) ;
#4028 = EDGE_LOOP ( 'NONE', ( #4401, #229, #311, #3355 ) ) ;
#4029 = DIRECTION ( 'NONE',  ( 0.000000000000000000, -1.000000000000000000, 0.000000000000000000 ) ) ;
#4030 = AXIS2_PLACEMENT_3D ( 'NONE', #4023, #4110, #307 ) ;
#4031 = DIRECTION ( 'NONE',  ( 0.000000000000000000, 0.000000000000000000, -1.000000000000000000 ) ) ;
#4032 = ORIENTED_EDGE ( 'NONE', *, *, #2275, .T. ) ;
#4033 = PLANE ( 'NONE',  #3085 ) ;
#4034 = DIRECTION ( 'NONE',  ( -1.982541115402065702E-15, 0.000000000000000000, -1.000000000000000000 ) ) ;
#4035 = CYLINDRICAL_SURFACE ( 'NONE', #1662, 1.000000000000000888 ) ;
#4036 = EDGE_CURVE ( 'NONE', #4325, #868, #3256, .T. ) ;
#4037 = ORIENTED_EDGE ( 'NONE', *, *, #70, .T. ) ;
#4038 = DATE_AND_TIME ( #4374, #3953 ) ;
#4039 = CARTESIAN_POINT ( 'NONE',  ( 61.50000000000000711, 0.000000000000000000, -52.50000000000000711 ) ) ;
#4040 = ORIENTED_EDGE ( 'NONE', *, *, #3342, .T. ) ;
#4041 = ORIENTED_EDGE ( 'NONE', *, *, #2718, .T. ) ;
#4042 = DIRECTION ( 'NONE',  ( -0.000000000000000000, 1.000000000000000000, -0.000000000000000000 ) ) ;
#4043 = DIRECTION ( 'NONE',  ( 0.000000000000000000, -1.000000000000000000, 0.000000000000000000 ) ) ;
#4044 = DIRECTION ( 'NONE',  ( 0.000000000000000000, -1.000000000000000000, 0.000000000000000000 ) ) ;
#4045 = AXIS2_PLACEMENT_3D ( 'NONE', #667, #2410, #1423 ) ;
#4046 = LINE ( 'NONE', #2613, #3219 ) ;
#4047 = EDGE_CURVE ( 'NONE', #582, #1654, #1224, .T. ) ;
#4048 = EDGE_LOOP ( 'NONE', ( #1098, #2304, #1677, #2651 ) ) ;
#4049 = VECTOR ( 'NONE', #1939, 1000.000000000000000 ) ;
#4050 = CARTESIAN_POINT ( 'NONE',  ( 59.20000000000000284, 0.000000000000000000, -48.00000000000000000 ) ) ;
#4051 = CYLINDRICAL_SURFACE ( 'NONE', #1875, 3.000000000000002665 ) ;
#4052 = EDGE_LOOP ( 'NONE', ( #1163, #1174, #2532, #822 ) ) ;
#4053 = EDGE_CURVE ( 'NONE', #1826, #2576, #1902, .T. ) ;
#4054 = VECTOR ( 'NONE', #416, 1000.000000000000000 ) ;
#4055 = DIRECTION ( 'NONE',  ( 0.000000000000000000, 0.000000000000000000, -1.000000000000000000 ) ) ;
#4056 = CIRCLE ( 'NONE', #1983, 1.299999999999999600 ) ;
#4057 = DIRECTION ( 'NONE',  ( 0.000000000000000000, 1.000000000000000000, 0.000000000000000000 ) ) ;
#4058 = CARTESIAN_POINT ( 'NONE',  ( 46.50000000000000711, 0.000000000000000000, -23.00000000000000000 ) ) ;
#4059 = VERTEX_POINT ( 'NONE', #600 ) ;
#4060 = VECTOR ( 'NONE', #2288, 1000.000000000000000 ) ;
#4061 = DIRECTION ( 'NONE',  ( -0.000000000000000000, 1.000000000000000000, -0.000000000000000000 ) ) ;
#4062 = EDGE_CURVE ( 'NONE', #225, #694, #1962, .T. ) ;
#4063 = VERTEX_POINT ( 'NONE', #1601 ) ;
#4064 = ORIENTED_EDGE ( 'NONE', *, *, #3602, .T. ) ;
#4065 = DIRECTION ( 'NONE',  ( 1.000000000000000000, 0.000000000000000000, 0.000000000000000000 ) ) ;
#4066 = CARTESIAN_POINT ( 'NONE',  ( 0.000000000000000000, -30.26336871769660775, -49.50000000000000711 ) ) ;
#4067 = DIRECTION ( 'NONE',  ( 0.000000000000000000, 0.000000000000000000, -1.000000000000000000 ) ) ;
#4068 = LINE ( 'NONE', #1005, #3081 ) ;
#4069 = EDGE_CURVE ( 'NONE', #1814, #24, #3687, .T. ) ;
#4070 = CARTESIAN_POINT ( 'NONE',  ( 68.20000000000001705, -5.500000000000000000, -38.02262259013050283 ) ) ;
#4071 = VERTEX_POINT ( 'NONE', #2611 ) ;
#4072 = VECTOR ( 'NONE', #760, 1000.000000000000000 ) ;
#4073 = CYLINDRICAL_SURFACE ( 'NONE', #3426, 1.000000000000000888 ) ;
#4074 = CARTESIAN_POINT ( 'NONE',  ( 45.99999999999998579, 0.7000000000000000666, -20.00000000000000000 ) ) ;
#4075 = EDGE_CURVE ( 'NONE', #4007, #182, #4411, .T. ) ;
#4076 = VERTEX_POINT ( 'NONE', #281 ) ;
#4077 = VECTOR ( 'NONE', #4306, 1000.000000000000000 ) ;
#4078 = DIRECTION ( 'NONE',  ( 0.000000000000000000, 0.000000000000000000, -1.000000000000000000 ) ) ;
#4079 = DIRECTION ( 'NONE',  ( 0.000000000000000000, 0.000000000000000000, -1.000000000000000000 ) ) ;
#4080 = DIRECTION ( 'NONE',  ( 0.000000000000000000, 0.000000000000000000, -1.000000000000000000 ) ) ;
#4081 = AXIS2_PLACEMENT_3D ( 'NONE', #205, #828, #3583 ) ;
#4082 = ORIENTED_EDGE ( 'NONE', *, *, #1653, .F. ) ;
#4083 = AXIS2_PLACEMENT_3D ( 'NONE', #4370, #1303, #876 ) ;
#4084 = LINE ( 'NONE', #950, #3548 ) ;
#4085 = EDGE_CURVE ( 'NONE', #1826, #1193, #885, .T. ) ;
#4086 = CARTESIAN_POINT ( 'NONE',  ( 49.89999999999998437, -3.799999999999999822, -37.99999999999998579 ) ) ;
#4087 = VERTEX_POINT ( 'NONE', #551 ) ;
#4088 = CARTESIAN_POINT ( 'NONE',  ( 24.50000000000001421, -2.799999999999999822, -37.99999999999999289 ) ) ;
#4089 = CARTESIAN_POINT ( 'NONE',  ( 35.50000000000000711, -2.799999999999999822, -25.99999999999999289 ) ) ;
#4090 = CARTESIAN_POINT ( 'NONE',  ( 63.20000000000000284, 2.900000000000003464, -45.00000000000001421 ) ) ;
#4091 = VECTOR ( 'NONE', #623, 1000.000000000000000 ) ;
#4092 = CARTESIAN_POINT ( 'NONE',  ( 47.49999999999997868, 0.7000000000000000666, -2.999999999999999112 ) ) ;
#4093 = VECTOR ( 'NONE', #2147, 1000.000000000000000 ) ;
#4094 = ORIENTED_EDGE ( 'NONE', *, *, #2956, .F. ) ;
#4095 = ORIENTED_EDGE ( 'NONE', *, *, #2059, .T. ) ;
#4096 = DIRECTION ( 'NONE',  ( 0.000000000000000000, 0.000000000000000000, -1.000000000000000000 ) ) ;
#4097 = CARTESIAN_POINT ( 'NONE',  ( 58.50000000000000000, 0.6999999999999992895, -13.00000000000000000 ) ) ;
#4098 = ORIENTED_EDGE ( 'NONE', *, *, #2253, .T. ) ;
#4099 = DIRECTION ( 'NONE',  ( 0.000000000000000000, 0.000000000000000000, -1.000000000000000000 ) ) ;
#4100 = DIRECTION ( 'NONE',  ( -0.000000000000000000, -1.000000000000000000, -0.000000000000000000 ) ) ;
#4101 = LINE ( 'NONE', #4372, #1796 ) ;
#4102 = EDGE_CURVE ( 'NONE', #535, #1134, #1692, .T. ) ;
#4103 = ORIENTED_EDGE ( 'NONE', *, *, #1513, .F. ) ;
#4104 = DIRECTION ( 'NONE',  ( 0.000000000000000000, 1.000000000000000000, 0.000000000000000000 ) ) ;
#4105 = DIRECTION ( 'NONE',  ( 1.084202172485504434E-16, 0.000000000000000000, 1.000000000000000000 ) ) ;
#4106 = VERTEX_POINT ( 'NONE', #2677 ) ;
#4107 = CARTESIAN_POINT ( 'NONE',  ( 58.19999999999999574, -3.799999999999999822, -21.50000000000000000 ) ) ;
#4108 = EDGE_CURVE ( 'NONE', #357, #1966, #1264, .T. ) ;
#4109 = CARTESIAN_POINT ( 'NONE',  ( -3.000000000000000000, 2.900000000000003464, -42.50000000000000000 ) ) ;
#4110 = DIRECTION ( 'NONE',  ( -1.000000000000000000, 0.000000000000000000, 0.000000000000000000 ) ) ;
#4111 = LINE ( 'NONE', #1066, #3623 ) ;
#4112 = DIRECTION ( 'NONE',  ( 0.000000000000000000, -1.000000000000000000, -0.000000000000000000 ) ) ;
#4113 = EDGE_CURVE ( 'NONE', #292, #2848, #2992, .T. ) ;
#4114 = ADVANCED_FACE ( 'NONE', ( #1648 ), #2227, .F. ) ;
#4115 = ORIENTED_EDGE ( 'NONE', *, *, #2190, .F. ) ;
#4116 = ORIENTED_EDGE ( 'NONE', *, *, #71, .F. ) ;
#4117 = CARTESIAN_POINT ( 'NONE',  ( 50.90000000000000568, -0.000000000000000000, -2.716843843914445791E-14 ) ) ;
#4118 = VERTEX_POINT ( 'NONE', #2251 ) ;
#4119 = FACE_OUTER_BOUND ( 'NONE', #2546, .T. ) ;
#4120 = CARTESIAN_POINT ( 'NONE',  ( 6.600000000000001421, -2.000000000000000000, -6.500000000000007105 ) ) ;
#4121 = DIRECTION ( 'NONE',  ( 1.000000000000000000, 0.000000000000000000, 2.775557561562891351E-16 ) ) ;
#4122 = EDGE_LOOP ( 'NONE', ( #1576, #1563, #3958, #761 ) ) ;
#4123 = AXIS2_PLACEMENT_3D ( 'NONE', #2073, #3821, #3042 ) ;
#4124 = AXIS2_PLACEMENT_3D ( 'NONE', #2692, #4354, #2317 ) ;
#4125 = ADVANCED_FACE ( 'NONE', ( #3303 ), #1578, .F. ) ;
#4126 = AXIS2_PLACEMENT_3D ( 'NONE', #3083, #3439, #4067 ) ;
#4127 = DIRECTION ( 'NONE',  ( -1.000000000000000000, 0.000000000000000000, 1.084202172485504434E-16 ) ) ;
#4128 = ORIENTED_EDGE ( 'NONE', *, *, #1020, .F. ) ;
#4129 = CARTESIAN_POINT ( 'NONE',  ( 0.000000000000000000, -2.000000000000000000, 0.000000000000000000 ) ) ;
#4130 = AXIS2_PLACEMENT_3D ( 'NONE', #635, #2643, #945 ) ;
#4131 = EDGE_LOOP ( 'NONE', ( #2617, #4340, #3662, #1684 ) ) ;
#4132 = DIRECTION ( 'NONE',  ( 0.000000000000000000, 1.000000000000000000, 0.000000000000000000 ) ) ;
#4133 = CARTESIAN_POINT ( 'NONE',  ( -3.000000000000000000, -5.499999999999998224, -53.00000000000000000 ) ) ;
#4134 = CARTESIAN_POINT ( 'NONE',  ( 61.50000000000000711, 0.000000000000000000, -4.800000000000002487 ) ) ;
#4135 = CC_DESIGN_PERSON_AND_ORGANIZATION_ASSIGNMENT ( #3250, #4309, ( #1675 ) ) ;
#4136 = DIRECTION ( 'NONE',  ( 0.000000000000000000, -1.000000000000000000, 0.000000000000000000 ) ) ;
#4137 = ORIENTED_EDGE ( 'NONE', *, *, #3257, .F. ) ;
#4138 = ORIENTED_EDGE ( 'NONE', *, *, #2351, .F. ) ;
#4139 = CARTESIAN_POINT ( 'NONE',  ( 9.000000000000001776, 2.899999999999999911, -47.99999999999998579 ) ) ;
#4140 = ORIENTED_EDGE ( 'NONE', *, *, #3016, .F. ) ;
#4141 = CIRCLE ( 'NONE', #1067, 2.000000000000000000 ) ;
#4142 = VECTOR ( 'NONE', #1559, 999.9999999999998863 ) ;
#4143 = DIRECTION ( 'NONE',  ( -0.000000000000000000, -0.000000000000000000, 1.000000000000000000 ) ) ;
#4144 = CARTESIAN_POINT ( 'NONE',  ( 56.50000000000000000, 0.000000000000000000, -13.00000000000000000 ) ) ;
#4145 = AXIS2_PLACEMENT_3D ( 'NONE', #1084, #3392, #4422 ) ;
#4146 = CARTESIAN_POINT ( 'NONE',  ( 8.673617379884035472E-16, 0.000000000000000000, -16.50000000000000000 ) ) ;
#4147 = VERTEX_POINT ( 'NONE', #3596 ) ;
#4148 = CIRCLE ( 'NONE', #2500, 0.5000000000000004441 ) ;
#4149 = ADVANCED_FACE ( 'NONE', ( #528 ), #1246, .F. ) ;
#4150 = PLANE ( 'NONE',  #2362 ) ;
#4151 = ORIENTED_EDGE ( 'NONE', *, *, #2811, .T. ) ;
#4152 = DIRECTION ( 'NONE',  ( 0.000000000000000000, 0.000000000000000000, -1.000000000000000000 ) ) ;
#4153 = CIRCLE ( 'NONE', #4081, 1.000000000000000888 ) ;
#4154 = ORIENTED_EDGE ( 'NONE', *, *, #237, .T. ) ;
#4155 = FACE_BOUND ( 'NONE', #1087, .T. ) ;
#4156 = CARTESIAN_POINT ( 'NONE',  ( 68.20000000000001705, 0.000000000000000000, -38.02262259013050283 ) ) ;
#4157 = DIRECTION ( 'NONE',  ( 0.000000000000000000, -0.000000000000000000, -1.000000000000000000 ) ) ;
#4158 = CARTESIAN_POINT ( 'NONE',  ( 58.19999999999999574, -3.299999999999985612, -20.49999999999999645 ) ) ;
#4159 = CARTESIAN_POINT ( 'NONE',  ( 50.50000000000000000, 0.000000000000000000, -15.00000000000000000 ) ) ;
#4160 = AXIS2_PLACEMENT_3D ( 'NONE', #129, #2063, #1475 ) ;
#4161 = VECTOR ( 'NONE', #676, 1000.000000000000000 ) ;
#4162 = VERTEX_POINT ( 'NONE', #2276 ) ;
#4163 = ORIENTED_EDGE ( 'NONE', *, *, #2543, .T. ) ;
#4164 = CIRCLE ( 'NONE', #1302, 1.000000000000000888 ) ;
#4165 = DIRECTION ( 'NONE',  ( 0.000000000000000000, -1.000000000000000000, 0.000000000000000000 ) ) ;
#4166 = EDGE_CURVE ( 'NONE', #3672, #2327, #3640, .T. ) ;
#4167 = ORIENTED_EDGE ( 'NONE', *, *, #4428, .T. ) ;
#4168 = EDGE_LOOP ( 'NONE', ( #4176, #3758, #3881, #4103, #610, #1254 ) ) ;
#4169 = AXIS2_PLACEMENT_3D ( 'NONE', #3494, #3812, #1146 ) ;
#4170 = LINE ( 'NONE', #2798, #2903 ) ;
#4171 = DIRECTION ( 'NONE',  ( 0.000000000000000000, 1.000000000000000000, -0.000000000000000000 ) ) ;
#4172 = DIRECTION ( 'NONE',  ( -5.337610695313252371E-16, 0.000000000000000000, -1.000000000000000000 ) ) ;
#4173 = EDGE_CURVE ( 'NONE', #725, #4423, #3797, .T. ) ;
#4174 = EDGE_CURVE ( 'NONE', #2884, #3124, #3730, .T. ) ;
#4175 = DIRECTION ( 'NONE',  ( 0.000000000000000000, 0.000000000000000000, -1.000000000000000000 ) ) ;
#4176 = ORIENTED_EDGE ( 'NONE', *, *, #1133, .F. ) ;
#4177 = CARTESIAN_POINT ( 'NONE',  ( 59.00000000000000711, 2.899999999999999911, -51.00000000000000000 ) ) ;
#4178 = EDGE_CURVE ( 'NONE', #3228, #2835, #3082, .T. ) ;
#4179 = EDGE_LOOP ( 'NONE', ( #187, #1535, #3723, #65 ) ) ;
#4180 = CARTESIAN_POINT ( 'NONE',  ( 41.49999999999998579, -3.799999999999999822, -37.99999999999999289 ) ) ;
#4181 = LINE ( 'NONE', #2154, #1052 ) ;
#4182 = AXIS2_PLACEMENT_3D ( 'NONE', #2096, #2831, #1810 ) ;
#4183 = FACE_OUTER_BOUND ( 'NONE', #1333, .T. ) ;
#4184 = CARTESIAN_POINT ( 'NONE',  ( 41.00000000000000711, -3.799999999999999822, -26.99999999999999645 ) ) ;
#4185 = CARTESIAN_POINT ( 'NONE',  ( 49.89999999999999147, -3.799999999999999822, -25.99999999999999289 ) ) ;
#4186 = DIRECTION ( 'NONE',  ( -0.000000000000000000, -1.000000000000000000, -0.000000000000000000 ) ) ;
#4187 = VERTEX_POINT ( 'NONE', #1738 ) ;
#4188 = ORIENTED_EDGE ( 'NONE', *, *, #121, .F. ) ;
#4189 = DIRECTION ( 'NONE',  ( -0.000000000000000000, -1.000000000000000000, -0.000000000000000000 ) ) ;
#4190 = EDGE_CURVE ( 'NONE', #1575, #3591, #1380, .T. ) ;
#4191 = CARTESIAN_POINT ( 'NONE',  ( 9.000000000000001776, -5.500000000000000000, -50.99999999999999289 ) ) ;
#4192 = CARTESIAN_POINT ( 'NONE',  ( 65.20000000000000284, 2.899999999999999911, -56.00000000000000000 ) ) ;
#4193 = ADVANCED_FACE ( 'NONE', ( #1063 ), #2431, .T. ) ;
#4194 = CARTESIAN_POINT ( 'NONE',  ( 6.000000000000000000, 2.899999999999999911, -50.99999999999999289 ) ) ;
#4195 = CARTESIAN_POINT ( 'NONE',  ( 44.50000000000000711, 0.6999999999999992895, -1.653273178848926867E-15 ) ) ;
#4196 = AXIS2_PLACEMENT_3D ( 'NONE', #213, #4043, #1623 ) ;
#4197 = ORIENTED_EDGE ( 'NONE', *, *, #1647, .T. ) ;
#4198 = CARTESIAN_POINT ( 'NONE',  ( 0.000000000000000000, 0.000000000000000000, 0.000000000000000000 ) ) ;
#4199 = CARTESIAN_POINT ( 'NONE',  ( 58.50000000000000000, -30.26336871769660775, 0.000000000000000000 ) ) ;
#4200 = AXIS2_PLACEMENT_3D ( 'NONE', #3469, #990, #4055 ) ;
#4201 = ORIENTED_EDGE ( 'NONE', *, *, #768, .F. ) ;
#4202 = VECTOR ( 'NONE', #731, 1000.000000000000000 ) ;
#4203 = CARTESIAN_POINT ( 'NONE',  ( 3.500000000000000000, -5.500000000000000000, -52.50000000000000000 ) ) ;
#4204 = AXIS2_PLACEMENT_3D ( 'NONE', #2118, #3865, #1489 ) ;
#4205 = CARTESIAN_POINT ( 'NONE',  ( 3.500000000000000000, -5.499999999999998224, -49.50000000000000711 ) ) ;
#4206 = EDGE_CURVE ( 'NONE', #3421, #4162, #2120, .T. ) ;
#4207 = PLANE ( 'NONE',  #1004 ) ;
#4208 = ORIENTED_EDGE ( 'NONE', *, *, #1490, .F. ) ;
#4209 = ORIENTED_EDGE ( 'NONE', *, *, #3856, .F. ) ;
#4210 = CARTESIAN_POINT ( 'NONE',  ( 62.69999999999998863, 0.000000000000000000, -43.00000000000000711 ) ) ;
#4211 = DIRECTION ( 'NONE',  ( 0.000000000000000000, 1.000000000000000000, -0.000000000000000000 ) ) ;
#4212 = DIRECTION ( 'NONE',  ( 2.358912948743620549E-16, 0.7071067811865573427, -0.7071067811865376918 ) ) ;
#4213 = CIRCLE ( 'NONE', #1427, 2.000000000000000000 ) ;
#4214 = CARTESIAN_POINT ( 'NONE',  ( 64.20000000000000284, 2.900000000000003464, -45.00000000000001421 ) ) ;
#4215 = CARTESIAN_POINT ( 'NONE',  ( 50.50000000000000000, 0.000000000000000000, -23.00000000000000000 ) ) ;
#4216 = AXIS2_PLACEMENT_3D ( 'NONE', #3113, #45, #1203 ) ;
#4217 = EDGE_LOOP ( 'NONE', ( #163, #3413 ) ) ;
#4218 = CARTESIAN_POINT ( 'NONE',  ( 0.000000000000000000, -5.499999999999998224, 0.000000000000000000 ) ) ;
#4219 = EDGE_CURVE ( 'NONE', #1570, #3702, #1546, .T. ) ;
#4220 = CARTESIAN_POINT ( 'NONE',  ( 25.00000000000000000, -2.299999999999999378, -37.99999999999999289 ) ) ;
#4221 = ORIENTED_EDGE ( 'NONE', *, *, #3800, .T. ) ;
#4222 = CARTESIAN_POINT ( 'NONE',  ( 8.000000000000000000, 0.000000000000000000, -39.50000000000000711 ) ) ;
#4223 = FACE_OUTER_BOUND ( 'NONE', #2759, .T. ) ;
#4224 = CARTESIAN_POINT ( 'NONE',  ( 35.50000000000000000, -2.299999999999999378, -37.99999999999999289 ) ) ;
#4225 = EDGE_CURVE ( 'NONE', #2639, #2054, #2006, .T. ) ;
#4226 = VERTEX_POINT ( 'NONE', #1672 ) ;
#4227 = VERTEX_POINT ( 'NONE', #3039 ) ;
#4228 = AXIS2_PLACEMENT_3D ( 'NONE', #2235, #3601, #1898 ) ;
#4229 = DIRECTION ( 'NONE',  ( 0.000000000000000000, 1.000000000000000000, 0.000000000000000000 ) ) ;
#4230 = LINE ( 'NONE', #177, #69 ) ;
#4231 = DIRECTION ( 'NONE',  ( 1.084202172485504434E-16, 0.000000000000000000, 1.000000000000000000 ) ) ;
#4232 = ORIENTED_EDGE ( 'NONE', *, *, #3313, .F. ) ;
#4233 = VECTOR ( 'NONE', #4390, 1000.000000000000000 ) ;
#4234 = DIRECTION ( 'NONE',  ( -0.000000000000000000, 0.000000000000000000, 1.000000000000000000 ) ) ;
#4235 = CC_DESIGN_APPROVAL ( #3530, ( #2234 ) ) ;
#4236 = ADVANCED_FACE ( 'NONE', ( #3106 ), #2784, .T. ) ;
#4237 = LINE ( 'NONE', #3608, #2723 ) ;
#4238 = VERTEX_POINT ( 'NONE', #59 ) ;
#4239 = CARTESIAN_POINT ( 'NONE',  ( 6.600000000000001421, -2.000000000000000000, -6.500000000000007105 ) ) ;
#4240 = DIRECTION ( 'NONE',  ( 0.000000000000000000, 1.000000000000000000, 0.000000000000000000 ) ) ;
#4241 = EDGE_LOOP ( 'NONE', ( #1288, #4209, #23, #3832 ) ) ;
#4242 = ORIENTED_EDGE ( 'NONE', *, *, #2976, .F. ) ;
#4243 = EDGE_CURVE ( 'NONE', #1808, #3335, #2069, .T. ) ;
#4244 = VECTOR ( 'NONE', #1358, 1000.000000000000000 ) ;
#4245 = VERTEX_POINT ( 'NONE', #1357 ) ;
#4246 = DIRECTION ( 'NONE',  ( -5.337610695313252371E-16, 0.000000000000000000, -1.000000000000000000 ) ) ;
#4247 = DIRECTION ( 'NONE',  ( -5.204170427930421900E-17, 0.000000000000000000, -1.000000000000000000 ) ) ;
#4248 = ADVANCED_FACE ( 'NONE', ( #2344 ), #1335, .F. ) ;
#4249 = CARTESIAN_POINT ( 'NONE',  ( 48.50000000000000000, 0.6999999999999992895, -23.00000000000000000 ) ) ;
#4250 = ORIENTED_EDGE ( 'NONE', *, *, #989, .F. ) ;
#4251 = VERTEX_POINT ( 'NONE', #729 ) ;
#4252 = EDGE_CURVE ( 'NONE', #1803, #3867, #2699, .T. ) ;
#4253 = CARTESIAN_POINT ( 'NONE',  ( 57.19999999999999574, -3.299999999999985612, -21.50000000000000000 ) ) ;
#4254 = CARTESIAN_POINT ( 'NONE',  ( 50.89999999999999147, -3.799999999999999822, -26.99999999999999289 ) ) ;
#4255 = CYLINDRICAL_SURFACE ( 'NONE', #22, 1.399999999999998579 ) ;
#4256 = EDGE_LOOP ( 'NONE', ( #2636, #1249 ) ) ;
#4257 = AXIS2_PLACEMENT_3D ( 'NONE', #2367, #2046, #1714 ) ;
#4258 = DIRECTION ( 'NONE',  ( 0.000000000000000000, -0.000000000000000000, -1.000000000000000000 ) ) ;
#4259 = CARTESIAN_POINT ( 'NONE',  ( 62.00000000000000711, -5.499999999999998224, -52.50000000000000711 ) ) ;
#4260 = ORIENTED_EDGE ( 'NONE', *, *, #1963, .F. ) ;
#4261 = CARTESIAN_POINT ( 'NONE',  ( 44.50000000000000711, -2.000000000000000000, 0.000000000000000000 ) ) ;
#4262 = EDGE_CURVE ( 'NONE', #3964, #1560, #2090, .T. ) ;
#4263 = CARTESIAN_POINT ( 'NONE',  ( 61.50000000000000711, 0.000000000000000000, -52.50000000000000711 ) ) ;
#4264 = ORIENTED_EDGE ( 'NONE', *, *, #3510, .T. ) ;
#4265 = ORIENTED_EDGE ( 'NONE', *, *, #62, .F. ) ;
#4266 = VERTEX_POINT ( 'NONE', #3459 ) ;
#4267 = DIRECTION ( 'NONE',  ( 0.000000000000000000, 0.000000000000000000, -1.000000000000000000 ) ) ;
#4268 = AXIS2_PLACEMENT_3D ( 'NONE', #4203, #2813, #3505 ) ;
#4269 = PLANE ( 'NONE',  #678 ) ;
#4270 = ADVANCED_FACE ( 'NONE', ( #2027 ), #390, .T. ) ;
#4271 = AXIS2_PLACEMENT_3D ( 'NONE', #4263, #2582, #2247 ) ;
#4272 = EDGE_CURVE ( 'NONE', #3335, #525, #981, .T. ) ;
#4273 = DIRECTION ( 'NONE',  ( 0.000000000000000000, 1.000000000000000000, 0.000000000000000000 ) ) ;
#4274 = VECTOR ( 'NONE', #2128, 1000.000000000000000 ) ;
#4275 = ORIENTED_EDGE ( 'NONE', *, *, #2649, .F. ) ;
#4276 = ORIENTED_EDGE ( 'NONE', *, *, #328, .F. ) ;
#4277 = CARTESIAN_POINT ( 'NONE',  ( 65.20000000000000284, 0.000000000000000000, -55.00000000000000000 ) ) ;
#4278 = VERTEX_POINT ( 'NONE', #1023 ) ;
#4279 = FACE_BOUND ( 'NONE', #2404, .T. ) ;
#4280 = LINE ( 'NONE', #3245, #2803 ) ;
#4281 = CARTESIAN_POINT ( 'NONE',  ( -3.000000000000000000, 0.000000000000000000, -13.49999999999999822 ) ) ;
#4282 = CARTESIAN_POINT ( 'NONE',  ( 62.00000000000000711, -30.26336871769660775, -52.50000000000000711 ) ) ;
#4283 = ORIENTED_EDGE ( 'NONE', *, *, #1784, .F. ) ;
#4284 = DATE_TIME_ROLE ( 'creation_date' ) ;
#4285 = VECTOR ( 'NONE', #607, 1000.000000000000000 ) ;
#4286 = CYLINDRICAL_SURFACE ( 'NONE', #3905, 1.000000000000000888 ) ;
#4287 = VERTEX_POINT ( 'NONE', #2390 ) ;
#4288 = VECTOR ( 'NONE', #1298, 1000.000000000000000 ) ;
#4289 = ORIENTED_EDGE ( 'NONE', *, *, #4326, .F. ) ;
#4290 = VERTEX_POINT ( 'NONE', #3751 ) ;
#4291 = AXIS2_PLACEMENT_3D ( 'NONE', #3792, #321, #1777 ) ;
#4292 = CARTESIAN_POINT ( 'NONE',  ( 61.69999999999999574, 2.900000000000003464, -42.39999999999999147 ) ) ;
#4293 = DIRECTION ( 'NONE',  ( 1.000000000000000000, 0.000000000000000000, -1.387778780781444492E-15 ) ) ;
#4294 = VECTOR ( 'NONE', #726, 1000.000000000000000 ) ;
#4295 = LINE ( 'NONE', #842, #4142 ) ;
#4296 = AXIS2_PLACEMENT_3D ( 'NONE', #3341, #1664, #4395 ) ;
#4297 = VECTOR ( 'NONE', #4143, 1000.000000000000000 ) ;
#4298 = ORIENTED_EDGE ( 'NONE', *, *, #4026, .F. ) ;
#4299 = EDGE_LOOP ( 'NONE', ( #889, #2629 ) ) ;
#4300 = VERTEX_POINT ( 'NONE', #3415 ) ;
#4301 = DIRECTION ( 'NONE',  ( -3.336006684570784088E-16, 0.000000000000000000, 1.000000000000000000 ) ) ;
#4302 = ADVANCED_FACE ( 'NONE', ( #3877 ), #3560, .T. ) ;
#4303 = DIRECTION ( 'NONE',  ( -0.000000000000000000, -1.000000000000000000, -0.000000000000000000 ) ) ;
#4304 = FACE_OUTER_BOUND ( 'NONE', #4373, .T. ) ;
#4305 = AXIS2_PLACEMENT_3D ( 'NONE', #2697, #1743, #756 ) ;
#4306 = DIRECTION ( 'NONE',  ( -0.000000000000000000, -1.000000000000000000, -0.000000000000000000 ) ) ;
#4307 = EDGE_CURVE ( 'NONE', #1654, #599, #179, .T. ) ;
#4308 = VERTEX_POINT ( 'NONE', #4218 ) ;
#4309 = PERSON_AND_ORGANIZATION_ROLE ( 'creator' ) ;
#4310 = CARTESIAN_POINT ( 'NONE',  ( 49.89999999999998437, -3.799999999999999822, -37.99999999999998579 ) ) ;
#4311 = VECTOR ( 'NONE', #1881, 1000.000000000000000 ) ;
#4312 = EDGE_CURVE ( 'NONE', #4348, #1199, #1172, .T. ) ;
#4313 = DIRECTION ( 'NONE',  ( -0.000000000000000000, 0.000000000000000000, -1.000000000000000000 ) ) ;
#4314 = ORIENTED_EDGE ( 'NONE', *, *, #1825, .T. ) ;
#4315 = VERTEX_POINT ( 'NONE', #119 ) ;
#4316 = DIRECTION ( 'NONE',  ( 0.000000000000000000, 0.000000000000000000, -1.000000000000000000 ) ) ;
#4317 = LINE ( 'NONE', #3641, #2392 ) ;
#4318 = CARTESIAN_POINT ( 'NONE',  ( 45.99999999999998579, 2.900000000000003464, -20.00000000000000000 ) ) ;
#4319 = EDGE_LOOP ( 'NONE', ( #2834, #502, #3567, #4137, #3804 ) ) ;
#4320 = ORIENTED_EDGE ( 'NONE', *, *, #2104, .T. ) ;
#4321 = CIRCLE ( 'NONE', #1460, 1.000000000000000888 ) ;
#4322 = ORIENTED_EDGE ( 'NONE', *, *, #2339, .F. ) ;
#4323 = DIRECTION ( 'NONE',  ( -0.000000000000000000, 1.000000000000000000, -0.000000000000000000 ) ) ;
#4324 = FACE_OUTER_BOUND ( 'NONE', #2741, .T. ) ;
#4325 = VERTEX_POINT ( 'NONE', #101 ) ;
#4326 = EDGE_CURVE ( 'NONE', #4226, #3496, #2539, .T. ) ;
#4327 = DIRECTION ( 'NONE',  ( -1.000000000000000000, 0.000000000000000000, -0.000000000000000000 ) ) ;
#4328 = DIRECTION ( 'NONE',  ( -0.000000000000000000, 1.000000000000000000, -0.000000000000000000 ) ) ;
#4329 = CC_DESIGN_DATE_AND_TIME_ASSIGNMENT ( #3275, #4284, ( #1675 ) ) ;
#4330 = ORIENTED_EDGE ( 'NONE', *, *, #2579, .F. ) ;
#4331 = CALENDAR_DATE ( 2025, 6, 12 ) ;
#4332 = DIRECTION ( 'NONE',  ( 0.000000000000000000, 1.000000000000000000, 0.000000000000000000 ) ) ;
#4333 = DIRECTION ( 'NONE',  ( -0.000000000000000000, 1.000000000000000000, -0.000000000000000000 ) ) ;
#4334 = EDGE_LOOP ( 'NONE', ( #3988, #1853 ) ) ;
#4335 = VERTEX_POINT ( 'NONE', #2845 ) ;
#4336 = DIRECTION ( 'NONE',  ( 0.000000000000000000, 0.000000000000000000, -1.000000000000000000 ) ) ;
#4337 = CARTESIAN_POINT ( 'NONE',  ( 50.50000000000000000, 0.000000000000000000, -23.00000000000000000 ) ) ;
#4338 = CYLINDRICAL_SURFACE ( 'NONE', #854, 1.000000000000000888 ) ;
#4339 = VECTOR ( 'NONE', #1429, 999.9999999999998863 ) ;
#4340 = ORIENTED_EDGE ( 'NONE', *, *, #3018, .T. ) ;
#4341 = ORIENTED_EDGE ( 'NONE', *, *, #2521, .F. ) ;
#4342 = AXIS2_PLACEMENT_3D ( 'NONE', #2962, #2558, #3659 ) ;
#4343 = EDGE_CURVE ( 'NONE', #1236, #1780, #2491, .T. ) ;
#4344 = AXIS2_PLACEMENT_3D ( 'NONE', #2678, #1986, #710 ) ;
#4345 = ORIENTED_EDGE ( 'NONE', *, *, #3397, .T. ) ;
#4346 = LINE ( 'NONE', #985, #1139 ) ;
#4347 = CARTESIAN_POINT ( 'NONE',  ( 5.000000000000000000, 2.900000000000003464, -36.50000000000000711 ) ) ;
#4348 = VERTEX_POINT ( 'NONE', #2473 ) ;
#4349 = VECTOR ( 'NONE', #2541, 1000.000000000000000 ) ;
#4350 = DIRECTION ( 'NONE',  ( 0.000000000000000000, 0.000000000000000000, -1.000000000000000000 ) ) ;
#4351 = DIRECTION ( 'NONE',  ( -5.337610695313252371E-16, 0.000000000000000000, -1.000000000000000000 ) ) ;
#4352 = DIRECTION ( 'NONE',  ( -1.000000000000000000, 0.000000000000000000, -0.000000000000000000 ) ) ;
#4353 = ORIENTED_EDGE ( 'NONE', *, *, #3263, .T. ) ;
#4354 = DIRECTION ( 'NONE',  ( 0.000000000000000000, -1.000000000000000000, 0.000000000000000000 ) ) ;
#4355 = CARTESIAN_POINT ( 'NONE',  ( 25.00000000000000355, 0.000000000000000000, -26.99999999999999645 ) ) ;
#4356 = VERTEX_POINT ( 'NONE', #3209 ) ;
#4357 = ORIENTED_EDGE ( 'NONE', *, *, #611, .F. ) ;
#4358 = FACE_OUTER_BOUND ( 'NONE', #4241, .T. ) ;
#4359 = EDGE_CURVE ( 'NONE', #4071, #4378, #2110, .T. ) ;
#4360 = DIRECTION ( 'NONE',  ( 0.000000000000000000, 0.000000000000000000, -1.000000000000000000 ) ) ;
#4361 = DIRECTION ( 'NONE',  ( 0.000000000000000000, 0.000000000000000000, -1.000000000000000000 ) ) ;
#4362 = CARTESIAN_POINT ( 'NONE',  ( 3.500000000000000000, -5.499999999999998224, -51.19999999999999574 ) ) ;
#4363 = LINE ( 'NONE', #1296, #557 ) ;
#4364 = VECTOR ( 'NONE', #1682, 1000.000000000000000 ) ;
#4365 = ADVANCED_FACE ( 'NONE', ( #3523 ), #453, .T. ) ;
#4366 = ORIENTED_EDGE ( 'NONE', *, *, #2574, .F. ) ;
#4367 = CARTESIAN_POINT ( 'NONE',  ( 58.50000000000000000, 0.000000000000000000, -13.00000000000000000 ) ) ;
#4368 = DIRECTION ( 'NONE',  ( -0.000000000000000000, 1.000000000000000000, -0.000000000000000000 ) ) ;
#4369 = ORIENTED_EDGE ( 'NONE', *, *, #2720, .F. ) ;
#4370 = CARTESIAN_POINT ( 'NONE',  ( 41.49999999999998579, -3.299999999999999378, -37.99999999999999289 ) ) ;
#4371 = CARTESIAN_POINT ( 'NONE',  ( 9.000000000000001776, 8.400000000000000355, -47.99999999999998579 ) ) ;
#4372 = CARTESIAN_POINT ( 'NONE',  ( 57.19999999999999574, 0.000000000000000000, 0.000000000000000000 ) ) ;
#4373 = EDGE_LOOP ( 'NONE', ( #3599, #412, #322, #4115 ) ) ;
#4374 = CALENDAR_DATE ( 2025, 6, 12 ) ;
#4375 = CYLINDRICAL_SURFACE ( 'NONE', #1157, 1.300000000000002487 ) ;
#4376 = VECTOR ( 'NONE', #4229, 1000.000000000000000 ) ;
#4377 = EDGE_CURVE ( 'NONE', #521, #3760, #758, .T. ) ;
#4378 = VERTEX_POINT ( 'NONE', #4239 ) ;
#4379 = AXIS2_PLACEMENT_3D ( 'NONE', #253, #2650, #4018 ) ;
#4380 = ORIENTED_EDGE ( 'NONE', *, *, #619, .T. ) ;
#4381 = LINE ( 'NONE', #2676, #4091 ) ;
#4382 = DIRECTION ( 'NONE',  ( -0.000000000000000000, 1.000000000000000000, -0.000000000000000000 ) ) ;
#4383 = VECTOR ( 'NONE', #1030, 1000.000000000000000 ) ;
#4384 = CARTESIAN_POINT ( 'NONE',  ( 60.20000000000000284, 0.000000000000000000, -49.00000000000000000 ) ) ;
#4385 = CIRCLE ( 'NONE', #2456, 1.000000000000000888 ) ;
#4386 = DIRECTION ( 'NONE',  ( 0.000000000000000000, -1.000000000000000000, -0.000000000000000000 ) ) ;
#4387 = EDGE_CURVE ( 'NONE', #2397, #2267, #1445, .T. ) ;
#4388 = ORIENTED_EDGE ( 'NONE', *, *, #3616, .T. ) ;
#4389 = CARTESIAN_POINT ( 'NONE',  ( 45.99999999999998579, 0.7000000000000000666, -21.50000000000000000 ) ) ;
#4390 = DIRECTION ( 'NONE',  ( 2.668805347656627171E-16, 0.000000000000000000, 1.000000000000000000 ) ) ;
#4391 = EDGE_CURVE ( 'NONE', #2396, #2777, #3229, .T. ) ;
#4392 = ORIENTED_EDGE ( 'NONE', *, *, #3916, .F. ) ;
#4393 = FACE_BOUND ( 'NONE', #2769, .T. ) ;
#4394 = LINE ( 'NONE', #921, #2788 ) ;
#4395 = DIRECTION ( 'NONE',  ( 0.000000000000000000, 0.000000000000000000, -1.000000000000000000 ) ) ;
#4396 = VERTEX_POINT ( 'NONE', #3540 ) ;
#4397 = APPLICATION_CONTEXT ( 'configuration controlled 3d designs of mechanical parts and assemblies' ) ;
#4398 = PLANE ( 'NONE',  #4124 ) ;
#4399 = ADVANCED_FACE ( 'NONE', ( #2826, #1865, #473, #1088, #140, #2195, #1525, #2867, #4155 ), #793, .T. ) ;
#4400 = DIRECTION ( 'NONE',  ( 0.000000000000000000, 0.000000000000000000, -1.000000000000000000 ) ) ;
#4401 = ORIENTED_EDGE ( 'NONE', *, *, #326, .T. ) ;
#4402 = CARTESIAN_POINT ( 'NONE',  ( 63.20000000000000284, 0.000000000000000000, -45.00000000000001421 ) ) ;
#4403 = DIRECTION ( 'NONE',  ( 0.000000000000000000, 1.000000000000000000, 0.000000000000000000 ) ) ;
#4404 = CARTESIAN_POINT ( 'NONE',  ( 8.673617379884038628E-15, -3.299999999999999378, -26.00000000000001066 ) ) ;
#4405 = VECTOR ( 'NONE', #1000, 1000.000000000000000 ) ;
#4406 = EDGE_CURVE ( 'NONE', #2119, #2818, #83, .T. ) ;
#4407 = DIRECTION ( 'NONE',  ( 0.000000000000000000, 0.000000000000000000, -1.000000000000000000 ) ) ;
#4408 = CARTESIAN_POINT ( 'NONE',  ( 61.50000000000000711, 2.900000000000003464, -51.20000000000000284 ) ) ;
#4409 = EDGE_CURVE ( 'NONE', #1815, #912, #4385, .T. ) ;
#4410 = ORIENTED_EDGE ( 'NONE', *, *, #3555, .F. ) ;
#4411 = CIRCLE ( 'NONE', #3546, 3.000000000000000888 ) ;
#4412 = DIRECTION ( 'NONE',  ( 0.000000000000000000, 1.000000000000000000, 0.000000000000000000 ) ) ;
#4413 = CARTESIAN_POINT ( 'NONE',  ( 24.00000000000000355, -2.299999999999999378, -26.99999999999999645 ) ) ;
#4414 = EDGE_CURVE ( 'NONE', #3262, #4087, #1097, .T. ) ;
#4415 = ORIENTED_EDGE ( 'NONE', *, *, #566, .F. ) ;
#4416 = AXIS2_PLACEMENT_3D ( 'NONE', #3072, #3, #1681 ) ;
#4417 = DIRECTION ( 'NONE',  ( -9.912705577010348229E-16, 0.000000000000000000, 1.000000000000000000 ) ) ;
#4418 = CARTESIAN_POINT ( 'NONE',  ( 49.89999999999998437, 0.000000000000000000, -38.99999999999999289 ) ) ;
#4419 = PLANE ( 'NONE',  #1934 ) ;
#4420 = VERTEX_POINT ( 'NONE', #183 ) ;
#4421 = CARTESIAN_POINT ( 'NONE',  ( 48.50000000000000000, 0.6999999999999992895, -20.99999999999999645 ) ) ;
#4422 = DIRECTION ( 'NONE',  ( -1.000000000000000000, 0.000000000000000000, -0.000000000000000000 ) ) ;
#4423 = VERTEX_POINT ( 'NONE', #4261 ) ;
#4424 = CARTESIAN_POINT ( 'NONE',  ( 25.00000000000000000, 0.000000000000000000, -37.99999999999999289 ) ) ;
#4425 = CARTESIAN_POINT ( 'NONE',  ( 63.20000000000000284, 2.900000000000003464, -48.00000000000000000 ) ) ;
#4426 = DIRECTION ( 'NONE',  ( -0.000000000000000000, 1.000000000000000000, -0.000000000000000000 ) ) ;
#4427 = CARTESIAN_POINT ( 'NONE',  ( -3.000000000000000000, -5.499999999999998224, -56.00000000000000000 ) ) ;
#4428 = EDGE_CURVE ( 'NONE', #3455, #2988, #616, .T. ) ;
#4429 = ORIENTED_EDGE ( 'NONE', *, *, #492, .T. ) ;
#4430 = ORIENTED_EDGE ( 'NONE', *, *, #1101, .F. ) ;
#4431 = AXIS2_PLACEMENT_3D ( 'NONE', #4318, #3041, #2658 ) ;
#4432 = CARTESIAN_POINT ( 'NONE',  ( 8.000000000000000000, 2.900000000000003464, -36.50000000000000711 ) ) ;
#4433 = CARTESIAN_POINT ( 'NONE',  ( 2.725994033677851620E-14, 0.000000000000000000, -27.50000000000006040 ) ) ;
#4434 = ORIENTED_EDGE ( 'NONE', *, *, #2425, .F. ) ;
ENDSEC;
END-ISO-10303-21;
